task,seed,method,normalized_HV,IGD_plus
DTLZ1_D14,1,Frank-WT MF-PIRN,0.8620921005270897,0.01562217683239476
DTLZ1_D14,2,Frank-WT MF-PIRN,0.8598461657864661,0.01373482060223491
DTLZ1_D14,3,Frank-WT MF-PIRN,0.8754224643396767,0.010180048696020228
DTLZ1_D14,4,Frank-WT MF-PIRN,0.865991069769144,0.014304802980544044
DTLZ1_D14,5,Frank-WT MF-PIRN,0.8670993110787366,0.012032495339422904
DTLZ1_D14,6,Frank-WT MF-PIRN,0.8495343485576274,0.012703713992223063
DTLZ1_D14,7,Frank-WT MF-PIRN,0.859946429435428,0.0142204736343318
DTLZ1_D14,8,Frank-WT MF-PIRN,0.8428034342588003,0.013755530605752696
DTLZ1_D14,9,Frank-WT MF-PIRN,0.8463628601256958,0.008067270719206172
DTLZ1_D14,10,Frank-WT MF-PIRN,0.8534244307208195,0.01170696062162813
DTLZ1_D14,11,Frank-WT MF-PIRN,0.8656488879596106,0.012051116750506734
DTLZ1_D14,12,Frank-WT MF-PIRN,0.8661318839446236,0.01218855916997221
DTLZ1_D14,13,Frank-WT MF-PIRN,0.8528956550862076,0.014893145502935287
DTLZ1_D14,14,Frank-WT MF-PIRN,0.8505974715788955,0.009404619170811134
DTLZ1_D14,15,Frank-WT MF-PIRN,0.8736446405770141,0.01603502597325912
DTLZ1_D14,16,Frank-WT MF-PIRN,0.8791749138369361,0.013700194717076904
DTLZ1_D14,17,Frank-WT MF-PIRN,0.8613902696702015,0.011538294302579293
DTLZ1_D14,18,Frank-WT MF-PIRN,0.848413041377043,0.01593641786551827
DTLZ1_D14,19,Frank-WT MF-PIRN,0.8464605871446836,0.010416412936755062
DTLZ1_D14,20,Frank-WT MF-PIRN,0.8647074634464192,0.013023830397406769
DTLZ1_D14,1,MF-HVKG,0.8653757401254868,0.011497546726596287
DTLZ1_D14,2,MF-HVKG,0.853551462494836,0.011558400441310226
DTLZ1_D14,3,MF-HVKG,0.8423826115201664,0.013110715363070909
DTLZ1_D14,4,MF-HVKG,0.8583003030754971,0.016252196633523185
DTLZ1_D14,5,MF-HVKG,0.8542808043753808,0.014985915089365377
DTLZ1_D14,6,MF-HVKG,0.8494290214140201,0.014571917255400125
DTLZ1_D14,7,MF-HVKG,0.8382103722503359,0.012220280749891236
DTLZ1_D14,8,MF-HVKG,0.8356717815467979,0.012728250998623746
DTLZ1_D14,9,MF-HVKG,0.829748854473417,0.014126858039851743
DTLZ1_D14,10,MF-HVKG,0.8365273701753188,0.01162536124400064
DTLZ1_D14,11,MF-HVKG,0.8530248469379287,0.012043098900569805
DTLZ1_D14,12,MF-HVKG,0.8581641449338274,0.013763071390090274
DTLZ1_D14,13,MF-HVKG,0.844362969397645,0.011256834530859267
DTLZ1_D14,14,MF-HVKG,0.8675104202020928,0.015078777307928058
DTLZ1_D14,15,MF-HVKG,0.8588997374009845,0.015200473258410603
DTLZ1_D14,16,MF-HVKG,0.8544627700662886,0.016308987414548136
DTLZ1_D14,17,MF-HVKG,0.8249062362024413,0.013806739708555647
DTLZ1_D14,18,MF-HVKG,0.8291922854933372,0.014076655674598294
DTLZ1_D14,19,MF-HVKG,0.8613651249665895,0.014560408020462092
DTLZ1_D14,20,MF-HVKG,0.8517054772924578,0.011606889863635771
DTLZ1_D14,1,qLogNEHVI,0.8501764149002857,0.016015375524333027
DTLZ1_D14,2,qLogNEHVI,0.8399886360567785,0.014517357062367817
DTLZ1_D14,3,qLogNEHVI,0.8531898993087226,0.01771288127873242
DTLZ1_D14,4,qLogNEHVI,0.8503645478306724,0.016470216726764367
DTLZ1_D14,5,qLogNEHVI,0.8345787257059962,0.0159577824366563
DTLZ1_D14,6,qLogNEHVI,0.8468340968579983,0.017652717103610112
DTLZ1_D14,7,qLogNEHVI,0.8326769084073316,0.016032188450144362
DTLZ1_D14,8,qLogNEHVI,0.8336241740611946,0.013301914016173368
DTLZ1_D14,9,qLogNEHVI,0.8431160824159097,0.016483324944488027
DTLZ1_D14,10,qLogNEHVI,0.8566116085428451,0.018581266256291955
DTLZ1_D14,11,qLogNEHVI,0.8399846954491674,0.01367660362763458
DTLZ1_D14,12,qLogNEHVI,0.8424072250299592,0.014145324576182887
DTLZ1_D14,13,qLogNEHVI,0.8625331913771046,0.016744146030603767
DTLZ1_D14,14,qLogNEHVI,0.836264506808547,0.01902106205617235
DTLZ1_D14,15,qLogNEHVI,0.8448708081059643,0.011271165588204398
DTLZ1_D14,16,qLogNEHVI,0.8504801238077676,0.017738472314107884
DTLZ1_D14,17,qLogNEHVI,0.832296942917516,0.015491807474367816
DTLZ1_D14,18,qLogNEHVI,0.8385898234221141,0.0186267313011409
DTLZ1_D14,19,qLogNEHVI,0.8388190555907947,0.015797417841539013
DTLZ1_D14,20,qLogNEHVI,0.8486172735434382,0.015328843218764461
DTLZ1_D14,1,MOMF,0.8335670617752241,0.017884622714468803
DTLZ1_D14,2,MOMF,0.8364498223924957,0.013916516772961452
DTLZ1_D14,3,MOMF,0.8340049591367474,0.01399748733199512
DTLZ1_D14,4,MOMF,0.835201793107897,0.017564307723338286
DTLZ1_D14,5,MOMF,0.8368270889576546,0.014230827189055124
DTLZ1_D14,6,MOMF,0.8272822385148124,0.013774605943532586
DTLZ1_D14,7,MOMF,0.8224958229299771,0.017402345948934153
DTLZ1_D14,8,MOMF,0.8352380733518786,0.01832711855913339
DTLZ1_D14,9,MOMF,0.8305268311084201,0.020131539544503856
DTLZ1_D14,10,MOMF,0.832818345905478,0.018632973756642145
DTLZ1_D14,11,MOMF,0.8442766580802312,0.014438687360690462
DTLZ1_D14,12,MOMF,0.84297138049618,0.01723076920374132
DTLZ1_D14,13,MOMF,0.8504159191737876,0.01775429726477512
DTLZ1_D14,14,MOMF,0.8362970344011246,0.019024835338831196
DTLZ1_D14,15,MOMF,0.8511904527517687,0.021173737682723504
DTLZ1_D14,16,MOMF,0.8430199987712662,0.020114761795367923
DTLZ1_D14,17,MOMF,0.8436066348025321,0.017132703110025512
DTLZ1_D14,18,MOMF,0.8434011304849502,0.017220147813202885
DTLZ1_D14,19,MOMF,0.8519991056120368,0.014180000654567608
DTLZ1_D14,20,MOMF,0.8247321962361363,0.014931891696091812
DTLZ1_D14,1,PHSEA,0.8094281421274188,0.019722150915019034
DTLZ1_D14,2,PHSEA,0.8316500849872077,0.022308959133847568
DTLZ1_D14,3,PHSEA,0.8363883851979252,0.02002050915856465
DTLZ1_D14,4,PHSEA,0.8120827230237105,0.021593429918815955
DTLZ1_D14,5,PHSEA,0.8317017259591385,0.02081949734552946
DTLZ1_D14,6,PHSEA,0.8378252916299815,0.017539688250148112
DTLZ1_D14,7,PHSEA,0.8113475138832407,0.021640976556915728
DTLZ1_D14,8,PHSEA,0.8320059456115922,0.018727423235936864
DTLZ1_D14,9,PHSEA,0.828537997193935,0.016986255001747705
DTLZ1_D14,10,PHSEA,0.8258782282357543,0.01899113649550875
DTLZ1_D14,11,PHSEA,0.8358890358901868,0.018015584851518034
DTLZ1_D14,12,PHSEA,0.8421590248610282,0.02016775898641508
DTLZ1_D14,13,PHSEA,0.8272377246620137,0.01672426154371451
DTLZ1_D14,14,PHSEA,0.8189976482907944,0.015914933593271563
DTLZ1_D14,15,PHSEA,0.8191738778142728,0.017715173936187625
DTLZ1_D14,16,PHSEA,0.8106073493316789,0.01667479019559718
DTLZ1_D14,17,PHSEA,0.8248633437435802,0.017488523405717955
DTLZ1_D14,18,PHSEA,0.8299898242798508,0.016380613677395336
DTLZ1_D14,19,PHSEA,0.838785828771873,0.0221713552755835
DTLZ1_D14,20,PHSEA,0.8256538232477264,0.019574775828767113
DTLZ1_D14,1,MSAEA-DM,0.8226715075052454,0.02281508127277459
DTLZ1_D14,2,MSAEA-DM,0.8227624345549676,0.017460302632615377
DTLZ1_D14,3,MSAEA-DM,0.8231610960449137,0.023191110756517946
DTLZ1_D14,4,MSAEA-DM,0.8135306666249306,0.024443196920769808
DTLZ1_D14,5,MSAEA-DM,0.8281401326635456,0.022517744081974985
DTLZ1_D14,6,MSAEA-DM,0.8352681617668598,0.021901512704321197
DTLZ1_D14,7,MSAEA-DM,0.8195854477709483,0.02460799080368917
DTLZ1_D14,8,MSAEA-DM,0.8121072455748035,0.01953604844397423
DTLZ1_D14,9,MSAEA-DM,0.8306015309943473,0.02238819734085499
DTLZ1_D14,10,MSAEA-DM,0.81879538877923,0.022567231866231163
DTLZ1_D14,11,MSAEA-DM,0.81065142398414,0.018878914055485353
DTLZ1_D14,12,MSAEA-DM,0.8244140159084682,0.019610392973442393
DTLZ1_D14,13,MSAEA-DM,0.8094747274509143,0.022136883815068224
DTLZ1_D14,14,MSAEA-DM,0.8141533534787412,0.020486566055909282
DTLZ1_D14,15,MSAEA-DM,0.8367728266907323,0.020969119847995276
DTLZ1_D14,16,MSAEA-DM,0.8324937757365165,0.02119962702914226
DTLZ1_D14,17,MSAEA-DM,0.8264009455515724,0.01678823977878241
DTLZ1_D14,18,MSAEA-DM,0.8211958366316818,0.020834555790605672
DTLZ1_D14,19,MSAEA-DM,0.8157099365338503,0.019912436702425932
DTLZ1_D14,20,MSAEA-DM,0.8263812523967561,0.01855500408276637
DTLZ1_D14,1,AS-SMEA,0.8017477361444162,0.02576485574179189
DTLZ1_D14,2,AS-SMEA,0.8260198800523594,0.02309753480261022
DTLZ1_D14,3,AS-SMEA,0.8097519664995763,0.026130810687600318
DTLZ1_D14,4,AS-SMEA,0.8171027605860237,0.02180146107777424
DTLZ1_D14,5,AS-SMEA,0.8229249062425906,0.019767386273918768
DTLZ1_D14,6,AS-SMEA,0.8129114780870009,0.02033615124279929
DTLZ1_D14,7,AS-SMEA,0.8120028728226013,0.022549671883583363
DTLZ1_D14,8,AS-SMEA,0.8256531562496419,0.020032419928037858
DTLZ1_D14,9,AS-SMEA,0.8357024645794988,0.022338095512957658
DTLZ1_D14,10,AS-SMEA,0.8177979334942092,0.024603063682438107
DTLZ1_D14,11,AS-SMEA,0.804938954485673,0.024353222241507023
DTLZ1_D14,12,AS-SMEA,0.814663733870075,0.022669546512455552
DTLZ1_D14,13,AS-SMEA,0.817915094473286,0.023829500712045693
DTLZ1_D14,14,AS-SMEA,0.8165193572700867,0.02341135855422814
DTLZ1_D14,15,AS-SMEA,0.8156434321689453,0.02463863714920905
DTLZ1_D14,16,AS-SMEA,0.7889168820482464,0.017873943572630283
DTLZ1_D14,17,AS-SMEA,0.8123614151246596,0.0193131416632926
DTLZ1_D14,18,AS-SMEA,0.80196046678303,0.025545131411004212
DTLZ1_D14,19,AS-SMEA,0.8246754644858314,0.02481041143296827
DTLZ1_D14,20,AS-SMEA,0.8278494443619124,0.024186800207859772
DTLZ1_D30,1,Frank-WT MF-PIRN,0.9100440996647329,0.01106867935492964
DTLZ1_D30,2,Frank-WT MF-PIRN,0.8831828000915916,0.011623345981780255
DTLZ1_D30,3,Frank-WT MF-PIRN,0.9182271620075917,0.011054046038267023
DTLZ1_D30,4,Frank-WT MF-PIRN,0.8971910196512862,0.009307417445884581
DTLZ1_D30,5,Frank-WT MF-PIRN,0.9010314759545742,0.013718879710391468
DTLZ1_D30,6,Frank-WT MF-PIRN,0.8998114610718573,0.013817037378341945
DTLZ1_D30,7,Frank-WT MF-PIRN,0.8774533288763374,0.011648488233875747
DTLZ1_D30,8,Frank-WT MF-PIRN,0.9001337014133701,0.0142550065006408
DTLZ1_D30,9,Frank-WT MF-PIRN,0.8942489453239085,0.012638769082250697
DTLZ1_D30,10,Frank-WT MF-PIRN,0.8901657336146106,0.014798329017171664
DTLZ1_D30,11,Frank-WT MF-PIRN,0.8951325971799678,0.010194286040513152
DTLZ1_D30,12,Frank-WT MF-PIRN,0.9113494143503216,0.012725073956049777
DTLZ1_D30,13,Frank-WT MF-PIRN,0.89329384317981,0.01394761126517904
DTLZ1_D30,14,Frank-WT MF-PIRN,0.9085292804032044,0.013971758858094298
DTLZ1_D30,15,Frank-WT MF-PIRN,0.8747279600036603,0.011359424500274167
DTLZ1_D30,16,Frank-WT MF-PIRN,0.8860919450627562,0.012311238925619056
DTLZ1_D30,17,Frank-WT MF-PIRN,0.8948129674521573,0.012506771460299269
DTLZ1_D30,18,Frank-WT MF-PIRN,0.8831613093552296,0.011186074990826701
DTLZ1_D30,19,Frank-WT MF-PIRN,0.8894928117426179,0.011862463614145845
DTLZ1_D30,20,Frank-WT MF-PIRN,0.8966565880426248,0.014048960910679163
DTLZ1_D30,1,MF-HVKG,0.8878713969634833,0.01652867157229273
DTLZ1_D30,2,MF-HVKG,0.8746169660034985,0.014296077779298479
DTLZ1_D30,3,MF-HVKG,0.8873223001611951,0.01764710472079621
DTLZ1_D30,4,MF-HVKG,0.884717421551356,0.016119965085929774
DTLZ1_D30,5,MF-HVKG,0.8857051946593517,0.013230911309623002
DTLZ1_D30,6,MF-HVKG,0.8817457164901001,0.013884201829368363
DTLZ1_D30,7,MF-HVKG,0.8730054370332259,0.0149435385370501
DTLZ1_D30,8,MF-HVKG,0.8829988691404639,0.01632238271459771
DTLZ1_D30,9,MF-HVKG,0.8969486888152832,0.012926113022752225
DTLZ1_D30,10,MF-HVKG,0.8950383288948008,0.010674177458324285
DTLZ1_D30,11,MF-HVKG,0.8981100795578983,0.01563561071460591
DTLZ1_D30,12,MF-HVKG,0.8790117254451768,0.012005735365372975
DTLZ1_D30,13,MF-HVKG,0.8772230277492836,0.015358662332061727
DTLZ1_D30,14,MF-HVKG,0.8844074080752612,0.012053568959404213
DTLZ1_D30,15,MF-HVKG,0.8904093780267252,0.012595250776666645
DTLZ1_D30,16,MF-HVKG,0.8872790532319111,0.01532504656876636
DTLZ1_D30,17,MF-HVKG,0.8776815479907288,0.014867046566961462
DTLZ1_D30,18,MF-HVKG,0.8761751559458427,0.013669507884180808
DTLZ1_D30,19,MF-HVKG,0.885463796737787,0.015337195774755511
DTLZ1_D30,20,MF-HVKG,0.8869145592444652,0.013418935455453914
DTLZ1_D30,1,qLogNEHVI,0.8927619341911146,0.015227513478414906
DTLZ1_D30,2,qLogNEHVI,0.8955728763542459,0.015807336175165446
DTLZ1_D30,3,qLogNEHVI,0.8831077608880276,0.01786565308230186
DTLZ1_D30,4,qLogNEHVI,0.8931304982030709,0.016257464299693283
DTLZ1_D30,5,qLogNEHVI,0.880556106883263,0.019145012785591383
DTLZ1_D30,6,qLogNEHVI,0.8961324993785651,0.016373999478317393
DTLZ1_D30,7,qLogNEHVI,0.8931525379692016,0.014936250448969865
DTLZ1_D30,8,qLogNEHVI,0.8782955230660313,0.014575816179470657
DTLZ1_D30,9,qLogNEHVI,0.8894282291789696,0.01652109442682135
DTLZ1_D30,10,qLogNEHVI,0.8815128819927873,0.016638664362984144
DTLZ1_D30,11,qLogNEHVI,0.8829218457072571,0.01665577571618308
DTLZ1_D30,12,qLogNEHVI,0.8754435473244174,0.017025359151089048
DTLZ1_D30,13,qLogNEHVI,0.892258537973535,0.016294931179099168
DTLZ1_D30,14,qLogNEHVI,0.8748930778080592,0.012504807414017268
DTLZ1_D30,15,qLogNEHVI,0.8768652950193918,0.015623559710098022
DTLZ1_D30,16,qLogNEHVI,0.8674046812600065,0.013367476349906971
DTLZ1_D30,17,qLogNEHVI,0.9027927290125348,0.013025202626564827
DTLZ1_D30,18,qLogNEHVI,0.8846106184285258,0.01306505123665268
DTLZ1_D30,19,qLogNEHVI,0.8834402108541847,0.014781462792714355
DTLZ1_D30,20,qLogNEHVI,0.8800824445082888,0.014575766658810906
DTLZ1_D30,1,MOMF,0.8675553208113851,0.021242916229695222
DTLZ1_D30,2,MOMF,0.8671981645789877,0.018029256060855998
DTLZ1_D30,3,MOMF,0.8736136387456723,0.017595733520117677
DTLZ1_D30,4,MOMF,0.8746501309162895,0.02007701199715552
DTLZ1_D30,5,MOMF,0.8737958930049994,0.018798180926716673
DTLZ1_D30,6,MOMF,0.8641785422593604,0.01764632087525217
DTLZ1_D30,7,MOMF,0.8817713358161894,0.018190530714121016
DTLZ1_D30,8,MOMF,0.8868269562732776,0.01816397055727981
DTLZ1_D30,9,MOMF,0.8631277561766991,0.018246136781499042
DTLZ1_D30,10,MOMF,0.8484264184185144,0.019028768969724583
DTLZ1_D30,11,MOMF,0.8782385596632991,0.01838719308219883
DTLZ1_D30,12,MOMF,0.8589126530034453,0.014767281714716068
DTLZ1_D30,13,MOMF,0.8491085715136699,0.02024125540392534
DTLZ1_D30,14,MOMF,0.8690743958822625,0.014170605578480898
DTLZ1_D30,15,MOMF,0.8734850498246839,0.018836079477443684
DTLZ1_D30,16,MOMF,0.8743846882045396,0.015543397486376266
DTLZ1_D30,17,MOMF,0.8581577674583454,0.018807314672415795
DTLZ1_D30,18,MOMF,0.8656678099965784,0.01931975611433092
DTLZ1_D30,19,MOMF,0.8615595443136405,0.018920457604664744
DTLZ1_D30,20,MOMF,0.864293775194587,0.014076735924008505
DTLZ1_D30,1,PHSEA,0.8678643763657514,0.01663986320271519
DTLZ1_D30,2,PHSEA,0.8511482397092531,0.02115951660788918
DTLZ1_D30,3,PHSEA,0.8708615113771027,0.023520328047768477
DTLZ1_D30,4,PHSEA,0.8527044454344168,0.017051190880433276
DTLZ1_D30,5,PHSEA,0.8601109325917905,0.01728071238748961
DTLZ1_D30,6,PHSEA,0.8660687223796947,0.01793440409025883
DTLZ1_D30,7,PHSEA,0.8520448356356917,0.018012960277660774
DTLZ1_D30,8,PHSEA,0.8710627706007499,0.018076897563212083
DTLZ1_D30,9,PHSEA,0.8515952407891637,0.02009918816250106
DTLZ1_D30,10,PHSEA,0.8634097888211091,0.019221557210932695
DTLZ1_D30,11,PHSEA,0.8805501389093167,0.019856177671877966
DTLZ1_D30,12,PHSEA,0.8669984217957325,0.02041084393063513
DTLZ1_D30,13,PHSEA,0.8546814386123943,0.018309233416806556
DTLZ1_D30,14,PHSEA,0.8863583526074834,0.020736592073734277
DTLZ1_D30,15,PHSEA,0.8760289800811083,0.022123255782433328
DTLZ1_D30,16,PHSEA,0.8820546131223784,0.018224301252935726
DTLZ1_D30,17,PHSEA,0.8574766117277454,0.01966967151113399
DTLZ1_D30,18,PHSEA,0.8617018202084117,0.020609691458113723
DTLZ1_D30,19,PHSEA,0.8593324971944797,0.016644060068945442
DTLZ1_D30,20,PHSEA,0.8619363750673336,0.021694207773940655
DTLZ1_D30,1,MSAEA-DM,0.8498329381345276,0.02221263337874781
DTLZ1_D30,2,MSAEA-DM,0.8531076407174094,0.02105004319276364
DTLZ1_D30,3,MSAEA-DM,0.867990741508884,0.019374438828811777
DTLZ1_D30,4,MSAEA-DM,0.8589027608277547,0.022856113545085734
DTLZ1_D30,5,MSAEA-DM,0.8677814151760667,0.021778522114283147
DTLZ1_D30,6,MSAEA-DM,0.8667226427079712,0.020760907916117084
DTLZ1_D30,7,MSAEA-DM,0.8677188896605151,0.02792381569085383
DTLZ1_D30,8,MSAEA-DM,0.8532879335287015,0.023478412767272788
DTLZ1_D30,9,MSAEA-DM,0.8385231680310693,0.01782969194856368
DTLZ1_D30,10,MSAEA-DM,0.8624278821313478,0.020507299349506788
DTLZ1_D30,11,MSAEA-DM,0.8519334831004419,0.022433937397860728
DTLZ1_D30,12,MSAEA-DM,0.8583915821400703,0.021994522613427485
DTLZ1_D30,13,MSAEA-DM,0.862055109405849,0.018433579382832587
DTLZ1_D30,14,MSAEA-DM,0.852610160652848,0.021156464781092493
DTLZ1_D30,15,MSAEA-DM,0.8431722860667332,0.024047030101251816
DTLZ1_D30,16,MSAEA-DM,0.8506117877789197,0.022643031963046557
DTLZ1_D30,17,MSAEA-DM,0.8621169487536707,0.021711344517633843
DTLZ1_D30,18,MSAEA-DM,0.8456900033200238,0.02244701573751211
DTLZ1_D30,19,MSAEA-DM,0.8622008349056828,0.019117965258997557
DTLZ1_D30,20,MSAEA-DM,0.8751018180309524,0.023622652024668508
DTLZ1_D30,1,AS-SMEA,0.8391862636069448,0.023703381226130214
DTLZ1_D30,2,AS-SMEA,0.86108961260087,0.020367033055767484
DTLZ1_D30,3,AS-SMEA,0.8509858855536844,0.02676518928367477
DTLZ1_D30,4,AS-SMEA,0.8422794974006895,0.02465295417536631
DTLZ1_D30,5,AS-SMEA,0.8467925746673528,0.025687769310762665
DTLZ1_D30,6,AS-SMEA,0.8450714336707204,0.025097171390958267
DTLZ1_D30,7,AS-SMEA,0.8437013897948493,0.021651632402276046
DTLZ1_D30,8,AS-SMEA,0.8418280973486792,0.023900101847431486
DTLZ1_D30,9,AS-SMEA,0.8416019182411946,0.023468361911779635
DTLZ1_D30,10,AS-SMEA,0.8539519114197437,0.024917768099240924
DTLZ1_D30,11,AS-SMEA,0.8323264850333578,0.022610744125667628
DTLZ1_D30,12,AS-SMEA,0.8531838844269638,0.02488084554585267
DTLZ1_D30,13,AS-SMEA,0.8409924897562452,0.021687775019398024
DTLZ1_D30,14,AS-SMEA,0.8641579736274498,0.022738831518488992
DTLZ1_D30,15,AS-SMEA,0.8424201429376402,0.01951468946199984
DTLZ1_D30,16,AS-SMEA,0.831618517414619,0.026184197092057996
DTLZ1_D30,17,AS-SMEA,0.8481986764523256,0.019340481941525104
DTLZ1_D30,18,AS-SMEA,0.8388637806872524,0.020718917226325125
DTLZ1_D30,19,AS-SMEA,0.8577336835410689,0.021948339746964213
DTLZ1_D30,20,AS-SMEA,0.8530192235237807,0.022035255062439578
DTLZ2_D14,1,Frank-WT MF-PIRN,0.9161575434433011,0.012224573622783601
DTLZ2_D14,2,Frank-WT MF-PIRN,0.8959042395124217,0.014658385137369292
DTLZ2_D14,3,Frank-WT MF-PIRN,0.9051554894070685,0.011663989210647364
DTLZ2_D14,4,Frank-WT MF-PIRN,0.9137117550489932,0.012352838718812742
DTLZ2_D14,5,Frank-WT MF-PIRN,0.883723406647204,0.012100139293588314
DTLZ2_D14,6,Frank-WT MF-PIRN,0.8977594531247943,0.012167204533152674
DTLZ2_D14,7,Frank-WT MF-PIRN,0.9000974352138349,0.012819140481686574
DTLZ2_D14,8,Frank-WT MF-PIRN,0.9291510142440551,0.011118911869873946
DTLZ2_D14,9,Frank-WT MF-PIRN,0.9076232611061161,0.011571108653063242
DTLZ2_D14,10,Frank-WT MF-PIRN,0.9019954666272483,0.010873150934649915
DTLZ2_D14,11,Frank-WT MF-PIRN,0.9072647751795757,0.015411942027004043
DTLZ2_D14,12,Frank-WT MF-PIRN,0.8939507693967278,0.014592523650409
DTLZ2_D14,13,Frank-WT MF-PIRN,0.9105762218022062,0.011555087969210825
DTLZ2_D14,14,Frank-WT MF-PIRN,0.8993131615061211,0.013034322867624898
DTLZ2_D14,15,Frank-WT MF-PIRN,0.9031091340191904,0.012311278925986385
DTLZ2_D14,16,Frank-WT MF-PIRN,0.8882201155534004,0.014313194565091421
DTLZ2_D14,17,Frank-WT MF-PIRN,0.910629762068873,0.010382246709592608
DTLZ2_D14,18,Frank-WT MF-PIRN,0.9138817627334018,0.010230296160956933
DTLZ2_D14,19,Frank-WT MF-PIRN,0.9140450779970088,0.013266565872395747
DTLZ2_D14,20,Frank-WT MF-PIRN,0.9181337447108869,0.009965880993368441
DTLZ2_D14,1,MF-HVKG,0.8958673652737175,0.014548211066988045
DTLZ2_D14,2,MF-HVKG,0.8833264340730588,0.012127451510240212
DTLZ2_D14,3,MF-HVKG,0.9105196864223503,0.011941101151169442
DTLZ2_D14,4,MF-HVKG,0.9179908530072143,0.01342828842739992
DTLZ2_D14,5,MF-HVKG,0.9067048893964754,0.00980951475930566
DTLZ2_D14,6,MF-HVKG,0.896931092477447,0.013654874394101945
DTLZ2_D14,7,MF-HVKG,0.9011641823518299,0.013666052394307706
DTLZ2_D14,8,MF-HVKG,0.8987719279567258,0.013807782674441802
DTLZ2_D14,9,MF-HVKG,0.8937022467762192,0.01094403895745884
DTLZ2_D14,10,MF-HVKG,0.9078073542518308,0.01583582947999614
DTLZ2_D14,11,MF-HVKG,0.9014259817520937,0.014688998764801694
DTLZ2_D14,12,MF-HVKG,0.8873232233755637,0.014354272100676507
DTLZ2_D14,13,MF-HVKG,0.8997274885055848,0.011960691593011344
DTLZ2_D14,14,MF-HVKG,0.8902687551120543,0.017371627459787597
DTLZ2_D14,15,MF-HVKG,0.9140841748535357,0.010997447299986118
DTLZ2_D14,16,MF-HVKG,0.8940555561141398,0.01640078547082302
DTLZ2_D14,17,MF-HVKG,0.89808609456557,0.014999740506529876
DTLZ2_D14,18,MF-HVKG,0.9096694644531361,0.012504880820478969
DTLZ2_D14,19,MF-HVKG,0.8839141516555304,0.01176684951512092
DTLZ2_D14,20,MF-HVKG,0.8962163776762505,0.01237798592911785
DTLZ2_D14,1,qLogNEHVI,0.8855741056433987,0.01665252536896731
DTLZ2_D14,2,qLogNEHVI,0.8990112891406905,0.016028653570847564
DTLZ2_D14,3,qLogNEHVI,0.891172185115589,0.01299331010764002
DTLZ2_D14,4,qLogNEHVI,0.8800750474648724,0.01741334984927729
DTLZ2_D14,5,qLogNEHVI,0.8902984127506445,0.017599329279381067
DTLZ2_D14,6,qLogNEHVI,0.8915651856781152,0.014771808376451642
DTLZ2_D14,7,qLogNEHVI,0.8785339288522958,0.011310721793633422
DTLZ2_D14,8,qLogNEHVI,0.894953935070195,0.01506635522707958
DTLZ2_D14,9,qLogNEHVI,0.8982108996697936,0.015217642730780998
DTLZ2_D14,10,qLogNEHVI,0.8755603857078802,0.016162648820538483
DTLZ2_D14,11,qLogNEHVI,0.8819709945254043,0.015602758253503317
DTLZ2_D14,12,qLogNEHVI,0.8764562207327126,0.012496922823863311
DTLZ2_D14,13,qLogNEHVI,0.875655063850439,0.016440169442505977
DTLZ2_D14,14,qLogNEHVI,0.8870408580085694,0.014880740256177888
DTLZ2_D14,15,qLogNEHVI,0.9020730497812094,0.013356535990905635
DTLZ2_D14,16,qLogNEHVI,0.8952831658873434,0.014944180738453368
DTLZ2_D14,17,qLogNEHVI,0.8966594625952543,0.01511565306151411
DTLZ2_D14,18,qLogNEHVI,0.8797421885401485,0.015525813646677928
DTLZ2_D14,19,qLogNEHVI,0.8860226765240666,0.01363854242404275
DTLZ2_D14,20,qLogNEHVI,0.9008807360884903,0.014631345114528427
DTLZ2_D14,1,MOMF,0.8634267461512092,0.016142178528377345
DTLZ2_D14,2,MOMF,0.872525711198068,0.015325362385685206
DTLZ2_D14,3,MOMF,0.8748982058455481,0.017010284731856787
DTLZ2_D14,4,MOMF,0.8815476092572534,0.013786845646426748
DTLZ2_D14,5,MOMF,0.8697937570088027,0.017732546921074985
DTLZ2_D14,6,MOMF,0.8720233638159347,0.018229860345229353
DTLZ2_D14,7,MOMF,0.8823503794140174,0.015091757310276673
DTLZ2_D14,8,MOMF,0.8848884881404332,0.01707710706282953
DTLZ2_D14,9,MOMF,0.887271185370746,0.014832846967009247
DTLZ2_D14,10,MOMF,0.8790215521171095,0.013758041615697198
DTLZ2_D14,11,MOMF,0.8834797040356726,0.01934694703246536
DTLZ2_D14,12,MOMF,0.8740428805677782,0.017132876997573612
DTLZ2_D14,13,MOMF,0.8684887845244985,0.018029922962517313
DTLZ2_D14,14,MOMF,0.8797069571049099,0.01806117781187525
DTLZ2_D14,15,MOMF,0.8713207610151333,0.018810969607633673
DTLZ2_D14,16,MOMF,0.8827952951740018,0.018436368306930018
DTLZ2_D14,17,MOMF,0.8798931826904768,0.016695519708730292
DTLZ2_D14,18,MOMF,0.8685496669034132,0.018781093095472975
DTLZ2_D14,19,MOMF,0.8741359132199834,0.015775675260548915
DTLZ2_D14,20,MOMF,0.8756125907169493,0.01544779217367379
DTLZ2_D14,1,PHSEA,0.8798129451674823,0.019842876981303104
DTLZ2_D14,2,PHSEA,0.8769116224147291,0.018203773130112573
DTLZ2_D14,3,PHSEA,0.9067559169978151,0.020064560654346107
DTLZ2_D14,4,PHSEA,0.8649292138419885,0.021958004095601516
DTLZ2_D14,5,PHSEA,0.8694584256015739,0.018809995080733624
DTLZ2_D14,6,PHSEA,0.8559886412583696,0.019583217855731864
DTLZ2_D14,7,PHSEA,0.8648133622164161,0.0201481261926629
DTLZ2_D14,8,PHSEA,0.8741456656927921,0.018615765616261475
DTLZ2_D14,9,PHSEA,0.883110024094701,0.017810809261285285
DTLZ2_D14,10,PHSEA,0.8830203834665663,0.02326520443063263
DTLZ2_D14,11,PHSEA,0.8649735150559101,0.019604514316074562
DTLZ2_D14,12,PHSEA,0.8601415303894887,0.019956102265493176
DTLZ2_D14,13,PHSEA,0.8816760924104013,0.01951406221084323
DTLZ2_D14,14,PHSEA,0.8672857856330698,0.017883476642337325
DTLZ2_D14,15,PHSEA,0.8773004725012474,0.02032577016790646
DTLZ2_D14,16,PHSEA,0.872633703767974,0.0224695397925488
DTLZ2_D14,17,PHSEA,0.884501833194282,0.019554935991648956
DTLZ2_D14,18,PHSEA,0.8705913543873361,0.0210131248182644
DTLZ2_D14,19,PHSEA,0.881939223540977,0.02070907980443161
DTLZ2_D14,20,PHSEA,0.8595696085498166,0.019402058565512116
DTLZ2_D14,1,MSAEA-DM,0.852612195513664,0.01936708049025646
DTLZ2_D14,2,MSAEA-DM,0.8480379571688741,0.02148027785724123
DTLZ2_D14,3,MSAEA-DM,0.8567621300990762,0.023161580295447844
DTLZ2_D14,4,MSAEA-DM,0.8464143080078926,0.02099490645985998
DTLZ2_D14,5,MSAEA-DM,0.8662945442122749,0.02149531117698051
DTLZ2_D14,6,MSAEA-DM,0.8633477574154477,0.0199606014092194
DTLZ2_D14,7,MSAEA-DM,0.8861968439064145,0.01647400565538322
DTLZ2_D14,8,MSAEA-DM,0.875037933838562,0.018708834637300484
DTLZ2_D14,9,MSAEA-DM,0.8568529635292402,0.021432281280077195
DTLZ2_D14,10,MSAEA-DM,0.874743077620423,0.01825361924129394
DTLZ2_D14,11,MSAEA-DM,0.884698569482526,0.022801750660727302
DTLZ2_D14,12,MSAEA-DM,0.8761039453391836,0.018440837824628145
DTLZ2_D14,13,MSAEA-DM,0.8597590116839352,0.019715080524219587
DTLZ2_D14,14,MSAEA-DM,0.8505741265790954,0.02242494575831804
DTLZ2_D14,15,MSAEA-DM,0.8559597102883937,0.020562506595378997
DTLZ2_D14,16,MSAEA-DM,0.8762947191396889,0.022462526186142646
DTLZ2_D14,17,MSAEA-DM,0.8544855923741076,0.02146035362176878
DTLZ2_D14,18,MSAEA-DM,0.8620979237652092,0.02248203098805057
DTLZ2_D14,19,MSAEA-DM,0.8655013998580536,0.018829742528955414
DTLZ2_D14,20,MSAEA-DM,0.8547130145792717,0.020476339051210005
DTLZ2_D14,1,AS-SMEA,0.8374271224631004,0.024393988111541795
DTLZ2_D14,2,AS-SMEA,0.8526203571058716,0.02079644467669981
DTLZ2_D14,3,AS-SMEA,0.8593911921584333,0.02530208990979629
DTLZ2_D14,4,AS-SMEA,0.8465906771263336,0.019988872122978164
DTLZ2_D14,5,AS-SMEA,0.8547060956058294,0.023913128230535555
DTLZ2_D14,6,AS-SMEA,0.857272928922424,0.022658969312248634
DTLZ2_D14,7,AS-SMEA,0.8675429506808245,0.024539069209941346
DTLZ2_D14,8,AS-SMEA,0.8529237167039685,0.0235041535449537
DTLZ2_D14,9,AS-SMEA,0.846620748137017,0.021380152693822492
DTLZ2_D14,10,AS-SMEA,0.8815515916549442,0.020709751936064603
DTLZ2_D14,11,AS-SMEA,0.8452370825865578,0.02178301074744821
DTLZ2_D14,12,AS-SMEA,0.8496845162894302,0.026766951830926596
DTLZ2_D14,13,AS-SMEA,0.8470379144001656,0.022951535199509127
DTLZ2_D14,14,AS-SMEA,0.8628317366021434,0.02444425854192927
DTLZ2_D14,15,AS-SMEA,0.8482461707686592,0.026061882948788143
DTLZ2_D14,16,AS-SMEA,0.8625100235178518,0.02237098838335313
DTLZ2_D14,17,AS-SMEA,0.8485710216391376,0.021990597736711182
DTLZ2_D14,18,AS-SMEA,0.852996076574264,0.022626831337058124
DTLZ2_D14,19,AS-SMEA,0.8502380067452898,0.02060216489195765
DTLZ2_D14,20,AS-SMEA,0.8426144322274224,0.022291461252948407
DTLZ2_D30,1,Frank-WT MF-PIRN,0.8802076007051548,0.008679324901952324
DTLZ2_D30,2,Frank-WT MF-PIRN,0.8872314860502846,0.012879278386204535
DTLZ2_D30,3,Frank-WT MF-PIRN,0.8672215742422713,0.014860178084006487
DTLZ2_D30,4,Frank-WT MF-PIRN,0.8685085396254301,0.016253831391616343
DTLZ2_D30,5,Frank-WT MF-PIRN,0.8585198664441781,0.014532703592185227
DTLZ2_D30,6,Frank-WT MF-PIRN,0.8843238691904808,0.011545072177927648
DTLZ2_D30,7,Frank-WT MF-PIRN,0.8844075465618079,0.01641879184976812
DTLZ2_D30,8,Frank-WT MF-PIRN,0.8950688149175003,0.009421701917927662
DTLZ2_D30,9,Frank-WT MF-PIRN,0.861855208329854,0.013403044175207175
DTLZ2_D30,10,Frank-WT MF-PIRN,0.8773389192233935,0.010398632185727901
DTLZ2_D30,11,Frank-WT MF-PIRN,0.8896621865927432,0.009381362654499174
DTLZ2_D30,12,Frank-WT MF-PIRN,0.8871789529223356,0.012842342204497814
DTLZ2_D30,13,Frank-WT MF-PIRN,0.8805743930473964,0.01274820143144769
DTLZ2_D30,14,Frank-WT MF-PIRN,0.8784523835338167,0.01285618768837886
DTLZ2_D30,15,Frank-WT MF-PIRN,0.8941853004285863,0.01108205485758737
DTLZ2_D30,16,Frank-WT MF-PIRN,0.8893290552477485,0.01151983659228866
DTLZ2_D30,17,Frank-WT MF-PIRN,0.8695472718459317,0.013373560741476428
DTLZ2_D30,18,Frank-WT MF-PIRN,0.8884520047126849,0.012681715099128917
DTLZ2_D30,19,Frank-WT MF-PIRN,0.8793686601819093,0.011586159103754094
DTLZ2_D30,20,Frank-WT MF-PIRN,0.8806721126902093,0.012432298592913893
DTLZ2_D30,1,MF-HVKG,0.8807098753686442,0.015282577253534643
DTLZ2_D30,2,MF-HVKG,0.8585529464096008,0.011472894738287553
DTLZ2_D30,3,MF-HVKG,0.8700549532822812,0.014558151042469472
DTLZ2_D30,4,MF-HVKG,0.8840226974015534,0.011693061135666174
DTLZ2_D30,5,MF-HVKG,0.8918208849297874,0.012661282401711542
DTLZ2_D30,6,MF-HVKG,0.8682870473811257,0.015073137235604984
DTLZ2_D30,7,MF-HVKG,0.8728128761321887,0.014935852411122802
DTLZ2_D30,8,MF-HVKG,0.8743055754170548,0.016463104706922017
DTLZ2_D30,9,MF-HVKG,0.8842057746203408,0.009305821937207838
DTLZ2_D30,10,MF-HVKG,0.8579241438681484,0.011586473662890156
DTLZ2_D30,11,MF-HVKG,0.8453498656510336,0.013063008611574249
DTLZ2_D30,12,MF-HVKG,0.8802139445239101,0.016516590309536523
DTLZ2_D30,13,MF-HVKG,0.8626814659438257,0.012867949173306225
DTLZ2_D30,14,MF-HVKG,0.872832762369141,0.013734619857503315
DTLZ2_D30,15,MF-HVKG,0.8641106856886857,0.013406865765469324
DTLZ2_D30,16,MF-HVKG,0.8767213637812833,0.013354434138969905
DTLZ2_D30,17,MF-HVKG,0.8831818521653023,0.010919271019632528
DTLZ2_D30,18,MF-HVKG,0.8702601984718489,0.016644108536517665
DTLZ2_D30,19,MF-HVKG,0.8487337998379192,0.01163945843015458
DTLZ2_D30,20,MF-HVKG,0.8480609095377922,0.012411957375420626
DTLZ2_D30,1,qLogNEHVI,0.8652714974441935,0.015893772918627456
DTLZ2_D30,2,qLogNEHVI,0.8760359686448254,0.013346905610114385
DTLZ2_D30,3,qLogNEHVI,0.8568416480734741,0.015213501931259059
DTLZ2_D30,4,qLogNEHVI,0.8741309280486691,0.012795314569141032
DTLZ2_D30,5,qLogNEHVI,0.8517799741265546,0.014911330114452876
DTLZ2_D30,6,qLogNEHVI,0.8537302552767932,0.017467179109887113
DTLZ2_D30,7,qLogNEHVI,0.8606039165952475,0.017640223677542553
DTLZ2_D30,8,qLogNEHVI,0.8400470297176195,0.014957245514826165
DTLZ2_D30,9,qLogNEHVI,0.865856836326853,0.01634230076999222
DTLZ2_D30,10,qLogNEHVI,0.8616539774865979,0.015295519667796083
DTLZ2_D30,11,qLogNEHVI,0.856345160671503,0.014313197491933636
DTLZ2_D30,12,qLogNEHVI,0.8572132290129645,0.011946900150705419
DTLZ2_D30,13,qLogNEHVI,0.8673756005106014,0.016606115609296753
DTLZ2_D30,14,qLogNEHVI,0.8840042413396605,0.016031716654387657
DTLZ2_D30,15,qLogNEHVI,0.8779855339860713,0.015662852518198465
DTLZ2_D30,16,qLogNEHVI,0.8603706973899398,0.01902314457955854
DTLZ2_D30,17,qLogNEHVI,0.8658792084428294,0.015023364497264435
DTLZ2_D30,18,qLogNEHVI,0.8765459156146946,0.016046615368019743
DTLZ2_D30,19,qLogNEHVI,0.8594071145127299,0.015806103548727593
DTLZ2_D30,20,qLogNEHVI,0.8618563604117282,0.018381243805290177
DTLZ2_D30,1,MOMF,0.863328052275746,0.01402142092105874
DTLZ2_D30,2,MOMF,0.8665725204957111,0.01609172999187137
DTLZ2_D30,3,MOMF,0.855786844472478,0.015455305952237043
DTLZ2_D30,4,MOMF,0.8577378667982762,0.017410913419181
DTLZ2_D30,5,MOMF,0.8518282685070903,0.015756959745693584
DTLZ2_D30,6,MOMF,0.8566458126567588,0.014467435795543397
DTLZ2_D30,7,MOMF,0.8444213892418554,0.018646532141414384
DTLZ2_D30,8,MOMF,0.8442698135514115,0.01860178133290233
DTLZ2_D30,9,MOMF,0.8533938612110743,0.01682138148212884
DTLZ2_D30,10,MOMF,0.8313272159572654,0.019888373093179444
DTLZ2_D30,11,MOMF,0.8729150266219853,0.014050827339304678
DTLZ2_D30,12,MOMF,0.864616009328905,0.016312327509326527
DTLZ2_D30,13,MOMF,0.8628532487771741,0.016729851166018182
DTLZ2_D30,14,MOMF,0.8496878781123169,0.01789361662574073
DTLZ2_D30,15,MOMF,0.8678952372446607,0.01857244180046536
DTLZ2_D30,16,MOMF,0.865263766804831,0.016548423249819515
DTLZ2_D30,17,MOMF,0.8628374918169859,0.017190330493096286
DTLZ2_D30,18,MOMF,0.8598961440585916,0.01620148468058899
DTLZ2_D30,19,MOMF,0.8633901240123143,0.0164741621946148
DTLZ2_D30,20,MOMF,0.8584934827097833,0.01705082300266939
DTLZ2_D30,1,PHSEA,0.8546155856133422,0.017567964939429578
DTLZ2_D30,2,PHSEA,0.8381002509707656,0.022644482836764228
DTLZ2_D30,3,PHSEA,0.8629330809993498,0.018817196154350378
DTLZ2_D30,4,PHSEA,0.849721530933984,0.02003265316479283
DTLZ2_D30,5,PHSEA,0.8591935133147578,0.019602090316023425
DTLZ2_D30,6,PHSEA,0.8440044124587717,0.01895631022824209
DTLZ2_D30,7,PHSEA,0.8396369450691701,0.019018598498765867
DTLZ2_D30,8,PHSEA,0.8346791418809079,0.01938990310971852
DTLZ2_D30,9,PHSEA,0.8456017525994057,0.01903570316702656
DTLZ2_D30,10,PHSEA,0.8545116416506126,0.020253123143608838
DTLZ2_D30,11,PHSEA,0.8480793535819782,0.021805691320544933
DTLZ2_D30,12,PHSEA,0.8289753456216113,0.021888926783002725
DTLZ2_D30,13,PHSEA,0.8520218856355039,0.02335312824420201
DTLZ2_D30,14,PHSEA,0.8484686776532213,0.017222802508491338
DTLZ2_D30,15,PHSEA,0.8471871528608854,0.017544023956495486
DTLZ2_D30,16,PHSEA,0.8351331123269684,0.01735818804428122
DTLZ2_D30,17,PHSEA,0.8614109097404568,0.02054449156380124
DTLZ2_D30,18,PHSEA,0.8387008526032073,0.019876359742537267
DTLZ2_D30,19,PHSEA,0.8379883525202138,0.01863961429568334
DTLZ2_D30,20,PHSEA,0.8465997293490919,0.01706574839016804
DTLZ2_D30,1,MSAEA-DM,0.8469859498740764,0.018793500149932814
DTLZ2_D30,2,MSAEA-DM,0.8383799277831914,0.022114230157595
DTLZ2_D30,3,MSAEA-DM,0.8360519790463846,0.022894454338239535
DTLZ2_D30,4,MSAEA-DM,0.8515778892863908,0.022600827575933805
DTLZ2_D30,5,MSAEA-DM,0.8584450473360044,0.020687292615879465
DTLZ2_D30,6,MSAEA-DM,0.8300244851597925,0.024311458980381624
DTLZ2_D30,7,MSAEA-DM,0.8483128787822121,0.021816462369473783
DTLZ2_D30,8,MSAEA-DM,0.8500490979220525,0.022877634740533184
DTLZ2_D30,9,MSAEA-DM,0.8264040427950347,0.021191057441650868
DTLZ2_D30,10,MSAEA-DM,0.8390200731493695,0.02041370392882642
DTLZ2_D30,11,MSAEA-DM,0.8492593061200607,0.020765237629287822
DTLZ2_D30,12,MSAEA-DM,0.8474458011554904,0.02096852729129238
DTLZ2_D30,13,MSAEA-DM,0.8433433175113673,0.02237131880378686
DTLZ2_D30,14,MSAEA-DM,0.8427363517699953,0.01995480840080653
DTLZ2_D30,15,MSAEA-DM,0.8433452265410335,0.020278360770348395
DTLZ2_D30,16,MSAEA-DM,0.8364578059196828,0.02262724287693392
DTLZ2_D30,17,MSAEA-DM,0.8344907362730759,0.02652370746229084
DTLZ2_D30,18,MSAEA-DM,0.8347408179020306,0.0195472421315369
DTLZ2_D30,19,MSAEA-DM,0.8413682634894507,0.024290014574875927
DTLZ2_D30,20,MSAEA-DM,0.8435477652397021,0.020918280282036822
DTLZ2_D30,1,AS-SMEA,0.8375489973260412,0.02126904634363299
DTLZ2_D30,2,AS-SMEA,0.8392722960552752,0.02013832650369419
DTLZ2_D30,3,AS-SMEA,0.8359471251349048,0.022862797193602097
DTLZ2_D30,4,AS-SMEA,0.8403561030803536,0.016422489481312946
DTLZ2_D30,5,AS-SMEA,0.8265309220584994,0.021633034567874458
DTLZ2_D30,6,AS-SMEA,0.8204187551887274,0.021309643262149503
DTLZ2_D30,7,AS-SMEA,0.8247658988290075,0.01968833979883334
DTLZ2_D30,8,AS-SMEA,0.814605725970192,0.023518351265547844
DTLZ2_D30,9,AS-SMEA,0.8443165699004133,0.018976967048369597
DTLZ2_D30,10,AS-SMEA,0.8401685531914583,0.024114352394239896
DTLZ2_D30,11,AS-SMEA,0.843496558172064,0.019912363307095456
DTLZ2_D30,12,AS-SMEA,0.8238616436475238,0.020899321022931364
DTLZ2_D30,13,AS-SMEA,0.8225273092426527,0.023139766674861197
DTLZ2_D30,14,AS-SMEA,0.83360269677027,0.022436313840835654
DTLZ2_D30,15,AS-SMEA,0.8288307814303294,0.02329674955276349
DTLZ2_D30,16,AS-SMEA,0.8319266230068382,0.02559288852056801
DTLZ2_D30,17,AS-SMEA,0.8465742792540302,0.020991245076219276
DTLZ2_D30,18,AS-SMEA,0.8184827230203287,0.02418265767282261
DTLZ2_D30,19,AS-SMEA,0.8244309439717669,0.022809575324942842
DTLZ2_D30,20,AS-SMEA,0.8136846187164894,0.020807998307917686
DTLZ3_D14,1,Frank-WT MF-PIRN,0.8425551416059396,0.014370131967243432
DTLZ3_D14,2,Frank-WT MF-PIRN,0.842934258401741,0.01359961785725947
DTLZ3_D14,3,Frank-WT MF-PIRN,0.8630440390823562,0.012796623939387854
DTLZ3_D14,4,Frank-WT MF-PIRN,0.8262894941453123,0.013091612355315481
DTLZ3_D14,5,Frank-WT MF-PIRN,0.8394154904559474,0.01330099984632457
DTLZ3_D14,6,Frank-WT MF-PIRN,0.8280654441290951,0.011506048053483653
DTLZ3_D14,7,Frank-WT MF-PIRN,0.8391047361101491,0.010892711851962882
DTLZ3_D14,8,Frank-WT MF-PIRN,0.8468117761231314,0.011425125215952223
DTLZ3_D14,9,Frank-WT MF-PIRN,0.8288767092046049,0.012907254844704584
DTLZ3_D14,10,Frank-WT MF-PIRN,0.8261457979289867,0.010080059529948986
DTLZ3_D14,11,Frank-WT MF-PIRN,0.8245909552247312,0.012640431565270296
DTLZ3_D14,12,Frank-WT MF-PIRN,0.8532685186365817,0.009405073251897975
DTLZ3_D14,13,Frank-WT MF-PIRN,0.8299723799787249,0.013256737412902944
DTLZ3_D14,14,Frank-WT MF-PIRN,0.8327915659809323,0.012816502387200585
DTLZ3_D14,15,Frank-WT MF-PIRN,0.8430107141463503,0.010690075422309231
DTLZ3_D14,16,Frank-WT MF-PIRN,0.8304028788275084,0.014203886771944091
DTLZ3_D14,17,Frank-WT MF-PIRN,0.8350101198125632,0.011599472230734561
DTLZ3_D14,18,Frank-WT MF-PIRN,0.8420950849023542,0.011450277109504015
DTLZ3_D14,19,Frank-WT MF-PIRN,0.8259686942663764,0.014458891137098842
DTLZ3_D14,20,Frank-WT MF-PIRN,0.8304731872540886,0.01270556559725313
DTLZ3_D14,1,MF-HVKG,0.8243338374918625,0.017921191297431572
DTLZ3_D14,2,MF-HVKG,0.8262235223201444,0.015796646736172447
DTLZ3_D14,3,MF-HVKG,0.813958078495343,0.01600906122201704
DTLZ3_D14,4,MF-HVKG,0.8244533503935642,0.017010223534291283
DTLZ3_D14,5,MF-HVKG,0.8124391000448085,0.012494769259498478
DTLZ3_D14,6,MF-HVKG,0.8426517550399716,0.013488062518537966
DTLZ3_D14,7,MF-HVKG,0.8374147828480042,0.014508931016869085
DTLZ3_D14,8,MF-HVKG,0.824487602762645,0.014513942017417231
DTLZ3_D14,9,MF-HVKG,0.8340667517238384,0.011750530792060735
DTLZ3_D14,10,MF-HVKG,0.8317669558323427,0.016164057448919036
DTLZ3_D14,11,MF-HVKG,0.8271659768017461,0.015069514885788863
DTLZ3_D14,12,MF-HVKG,0.829496604516086,0.015729549313810987
DTLZ3_D14,13,MF-HVKG,0.8379906782568451,0.013392120820546909
DTLZ3_D14,14,MF-HVKG,0.8165182510326945,0.011331896259668787
DTLZ3_D14,15,MF-HVKG,0.8302261948821971,0.012253531253313169
DTLZ3_D14,16,MF-HVKG,0.8290517084721304,0.01412861415937973
DTLZ3_D14,17,MF-HVKG,0.8323076342007732,0.01777561847402509
DTLZ3_D14,18,MF-HVKG,0.8007681263616989,0.012923383022538551
DTLZ3_D14,19,MF-HVKG,0.8267067980611589,0.01062755477161229
DTLZ3_D14,20,MF-HVKG,0.8251201611474699,0.011012612762523726
DTLZ3_D14,1,qLogNEHVI,0.8288835132365907,0.014375667546253756
DTLZ3_D14,2,qLogNEHVI,0.81056283571191,0.01722994328437841
DTLZ3_D14,3,qLogNEHVI,0.8084415225294153,0.016118914075600756
DTLZ3_D14,4,qLogNEHVI,0.8094578275466372,0.018038495619006136
DTLZ3_D14,5,qLogNEHVI,0.8122306761192296,0.01644913820339515
DTLZ3_D14,6,qLogNEHVI,0.8211868857774003,0.01752980775010436
DTLZ3_D14,7,qLogNEHVI,0.8232065813660949,0.020064373070250666
DTLZ3_D14,8,qLogNEHVI,0.8326316241516551,0.01589646728183637
DTLZ3_D14,9,qLogNEHVI,0.8170264827603022,0.01890501625141076
DTLZ3_D14,10,qLogNEHVI,0.8077325125271679,0.014520265859057444
DTLZ3_D14,11,qLogNEHVI,0.8247212095451161,0.015827049219900628
DTLZ3_D14,12,qLogNEHVI,0.8098650694087549,0.014586806712514349
DTLZ3_D14,13,qLogNEHVI,0.8012366549281386,0.01767566342113627
DTLZ3_D14,14,qLogNEHVI,0.8283961526111215,0.016176772422672608
DTLZ3_D14,15,qLogNEHVI,0.8181241200238627,0.01642579225940792
DTLZ3_D14,16,qLogNEHVI,0.824163152978037,0.01504099112481795
DTLZ3_D14,17,qLogNEHVI,0.84714101660372,0.013932726089737018
DTLZ3_D14,18,qLogNEHVI,0.7914555830437426,0.011220861747702551
DTLZ3_D14,19,qLogNEHVI,0.8089018048505718,0.01888027851559347
DTLZ3_D14,20,qLogNEHVI,0.7832659486999258,0.01600369487972836
DTLZ3_D14,1,MOMF,0.8009475222596608,0.017563413914560046
DTLZ3_D14,2,MOMF,0.8164155860740006,0.01576104986762528
DTLZ3_D14,3,MOMF,0.8116402940964089,0.010348119611289825
DTLZ3_D14,4,MOMF,0.7956679971148404,0.015341678822496214
DTLZ3_D14,5,MOMF,0.7954174228090434,0.015545338564015923
DTLZ3_D14,6,MOMF,0.8077983324565853,0.016456741374743365
DTLZ3_D14,7,MOMF,0.8210938457252286,0.01750077315382642
DTLZ3_D14,8,MOMF,0.8192910088596563,0.019292686105869636
DTLZ3_D14,9,MOMF,0.8171258800758161,0.019919329847949814
DTLZ3_D14,10,MOMF,0.8214132387109518,0.01599143400032797
DTLZ3_D14,11,MOMF,0.8159915533313549,0.019887824225235894
DTLZ3_D14,12,MOMF,0.8048752069312872,0.01326227573853762
DTLZ3_D14,13,MOMF,0.7933769682929719,0.01715579755636365
DTLZ3_D14,14,MOMF,0.81326137822651,0.01793030971671025
DTLZ3_D14,15,MOMF,0.8123313507845425,0.021387655128356067
DTLZ3_D14,16,MOMF,0.7983191864253382,0.02049218179217067
DTLZ3_D14,17,MOMF,0.8110600987274547,0.017200931039953293
DTLZ3_D14,18,MOMF,0.8024851970959855,0.017071807063905584
DTLZ3_D14,19,MOMF,0.7975798125550322,0.016391611037423873
DTLZ3_D14,20,MOMF,0.801149723236246,0.019122755546665843
DTLZ3_D14,1,PHSEA,0.7853217124620739,0.019027140273529326
DTLZ3_D14,2,PHSEA,0.8039788288816113,0.01835199226135641
DTLZ3_D14,3,PHSEA,0.7916675582838771,0.019503024946434074
DTLZ3_D14,4,PHSEA,0.791699945156969,0.017551082236083808
DTLZ3_D14,5,PHSEA,0.7969151633708108,0.01951328735004786
DTLZ3_D14,6,PHSEA,0.7898266549338332,0.019673639392332305
DTLZ3_D14,7,PHSEA,0.8013160935012864,0.018705487736157298
DTLZ3_D14,8,PHSEA,0.8113222751469026,0.018803946967601008
DTLZ3_D14,9,PHSEA,0.8072690661825345,0.017045021433162458
DTLZ3_D14,10,PHSEA,0.8046653465695105,0.018386487799162618
DTLZ3_D14,11,PHSEA,0.7934229487871708,0.01629943539966352
DTLZ3_D14,12,PHSEA,0.800276905635619,0.021319812653606423
DTLZ3_D14,13,PHSEA,0.8051920774285894,0.01599953774476573
DTLZ3_D14,14,PHSEA,0.8090832208595966,0.019919296907402493
DTLZ3_D14,15,PHSEA,0.801710430540777,0.019322903744459524
DTLZ3_D14,16,PHSEA,0.8027278075161133,0.02227007735602696
DTLZ3_D14,17,PHSEA,0.8006431438840791,0.01483197717549303
DTLZ3_D14,18,PHSEA,0.8043601848330708,0.02463770312665916
DTLZ3_D14,19,PHSEA,0.800690827330122,0.019646497710462025
DTLZ3_D14,20,PHSEA,0.7904007757610214,0.015412747277906083
DTLZ3_D14,1,MSAEA-DM,0.7873053816252013,0.019316745489611493
DTLZ3_D14,2,MSAEA-DM,0.7877447484104857,0.018783069170144124
DTLZ3_D14,3,MSAEA-DM,0.7963703443574738,0.02475433391234853
DTLZ3_D14,4,MSAEA-DM,0.7915937295416169,0.017739070827423417
DTLZ3_D14,5,MSAEA-DM,0.7878504059964555,0.021555394220225652
DTLZ3_D14,6,MSAEA-DM,0.7704890738364261,0.014896498387198535
DTLZ3_D14,7,MSAEA-DM,0.7908611102811173,0.02035420366904507
DTLZ3_D14,8,MSAEA-DM,0.8046392434343751,0.018283117754909237
DTLZ3_D14,9,MSAEA-DM,0.7909793001604747,0.02251200840981752
DTLZ3_D14,10,MSAEA-DM,0.8030771033441719,0.01905160988540786
DTLZ3_D14,11,MSAEA-DM,0.7694948835126352,0.023345605879868163
DTLZ3_D14,12,MSAEA-DM,0.7854272909395275,0.018821160758737753
DTLZ3_D14,13,MSAEA-DM,0.7840727210424682,0.021944174586207902
DTLZ3_D14,14,MSAEA-DM,0.782595216881077,0.01990738986067201
DTLZ3_D14,15,MSAEA-DM,0.810314481598573,0.021388433220509293
DTLZ3_D14,16,MSAEA-DM,0.7953871671099983,0.020029523894668198
DTLZ3_D14,17,MSAEA-DM,0.8073576918638996,0.02055027463236829
DTLZ3_D14,18,MSAEA-DM,0.8006522980171794,0.01887999845066955
DTLZ3_D14,19,MSAEA-DM,0.7863309205780628,0.017568402309976847
DTLZ3_D14,20,MSAEA-DM,0.8029851345891099,0.024726576843035038
DTLZ3_D14,1,AS-SMEA,0.7942466869003452,0.02308772800366053
DTLZ3_D14,2,AS-SMEA,0.7775456810626455,0.02066803079277873
DTLZ3_D14,3,AS-SMEA,0.7775246893405103,0.022767684755440835
DTLZ3_D14,4,AS-SMEA,0.7803118447477398,0.019198149005958287
DTLZ3_D14,5,AS-SMEA,0.7768481110780607,0.02139292076716156
DTLZ3_D14,6,AS-SMEA,0.7710331126743499,0.023124939365246355
DTLZ3_D14,7,AS-SMEA,0.7868842823570911,0.024572826623913094
DTLZ3_D14,8,AS-SMEA,0.7998254379972505,0.023144851855926754
DTLZ3_D14,9,AS-SMEA,0.7845917816438464,0.020500703232979766
DTLZ3_D14,10,AS-SMEA,0.7874475225862086,0.02610678698986966
DTLZ3_D14,11,AS-SMEA,0.7935952988060515,0.02244523746595082
DTLZ3_D14,12,AS-SMEA,0.7700296375327531,0.02029827119801684
DTLZ3_D14,13,AS-SMEA,0.7931733889420923,0.019028143237067405
DTLZ3_D14,14,AS-SMEA,0.7764744443389702,0.024217407002926617
DTLZ3_D14,15,AS-SMEA,0.7719350991888279,0.022628361736746316
DTLZ3_D14,16,AS-SMEA,0.8033406567741591,0.023144796051636465
DTLZ3_D14,17,AS-SMEA,0.7795170703854661,0.022261965597745754
DTLZ3_D14,18,AS-SMEA,0.7941950713070519,0.025408789191187137
DTLZ3_D14,19,AS-SMEA,0.8009086942692917,0.021745977295021243
DTLZ3_D14,20,AS-SMEA,0.7813522464999225,0.02433086989802567
DTLZ3_D30,1,Frank-WT MF-PIRN,0.7751886679934671,0.01259571910748584
DTLZ3_D30,2,Frank-WT MF-PIRN,0.7822353634741264,0.009571593481330467
DTLZ3_D30,3,Frank-WT MF-PIRN,0.7827631773912518,0.012195363695300904
DTLZ3_D30,4,Frank-WT MF-PIRN,0.774373661199066,0.01279771178032021
DTLZ3_D30,5,Frank-WT MF-PIRN,0.7642826497484574,0.011405451115629194
DTLZ3_D30,6,Frank-WT MF-PIRN,0.7683000161578134,0.014477499753733537
DTLZ3_D30,7,Frank-WT MF-PIRN,0.7738310633433139,0.013101635962028568
DTLZ3_D30,8,Frank-WT MF-PIRN,0.7752696722138511,0.014877958346570649
DTLZ3_D30,9,Frank-WT MF-PIRN,0.7860741012278892,0.014021237619898954
DTLZ3_D30,10,Frank-WT MF-PIRN,0.7861242178032185,0.012546194182055053
DTLZ3_D30,11,Frank-WT MF-PIRN,0.7831789303948853,0.013164213881909862
DTLZ3_D30,12,Frank-WT MF-PIRN,0.7863866239437325,0.010716479741312575
DTLZ3_D30,13,Frank-WT MF-PIRN,0.7759686055072376,0.0099925142163983
DTLZ3_D30,14,Frank-WT MF-PIRN,0.7822400903230762,0.014497104370327737
DTLZ3_D30,15,Frank-WT MF-PIRN,0.7634237527206211,0.012025543091471188
DTLZ3_D30,16,Frank-WT MF-PIRN,0.7636381743976384,0.008826509611555981
DTLZ3_D30,17,Frank-WT MF-PIRN,0.7861485751033696,0.012125897702939146
DTLZ3_D30,18,Frank-WT MF-PIRN,0.7790572238053179,0.013031893850797538
DTLZ3_D30,19,Frank-WT MF-PIRN,0.7809983713053594,0.012123770706369991
DTLZ3_D30,20,Frank-WT MF-PIRN,0.7720141821133738,0.008985464851968722
DTLZ3_D30,1,MF-HVKG,0.7596236667535466,0.01196112346894021
DTLZ3_D30,2,MF-HVKG,0.7658601267841905,0.01270685593177259
DTLZ3_D30,3,MF-HVKG,0.7566692581041968,0.012566059075237206
DTLZ3_D30,4,MF-HVKG,0.7633185002059044,0.014489450417155431
DTLZ3_D30,5,MF-HVKG,0.7483854594845121,0.014751652113682167
DTLZ3_D30,6,MF-HVKG,0.7803113025793466,0.016561000046546235
DTLZ3_D30,7,MF-HVKG,0.7607943355056019,0.012467315871838613
DTLZ3_D30,8,MF-HVKG,0.7611828235499423,0.01374118564123509
DTLZ3_D30,9,MF-HVKG,0.7585625140851822,0.011754354114042615
DTLZ3_D30,10,MF-HVKG,0.758439623906821,0.01209087048910143
DTLZ3_D30,11,MF-HVKG,0.7719378172956015,0.014006423713188216
DTLZ3_D30,12,MF-HVKG,0.7721644404754145,0.015852954066792168
DTLZ3_D30,13,MF-HVKG,0.7743037192547025,0.014844242874167492
DTLZ3_D30,14,MF-HVKG,0.7691723293105772,0.014168678665155905
DTLZ3_D30,15,MF-HVKG,0.7768418082738879,0.012588171501179543
DTLZ3_D30,16,MF-HVKG,0.775887894798194,0.01427592583140693
DTLZ3_D30,17,MF-HVKG,0.7491274096468657,0.012964452035131616
DTLZ3_D30,18,MF-HVKG,0.774865880342422,0.012518397080018596
DTLZ3_D30,19,MF-HVKG,0.7679554915275499,0.016316461684626492
DTLZ3_D30,20,MF-HVKG,0.7843709582815049,0.01349442981413293
DTLZ3_D30,1,qLogNEHVI,0.7629770453749858,0.015166804750040716
DTLZ3_D30,2,qLogNEHVI,0.7652882206955228,0.013306977163322109
DTLZ3_D30,3,qLogNEHVI,0.7695659515091781,0.015711117111576644
DTLZ3_D30,4,qLogNEHVI,0.7445035129301771,0.016821570616575653
DTLZ3_D30,5,qLogNEHVI,0.7450128043646609,0.015885732428198275
DTLZ3_D30,6,qLogNEHVI,0.7580708121494405,0.01520808399174979
DTLZ3_D30,7,qLogNEHVI,0.763321622184313,0.015308841247537902
DTLZ3_D30,8,qLogNEHVI,0.7517678333106326,0.01657314259705396
DTLZ3_D30,9,qLogNEHVI,0.7475215293283117,0.01163623740221019
DTLZ3_D30,10,qLogNEHVI,0.7505324246298122,0.016988138194550813
DTLZ3_D30,11,qLogNEHVI,0.7661436361650753,0.014934664265739802
DTLZ3_D30,12,qLogNEHVI,0.7548201269932736,0.017840369817774114
DTLZ3_D30,13,qLogNEHVI,0.7570949883332669,0.013069095457996808
DTLZ3_D30,14,qLogNEHVI,0.7606829108926427,0.01584427089002153
DTLZ3_D30,15,qLogNEHVI,0.7627051222656472,0.015694565965903975
DTLZ3_D30,16,qLogNEHVI,0.7733327253738567,0.014410560390198873
DTLZ3_D30,17,qLogNEHVI,0.7718329888657479,0.016598086077623215
DTLZ3_D30,18,qLogNEHVI,0.7682200259255061,0.01464835763342317
DTLZ3_D30,19,qLogNEHVI,0.7681568844638973,0.014778509601894628
DTLZ3_D30,20,qLogNEHVI,0.7562903991611355,0.013521456533096957
DTLZ3_D30,1,MOMF,0.7730506265025403,0.017497708594212208
DTLZ3_D30,2,MOMF,0.7378454684821248,0.019267665833528406
DTLZ3_D30,3,MOMF,0.7485599022558829,0.01968774916535479
DTLZ3_D30,4,MOMF,0.7559395773795478,0.0185338309918564
DTLZ3_D30,5,MOMF,0.7370310686125908,0.015701312152013237
DTLZ3_D30,6,MOMF,0.7553068908141887,0.022277860324791003
DTLZ3_D30,7,MOMF,0.7589582817960673,0.01902115590127735
DTLZ3_D30,8,MOMF,0.7465862893698558,0.015592286159051066
DTLZ3_D30,9,MOMF,0.7385219510061187,0.01665934918632878
DTLZ3_D30,10,MOMF,0.7594858978775075,0.018098618021611102
DTLZ3_D30,11,MOMF,0.7429967629120079,0.019843097888611806
DTLZ3_D30,12,MOMF,0.7525771016242603,0.018747604542596094
DTLZ3_D30,13,MOMF,0.7450993459657743,0.016462792378349193
DTLZ3_D30,14,MOMF,0.7718493157981262,0.015192125264255875
DTLZ3_D30,15,MOMF,0.7583588797256229,0.015555578107185362
DTLZ3_D30,16,MOMF,0.7381271186323205,0.01613553308384692
DTLZ3_D30,17,MOMF,0.7552411614620155,0.017977155751475286
DTLZ3_D30,18,MOMF,0.7519003144595937,0.020129484231979786
DTLZ3_D30,19,MOMF,0.7495485232378657,0.0158965775498642
DTLZ3_D30,20,MOMF,0.7525860418078542,0.01913829862184825
DTLZ3_D30,1,PHSEA,0.7301437481441191,0.021056103878417644
DTLZ3_D30,2,PHSEA,0.7643286636767767,0.01865618694066819
DTLZ3_D30,3,PHSEA,0.7498382738911619,0.01785323742564843
DTLZ3_D30,4,PHSEA,0.7459631111771712,0.02402227736939374
DTLZ3_D30,5,PHSEA,0.75596822004828,0.016717106914583356
DTLZ3_D30,6,PHSEA,0.7308834463719304,0.016312948259824656
DTLZ3_D30,7,PHSEA,0.7630064975068778,0.019100997037133374
DTLZ3_D30,8,PHSEA,0.7435009416841276,0.02046464415250018
DTLZ3_D30,9,PHSEA,0.7461182506220373,0.016145509250887383
DTLZ3_D30,10,PHSEA,0.7469439267363005,0.017865845698668212
DTLZ3_D30,11,PHSEA,0.7740023526430773,0.021275084120907017
DTLZ3_D30,12,PHSEA,0.7513619259066708,0.020886671797309457
DTLZ3_D30,13,PHSEA,0.747781287409731,0.017598819982474232
DTLZ3_D30,14,PHSEA,0.738195528169975,0.019176646081299965
DTLZ3_D30,15,PHSEA,0.7517551045818411,0.017046682149064428
DTLZ3_D30,16,PHSEA,0.7366135730070769,0.020494370643413033
DTLZ3_D30,17,PHSEA,0.7450779430661286,0.017106030147181886
DTLZ3_D30,18,PHSEA,0.7504742158113688,0.0211199911471571
DTLZ3_D30,19,PHSEA,0.7484558846556689,0.017520482940003305
DTLZ3_D30,20,PHSEA,0.744878555790512,0.019502192179905987
DTLZ3_D30,1,MSAEA-DM,0.7353077708289145,0.020077465905953745
DTLZ3_D30,2,MSAEA-DM,0.7534029663270616,0.01939577967234781
DTLZ3_D30,3,MSAEA-DM,0.7425642892516555,0.02049376200471601
DTLZ3_D30,4,MSAEA-DM,0.7523156138283534,0.019268581931024417
DTLZ3_D30,5,MSAEA-DM,0.7479163484360566,0.02725969985871557
DTLZ3_D30,6,MSAEA-DM,0.7317089222255179,0.02054504214106441
DTLZ3_D30,7,MSAEA-DM,0.7383937608370871,0.02238176616921134
DTLZ3_D30,8,MSAEA-DM,0.7530542395676466,0.01756910866440972
DTLZ3_D30,9,MSAEA-DM,0.7325890803313452,0.019185833867708196
DTLZ3_D30,10,MSAEA-DM,0.7251334269090577,0.023395943811966195
DTLZ3_D30,11,MSAEA-DM,0.7296292927125062,0.02079719444617077
DTLZ3_D30,12,MSAEA-DM,0.7258709439841443,0.020526800896793772
DTLZ3_D30,13,MSAEA-DM,0.7457113910686161,0.019482047016703145
DTLZ3_D30,14,MSAEA-DM,0.7559190325108381,0.02093592372422298
DTLZ3_D30,15,MSAEA-DM,0.7228531078013456,0.019874547873839115
DTLZ3_D30,16,MSAEA-DM,0.7548271573250372,0.023863740351186526
DTLZ3_D30,17,MSAEA-DM,0.7513247377019999,0.022431598195953785
DTLZ3_D30,18,MSAEA-DM,0.7448388423995153,0.01781410778632635
DTLZ3_D30,19,MSAEA-DM,0.7358484071851215,0.018020634821190644
DTLZ3_D30,20,MSAEA-DM,0.746503743514449,0.019373418876856972
DTLZ3_D30,1,AS-SMEA,0.7299144050157788,0.023904136567600497
DTLZ3_D30,2,AS-SMEA,0.7313148729188771,0.02154452371111187
DTLZ3_D30,3,AS-SMEA,0.7364675815021413,0.025280123298632322
DTLZ3_D30,4,AS-SMEA,0.7238148027607382,0.024040363394488822
DTLZ3_D30,5,AS-SMEA,0.722157553198652,0.022779211291788178
DTLZ3_D30,6,AS-SMEA,0.7297694636080425,0.019512539784594093
DTLZ3_D30,7,AS-SMEA,0.7361903010190118,0.02074253031695935
DTLZ3_D30,8,AS-SMEA,0.7187799534086818,0.021474465933805763
DTLZ3_D30,9,AS-SMEA,0.7324114890027277,0.02700471303522077
DTLZ3_D30,10,AS-SMEA,0.7296880205825972,0.02152952838278699
DTLZ3_D30,11,AS-SMEA,0.7477837855891182,0.02246691677638114
DTLZ3_D30,12,AS-SMEA,0.712580712718773,0.024849153385878515
DTLZ3_D30,13,AS-SMEA,0.7140190202592646,0.019930720392366194
DTLZ3_D30,14,AS-SMEA,0.7402851751066524,0.02217985275377955
DTLZ3_D30,15,AS-SMEA,0.7205625086903622,0.01923368568907238
DTLZ3_D30,16,AS-SMEA,0.7357705331125383,0.020278678083022493
DTLZ3_D30,17,AS-SMEA,0.7349995804281069,0.02289161100070754
DTLZ3_D30,18,AS-SMEA,0.7329895993315998,0.02234624255080425
DTLZ3_D30,19,AS-SMEA,0.7144155019256312,0.02314977941250076
DTLZ3_D30,20,AS-SMEA,0.7267389518665746,0.02013438690367358
DTLZ4_D14,1,Frank-WT MF-PIRN,0.73386144344279,0.009461551795517591
DTLZ4_D14,2,Frank-WT MF-PIRN,0.7355089571278327,0.013942725735713543
DTLZ4_D14,3,Frank-WT MF-PIRN,0.7256540059342813,0.008520459488075602
DTLZ4_D14,4,Frank-WT MF-PIRN,0.7466714039050936,0.009046657026309236
DTLZ4_D14,5,Frank-WT MF-PIRN,0.7329832687972544,0.01252627479131786
DTLZ4_D14,6,Frank-WT MF-PIRN,0.7529779274150545,0.010094338335908191
DTLZ4_D14,7,Frank-WT MF-PIRN,0.7161184281696661,0.01095463485379289
DTLZ4_D14,8,Frank-WT MF-PIRN,0.7429454128650775,0.013306974009716605
DTLZ4_D14,9,Frank-WT MF-PIRN,0.7221652294335189,0.010372523706536085
DTLZ4_D14,10,Frank-WT MF-PIRN,0.7316339623241982,0.012290862674015704
DTLZ4_D14,11,Frank-WT MF-PIRN,0.7436045723367405,0.013906838955587395
DTLZ4_D14,12,Frank-WT MF-PIRN,0.7320924304320069,0.012284322078958574
DTLZ4_D14,13,Frank-WT MF-PIRN,0.7373486392391664,0.011941850191522906
DTLZ4_D14,14,Frank-WT MF-PIRN,0.736749227434127,0.014463651433864253
DTLZ4_D14,15,Frank-WT MF-PIRN,0.7281352011400211,0.010116138231868944
DTLZ4_D14,16,Frank-WT MF-PIRN,0.7287101866781478,0.013571513864743428
DTLZ4_D14,17,Frank-WT MF-PIRN,0.7346421365436219,0.013363219224989576
DTLZ4_D14,18,Frank-WT MF-PIRN,0.7411005193799013,0.00994353175741278
DTLZ4_D14,19,Frank-WT MF-PIRN,0.7420215931416145,0.01737199575291227
DTLZ4_D14,20,Frank-WT MF-PIRN,0.7312169289404679,0.014560317868936466
DTLZ4_D14,1,MF-HVKG,0.7135797834103169,0.015637104346696025
DTLZ4_D14,2,MF-HVKG,0.7290543879000984,0.012311453468561077
DTLZ4_D14,3,MF-HVKG,0.7362243445117949,0.012045339337750859
DTLZ4_D14,4,MF-HVKG,0.7432052263852069,0.011889649518512272
DTLZ4_D14,5,MF-HVKG,0.7280499633312377,0.015412546875618811
DTLZ4_D14,6,MF-HVKG,0.7172738395210682,0.01585278527317867
DTLZ4_D14,7,MF-HVKG,0.7175170391364881,0.013559288418917006
DTLZ4_D14,8,MF-HVKG,0.695390025402656,0.01231211526930941
DTLZ4_D14,9,MF-HVKG,0.7280964956070625,0.015248831673402631
DTLZ4_D14,10,MF-HVKG,0.7238100140834044,0.014841609121415005
DTLZ4_D14,11,MF-HVKG,0.7077612358458434,0.01882994996089978
DTLZ4_D14,12,MF-HVKG,0.7184758832734883,0.012604328936506527
DTLZ4_D14,13,MF-HVKG,0.7178355251482263,0.013195524154215092
DTLZ4_D14,14,MF-HVKG,0.7372228736643441,0.0184167477348294
DTLZ4_D14,15,MF-HVKG,0.7252286046798305,0.01656387638147102
DTLZ4_D14,16,MF-HVKG,0.7173012081556176,0.014656311179168203
DTLZ4_D14,17,MF-HVKG,0.7223904049937259,0.013095828059993526
DTLZ4_D14,18,MF-HVKG,0.712917797294205,0.011920078903241434
DTLZ4_D14,19,MF-HVKG,0.702393332006194,0.014691764754494081
DTLZ4_D14,20,MF-HVKG,0.7180200084289563,0.014787813383316296
DTLZ4_D14,1,qLogNEHVI,0.7184261056111403,0.01934655736106588
DTLZ4_D14,2,qLogNEHVI,0.7288121675603388,0.016257451384139806
DTLZ4_D14,3,qLogNEHVI,0.7200084454972826,0.01447825729854145
DTLZ4_D14,4,qLogNEHVI,0.7259996982129631,0.014465046643428094
DTLZ4_D14,5,qLogNEHVI,0.7002506870083615,0.016710604340019378
DTLZ4_D14,6,qLogNEHVI,0.6962238806627362,0.017396902669762467
DTLZ4_D14,7,qLogNEHVI,0.735224236335481,0.012503733661176642
DTLZ4_D14,8,qLogNEHVI,0.7133745952688972,0.017489837289480444
DTLZ4_D14,9,qLogNEHVI,0.7100925093356071,0.01219895279686694
DTLZ4_D14,10,qLogNEHVI,0.7095583932750171,0.014259310141927179
DTLZ4_D14,11,qLogNEHVI,0.7212090775295346,0.020285257115400822
DTLZ4_D14,12,qLogNEHVI,0.7170058375914102,0.016881195039212506
DTLZ4_D14,13,qLogNEHVI,0.7110794344435305,0.015511487255671155
DTLZ4_D14,14,qLogNEHVI,0.7016755420054361,0.01871468576782568
DTLZ4_D14,15,qLogNEHVI,0.7068240807506714,0.015011454930179047
DTLZ4_D14,16,qLogNEHVI,0.709867473706863,0.01513628637297073
DTLZ4_D14,17,qLogNEHVI,0.7221361898539422,0.010940186013779708
DTLZ4_D14,18,qLogNEHVI,0.7088577854544115,0.016315212199853744
DTLZ4_D14,19,qLogNEHVI,0.7003542485823873,0.013823473474637926
DTLZ4_D14,20,qLogNEHVI,0.6937927785545672,0.01434513665105356
DTLZ4_D14,1,MOMF,0.7040863784961497,0.015729074000471917
DTLZ4_D14,2,MOMF,0.7035872675557857,0.01740328094049246
DTLZ4_D14,3,MOMF,0.6861334115707787,0.019932114999258115
DTLZ4_D14,4,MOMF,0.7083468641585315,0.018729405741341864
DTLZ4_D14,5,MOMF,0.710079820683957,0.017801654989768562
DTLZ4_D14,6,MOMF,0.7088617746158953,0.01660951107068823
DTLZ4_D14,7,MOMF,0.7040073974326277,0.016964259536321497
DTLZ4_D14,8,MOMF,0.7120088048791092,0.02174827631504988
DTLZ4_D14,9,MOMF,0.6939409313339654,0.01691650723075088
DTLZ4_D14,10,MOMF,0.734577131344526,0.014533793604447731
DTLZ4_D14,11,MOMF,0.7082877916662456,0.015668607290522562
DTLZ4_D14,12,MOMF,0.7046254759659295,0.016327744153120792
DTLZ4_D14,13,MOMF,0.6952950519332295,0.018178307482433386
DTLZ4_D14,14,MOMF,0.712974399655805,0.01346090702789431
DTLZ4_D14,15,MOMF,0.7152303627115933,0.01446894754335306
DTLZ4_D14,16,MOMF,0.718521066318527,0.015782535514815996
DTLZ4_D14,17,MOMF,0.7233496204122897,0.019380670713534182
DTLZ4_D14,18,MOMF,0.71187184850425,0.015862962824037347
DTLZ4_D14,19,MOMF,0.6846083845375941,0.01813530047090338
DTLZ4_D14,20,MOMF,0.7076556090225459,0.019206020254546104
DTLZ4_D14,1,PHSEA,0.7066182166975898,0.020376190339886517
DTLZ4_D14,2,PHSEA,0.7121709392324393,0.018698709620961585
DTLZ4_D14,3,PHSEA,0.6879710729151125,0.017880948681966633
DTLZ4_D14,4,PHSEA,0.6797470047661841,0.020599041227163956
DTLZ4_D14,5,PHSEA,0.7003631617131726,0.015578267528908459
DTLZ4_D14,6,PHSEA,0.7078286700456067,0.021560582065422863
DTLZ4_D14,7,PHSEA,0.6754790884859634,0.019608026283121523
DTLZ4_D14,8,PHSEA,0.71381670345499,0.017491428256552616
DTLZ4_D14,9,PHSEA,0.690255862944821,0.021213860072505218
DTLZ4_D14,10,PHSEA,0.6893451674840367,0.02076315875097979
DTLZ4_D14,11,PHSEA,0.7138718388046167,0.01592092752447807
DTLZ4_D14,12,PHSEA,0.6943460470508527,0.01605580962159546
DTLZ4_D14,13,PHSEA,0.7038500322067317,0.019506353594526512
DTLZ4_D14,14,PHSEA,0.6976009389155098,0.021260279311056906
DTLZ4_D14,15,PHSEA,0.699338884274514,0.01708031172263234
DTLZ4_D14,16,PHSEA,0.6977930954902182,0.017338378213811435
DTLZ4_D14,17,PHSEA,0.7030460107121548,0.01892447450674496
DTLZ4_D14,18,PHSEA,0.7179709132044193,0.02121190467952962
DTLZ4_D14,19,PHSEA,0.7136425515268586,0.021997575858233108
DTLZ4_D14,20,PHSEA,0.6959922539944617,0.018479422820841515
DTLZ4_D14,1,MSAEA-DM,0.7047363710733962,0.01889514227937982
DTLZ4_D14,2,MSAEA-DM,0.6911669980425538,0.02011314903516637
DTLZ4_D14,3,MSAEA-DM,0.686318617990939,0.016115850718096517
DTLZ4_D14,4,MSAEA-DM,0.6788259495846651,0.01911131859907592
DTLZ4_D14,5,MSAEA-DM,0.6910784338362597,0.023591348176919952
DTLZ4_D14,6,MSAEA-DM,0.6783397497656818,0.019334143129566647
DTLZ4_D14,7,MSAEA-DM,0.6960933342755955,0.021489284834594998
DTLZ4_D14,8,MSAEA-DM,0.6907194189279471,0.02202757481278287
DTLZ4_D14,9,MSAEA-DM,0.6850126283442515,0.02069847240020845
DTLZ4_D14,10,MSAEA-DM,0.6846880297497727,0.024112766695035908
DTLZ4_D14,11,MSAEA-DM,0.7025733317004484,0.02167293892879771
DTLZ4_D14,12,MSAEA-DM,0.6850697694762401,0.02193169298207374
DTLZ4_D14,13,MSAEA-DM,0.6703779913749964,0.022587449033637096
DTLZ4_D14,14,MSAEA-DM,0.6860359420957417,0.02260351001383788
DTLZ4_D14,15,MSAEA-DM,0.6860753734214714,0.017313826101607813
DTLZ4_D14,16,MSAEA-DM,0.6960448274026785,0.022892774907928036
DTLZ4_D14,17,MSAEA-DM,0.6987168610446467,0.019144685801740207
DTLZ4_D14,18,MSAEA-DM,0.6851976646318846,0.01985242418252109
DTLZ4_D14,19,MSAEA-DM,0.6939664377387817,0.020472341265077607
DTLZ4_D14,20,MSAEA-DM,0.67984908605363,0.018941165123988326
DTLZ4_D14,1,AS-SMEA,0.6718042568529319,0.02538711573128219
DTLZ4_D14,2,AS-SMEA,0.6891928099612912,0.022370094565129426
DTLZ4_D14,3,AS-SMEA,0.6709881458336051,0.02084173398878444
DTLZ4_D14,4,AS-SMEA,0.6748841607191587,0.02420085143517988
DTLZ4_D14,5,AS-SMEA,0.6824731130470774,0.021749181420141837
DTLZ4_D14,6,AS-SMEA,0.6910864646287929,0.022867181097200498
DTLZ4_D14,7,AS-SMEA,0.685010203424363,0.023742202494286282
DTLZ4_D14,8,AS-SMEA,0.6812452804308218,0.024394318735958112
DTLZ4_D14,9,AS-SMEA,0.6730388654763296,0.022715957948074097
DTLZ4_D14,10,AS-SMEA,0.6991459736812576,0.02049790787714149
DTLZ4_D14,11,AS-SMEA,0.692485322942259,0.024459616723992477
DTLZ4_D14,12,AS-SMEA,0.6822145574089127,0.02330815257148343
DTLZ4_D14,13,AS-SMEA,0.6736967165805399,0.020033162595683704
DTLZ4_D14,14,AS-SMEA,0.6867894402394259,0.02562790369753669
DTLZ4_D14,15,AS-SMEA,0.682467276453264,0.02372119088690197
DTLZ4_D14,16,AS-SMEA,0.6832364809916123,0.020394071093284397
DTLZ4_D14,17,AS-SMEA,0.6777985178572706,0.022519827382550206
DTLZ4_D14,18,AS-SMEA,0.6918719338996395,0.023929351198804374
DTLZ4_D14,19,AS-SMEA,0.6567214683190848,0.023087379389906064
DTLZ4_D14,20,AS-SMEA,0.6870009127156741,0.023137899564918622
DTLZ4_D30,1,Frank-WT MF-PIRN,0.6967256059104407,0.016826162349878205
DTLZ4_D30,2,Frank-WT MF-PIRN,0.689226127461199,0.01895673576556694
DTLZ4_D30,3,Frank-WT MF-PIRN,0.6781946488279357,0.015597966382853393
DTLZ4_D30,4,Frank-WT MF-PIRN,0.697867215339589,0.01636901067918418
DTLZ4_D30,5,Frank-WT MF-PIRN,0.6729560750601782,0.016237822658291528
DTLZ4_D30,6,Frank-WT MF-PIRN,0.6902659258229501,0.022901219792007866
DTLZ4_D30,7,Frank-WT MF-PIRN,0.6894347040073854,0.015179827240094527
DTLZ4_D30,8,Frank-WT MF-PIRN,0.6744125565235042,0.01709446935289288
DTLZ4_D30,9,Frank-WT MF-PIRN,0.6651736305741603,0.017611495585128038
DTLZ4_D30,10,Frank-WT MF-PIRN,0.6809559671809635,0.014573352390739905
DTLZ4_D30,11,Frank-WT MF-PIRN,0.6804207949776823,0.016373772658843412
DTLZ4_D30,12,Frank-WT MF-PIRN,0.6798934454113504,0.019130129321735835
DTLZ4_D30,13,Frank-WT MF-PIRN,0.6827146839102465,0.020574322786479894
DTLZ4_D30,14,Frank-WT MF-PIRN,0.6910840674839039,0.019716933931986178
DTLZ4_D30,15,Frank-WT MF-PIRN,0.6769731302114154,0.017347593077552088
DTLZ4_D30,16,Frank-WT MF-PIRN,0.6810470326666769,0.016856856651683412
DTLZ4_D30,17,Frank-WT MF-PIRN,0.6875085493894577,0.02132619332151447
DTLZ4_D30,18,Frank-WT MF-PIRN,0.6789237442672734,0.015480668617720138
DTLZ4_D30,19,Frank-WT MF-PIRN,0.6864181990908358,0.019809228840012523
DTLZ4_D30,20,Frank-WT MF-PIRN,0.6856774537909511,0.019796194178011192
DTLZ4_D30,1,MF-HVKG,0.706575022719468,0.017865976967475578
DTLZ4_D30,2,MF-HVKG,0.7106371606372947,0.01332135892441488
DTLZ4_D30,3,MF-HVKG,0.6978513064662547,0.015598228423870023
DTLZ4_D30,4,MF-HVKG,0.6696522815837835,0.017889225007589063
DTLZ4_D30,5,MF-HVKG,0.7031318707942142,0.011813547046814626
DTLZ4_D30,6,MF-HVKG,0.6892183040484464,0.012358097649908925
DTLZ4_D30,7,MF-HVKG,0.7082342618987787,0.012351140703710297
DTLZ4_D30,8,MF-HVKG,0.7116944627204396,0.013828620315760867
DTLZ4_D30,9,MF-HVKG,0.7036301370129638,0.012945045929457973
DTLZ4_D30,10,MF-HVKG,0.6889015575158726,0.013836062709252597
DTLZ4_D30,11,MF-HVKG,0.6780055469825685,0.012980512086648445
DTLZ4_D30,12,MF-HVKG,0.694062153369291,0.013363463162405869
DTLZ4_D30,13,MF-HVKG,0.6798570074795117,0.014406768417551112
DTLZ4_D30,14,MF-HVKG,0.6847986404933091,0.014549303810616924
DTLZ4_D30,15,MF-HVKG,0.7034545052830551,0.010540087900484565
DTLZ4_D30,16,MF-HVKG,0.7015092404725861,0.015204220740825078
DTLZ4_D30,17,MF-HVKG,0.7015774229523338,0.010899788996649193
DTLZ4_D30,18,MF-HVKG,0.6895377609050923,0.013352262294982572
DTLZ4_D30,19,MF-HVKG,0.691178955725093,0.0141906687235173
DTLZ4_D30,20,MF-HVKG,0.6994135396795238,0.014829645971418897
DTLZ4_D30,1,qLogNEHVI,0.7068609637617317,0.017433830523344213
DTLZ4_D30,2,qLogNEHVI,0.6853412723470315,0.014116271443993236
DTLZ4_D30,3,qLogNEHVI,0.6959608330242159,0.013426151527920266
DTLZ4_D30,4,qLogNEHVI,0.6898369280969109,0.017191995389913044
DTLZ4_D30,5,qLogNEHVI,0.6904007006868631,0.018005506529416685
DTLZ4_D30,6,qLogNEHVI,0.6980480507286849,0.015496939083004115
DTLZ4_D30,7,qLogNEHVI,0.6799574609987643,0.013511028080713985
DTLZ4_D30,8,qLogNEHVI,0.6960608537838613,0.013584091362775188
DTLZ4_D30,9,qLogNEHVI,0.685330830653116,0.013247743034822745
DTLZ4_D30,10,qLogNEHVI,0.6918030942398582,0.01638102062825081
DTLZ4_D30,11,qLogNEHVI,0.6974737106147103,0.013262926082379911
DTLZ4_D30,12,qLogNEHVI,0.6882364842789316,0.014261530530768764
DTLZ4_D30,13,qLogNEHVI,0.6860562127870686,0.013385756197826974
DTLZ4_D30,14,qLogNEHVI,0.6947962347446988,0.018040988197280443
DTLZ4_D30,15,qLogNEHVI,0.6918791743225263,0.015520722824527612
DTLZ4_D30,16,qLogNEHVI,0.6851255525905234,0.013129639073486138
DTLZ4_D30,17,qLogNEHVI,0.6895772840201866,0.017998644367381144
DTLZ4_D30,18,qLogNEHVI,0.7057629144671578,0.017621206030577943
DTLZ4_D30,19,qLogNEHVI,0.6854924848005168,0.018417107710639716
DTLZ4_D30,20,qLogNEHVI,0.6865863733436073,0.01826049030795344
DTLZ4_D30,1,MOMF,0.6611957096802112,0.016634100411293828
DTLZ4_D30,2,MOMF,0.653995405136141,0.01858840224164568
DTLZ4_D30,3,MOMF,0.6791362925296383,0.013642929543161595
DTLZ4_D30,4,MOMF,0.6807875160350106,0.016205713484850334
DTLZ4_D30,5,MOMF,0.6911207008455132,0.014081985689357803
DTLZ4_D30,6,MOMF,0.6861142487080777,0.01787846271597182
DTLZ4_D30,7,MOMF,0.6754020024123438,0.015180818275007708
DTLZ4_D30,8,MOMF,0.6682823677012214,0.01625736043622489
DTLZ4_D30,9,MOMF,0.7075281650149614,0.019669178361585504
DTLZ4_D30,10,MOMF,0.6671653333992832,0.01617334902680172
DTLZ4_D30,11,MOMF,0.6812521417046149,0.018942007402167147
DTLZ4_D30,12,MOMF,0.6870249524798899,0.018429630637116827
DTLZ4_D30,13,MOMF,0.6838776970313044,0.018137615747102258
DTLZ4_D30,14,MOMF,0.6788484801922399,0.0164444589064338
DTLZ4_D30,15,MOMF,0.6914355338334024,0.018845352127130843
DTLZ4_D30,16,MOMF,0.7062761968975904,0.018205130084856417
DTLZ4_D30,17,MOMF,0.6647821855974314,0.01853508510739261
DTLZ4_D30,18,MOMF,0.6872041054840227,0.016061375458630466
DTLZ4_D30,19,MOMF,0.6954436540411375,0.014923687533829512
DTLZ4_D30,20,MOMF,0.6741085637366483,0.01473114534974263
DTLZ4_D30,1,PHSEA,0.6732035380229838,0.018858820036725725
DTLZ4_D30,2,PHSEA,0.6778307101586314,0.0187458533249111
DTLZ4_D30,3,PHSEA,0.6873221739596911,0.021633003241787324
DTLZ4_D30,4,PHSEA,0.6696277147007349,0.021333458015189776
DTLZ4_D30,5,PHSEA,0.6776323353006939,0.020870154693218616
DTLZ4_D30,6,PHSEA,0.6740770226687072,0.020352659500555165
DTLZ4_D30,7,PHSEA,0.6715248305160002,0.022087659589728602
DTLZ4_D30,8,PHSEA,0.6711986915551434,0.02068541730990167
DTLZ4_D30,9,PHSEA,0.66895861159899,0.014908052047045851
DTLZ4_D30,10,PHSEA,0.6670348464809921,0.02198010348136806
DTLZ4_D30,11,PHSEA,0.668632517227442,0.018149069935089194
DTLZ4_D30,12,PHSEA,0.6683235538134267,0.02077464455853676
DTLZ4_D30,13,PHSEA,0.6726097220896176,0.01989945293939545
DTLZ4_D30,14,PHSEA,0.6892796915122398,0.020071885696688555
DTLZ4_D30,15,PHSEA,0.6667691673653118,0.02004015801782088
DTLZ4_D30,16,PHSEA,0.6749398966172064,0.020790165670324677
DTLZ4_D30,17,PHSEA,0.6630631735632702,0.020754960973872666
DTLZ4_D30,18,PHSEA,0.6794017803814727,0.018099980263329565
DTLZ4_D30,19,PHSEA,0.664297416067775,0.019585898896928532
DTLZ4_D30,20,PHSEA,0.686433658687481,0.024153555093323776
DTLZ4_D30,1,MSAEA-DM,0.6739871713805827,0.021521096497609905
DTLZ4_D30,2,MSAEA-DM,0.6605295912929815,0.01811608150235488
DTLZ4_D30,3,MSAEA-DM,0.6589217939546557,0.017799731898894826
DTLZ4_D30,4,MSAEA-DM,0.6768719724400513,0.022385218955400875
DTLZ4_D30,5,MSAEA-DM,0.6591168360912334,0.022549549904233898
DTLZ4_D30,6,MSAEA-DM,0.671309220028123,0.01974991489789538
DTLZ4_D30,7,MSAEA-DM,0.6784516762677006,0.020775469588069168
DTLZ4_D30,8,MSAEA-DM,0.6595073662977153,0.019636117719967785
DTLZ4_D30,9,MSAEA-DM,0.6544089105940891,0.022529444501444878
DTLZ4_D30,10,MSAEA-DM,0.6623720705485504,0.019073165626497513
DTLZ4_D30,11,MSAEA-DM,0.6516734710881528,0.021823425398691625
DTLZ4_D30,12,MSAEA-DM,0.6528613359156378,0.024523669926711518
DTLZ4_D30,13,MSAEA-DM,0.6560217995968821,0.020118889003680432
DTLZ4_D30,14,MSAEA-DM,0.6603458973031401,0.021599105824609555
DTLZ4_D30,15,MSAEA-DM,0.6676420953066399,0.0184284514826854
DTLZ4_D30,16,MSAEA-DM,0.6623950133416072,0.01991262293652808
DTLZ4_D30,17,MSAEA-DM,0.6759035442106855,0.020448266709871536
DTLZ4_D30,18,MSAEA-DM,0.6919655142450645,0.020830140118304266
DTLZ4_D30,19,MSAEA-DM,0.6658036029520837,0.0209673340629659
DTLZ4_D30,20,MSAEA-DM,0.6659919445319106,0.02159122468569155
DTLZ4_D30,1,AS-SMEA,0.6949534935061579,0.01521199924341847
DTLZ4_D30,2,AS-SMEA,0.7097538004729752,0.013333930201369021
DTLZ4_D30,3,AS-SMEA,0.6905168058357739,0.014668523039030887
DTLZ4_D30,4,AS-SMEA,0.7007050546210097,0.013036265668172472
DTLZ4_D30,5,AS-SMEA,0.7020922271195899,0.01597392579788024
DTLZ4_D30,6,AS-SMEA,0.6951408284762932,0.019598520863181014
DTLZ4_D30,7,AS-SMEA,0.680957207863895,0.012777175029971704
DTLZ4_D30,8,AS-SMEA,0.7073056401350802,0.015291269688716974
DTLZ4_D30,9,AS-SMEA,0.6877136637841789,0.016934689121393662
DTLZ4_D30,10,AS-SMEA,0.7050273366776366,0.01370398441494916
DTLZ4_D30,11,AS-SMEA,0.6930021106971588,0.014527657887904586
DTLZ4_D30,12,AS-SMEA,0.7160614790110699,0.013893290112154403
DTLZ4_D30,13,AS-SMEA,0.6789973697278554,0.011577616253606014
DTLZ4_D30,14,AS-SMEA,0.6891508415563155,0.011941471530324103
DTLZ4_D30,15,AS-SMEA,0.7090798594518083,0.016694527429639984
DTLZ4_D30,16,AS-SMEA,0.677316406659163,0.013825904159082966
DTLZ4_D30,17,AS-SMEA,0.6954861154110081,0.01537430549333767
DTLZ4_D30,18,AS-SMEA,0.6938601569431644,0.014279570609864243
DTLZ4_D30,19,AS-SMEA,0.6794039622588784,0.014072432561981868
DTLZ4_D30,20,AS-SMEA,0.7088830126172248,0.011077975661808551
DTLZ5_D14,1,Frank-WT MF-PIRN,0.7033646798089678,0.010053457699741277
DTLZ5_D14,2,Frank-WT MF-PIRN,0.7031005229242677,0.011982328192132415
DTLZ5_D14,3,Frank-WT MF-PIRN,0.7154053498547409,0.012121720632954809
DTLZ5_D14,4,Frank-WT MF-PIRN,0.7188863035628935,0.014620939106294476
DTLZ5_D14,5,Frank-WT MF-PIRN,0.7126636085802176,0.01260615013773674
DTLZ5_D14,6,Frank-WT MF-PIRN,0.714159150913319,0.010254661849495111
DTLZ5_D14,7,Frank-WT MF-PIRN,0.7243284996433081,0.011762701196790093
DTLZ5_D14,8,Frank-WT MF-PIRN,0.7109344873089202,0.013386842908654419
DTLZ5_D14,9,Frank-WT MF-PIRN,0.7186124566735809,0.012774850791002886
DTLZ5_D14,10,Frank-WT MF-PIRN,0.7044471105621846,0.010388791353760796
DTLZ5_D14,11,Frank-WT MF-PIRN,0.7217242429888575,0.0072055516463621965
DTLZ5_D14,12,Frank-WT MF-PIRN,0.7306453574152613,0.014197498094829935
DTLZ5_D14,13,Frank-WT MF-PIRN,0.7129115978533374,0.011002995033685636
DTLZ5_D14,14,Frank-WT MF-PIRN,0.6970444992756946,0.013864355125785337
DTLZ5_D14,15,Frank-WT MF-PIRN,0.7104338078333277,0.007566873587687128
DTLZ5_D14,16,Frank-WT MF-PIRN,0.7229510766932401,0.01386873616891637
DTLZ5_D14,17,Frank-WT MF-PIRN,0.7434508999056609,0.011586935640884189
DTLZ5_D14,18,Frank-WT MF-PIRN,0.7077107041158699,0.013234793866743325
DTLZ5_D14,19,Frank-WT MF-PIRN,0.7110825661279,0.011152547112875192
DTLZ5_D14,20,Frank-WT MF-PIRN,0.7141316025121305,0.012435028403607483
DTLZ5_D14,1,MF-HVKG,0.7193269431407414,0.013145317131305826
DTLZ5_D14,2,MF-HVKG,0.7023024864093029,0.017050050908747158
DTLZ5_D14,3,MF-HVKG,0.7077152354568387,0.016075258922863305
DTLZ5_D14,4,MF-HVKG,0.7023758989924644,0.011361538702909211
DTLZ5_D14,5,MF-HVKG,0.7002852301107698,0.012384748307601688
DTLZ5_D14,6,MF-HVKG,0.7224496301613172,0.011392383199188878
DTLZ5_D14,7,MF-HVKG,0.7143625658677163,0.014924123491280942
DTLZ5_D14,8,MF-HVKG,0.7063388388313931,0.012733910155345942
DTLZ5_D14,9,MF-HVKG,0.7118362060634649,0.012993690223537684
DTLZ5_D14,10,MF-HVKG,0.7062856322504685,0.010943834792356028
DTLZ5_D14,11,MF-HVKG,0.7135898446744546,0.0180716577203407
DTLZ5_D14,12,MF-HVKG,0.6940384946210811,0.01169490967895867
DTLZ5_D14,13,MF-HVKG,0.7004606146187904,0.014138306344909613
DTLZ5_D14,14,MF-HVKG,0.7037439531397877,0.015231019028110516
DTLZ5_D14,15,MF-HVKG,0.695047655667409,0.014020424476828454
DTLZ5_D14,16,MF-HVKG,0.7087771075562709,0.013442022277564643
DTLZ5_D14,17,MF-HVKG,0.7012066897191395,0.011555839396335876
DTLZ5_D14,18,MF-HVKG,0.7034931684663678,0.01672713801080191
DTLZ5_D14,19,MF-HVKG,0.7199586456576428,0.014105425165371867
DTLZ5_D14,20,MF-HVKG,0.7076458490765603,0.012336094326065843
DTLZ5_D14,1,qLogNEHVI,0.695405353785085,0.016322965166760975
DTLZ5_D14,2,qLogNEHVI,0.6949024477670236,0.01802662271239759
DTLZ5_D14,3,qLogNEHVI,0.7090562319880568,0.016227766706608998
DTLZ5_D14,4,qLogNEHVI,0.6997531238952988,0.015190629196376657
DTLZ5_D14,5,qLogNEHVI,0.6951156724073474,0.01641987985188191
DTLZ5_D14,6,qLogNEHVI,0.7089942431198826,0.018555334042855216
DTLZ5_D14,7,qLogNEHVI,0.6936789234590914,0.015307626717352623
DTLZ5_D14,8,qLogNEHVI,0.691172873690275,0.0169872388965535
DTLZ5_D14,9,qLogNEHVI,0.7026549488326962,0.014667623821600438
DTLZ5_D14,10,qLogNEHVI,0.6922160728327407,0.01569117712645244
DTLZ5_D14,11,qLogNEHVI,0.6952378853246779,0.015431824154765635
DTLZ5_D14,12,qLogNEHVI,0.6883230314103447,0.015026694090211323
DTLZ5_D14,13,qLogNEHVI,0.7161549843893603,0.016724187503768626
DTLZ5_D14,14,qLogNEHVI,0.7210149605974089,0.01625483640272358
DTLZ5_D14,15,qLogNEHVI,0.7005805358468391,0.01838103782200356
DTLZ5_D14,16,qLogNEHVI,0.6911000035268604,0.013551111794038933
DTLZ5_D14,17,qLogNEHVI,0.7120475807359179,0.013066748443555772
DTLZ5_D14,18,qLogNEHVI,0.7098905408139751,0.0157873532780242
DTLZ5_D14,19,qLogNEHVI,0.6913532571277655,0.01946091092229644
DTLZ5_D14,20,qLogNEHVI,0.6979771704683235,0.012857601922646348
DTLZ5_D14,1,MOMF,0.6763710183223756,0.01562821935730331
DTLZ5_D14,2,MOMF,0.6741910977510868,0.016832784371474226
DTLZ5_D14,3,MOMF,0.7109001778096721,0.019720584448426698
DTLZ5_D14,4,MOMF,0.7007073799189047,0.015401822525286726
DTLZ5_D14,5,MOMF,0.6866860889154689,0.015408793123148364
DTLZ5_D14,6,MOMF,0.691850380836586,0.01635190077258672
DTLZ5_D14,7,MOMF,0.6730410458841953,0.019237529707733878
DTLZ5_D14,8,MOMF,0.6879224568759547,0.02094953480356585
DTLZ5_D14,9,MOMF,0.711499864983678,0.018338026187935147
DTLZ5_D14,10,MOMF,0.690195703006199,0.016690378319950114
DTLZ5_D14,11,MOMF,0.6869717111133115,0.01495178478847203
DTLZ5_D14,12,MOMF,0.6791511597045884,0.019004563151058015
DTLZ5_D14,13,MOMF,0.6932625067139184,0.016591373429928873
DTLZ5_D14,14,MOMF,0.704678582361235,0.016309867794885278
DTLZ5_D14,15,MOMF,0.683588114979517,0.013009443951500343
DTLZ5_D14,16,MOMF,0.6838053417894533,0.020255876064730574
DTLZ5_D14,17,MOMF,0.6965984107665653,0.01647168404874145
DTLZ5_D14,18,MOMF,0.6898880820073798,0.017612617170041575
DTLZ5_D14,19,MOMF,0.6952019025806646,0.01604116875893558
DTLZ5_D14,20,MOMF,0.6803811275709093,0.017910556035088225
DTLZ5_D14,1,PHSEA,0.6811466967105957,0.022383215354716268
DTLZ5_D14,2,PHSEA,0.6828256475364431,0.02012991744659045
DTLZ5_D14,3,PHSEA,0.6685543472878099,0.019003824134714947
DTLZ5_D14,4,PHSEA,0.6862209913845003,0.021844854216134083
DTLZ5_D14,5,PHSEA,0.6732164874699094,0.01847745519924693
DTLZ5_D14,6,PHSEA,0.6959972941419792,0.019834073487330704
DTLZ5_D14,7,PHSEA,0.6650273793470415,0.023597266471447144
DTLZ5_D14,8,PHSEA,0.662530894964708,0.01822970138950263
DTLZ5_D14,9,PHSEA,0.68838956737921,0.02101511247472858
DTLZ5_D14,10,PHSEA,0.6882723100541208,0.02139999365332519
DTLZ5_D14,11,PHSEA,0.6705631233126047,0.01975318135680374
DTLZ5_D14,12,PHSEA,0.6890335607922895,0.023126645755834608
DTLZ5_D14,13,PHSEA,0.6906093038110378,0.019659386593536297
DTLZ5_D14,14,PHSEA,0.690913789704074,0.01604948283400386
DTLZ5_D14,15,PHSEA,0.6842306323740895,0.01653928673782532
DTLZ5_D14,16,PHSEA,0.6800510443507268,0.016913751627482317
DTLZ5_D14,17,PHSEA,0.6844876244042974,0.01682664120688114
DTLZ5_D14,18,PHSEA,0.6835547648676474,0.019236025984793733
DTLZ5_D14,19,PHSEA,0.6867573078559851,0.021929092513473265
DTLZ5_D14,20,PHSEA,0.6731349161650961,0.019279735045937073
DTLZ5_D14,1,MSAEA-DM,0.6946101740926741,0.021435086202961053
DTLZ5_D14,2,MSAEA-DM,0.6664441684275647,0.021654138983333803
DTLZ5_D14,3,MSAEA-DM,0.6693554154473479,0.01800613122932747
DTLZ5_D14,4,MSAEA-DM,0.6727700879008718,0.021313501402012058
DTLZ5_D14,5,MSAEA-DM,0.67719867951524,0.02136675826032727
DTLZ5_D14,6,MSAEA-DM,0.6736948049045515,0.01845282425965295
DTLZ5_D14,7,MSAEA-DM,0.6729262612263055,0.019155865619388604
DTLZ5_D14,8,MSAEA-DM,0.683180052818513,0.022710685911391224
DTLZ5_D14,9,MSAEA-DM,0.6748145986924127,0.022731647377777754
DTLZ5_D14,10,MSAEA-DM,0.677845271002341,0.021883110215013768
DTLZ5_D14,11,MSAEA-DM,0.6918007185557125,0.0218946703107086
DTLZ5_D14,12,MSAEA-DM,0.6815310751881869,0.018928229207183234
DTLZ5_D14,13,MSAEA-DM,0.6659898117125748,0.019364977387721378
DTLZ5_D14,14,MSAEA-DM,0.6801653807715615,0.016852452818591768
DTLZ5_D14,15,MSAEA-DM,0.6513588131608447,0.02068240995742066
DTLZ5_D14,16,MSAEA-DM,0.6823274201375356,0.022851605630518208
DTLZ5_D14,17,MSAEA-DM,0.6774134900636853,0.0208705430220126
DTLZ5_D14,18,MSAEA-DM,0.650560271119059,0.019428491959170856
DTLZ5_D14,19,MSAEA-DM,0.6639048946138588,0.025499195278643562
DTLZ5_D14,20,MSAEA-DM,0.7057265449889396,0.022393454355837287
DTLZ5_D14,1,AS-SMEA,0.6633917629626608,0.025188920031850373
DTLZ5_D14,2,AS-SMEA,0.6696251448043118,0.02376321658447611
DTLZ5_D14,3,AS-SMEA,0.666107367692585,0.02499376685538139
DTLZ5_D14,4,AS-SMEA,0.6757939814013829,0.02343517783928004
DTLZ5_D14,5,AS-SMEA,0.647088154296155,0.022570992897929493
DTLZ5_D14,6,AS-SMEA,0.6443916256038444,0.022182215013009814
DTLZ5_D14,7,AS-SMEA,0.6452009544648539,0.02253645216947609
DTLZ5_D14,8,AS-SMEA,0.6644088718882598,0.02368373207226401
DTLZ5_D14,9,AS-SMEA,0.6586989047167017,0.022989338726841113
DTLZ5_D14,10,AS-SMEA,0.6464039701699454,0.023029166125367515
DTLZ5_D14,11,AS-SMEA,0.6683496251196723,0.02358691604448171
DTLZ5_D14,12,AS-SMEA,0.6659954364407504,0.021401415078526116
DTLZ5_D14,13,AS-SMEA,0.6717342215416762,0.02776386823479505
DTLZ5_D14,14,AS-SMEA,0.6509824426805715,0.023757003694800244
DTLZ5_D14,15,AS-SMEA,0.6738799954656429,0.022919078258024028
DTLZ5_D14,16,AS-SMEA,0.6664882684842653,0.021558440800035886
DTLZ5_D14,17,AS-SMEA,0.6745378281733483,0.02282958825205645
DTLZ5_D14,18,AS-SMEA,0.6629141702629838,0.027257807753872532
DTLZ5_D14,19,AS-SMEA,0.6706765865882637,0.024475310934738218
DTLZ5_D14,20,AS-SMEA,0.6688063784508452,0.023277267240331436
DTLZ5_D30,1,Frank-WT MF-PIRN,0.737995768605654,0.00798522719038039
DTLZ5_D30,2,Frank-WT MF-PIRN,0.7249293787717184,0.013266578186949112
DTLZ5_D30,3,Frank-WT MF-PIRN,0.7505052945123124,0.01479276118153967
DTLZ5_D30,4,Frank-WT MF-PIRN,0.7502239292436473,0.010781525224612794
DTLZ5_D30,5,Frank-WT MF-PIRN,0.7480097477906645,0.011441561542189789
DTLZ5_D30,6,Frank-WT MF-PIRN,0.7394555752355819,0.011703299045993914
DTLZ5_D30,7,Frank-WT MF-PIRN,0.7456148522376718,0.010947941900731784
DTLZ5_D30,8,Frank-WT MF-PIRN,0.7690929866619496,0.011047007280234429
DTLZ5_D30,9,Frank-WT MF-PIRN,0.7404801754939018,0.010409265912107894
DTLZ5_D30,10,Frank-WT MF-PIRN,0.7573256730803399,0.013381960236907473
DTLZ5_D30,11,Frank-WT MF-PIRN,0.7287337414335475,0.016408290782945888
DTLZ5_D30,12,Frank-WT MF-PIRN,0.7510439099518059,0.007282107758905272
DTLZ5_D30,13,Frank-WT MF-PIRN,0.7394932764459488,0.013785428583611276
DTLZ5_D30,14,Frank-WT MF-PIRN,0.743278726263605,0.010895906063502377
DTLZ5_D30,15,Frank-WT MF-PIRN,0.7615624775250565,0.011906072305847717
DTLZ5_D30,16,Frank-WT MF-PIRN,0.7558866114660584,0.013774678307446024
DTLZ5_D30,17,Frank-WT MF-PIRN,0.759610644988192,0.010718829918878917
DTLZ5_D30,18,Frank-WT MF-PIRN,0.7592632468947026,0.010543758435904082
DTLZ5_D30,19,Frank-WT MF-PIRN,0.7598090252285429,0.014081644246642443
DTLZ5_D30,20,Frank-WT MF-PIRN,0.760976387737049,0.012241630949571739
DTLZ5_D30,1,MF-HVKG,0.7301622618799786,0.01280691368297322
DTLZ5_D30,2,MF-HVKG,0.756807141261281,0.014982784900530937
DTLZ5_D30,3,MF-HVKG,0.7419351638837228,0.014562091444404688
DTLZ5_D30,4,MF-HVKG,0.7328239573278509,0.01305766455636274
DTLZ5_D30,5,MF-HVKG,0.7461494130681889,0.014466669948014235
DTLZ5_D30,6,MF-HVKG,0.7491804195595188,0.013117367955707147
DTLZ5_D30,7,MF-HVKG,0.7403871240037189,0.015741444404206426
DTLZ5_D30,8,MF-HVKG,0.7147701203653486,0.010056307834849594
DTLZ5_D30,9,MF-HVKG,0.7384424665658751,0.012627727881818882
DTLZ5_D30,10,MF-HVKG,0.7207372791725603,0.014150452522274277
DTLZ5_D30,11,MF-HVKG,0.7624723584731588,0.014615333992911102
DTLZ5_D30,12,MF-HVKG,0.7497248549667124,0.013312334149359409
DTLZ5_D30,13,MF-HVKG,0.7612864469644895,0.017341120540508473
DTLZ5_D30,14,MF-HVKG,0.7242524055246411,0.0110848660424542
DTLZ5_D30,15,MF-HVKG,0.7317302829511387,0.013970254497019333
DTLZ5_D30,16,MF-HVKG,0.7359933033738967,0.016248123905461757
DTLZ5_D30,17,MF-HVKG,0.7421369410761295,0.017656669524151604
DTLZ5_D30,18,MF-HVKG,0.7381759401234772,0.014673987768529127
DTLZ5_D30,19,MF-HVKG,0.7375307946619398,0.012723379793500801
DTLZ5_D30,20,MF-HVKG,0.746606545507173,0.012179034231843218
DTLZ5_D30,1,qLogNEHVI,0.7292798293952618,0.014802400494743654
DTLZ5_D30,2,qLogNEHVI,0.751422060285943,0.014765990805586276
DTLZ5_D30,3,qLogNEHVI,0.7405125858363979,0.017046163471440924
DTLZ5_D30,4,qLogNEHVI,0.7247922909099244,0.017458948976390744
DTLZ5_D30,5,qLogNEHVI,0.7331710048623505,0.01633424923648085
DTLZ5_D30,6,qLogNEHVI,0.7429794197148494,0.015109055535278146
DTLZ5_D30,7,qLogNEHVI,0.7375398714839498,0.016414729916101066
DTLZ5_D30,8,qLogNEHVI,0.7322608658163591,0.016842980052864515
DTLZ5_D30,9,qLogNEHVI,0.738121511067189,0.010016185542101916
DTLZ5_D30,10,qLogNEHVI,0.7449490287597481,0.013445746334561293
DTLZ5_D30,11,qLogNEHVI,0.7206708684163433,0.013910664308794136
DTLZ5_D30,12,qLogNEHVI,0.7432226860699068,0.016003631644960846
DTLZ5_D30,13,qLogNEHVI,0.7417922915491147,0.014822209926673347
DTLZ5_D30,14,qLogNEHVI,0.7381514229157669,0.011691726593772982
DTLZ5_D30,15,qLogNEHVI,0.7264687823297741,0.018598799076104764
DTLZ5_D30,16,qLogNEHVI,0.7406335998581518,0.01476163051139813
DTLZ5_D30,17,qLogNEHVI,0.7385044133432785,0.010163599710021358
DTLZ5_D30,18,qLogNEHVI,0.7243155266798731,0.012181281009622529
DTLZ5_D30,19,qLogNEHVI,0.7375649226310417,0.020735408666628617
DTLZ5_D30,20,qLogNEHVI,0.7278336131409082,0.014848195097550115
DTLZ5_D30,1,MOMF,0.7211289218903891,0.01583691665971368
DTLZ5_D30,2,MOMF,0.7381732680993908,0.02091475291853651
DTLZ5_D30,3,MOMF,0.7154975440265945,0.01829121510734543
DTLZ5_D30,4,MOMF,0.7152582863998714,0.018136036527366638
DTLZ5_D30,5,MOMF,0.7307697860466221,0.014360206035838517
DTLZ5_D30,6,MOMF,0.7265082540176381,0.016219315097090365
DTLZ5_D30,7,MOMF,0.7117648888716801,0.017423831624760414
DTLZ5_D30,8,MOMF,0.7285648817033386,0.019366530390032263
DTLZ5_D30,9,MOMF,0.7393221859328097,0.01669907962522269
DTLZ5_D30,10,MOMF,0.7255639362257273,0.01908612141866723
DTLZ5_D30,11,MOMF,0.7296220173955394,0.016012827127142196
DTLZ5_D30,12,MOMF,0.7240338994306459,0.016929393868370207
DTLZ5_D30,13,MOMF,0.7156287839468013,0.019341442549350895
DTLZ5_D30,14,MOMF,0.7258928672458589,0.02069021742065752
DTLZ5_D30,15,MOMF,0.7449901907048717,0.016220264479329265
DTLZ5_D30,16,MOMF,0.7176337432302009,0.016704522211955994
DTLZ5_D30,17,MOMF,0.7330464482841779,0.018252012371597258
DTLZ5_D30,18,MOMF,0.7176069348564985,0.016156783346921468
DTLZ5_D30,19,MOMF,0.7256094521560592,0.0186688043102942
DTLZ5_D30,20,MOMF,0.7350961811685507,0.01785168555328495
DTLZ5_D30,1,PHSEA,0.7235814961483628,0.018460368954900275
DTLZ5_D30,2,PHSEA,0.7026540888839786,0.019971249882144125
DTLZ5_D30,3,PHSEA,0.7143293693101597,0.020465122867049438
DTLZ5_D30,4,PHSEA,0.7264896759838594,0.01806086560111431
DTLZ5_D30,5,PHSEA,0.7298904166244458,0.0204201484941316
DTLZ5_D30,6,PHSEA,0.7199699798084415,0.02047766709233427
DTLZ5_D30,7,PHSEA,0.7266727493716242,0.019665017232077652
DTLZ5_D30,8,PHSEA,0.7067950994252962,0.017987661349106992
DTLZ5_D30,9,PHSEA,0.7388410827815088,0.018507286140206563
DTLZ5_D30,10,PHSEA,0.7288107516967476,0.021748540741836863
DTLZ5_D30,11,PHSEA,0.7098276621747975,0.019920628096018436
DTLZ5_D30,12,PHSEA,0.7210331673251668,0.0232125489442548
DTLZ5_D30,13,PHSEA,0.7277413659879136,0.020221695744368114
DTLZ5_D30,14,PHSEA,0.7146394492183947,0.01777987555556022
DTLZ5_D30,15,PHSEA,0.7168679355511763,0.016513957988895274
DTLZ5_D30,16,PHSEA,0.7264770240822155,0.020558307717215174
DTLZ5_D30,17,PHSEA,0.7132961850552911,0.02102634521716864
DTLZ5_D30,18,PHSEA,0.713946228072821,0.020077220583425544
DTLZ5_D30,19,PHSEA,0.7021564212479859,0.020771763976188854
DTLZ5_D30,20,PHSEA,0.7228057599767103,0.019289587064550143
DTLZ5_D30,1,MSAEA-DM,0.698162265818464,0.01954439300623741
DTLZ5_D30,2,MSAEA-DM,0.7323981000927368,0.02350581997868356
DTLZ5_D30,3,MSAEA-DM,0.7163200761712192,0.01748312445559309
DTLZ5_D30,4,MSAEA-DM,0.7100188522660933,0.021224295378809915
DTLZ5_D30,5,MSAEA-DM,0.7178709528451022,0.020779170082358304
DTLZ5_D30,6,MSAEA-DM,0.6971119045395845,0.02292129512461055
DTLZ5_D30,7,MSAEA-DM,0.7195754372843024,0.018783575310911182
DTLZ5_D30,8,MSAEA-DM,0.7073544549082978,0.02276650479715634
DTLZ5_D30,9,MSAEA-DM,0.6855329735709688,0.016221221612077112
DTLZ5_D30,10,MSAEA-DM,0.71471219151045,0.020105411265155762
DTLZ5_D30,11,MSAEA-DM,0.7164261649023161,0.014990604523224675
DTLZ5_D30,12,MSAEA-DM,0.7092887029005471,0.02142703645257281
DTLZ5_D30,13,MSAEA-DM,0.709663435365001,0.02050657357872016
DTLZ5_D30,14,MSAEA-DM,0.7012684740272568,0.021355305302595877
DTLZ5_D30,15,MSAEA-DM,0.7096708309318357,0.018030029033734036
DTLZ5_D30,16,MSAEA-DM,0.7103565364561929,0.018799362292952024
DTLZ5_D30,17,MSAEA-DM,0.7163425130479677,0.021055839335928726
DTLZ5_D30,18,MSAEA-DM,0.7190249788461207,0.025315148928537916
DTLZ5_D30,19,MSAEA-DM,0.7235646529478951,0.019992136562875108
DTLZ5_D30,20,MSAEA-DM,0.7148331368056197,0.0176923822894317
DTLZ5_D30,1,AS-SMEA,0.7093049263647455,0.021883996670304003
DTLZ5_D30,2,AS-SMEA,0.7090501095324732,0.021518910363346626
DTLZ5_D30,3,AS-SMEA,0.7115801703370118,0.021641137666567604
DTLZ5_D30,4,AS-SMEA,0.6928030178903202,0.026194336819264065
DTLZ5_D30,5,AS-SMEA,0.698188546823412,0.020890571963622186
DTLZ5_D30,6,AS-SMEA,0.7213609412528552,0.024771300522516564
DTLZ5_D30,7,AS-SMEA,0.688940529411605,0.022075508489678906
DTLZ5_D30,8,AS-SMEA,0.7026770762343927,0.022174910289333147
DTLZ5_D30,9,AS-SMEA,0.7069777263255631,0.021859945244314852
DTLZ5_D30,10,AS-SMEA,0.700732377370848,0.021047198277144984
DTLZ5_D30,11,AS-SMEA,0.7076510787112028,0.023025200456462627
DTLZ5_D30,12,AS-SMEA,0.7198596416149967,0.026733237239757634
DTLZ5_D30,13,AS-SMEA,0.690524906762077,0.0234233025796287
DTLZ5_D30,14,AS-SMEA,0.6993297039839471,0.02165406415022405
DTLZ5_D30,15,AS-SMEA,0.6956273398456723,0.024113796300754376
DTLZ5_D30,16,AS-SMEA,0.7091052917125231,0.0238578183327338
DTLZ5_D30,17,AS-SMEA,0.7041333126653444,0.018767106794200156
DTLZ5_D30,18,AS-SMEA,0.7206246786475228,0.023004175777704278
DTLZ5_D30,19,AS-SMEA,0.7017236929951945,0.022745548096044683
DTLZ5_D30,20,AS-SMEA,0.712059312988207,0.022790550213552894
DTLZ6_D14,1,Frank-WT MF-PIRN,0.806013777376531,0.009813572914730105
DTLZ6_D14,2,Frank-WT MF-PIRN,0.8067053955658023,0.014363674752426236
DTLZ6_D14,3,Frank-WT MF-PIRN,0.7957144488810324,0.013796025166910012
DTLZ6_D14,4,Frank-WT MF-PIRN,0.8107052413051514,0.011375205666735
DTLZ6_D14,5,Frank-WT MF-PIRN,0.8191799777945257,0.010034689607990928
DTLZ6_D14,6,Frank-WT MF-PIRN,0.8014140863485147,0.009264754175843479
DTLZ6_D14,7,Frank-WT MF-PIRN,0.7941792458218442,0.012919171531474007
DTLZ6_D14,8,Frank-WT MF-PIRN,0.8059810991403353,0.013670512347883093
DTLZ6_D14,9,Frank-WT MF-PIRN,0.8090944706498235,0.012007068067635539
DTLZ6_D14,10,Frank-WT MF-PIRN,0.8136733360897785,0.01282236313974493
DTLZ6_D14,11,Frank-WT MF-PIRN,0.7963327437334692,0.008432419903782736
DTLZ6_D14,12,Frank-WT MF-PIRN,0.8158512555211241,0.010832008315363602
DTLZ6_D14,13,Frank-WT MF-PIRN,0.8226095281863863,0.012411327159493656
DTLZ6_D14,14,Frank-WT MF-PIRN,0.7874299286845381,0.012634110404016772
DTLZ6_D14,15,Frank-WT MF-PIRN,0.7943121797776446,0.012835320281874122
DTLZ6_D14,16,Frank-WT MF-PIRN,0.8013357746539969,0.015970634462093045
DTLZ6_D14,17,Frank-WT MF-PIRN,0.8221558490819797,0.013081371072264059
DTLZ6_D14,18,Frank-WT MF-PIRN,0.8157447883067892,0.01317121260597401
DTLZ6_D14,19,Frank-WT MF-PIRN,0.7937400249685392,0.01397391810855653
DTLZ6_D14,20,Frank-WT MF-PIRN,0.7887265570652768,0.011935674153018569
DTLZ6_D14,1,MF-HVKG,0.7918777581590822,0.014741181644131608
DTLZ6_D14,2,MF-HVKG,0.7987630976982875,0.016878698353791396
DTLZ6_D14,3,MF-HVKG,0.7685556476710714,0.01915928779764023
DTLZ6_D14,4,MF-HVKG,0.803651363274234,0.01550473018520276
DTLZ6_D14,5,MF-HVKG,0.8094654719425225,0.013315622138406872
DTLZ6_D14,6,MF-HVKG,0.7975803960892736,0.014729085890087345
DTLZ6_D14,7,MF-HVKG,0.7836453806616381,0.019141214308848888
DTLZ6_D14,8,MF-HVKG,0.8115774480832618,0.012946742828542327
DTLZ6_D14,9,MF-HVKG,0.7948312837233482,0.010668496605050433
DTLZ6_D14,10,MF-HVKG,0.7917205566280988,0.012808106661440315
DTLZ6_D14,11,MF-HVKG,0.8029785402529633,0.01268323285483726
DTLZ6_D14,12,MF-HVKG,0.8023456187194704,0.01650580851022154
DTLZ6_D14,13,MF-HVKG,0.8158005664600954,0.015899762864177235
DTLZ6_D14,14,MF-HVKG,0.7959938846809167,0.0162658471113705
DTLZ6_D14,15,MF-HVKG,0.7930006328263082,0.014510958384794222
DTLZ6_D14,16,MF-HVKG,0.7731101738145635,0.013504811593674785
DTLZ6_D14,17,MF-HVKG,0.7911054143459294,0.016333392719184235
DTLZ6_D14,18,MF-HVKG,0.804392138832269,0.010146917866547157
DTLZ6_D14,19,MF-HVKG,0.7979192302769285,0.01757731151764674
DTLZ6_D14,20,MF-HVKG,0.7979898999866237,0.010788584347616407
DTLZ6_D14,1,qLogNEHVI,0.7925724152895453,0.01674797561576894
DTLZ6_D14,2,qLogNEHVI,0.7787343764240413,0.013432942985618928
DTLZ6_D14,3,qLogNEHVI,0.7853823198587588,0.013372466625976654
DTLZ6_D14,4,qLogNEHVI,0.7821695375843601,0.021334988275618513
DTLZ6_D14,5,qLogNEHVI,0.8051981568171686,0.01531018630185928
DTLZ6_D14,6,qLogNEHVI,0.8026864480644953,0.015231930329824901
DTLZ6_D14,7,qLogNEHVI,0.7890751321882985,0.016399711935149473
DTLZ6_D14,8,qLogNEHVI,0.7629932617002211,0.017365812568045046
DTLZ6_D14,9,qLogNEHVI,0.7788690160865155,0.016965729190423627
DTLZ6_D14,10,qLogNEHVI,0.7911537300856761,0.019689436860793413
DTLZ6_D14,11,qLogNEHVI,0.7899026577224699,0.016915929003500616
DTLZ6_D14,12,qLogNEHVI,0.77723348267497,0.015165009708025548
DTLZ6_D14,13,qLogNEHVI,0.7829925059056102,0.017481789913245276
DTLZ6_D14,14,qLogNEHVI,0.7975598850626306,0.015235629295604212
DTLZ6_D14,15,qLogNEHVI,0.7793791686581023,0.011790477877944943
DTLZ6_D14,16,qLogNEHVI,0.7832393202506593,0.019175691981564234
DTLZ6_D14,17,qLogNEHVI,0.7995845812481468,0.01647503414217823
DTLZ6_D14,18,qLogNEHVI,0.7916304820585718,0.014116020624867612
DTLZ6_D14,19,qLogNEHVI,0.7874793878023248,0.014853750779086095
DTLZ6_D14,20,qLogNEHVI,0.7930893466042445,0.015501659393636272
DTLZ6_D14,1,MOMF,0.7845353344280792,0.018685872894545444
DTLZ6_D14,2,MOMF,0.7667243465607682,0.016263248051948877
DTLZ6_D14,3,MOMF,0.7808281454208928,0.01796188686786713
DTLZ6_D14,4,MOMF,0.769405597781136,0.016942858010728062
DTLZ6_D14,5,MOMF,0.780790947161841,0.019702204467824745
DTLZ6_D14,6,MOMF,0.7642861387295427,0.015944944711851837
DTLZ6_D14,7,MOMF,0.7820473298667698,0.018021202771268
DTLZ6_D14,8,MOMF,0.7805684788719826,0.016606570030696682
DTLZ6_D14,9,MOMF,0.7764216816941589,0.018109087575753573
DTLZ6_D14,10,MOMF,0.7841079798229397,0.0192313517891111
DTLZ6_D14,11,MOMF,0.761355631217318,0.01603835228926355
DTLZ6_D14,12,MOMF,0.7734236870686835,0.017241513451747407
DTLZ6_D14,13,MOMF,0.7802918842402163,0.01559556097715113
DTLZ6_D14,14,MOMF,0.7814621020871595,0.017748943417750577
DTLZ6_D14,15,MOMF,0.795296208218835,0.016945721149414898
DTLZ6_D14,16,MOMF,0.7722566903782186,0.018272413137979244
DTLZ6_D14,17,MOMF,0.7939347063882196,0.01467849911628499
DTLZ6_D14,18,MOMF,0.7511526504907604,0.015641005545116292
DTLZ6_D14,19,MOMF,0.7858188925504388,0.019815010401632728
DTLZ6_D14,20,MOMF,0.7751110444923148,0.018565377714270855
DTLZ6_D14,1,PHSEA,0.7722139468658235,0.017539483752794734
DTLZ6_D14,2,PHSEA,0.7809059838613497,0.019701136178178827
DTLZ6_D14,3,PHSEA,0.7816437407764563,0.017117804475826594
DTLZ6_D14,4,PHSEA,0.7500429405156241,0.02200920823110197
DTLZ6_D14,5,PHSEA,0.7894054520201399,0.017379697275715346
DTLZ6_D14,6,PHSEA,0.7601079774402216,0.02105289712614102
DTLZ6_D14,7,PHSEA,0.7759266673344611,0.017305151718932574
DTLZ6_D14,8,PHSEA,0.7743238751487087,0.02014229881525362
DTLZ6_D14,9,PHSEA,0.7622442483480181,0.018491495503223623
DTLZ6_D14,10,PHSEA,0.7780112505671419,0.015326533029206174
DTLZ6_D14,11,PHSEA,0.7526020794944017,0.01790369798119036
DTLZ6_D14,12,PHSEA,0.7650112945821428,0.01638364516665837
DTLZ6_D14,13,PHSEA,0.7743614528802817,0.021095763448897343
DTLZ6_D14,14,PHSEA,0.7670871336331017,0.01685903436033433
DTLZ6_D14,15,PHSEA,0.7720126256953609,0.021277845871375697
DTLZ6_D14,16,PHSEA,0.7732665480407243,0.021170614529912483
DTLZ6_D14,17,PHSEA,0.7707273603315532,0.0159984350927933
DTLZ6_D14,18,PHSEA,0.7935808710563645,0.01880694696246943
DTLZ6_D14,19,PHSEA,0.7754614691688401,0.021339671502451377
DTLZ6_D14,20,PHSEA,0.7621930873375731,0.020031179879858713
DTLZ6_D14,1,MSAEA-DM,0.7598423129789709,0.02033173555081804
DTLZ6_D14,2,MSAEA-DM,0.7634830145831238,0.019015563926940395
DTLZ6_D14,3,MSAEA-DM,0.7625357034741503,0.020554117084331
DTLZ6_D14,4,MSAEA-DM,0.756006723008393,0.023778558827688562
DTLZ6_D14,5,MSAEA-DM,0.7570315519992356,0.019348645807521332
DTLZ6_D14,6,MSAEA-DM,0.7511792032531912,0.01914826095157261
DTLZ6_D14,7,MSAEA-DM,0.7606192787539494,0.02385100060821884
DTLZ6_D14,8,MSAEA-DM,0.7576940106669338,0.019860997551603927
DTLZ6_D14,9,MSAEA-DM,0.7669262809018829,0.02486000200109429
DTLZ6_D14,10,MSAEA-DM,0.7716516840585257,0.019853558698512602
DTLZ6_D14,11,MSAEA-DM,0.7516566100087514,0.020472095086576457
DTLZ6_D14,12,MSAEA-DM,0.7637427014387159,0.0201739817622119
DTLZ6_D14,13,MSAEA-DM,0.7601566784340523,0.024660844584498146
DTLZ6_D14,14,MSAEA-DM,0.7739747043257241,0.02247275660174081
DTLZ6_D14,15,MSAEA-DM,0.7682754778709551,0.020265150330640885
DTLZ6_D14,16,MSAEA-DM,0.7598803492164095,0.02446307442279075
DTLZ6_D14,17,MSAEA-DM,0.7678018640967822,0.021696530017157774
DTLZ6_D14,18,MSAEA-DM,0.760632208184061,0.01966784265942744
DTLZ6_D14,19,MSAEA-DM,0.7578189257135071,0.02207447411843508
DTLZ6_D14,20,MSAEA-DM,0.7717177540054905,0.019548420606411702
DTLZ6_D14,1,AS-SMEA,0.7345779422725877,0.022106465950960677
DTLZ6_D14,2,AS-SMEA,0.7626302552830164,0.02444854000757742
DTLZ6_D14,3,AS-SMEA,0.7467060386884635,0.028014593810688635
DTLZ6_D14,4,AS-SMEA,0.7592863375381236,0.022735333845302175
DTLZ6_D14,5,AS-SMEA,0.7629062140096816,0.02418864722829066
DTLZ6_D14,6,AS-SMEA,0.7526115606315953,0.023136603931918263
DTLZ6_D14,7,AS-SMEA,0.7578300758273506,0.023033104615485717
DTLZ6_D14,8,AS-SMEA,0.7620605637764887,0.019596207321818264
DTLZ6_D14,9,AS-SMEA,0.7440776477760078,0.021662621926013818
DTLZ6_D14,10,AS-SMEA,0.7699839593405678,0.02035453306397923
DTLZ6_D14,11,AS-SMEA,0.7536474865380761,0.021356350094272464
DTLZ6_D14,12,AS-SMEA,0.7384376956613667,0.024126572538511363
DTLZ6_D14,13,AS-SMEA,0.7523301938377075,0.024041311724291352
DTLZ6_D14,14,AS-SMEA,0.776295908603238,0.021842620248079016
DTLZ6_D14,15,AS-SMEA,0.7602614517832608,0.020405297523869218
DTLZ6_D14,16,AS-SMEA,0.7532068979731952,0.023315164418011725
DTLZ6_D14,17,AS-SMEA,0.7542722622322988,0.021471035119179405
DTLZ6_D14,18,AS-SMEA,0.7656950101793886,0.022930222087529966
DTLZ6_D14,19,AS-SMEA,0.7518393708414209,0.025194382748212923
DTLZ6_D14,20,AS-SMEA,0.7609623044889109,0.019471532675176994
DTLZ6_D30,1,Frank-WT MF-PIRN,0.8627064460529618,0.012140666846654291
DTLZ6_D30,2,Frank-WT MF-PIRN,0.8621646497155396,0.011891263776425761
DTLZ6_D30,3,Frank-WT MF-PIRN,0.8629259925410326,0.011109018494640884
DTLZ6_D30,4,Frank-WT MF-PIRN,0.8604853865575316,0.011766471809246311
DTLZ6_D30,5,Frank-WT MF-PIRN,0.8501482461363791,0.012651786945348093
DTLZ6_D30,6,Frank-WT MF-PIRN,0.8497142505522084,0.013953022633106325
DTLZ6_D30,7,Frank-WT MF-PIRN,0.8660410475893259,0.014623046705618944
DTLZ6_D30,8,Frank-WT MF-PIRN,0.8660138710091704,0.009404300318942153
DTLZ6_D30,9,Frank-WT MF-PIRN,0.8473621552024793,0.008947804426318573
DTLZ6_D30,10,Frank-WT MF-PIRN,0.8546789616122626,0.011871834579010282
DTLZ6_D30,11,Frank-WT MF-PIRN,0.8497744168461756,0.012465713460626332
DTLZ6_D30,12,Frank-WT MF-PIRN,0.8414572132171962,0.011976274814656561
DTLZ6_D30,13,Frank-WT MF-PIRN,0.8518669681420667,0.014390425571663631
DTLZ6_D30,14,Frank-WT MF-PIRN,0.864267759136096,0.011934788758359462
DTLZ6_D30,15,Frank-WT MF-PIRN,0.8705554238611811,0.01160130874884089
DTLZ6_D30,16,Frank-WT MF-PIRN,0.8795256399181854,0.013392566595447318
DTLZ6_D30,17,Frank-WT MF-PIRN,0.8385884763544134,0.01419057044672058
DTLZ6_D30,18,Frank-WT MF-PIRN,0.8562564279505552,0.011889829799947228
DTLZ6_D30,19,Frank-WT MF-PIRN,0.86635678770473,0.009077458977013848
DTLZ6_D30,20,Frank-WT MF-PIRN,0.8654371075661752,0.009621748826712948
DTLZ6_D30,1,MF-HVKG,0.8661911566327778,0.015902019634959085
DTLZ6_D30,2,MF-HVKG,0.8656931890375742,0.012956770802714854
DTLZ6_D30,3,MF-HVKG,0.8398033450732589,0.012718478282460735
DTLZ6_D30,4,MF-HVKG,0.8600920320045741,0.016790169828630283
DTLZ6_D30,5,MF-HVKG,0.8490763546148301,0.012465989188052275
DTLZ6_D30,6,MF-HVKG,0.8563093434350949,0.013222119980548829
DTLZ6_D30,7,MF-HVKG,0.8480738247170875,0.0104041672632583
DTLZ6_D30,8,MF-HVKG,0.8431382164811394,0.014152796210836743
DTLZ6_D30,9,MF-HVKG,0.8444936407314932,0.014140578214299676
DTLZ6_D30,10,MF-HVKG,0.8515298953728346,0.015584512986060492
DTLZ6_D30,11,MF-HVKG,0.8595415305897486,0.015177300291788893
DTLZ6_D30,12,MF-HVKG,0.8428783521428911,0.012391546776571331
DTLZ6_D30,13,MF-HVKG,0.8562279594949125,0.015842874343354484
DTLZ6_D30,14,MF-HVKG,0.8538666347991734,0.01222359491957195
DTLZ6_D30,15,MF-HVKG,0.875358793492154,0.015196949767769311
DTLZ6_D30,16,MF-HVKG,0.8529291069154745,0.010443368750629069
DTLZ6_D30,17,MF-HVKG,0.8423064929442358,0.011189319420729038
DTLZ6_D30,18,MF-HVKG,0.8427232845712457,0.014115493717413188
DTLZ6_D30,19,MF-HVKG,0.8751045096218948,0.012523675540658766
DTLZ6_D30,20,MF-HVKG,0.8661699674954395,0.013767825928558837
DTLZ6_D30,1,qLogNEHVI,0.8442827909986513,0.01296834136829374
DTLZ6_D30,2,qLogNEHVI,0.8434019669695427,0.013837012455422711
DTLZ6_D30,3,qLogNEHVI,0.828523497322537,0.013737076399148725
DTLZ6_D30,4,qLogNEHVI,0.8372004588714202,0.01560103070017566
DTLZ6_D30,5,qLogNEHVI,0.8642712399389599,0.013833062645489494
DTLZ6_D30,6,qLogNEHVI,0.8291202770807967,0.012700050614253191
DTLZ6_D30,7,qLogNEHVI,0.8496502527015242,0.017253454494156766
DTLZ6_D30,8,qLogNEHVI,0.8239179012675675,0.018042447904003646
DTLZ6_D30,9,qLogNEHVI,0.8487128128067467,0.017661296898149492
DTLZ6_D30,10,qLogNEHVI,0.8499477259657339,0.014384872029092631
DTLZ6_D30,11,qLogNEHVI,0.8477087602689999,0.015744586440255778
DTLZ6_D30,12,qLogNEHVI,0.8391638528586929,0.019376322630823437
DTLZ6_D30,13,qLogNEHVI,0.8431353026154415,0.015556683392129032
DTLZ6_D30,14,qLogNEHVI,0.8285647755928363,0.016421672216029342
DTLZ6_D30,15,qLogNEHVI,0.8239929982447075,0.017826552913010395
DTLZ6_D30,16,qLogNEHVI,0.8534986574690868,0.013435287454834934
DTLZ6_D30,17,qLogNEHVI,0.8164791031394637,0.012708279821449073
DTLZ6_D30,18,qLogNEHVI,0.8540892868802181,0.013786976847052573
DTLZ6_D30,19,qLogNEHVI,0.8371332039159897,0.01670759416502952
DTLZ6_D30,20,qLogNEHVI,0.8517662113231851,0.015194684681687737
DTLZ6_D30,1,MOMF,0.8266561306036467,0.016310041746907745
DTLZ6_D30,2,MOMF,0.8317385593553666,0.013773379698294168
DTLZ6_D30,3,MOMF,0.8267699878272708,0.01597529334409575
DTLZ6_D30,4,MOMF,0.8305734809436911,0.014830958366199572
DTLZ6_D30,5,MOMF,0.831312747197631,0.016391102391562842
DTLZ6_D30,6,MOMF,0.8319393038073218,0.020550835819987685
DTLZ6_D30,7,MOMF,0.8286288579285127,0.01832775902576158
DTLZ6_D30,8,MOMF,0.8426745288925606,0.01971046041440972
DTLZ6_D30,9,MOMF,0.8348871436844599,0.01743346725557782
DTLZ6_D30,10,MOMF,0.8338756902033962,0.016256018732844296
DTLZ6_D30,11,MOMF,0.8242764153153644,0.019734079626232377
DTLZ6_D30,12,MOMF,0.8353747353172991,0.01591536326351077
DTLZ6_D30,13,MOMF,0.8470648497700174,0.016897929662887536
DTLZ6_D30,14,MOMF,0.8314679371162371,0.014909563252487254
DTLZ6_D30,15,MOMF,0.8425517670902176,0.017695192675619625
DTLZ6_D30,16,MOMF,0.8320645247637856,0.019287563203192477
DTLZ6_D30,17,MOMF,0.8398134385642859,0.019006889356457727
DTLZ6_D30,18,MOMF,0.8369876014926528,0.015727724367530903
DTLZ6_D30,19,MOMF,0.8226300767986988,0.02004308046699259
DTLZ6_D30,20,MOMF,0.8361590577025528,0.019955453974951323
DTLZ6_D30,1,PHSEA,0.8185239405549849,0.019924939957930134
DTLZ6_D30,2,PHSEA,0.8404139365732768,0.019713696842998472
DTLZ6_D30,3,PHSEA,0.8221961684508383,0.021688702316639736
DTLZ6_D30,4,PHSEA,0.8311900018473766,0.021339826320180937
DTLZ6_D30,5,PHSEA,0.8121792534849789,0.02296312250245437
DTLZ6_D30,6,PHSEA,0.8365578180955987,0.019073276096218242
DTLZ6_D30,7,PHSEA,0.8307542161300312,0.019475350218098552
DTLZ6_D30,8,PHSEA,0.8523754088686825,0.0191319785234655
DTLZ6_D30,9,PHSEA,0.8490354692251637,0.017832332348678936
DTLZ6_D30,10,PHSEA,0.8246736346638716,0.018047271731778756
DTLZ6_D30,11,PHSEA,0.8261307454767763,0.01676755837641727
DTLZ6_D30,12,PHSEA,0.8240156212340257,0.01874565403873301
DTLZ6_D30,13,PHSEA,0.8174064268009112,0.017618456907035472
DTLZ6_D30,14,PHSEA,0.8207685636770213,0.017840071176564918
DTLZ6_D30,15,PHSEA,0.8070977844748939,0.022023670561211982
DTLZ6_D30,16,PHSEA,0.829976693300891,0.01919799754220867
DTLZ6_D30,17,PHSEA,0.8404038919349902,0.02014766868424157
DTLZ6_D30,18,PHSEA,0.8339292218216815,0.016804173711239743
DTLZ6_D30,19,PHSEA,0.8270113979468472,0.01678555728890525
DTLZ6_D30,20,PHSEA,0.8180718212771313,0.01833212614201728
DTLZ6_D30,1,MSAEA-DM,0.8025249226569346,0.02337978529831451
DTLZ6_D30,2,MSAEA-DM,0.8178437823795509,0.02144439500629069
DTLZ6_D30,3,MSAEA-DM,0.8001066586147706,0.021747265464412274
DTLZ6_D30,4,MSAEA-DM,0.8205596077959472,0.019730978995698034
DTLZ6_D30,5,MSAEA-DM,0.8127516378684921,0.02300097041283953
DTLZ6_D30,6,MSAEA-DM,0.8213818233797663,0.021492694778758918
DTLZ6_D30,7,MSAEA-DM,0.834811118185746,0.020205300326845456
DTLZ6_D30,8,MSAEA-DM,0.8082098147357402,0.022551874185982722
DTLZ6_D30,9,MSAEA-DM,0.8104185910032352,0.020581882108102433
DTLZ6_D30,10,MSAEA-DM,0.810853589218917,0.018960736498792312
DTLZ6_D30,11,MSAEA-DM,0.8102549207722421,0.019881059409792595
DTLZ6_D30,12,MSAEA-DM,0.8057104236498536,0.020013853381232585
DTLZ6_D30,13,MSAEA-DM,0.8187240387308641,0.021682626407838974
DTLZ6_D30,14,MSAEA-DM,0.8269715291888934,0.020223003941948155
DTLZ6_D30,15,MSAEA-DM,0.8126802421549255,0.01792819951029138
DTLZ6_D30,16,MSAEA-DM,0.8136461778932641,0.01953932474115367
DTLZ6_D30,17,MSAEA-DM,0.8209844295518656,0.019003386476060313
DTLZ6_D30,18,MSAEA-DM,0.8186338570729709,0.019470140248337237
DTLZ6_D30,19,MSAEA-DM,0.8175498581639616,0.020264544129089058
DTLZ6_D30,20,MSAEA-DM,0.8156572488029668,0.02100536849341086
DTLZ6_D30,1,AS-SMEA,0.7932927007719146,0.024704017851301635
DTLZ6_D30,2,AS-SMEA,0.8164731688219582,0.021492993743913422
DTLZ6_D30,3,AS-SMEA,0.8095218443832295,0.02174097937749518
DTLZ6_D30,4,AS-SMEA,0.8068625691560692,0.021660106629210217
DTLZ6_D30,5,AS-SMEA,0.8019507249763079,0.021188247573411652
DTLZ6_D30,6,AS-SMEA,0.8068445950539685,0.024421761210028373
DTLZ6_D30,7,AS-SMEA,0.8288494090151322,0.02252462188115787
DTLZ6_D30,8,AS-SMEA,0.8068952062458054,0.024965807766315903
DTLZ6_D30,9,AS-SMEA,0.8093521289962511,0.02432729636294638
DTLZ6_D30,10,AS-SMEA,0.7988688678564464,0.01766047312599091
DTLZ6_D30,11,AS-SMEA,0.8114245315570767,0.023581938657947846
DTLZ6_D30,12,AS-SMEA,0.8141686992231117,0.02981795626131234
DTLZ6_D30,13,AS-SMEA,0.79923240716781,0.02013093324485706
DTLZ6_D30,14,AS-SMEA,0.8013009683617103,0.02350507458821717
DTLZ6_D30,15,AS-SMEA,0.8065212281753402,0.023800110445663082
DTLZ6_D30,16,AS-SMEA,0.8064812192319983,0.023414334168818527
DTLZ6_D30,17,AS-SMEA,0.8188417968257616,0.021900497755624894
DTLZ6_D30,18,AS-SMEA,0.8214746470956424,0.021037447018314684
DTLZ6_D30,19,AS-SMEA,0.8169108978922704,0.019849977973288524
DTLZ6_D30,20,AS-SMEA,0.8219693787788653,0.022884049246343453
WFG1_D14,1,Frank-WT MF-PIRN,0.8946912398075911,0.01093643218696464
WFG1_D14,2,Frank-WT MF-PIRN,0.8879012492930274,0.01451461931299739
WFG1_D14,3,Frank-WT MF-PIRN,0.8988896160013544,0.011731921197725858
WFG1_D14,4,Frank-WT MF-PIRN,0.8981310405044752,0.010747874191620833
WFG1_D14,5,Frank-WT MF-PIRN,0.9015016161250141,0.012176363203882669
WFG1_D14,6,Frank-WT MF-PIRN,0.891569403433348,0.010929756899823097
WFG1_D14,7,Frank-WT MF-PIRN,0.8938016890658637,0.014661369677362462
WFG1_D14,8,Frank-WT MF-PIRN,0.8953480177988329,0.01388286811451969
WFG1_D14,9,Frank-WT MF-PIRN,0.8930259384876139,0.013680905061775188
WFG1_D14,10,Frank-WT MF-PIRN,0.8965250969914201,0.008867468882149657
WFG1_D14,11,Frank-WT MF-PIRN,0.886297589477028,0.012352373618541116
WFG1_D14,12,Frank-WT MF-PIRN,0.8928395369672951,0.016011485594122184
WFG1_D14,13,Frank-WT MF-PIRN,0.8818063481274798,0.009133296003872086
WFG1_D14,14,Frank-WT MF-PIRN,0.891206510504036,0.011927860848873385
WFG1_D14,15,Frank-WT MF-PIRN,0.8970609971576144,0.012658604384660668
WFG1_D14,16,Frank-WT MF-PIRN,0.9038065995671486,0.009400273098219086
WFG1_D14,17,Frank-WT MF-PIRN,0.8867652451943093,0.009347989541460051
WFG1_D14,18,Frank-WT MF-PIRN,0.8953804723859121,0.012226675443587803
WFG1_D14,19,Frank-WT MF-PIRN,0.9036008870369427,0.01585191412925021
WFG1_D14,20,Frank-WT MF-PIRN,0.9161701604267438,0.014657063884609271
WFG1_D14,1,MF-HVKG,0.8731531210834597,0.014888675029049345
WFG1_D14,2,MF-HVKG,0.8975031443879882,0.013044742665942232
WFG1_D14,3,MF-HVKG,0.8866293654446904,0.013291410561456368
WFG1_D14,4,MF-HVKG,0.8990411516594022,0.016725656190012168
WFG1_D14,5,MF-HVKG,0.8717593725094637,0.014996005351596682
WFG1_D14,6,MF-HVKG,0.8691870079608043,0.010763866656274386
WFG1_D14,7,MF-HVKG,0.8951461066311066,0.011933953898380343
WFG1_D14,8,MF-HVKG,0.9002081525817145,0.011613539117228682
WFG1_D14,9,MF-HVKG,0.8788331236890787,0.014453550695228518
WFG1_D14,10,MF-HVKG,0.8884701647684744,0.011391013665850224
WFG1_D14,11,MF-HVKG,0.9012265657777562,0.018434678248305504
WFG1_D14,12,MF-HVKG,0.8728855023710852,0.013628265777943845
WFG1_D14,13,MF-HVKG,0.8945250015707051,0.015727384999344507
WFG1_D14,14,MF-HVKG,0.8757697463405824,0.016774025358897247
WFG1_D14,15,MF-HVKG,0.8878710040543767,0.012164766179476559
WFG1_D14,16,MF-HVKG,0.8984830034005293,0.017327824942340992
WFG1_D14,17,MF-HVKG,0.8829787677914636,0.01606296791868584
WFG1_D14,18,MF-HVKG,0.8851611327711876,0.01248469904602452
WFG1_D14,19,MF-HVKG,0.904933576986409,0.011400318173152612
WFG1_D14,20,MF-HVKG,0.8855961084969033,0.016954608003216683
WFG1_D14,1,qLogNEHVI,0.8819743138178571,0.01715554879359253
WFG1_D14,2,qLogNEHVI,0.8781469130501938,0.015537067615481459
WFG1_D14,3,qLogNEHVI,0.8603605711619738,0.01759157175337832
WFG1_D14,4,qLogNEHVI,0.8634113250360144,0.016019079564699175
WFG1_D14,5,qLogNEHVI,0.8722121483517399,0.014409125766530136
WFG1_D14,6,qLogNEHVI,0.8818323629169594,0.012873698700518086
WFG1_D14,7,qLogNEHVI,0.8804976815889749,0.014300497102982097
WFG1_D14,8,qLogNEHVI,0.8820329044933355,0.015138188195535066
WFG1_D14,9,qLogNEHVI,0.8901171283821434,0.0171846006186906
WFG1_D14,10,qLogNEHVI,0.8741972730595658,0.016793839161938974
WFG1_D14,11,qLogNEHVI,0.8817593803461078,0.017221423211942137
WFG1_D14,12,qLogNEHVI,0.8775432885843784,0.013437106373559049
WFG1_D14,13,qLogNEHVI,0.8985469998309988,0.01636981887944834
WFG1_D14,14,qLogNEHVI,0.8731732102334202,0.013136759499952966
WFG1_D14,15,qLogNEHVI,0.8703881037236834,0.01770118919962476
WFG1_D14,16,qLogNEHVI,0.8797297658831542,0.014540351289835456
WFG1_D14,17,qLogNEHVI,0.8717236552650569,0.012631538779725789
WFG1_D14,18,qLogNEHVI,0.8713891428910073,0.01641575141094658
WFG1_D14,19,qLogNEHVI,0.8988920246467261,0.017387348207048948
WFG1_D14,20,qLogNEHVI,0.8824334719108922,0.02106817716107466
WFG1_D14,1,MOMF,0.8867491221418413,0.01834573008631192
WFG1_D14,2,MOMF,0.8637332708664726,0.014679666512298843
WFG1_D14,3,MOMF,0.8817063119273418,0.019296420968276592
WFG1_D14,4,MOMF,0.8683097308764618,0.0192572982178118
WFG1_D14,5,MOMF,0.8772251482679981,0.015442611455762194
WFG1_D14,6,MOMF,0.8548374456236891,0.019278246056012298
WFG1_D14,7,MOMF,0.8620280811105404,0.015326279970714767
WFG1_D14,8,MOMF,0.8700581324085445,0.01631527124795463
WFG1_D14,9,MOMF,0.8511374477911184,0.017190499591233293
WFG1_D14,10,MOMF,0.8717240635070937,0.0175349853022717
WFG1_D14,11,MOMF,0.8728748788962635,0.01584150890726361
WFG1_D14,12,MOMF,0.8625590053680104,0.020273693090149262
WFG1_D14,13,MOMF,0.8705803846530158,0.01747952326958097
WFG1_D14,14,MOMF,0.863696082839881,0.018868789792884446
WFG1_D14,15,MOMF,0.863296762231846,0.018614321049525605
WFG1_D14,16,MOMF,0.8750403730739731,0.01614437439340567
WFG1_D14,17,MOMF,0.879036779747011,0.01473476226912584
WFG1_D14,18,MOMF,0.8712434196614337,0.014302444991524558
WFG1_D14,19,MOMF,0.8759380197369823,0.01544510463906331
WFG1_D14,20,MOMF,0.8855827302526132,0.015166562674863916
WFG1_D14,1,PHSEA,0.8557642155422147,0.024811188439452677
WFG1_D14,2,PHSEA,0.8474640313419631,0.022423070307625876
WFG1_D14,3,PHSEA,0.8547217612842494,0.0176751482066623
WFG1_D14,4,PHSEA,0.86615671716383,0.023807872766924865
WFG1_D14,5,PHSEA,0.8759036114845049,0.018685844110386454
WFG1_D14,6,PHSEA,0.873836712493643,0.018033889538830953
WFG1_D14,7,PHSEA,0.8638534200980326,0.019517055939790105
WFG1_D14,8,PHSEA,0.8657652381210602,0.022628602427265363
WFG1_D14,9,PHSEA,0.8579084518559074,0.023957032712695465
WFG1_D14,10,PHSEA,0.8666093679074486,0.02391233952043917
WFG1_D14,11,PHSEA,0.8543746298781197,0.015852654622674812
WFG1_D14,12,PHSEA,0.8536480753760369,0.020770971965513252
WFG1_D14,13,PHSEA,0.8520281574625034,0.020756972781417173
WFG1_D14,14,PHSEA,0.8678589666060365,0.016010887945046695
WFG1_D14,15,PHSEA,0.8567553763253474,0.01984032670338072
WFG1_D14,16,PHSEA,0.8557723508143981,0.020405763706743015
WFG1_D14,17,PHSEA,0.859945230843503,0.021166476984586197
WFG1_D14,18,PHSEA,0.8572097561531543,0.017244589381485622
WFG1_D14,19,PHSEA,0.8938915891730578,0.017517515967025433
WFG1_D14,20,PHSEA,0.8577336662379249,0.020955727133666627
WFG1_D14,1,MSAEA-DM,0.8358238757352849,0.02158015594356245
WFG1_D14,2,MSAEA-DM,0.8558693903861035,0.021323517010583642
WFG1_D14,3,MSAEA-DM,0.8692405650439016,0.017404913853128343
WFG1_D14,4,MSAEA-DM,0.8528522353736679,0.02140396604956933
WFG1_D14,5,MSAEA-DM,0.8692666202611218,0.020018551968734775
WFG1_D14,6,MSAEA-DM,0.8600111027686663,0.025492324381114824
WFG1_D14,7,MSAEA-DM,0.8816065217282845,0.023676086051526997
WFG1_D14,8,MSAEA-DM,0.8450323849927818,0.01705056564773496
WFG1_D14,9,MSAEA-DM,0.8608999070627067,0.0204026469255325
WFG1_D14,10,MSAEA-DM,0.8452374906029969,0.021022383412087127
WFG1_D14,11,MSAEA-DM,0.8445108341475779,0.01868740773911378
WFG1_D14,12,MSAEA-DM,0.8641017290062439,0.0187601943144306
WFG1_D14,13,MSAEA-DM,0.8346913101419523,0.01866652391662561
WFG1_D14,14,MSAEA-DM,0.8683487512358145,0.01892055364300379
WFG1_D14,15,MSAEA-DM,0.8411951846836597,0.021982307084718707
WFG1_D14,16,MSAEA-DM,0.8678395849226983,0.019352374352520827
WFG1_D14,17,MSAEA-DM,0.8446162150509129,0.020296898024279468
WFG1_D14,18,MSAEA-DM,0.8489554086102786,0.02329635577985887
WFG1_D14,19,MSAEA-DM,0.8535268804207156,0.019743650114292154
WFG1_D14,20,MSAEA-DM,0.8537377002138832,0.021672398690953245
WFG1_D14,1,AS-SMEA,0.8403587505973867,0.021819730982967595
WFG1_D14,2,AS-SMEA,0.8532466722974608,0.02358884322988965
WFG1_D14,3,AS-SMEA,0.8117286425682225,0.024524485224995497
WFG1_D14,4,AS-SMEA,0.8564922717583309,0.022389346778963513
WFG1_D14,5,AS-SMEA,0.8522647608174343,0.02146855796609553
WFG1_D14,6,AS-SMEA,0.8442553314546373,0.01792851672468862
WFG1_D14,7,AS-SMEA,0.8141495373792096,0.02138931706160197
WFG1_D14,8,AS-SMEA,0.8626522998224827,0.022612403438647677
WFG1_D14,9,AS-SMEA,0.8530031129672903,0.022154735444004113
WFG1_D14,10,AS-SMEA,0.8358808834429478,0.01945708424067936
WFG1_D14,11,AS-SMEA,0.8678678563665431,0.01922743342283367
WFG1_D14,12,AS-SMEA,0.8593396190865131,0.024026077856512527
WFG1_D14,13,AS-SMEA,0.8399146896352002,0.015700909934983905
WFG1_D14,14,AS-SMEA,0.8547919978151155,0.026632004023172458
WFG1_D14,15,AS-SMEA,0.8519450573103192,0.025238271082862543
WFG1_D14,16,AS-SMEA,0.8376025493987924,0.02202736879494523
WFG1_D14,17,AS-SMEA,0.8536008097872413,0.01790484930859935
WFG1_D14,18,AS-SMEA,0.853963435035671,0.018585871422247036
WFG1_D14,19,AS-SMEA,0.8303841187218711,0.019599635919288042
WFG1_D14,20,AS-SMEA,0.8430450382110043,0.025682382482705282
WFG1_D30,1,Frank-WT MF-PIRN,0.9121468075702388,0.00689334340305329
WFG1_D30,2,Frank-WT MF-PIRN,0.8927264506049198,0.012718502454285522
WFG1_D30,3,Frank-WT MF-PIRN,0.9202412869547252,0.013930776806797352
WFG1_D30,4,Frank-WT MF-PIRN,0.8840411803381958,0.013681485611607362
WFG1_D30,5,Frank-WT MF-PIRN,0.8983169317390539,0.012043587427925037
WFG1_D30,6,Frank-WT MF-PIRN,0.8986617208026946,0.011046988452887558
WFG1_D30,7,Frank-WT MF-PIRN,0.8874355096774585,0.013214765375738156
WFG1_D30,8,Frank-WT MF-PIRN,0.8895134257465889,0.013327402581834458
WFG1_D30,9,Frank-WT MF-PIRN,0.9085325349816696,0.009882018262167714
WFG1_D30,10,Frank-WT MF-PIRN,0.8827201971917132,0.012529022186429527
WFG1_D30,11,Frank-WT MF-PIRN,0.8969314528432824,0.010905335984844187
WFG1_D30,12,Frank-WT MF-PIRN,0.9098652729036206,0.014338001820467258
WFG1_D30,13,Frank-WT MF-PIRN,0.9082988072438771,0.011173411581873996
WFG1_D30,14,Frank-WT MF-PIRN,0.8971333091059818,0.010312124478720841
WFG1_D30,15,Frank-WT MF-PIRN,0.9068326409117521,0.01312949929338662
WFG1_D30,16,Frank-WT MF-PIRN,0.8971726267762381,0.014256714815280784
WFG1_D30,17,Frank-WT MF-PIRN,0.8874721234916934,0.010598177687920875
WFG1_D30,18,Frank-WT MF-PIRN,0.890892589569919,0.008881054556122073
WFG1_D30,19,Frank-WT MF-PIRN,0.9082695435093885,0.01166166399260734
WFG1_D30,20,Frank-WT MF-PIRN,0.9187290701872088,0.010277171650989248
WFG1_D30,1,MF-HVKG,0.8972471754379931,0.015180896976562216
WFG1_D30,2,MF-HVKG,0.9049707913260241,0.012271405432328727
WFG1_D30,3,MF-HVKG,0.8836175662625536,0.012281471351462913
WFG1_D30,4,MF-HVKG,0.890090253420383,0.015405206585846855
WFG1_D30,5,MF-HVKG,0.8995684202305431,0.014690456131150428
WFG1_D30,6,MF-HVKG,0.8741703170231219,0.011711788859836182
WFG1_D30,7,MF-HVKG,0.9000466752407335,0.01016350777666318
WFG1_D30,8,MF-HVKG,0.886671023823806,0.015662078842938815
WFG1_D30,9,MF-HVKG,0.8976979734626676,0.014377583153301956
WFG1_D30,10,MF-HVKG,0.9013322708097138,0.01218424521622118
WFG1_D30,11,MF-HVKG,0.896669108684463,0.01658724169555824
WFG1_D30,12,MF-HVKG,0.8942102621637454,0.010858394207440041
WFG1_D30,13,MF-HVKG,0.9059891178562155,0.01294191498568618
WFG1_D30,14,MF-HVKG,0.8930496121048591,0.01105123581196867
WFG1_D30,15,MF-HVKG,0.9117189991615422,0.010144800157244366
WFG1_D30,16,MF-HVKG,0.8968899611425253,0.011769884534121948
WFG1_D30,17,MF-HVKG,0.886026571576556,0.01894944593049844
WFG1_D30,18,MF-HVKG,0.9002550168165446,0.01585451788817455
WFG1_D30,19,MF-HVKG,0.8980039788865408,0.016369977087938
WFG1_D30,20,MF-HVKG,0.903246308172592,0.014487999367071028
WFG1_D30,1,qLogNEHVI,0.8969620067235372,0.020599645146245387
WFG1_D30,2,qLogNEHVI,0.8787905942815221,0.016700179915738144
WFG1_D30,3,qLogNEHVI,0.8683100517419866,0.018575161938999447
WFG1_D30,4,qLogNEHVI,0.8957969964418081,0.015081015257668683
WFG1_D30,5,qLogNEHVI,0.9026090646155414,0.016949515088101476
WFG1_D30,6,qLogNEHVI,0.9125895129727706,0.015282513884139705
WFG1_D30,7,qLogNEHVI,0.8770647050841291,0.016773137896567113
WFG1_D30,8,qLogNEHVI,0.8945538881779393,0.017451967533435368
WFG1_D30,9,qLogNEHVI,0.8841414478790798,0.016026955720586007
WFG1_D30,10,qLogNEHVI,0.8717617494156437,0.019122705408609456
WFG1_D30,11,qLogNEHVI,0.886486493799386,0.018886879933703454
WFG1_D30,12,qLogNEHVI,0.8857639763508486,0.012900977627669208
WFG1_D30,13,qLogNEHVI,0.8854711157237835,0.017185501845162574
WFG1_D30,14,qLogNEHVI,0.8747558378845872,0.016805732919171278
WFG1_D30,15,qLogNEHVI,0.8835081205398305,0.014324712870683213
WFG1_D30,16,qLogNEHVI,0.8878731402786524,0.015760560104477905
WFG1_D30,17,qLogNEHVI,0.8808911394538465,0.015842595704937137
WFG1_D30,18,qLogNEHVI,0.8967829640668508,0.015389920912952436
WFG1_D30,19,qLogNEHVI,0.8780283792907966,0.016596095810787432
WFG1_D30,20,qLogNEHVI,0.9015514253167696,0.016078517958704595
WFG1_D30,1,MOMF,0.8795126545476084,0.0200431819606338
WFG1_D30,2,MOMF,0.8859447162595548,0.01957996660342793
WFG1_D30,3,MOMF,0.8848175889547635,0.015998477707089565
WFG1_D30,4,MOMF,0.8633194039324347,0.018556580790025645
WFG1_D30,5,MOMF,0.8865286652331301,0.01923642320640446
WFG1_D30,6,MOMF,0.8839661318511385,0.016918297892049516
WFG1_D30,7,MOMF,0.8856393367020773,0.017097853602739313
WFG1_D30,8,MOMF,0.8891243535331668,0.02215298624555168
WFG1_D30,9,MOMF,0.8880791224341392,0.019813071263872092
WFG1_D30,10,MOMF,0.8637880293694336,0.01739326874258166
WFG1_D30,11,MOMF,0.8934963542373636,0.016757700915395364
WFG1_D30,12,MOMF,0.8654309654827973,0.018260761864353665
WFG1_D30,13,MOMF,0.8682203590816185,0.01856878900699465
WFG1_D30,14,MOMF,0.8792765188135635,0.01713746556240256
WFG1_D30,15,MOMF,0.8826574210750548,0.019653805739521926
WFG1_D30,16,MOMF,0.8923794264726435,0.01698899134733004
WFG1_D30,17,MOMF,0.8680884434570987,0.022486695185721432
WFG1_D30,18,MOMF,0.8797551556326697,0.017685665417627783
WFG1_D30,19,MOMF,0.8973007260642822,0.014840369121307269
WFG1_D30,20,MOMF,0.8743392783187854,0.01806191130254249
WFG1_D30,1,PHSEA,0.8657796884261324,0.016176252729182522
WFG1_D30,2,PHSEA,0.8578523464356104,0.021133074062919196
WFG1_D30,3,PHSEA,0.8756539849398315,0.019015418486012087
WFG1_D30,4,PHSEA,0.8582790332047264,0.019146083451766407
WFG1_D30,5,PHSEA,0.8651066851258596,0.016985267459759097
WFG1_D30,6,PHSEA,0.8637021708158509,0.01873061077495268
WFG1_D30,7,PHSEA,0.8668507884445863,0.021639563711797632
WFG1_D30,8,PHSEA,0.862374809514543,0.020809232332709003
WFG1_D30,9,PHSEA,0.8880811784916496,0.015947754238205172
WFG1_D30,10,PHSEA,0.8811933640209352,0.018816795193199565
WFG1_D30,11,PHSEA,0.8845580974290228,0.019918284927301737
WFG1_D30,12,PHSEA,0.8789354997651451,0.01836378745183923
WFG1_D30,13,PHSEA,0.8666635781257581,0.018131477533242613
WFG1_D30,14,PHSEA,0.8685585396770998,0.0182442786959683
WFG1_D30,15,PHSEA,0.8797757759239065,0.018349541056124716
WFG1_D30,16,PHSEA,0.8887497710374425,0.022583597849682332
WFG1_D30,17,PHSEA,0.8696813172969844,0.02058877660318353
WFG1_D30,18,PHSEA,0.8647822212875985,0.0211379430502439
WFG1_D30,19,PHSEA,0.8670866809153919,0.020959102681947568
WFG1_D30,20,PHSEA,0.8701671116582115,0.02200830260926287
WFG1_D30,1,MSAEA-DM,0.867565767684456,0.020441114494178316
WFG1_D30,2,MSAEA-DM,0.8653009586959497,0.018637404853949206
WFG1_D30,3,MSAEA-DM,0.8567311287720879,0.021703357561245393
WFG1_D30,4,MSAEA-DM,0.857106872938617,0.020109077163584836
WFG1_D30,5,MSAEA-DM,0.8613589314448686,0.022101929290933117
WFG1_D30,6,MSAEA-DM,0.8535169850356756,0.019394539532314833
WFG1_D30,7,MSAEA-DM,0.8582439397280335,0.021242208287320864
WFG1_D30,8,MSAEA-DM,0.8725003584481312,0.019993950517517938
WFG1_D30,9,MSAEA-DM,0.8693951277043509,0.022620721102162906
WFG1_D30,10,MSAEA-DM,0.8575169629663657,0.02347930109800922
WFG1_D30,11,MSAEA-DM,0.8691883541112326,0.019373027406880575
WFG1_D30,12,MSAEA-DM,0.8580095262542552,0.02307975724634978
WFG1_D30,13,MSAEA-DM,0.8543443861461038,0.022986967730347623
WFG1_D30,14,MSAEA-DM,0.8626470224833178,0.02147025743545835
WFG1_D30,15,MSAEA-DM,0.8820612593585697,0.017508120064637672
WFG1_D30,16,MSAEA-DM,0.8653396363782908,0.017373454332990423
WFG1_D30,17,MSAEA-DM,0.8700834749927014,0.020640498557656723
WFG1_D30,18,MSAEA-DM,0.8605814442770175,0.02108106344565396
WFG1_D30,19,MSAEA-DM,0.8660186925792998,0.018402328576856985
WFG1_D30,20,MSAEA-DM,0.8479439576218812,0.017322866592225785
WFG1_D30,1,AS-SMEA,0.8504960649997197,0.023319992862689036
WFG1_D30,2,AS-SMEA,0.8632215050874774,0.024220695551015633
WFG1_D30,3,AS-SMEA,0.858204076442084,0.025922689486935584
WFG1_D30,4,AS-SMEA,0.8636153474845347,0.022243547516917307
WFG1_D30,5,AS-SMEA,0.8445907496107002,0.023467502564162475
WFG1_D30,6,AS-SMEA,0.87757365062794,0.023973934673333388
WFG1_D30,7,AS-SMEA,0.8461092054872368,0.025647605741646744
WFG1_D30,8,AS-SMEA,0.8583193815711846,0.02504177873341567
WFG1_D30,9,AS-SMEA,0.8596267614886511,0.0206345208282576
WFG1_D30,10,AS-SMEA,0.8433118729950226,0.024184579827547754
WFG1_D30,11,AS-SMEA,0.8629183524371437,0.01878441961571732
WFG1_D30,12,AS-SMEA,0.8488135239402023,0.026725677630793296
WFG1_D30,13,AS-SMEA,0.8658701089195278,0.024139262489520686
WFG1_D30,14,AS-SMEA,0.8346837099352882,0.019987031758810166
WFG1_D30,15,AS-SMEA,0.8567793485193821,0.022723755310992442
WFG1_D30,16,AS-SMEA,0.8546807440269024,0.02479338265528701
WFG1_D30,17,AS-SMEA,0.8658395738240575,0.023885469496859445
WFG1_D30,18,AS-SMEA,0.8508228279232624,0.022208796834222472
WFG1_D30,19,AS-SMEA,0.8354613898439723,0.019495787893357312
WFG1_D30,20,AS-SMEA,0.8533888582839112,0.024737533749461124
WFG2_D14,1,Frank-WT MF-PIRN,0.8650285164903472,0.012687807764134335
WFG2_D14,2,Frank-WT MF-PIRN,0.897214188467508,0.012280311552815474
WFG2_D14,3,Frank-WT MF-PIRN,0.8932873364719133,0.010617341315689989
WFG2_D14,4,Frank-WT MF-PIRN,0.8865161589966299,0.015767048747666386
WFG2_D14,5,Frank-WT MF-PIRN,0.8722807068759123,0.013321105174814572
WFG2_D14,6,Frank-WT MF-PIRN,0.8737243295401881,0.015243654168284968
WFG2_D14,7,Frank-WT MF-PIRN,0.8912177400406044,0.011730338349360717
WFG2_D14,8,Frank-WT MF-PIRN,0.8645364791398386,0.009885525587711502
WFG2_D14,9,Frank-WT MF-PIRN,0.880579125292539,0.014248202796861549
WFG2_D14,10,Frank-WT MF-PIRN,0.8743828680286052,0.010045082205904401
WFG2_D14,11,Frank-WT MF-PIRN,0.883554711208479,0.012390026765744171
WFG2_D14,12,Frank-WT MF-PIRN,0.8886227897566885,0.010527285716157537
WFG2_D14,13,Frank-WT MF-PIRN,0.8982438196984492,0.012305910694992641
WFG2_D14,14,Frank-WT MF-PIRN,0.8957562155633426,0.01482275426458785
WFG2_D14,15,Frank-WT MF-PIRN,0.9015360023469681,0.01004775755591731
WFG2_D14,16,Frank-WT MF-PIRN,0.8766529272583422,0.009896344813120198
WFG2_D14,17,Frank-WT MF-PIRN,0.885896784207941,0.013505219324197421
WFG2_D14,18,Frank-WT MF-PIRN,0.8892353456192092,0.012535831413562267
WFG2_D14,19,Frank-WT MF-PIRN,0.8867517275788024,0.00995119473102276
WFG2_D14,20,Frank-WT MF-PIRN,0.8775249294170824,0.012143945385973633
WFG2_D14,1,MF-HVKG,0.8624831647495491,0.012843018799767222
WFG2_D14,2,MF-HVKG,0.8732677382123292,0.013765946623917717
WFG2_D14,3,MF-HVKG,0.8837209673744156,0.015228513126753357
WFG2_D14,4,MF-HVKG,0.88589631122756,0.009920822544147525
WFG2_D14,5,MF-HVKG,0.8701042257491304,0.01353968635796517
WFG2_D14,6,MF-HVKG,0.8814587824277518,0.01137549215953244
WFG2_D14,7,MF-HVKG,0.8750971600873447,0.014627785388613191
WFG2_D14,8,MF-HVKG,0.8777754363150715,0.013484722386517059
WFG2_D14,9,MF-HVKG,0.8714646874533079,0.012519534087141257
WFG2_D14,10,MF-HVKG,0.8780416919481333,0.013996956892932969
WFG2_D14,11,MF-HVKG,0.8655173769422595,0.017356685246307735
WFG2_D14,12,MF-HVKG,0.8660502852394383,0.014030629334509418
WFG2_D14,13,MF-HVKG,0.8656174593880466,0.01492293083189649
WFG2_D14,14,MF-HVKG,0.8878043870397091,0.012453166276976717
WFG2_D14,15,MF-HVKG,0.8856502719817051,0.011945948178567894
WFG2_D14,16,MF-HVKG,0.8844420614924459,0.012901057466880287
WFG2_D14,17,MF-HVKG,0.8821997869022796,0.017928300321797742
WFG2_D14,18,MF-HVKG,0.8652042496993044,0.01459777764532276
WFG2_D14,19,MF-HVKG,0.8842643173376403,0.01199610286218798
WFG2_D14,20,MF-HVKG,0.8679905311934906,0.013043703238534089
WFG2_D14,1,qLogNEHVI,0.8622538122484819,0.01680616368355372
WFG2_D14,2,qLogNEHVI,0.8721035285030855,0.020006747691725453
WFG2_D14,3,qLogNEHVI,0.8548925656499341,0.01362081881523008
WFG2_D14,4,qLogNEHVI,0.8612405823572287,0.01675395181800978
WFG2_D14,5,qLogNEHVI,0.8609962000093989,0.017327816178812367
WFG2_D14,6,qLogNEHVI,0.8715798904841473,0.01877966982479192
WFG2_D14,7,qLogNEHVI,0.8711506653266774,0.017317753570311466
WFG2_D14,8,qLogNEHVI,0.863190861899775,0.016485611472924423
WFG2_D14,9,qLogNEHVI,0.8612732674892217,0.0162488891110835
WFG2_D14,10,qLogNEHVI,0.866591917279113,0.015643257706645628
WFG2_D14,11,qLogNEHVI,0.8573417813431609,0.015947413436192878
WFG2_D14,12,qLogNEHVI,0.8681829838995694,0.012292963192407158
WFG2_D14,13,qLogNEHVI,0.8587779333379966,0.01537270361375359
WFG2_D14,14,qLogNEHVI,0.8713863612560965,0.012015012531846277
WFG2_D14,15,qLogNEHVI,0.8760648424717403,0.015934603097525257
WFG2_D14,16,qLogNEHVI,0.8598908971531448,0.014313616364618195
WFG2_D14,17,qLogNEHVI,0.8659504388679,0.017025456028664024
WFG2_D14,18,qLogNEHVI,0.8533923424065966,0.016599263606031898
WFG2_D14,19,qLogNEHVI,0.8356105632310622,0.02160300256849109
WFG2_D14,20,qLogNEHVI,0.8648723430091603,0.01591645454015944
WFG2_D14,1,MOMF,0.8571720392685029,0.019131077668728493
WFG2_D14,2,MOMF,0.8519975165985769,0.019212216954882396
WFG2_D14,3,MOMF,0.8615274978386559,0.019402889669212393
WFG2_D14,4,MOMF,0.84333656351869,0.017111442354701013
WFG2_D14,5,MOMF,0.8606872731474321,0.02044007632259531
WFG2_D14,6,MOMF,0.8774862581433879,0.019640447155329047
WFG2_D14,7,MOMF,0.8549136974432618,0.015676874149294102
WFG2_D14,8,MOMF,0.8479569798042397,0.020535106892035766
WFG2_D14,9,MOMF,0.8570524100313736,0.016317712427683848
WFG2_D14,10,MOMF,0.870380322741256,0.01854946333604125
WFG2_D14,11,MOMF,0.8501345209893139,0.021398823295023774
WFG2_D14,12,MOMF,0.8568209886928617,0.019442819077460476
WFG2_D14,13,MOMF,0.8580497895963206,0.018298472595238716
WFG2_D14,14,MOMF,0.8441018084765118,0.020395282667994633
WFG2_D14,15,MOMF,0.8518128372129347,0.016612560890907523
WFG2_D14,16,MOMF,0.855685825468135,0.01571358849270003
WFG2_D14,17,MOMF,0.8582086927194018,0.017735184614778337
WFG2_D14,18,MOMF,0.8518340455265684,0.01885096480731939
WFG2_D14,19,MOMF,0.869813870024409,0.016951575260924282
WFG2_D14,20,MOMF,0.8592427181435974,0.018101039081741214
WFG2_D14,1,PHSEA,0.8597428086858299,0.020082418467657622
WFG2_D14,2,PHSEA,0.8258560765253433,0.019855238521472897
WFG2_D14,3,PHSEA,0.8499890799130063,0.022323856882528824
WFG2_D14,4,PHSEA,0.8477331981489495,0.022551487791983946
WFG2_D14,5,PHSEA,0.8486753478599774,0.017394499382845447
WFG2_D14,6,PHSEA,0.8613537042701486,0.016590700528615058
WFG2_D14,7,PHSEA,0.8591491038274588,0.019255879781095706
WFG2_D14,8,PHSEA,0.8555937732736709,0.01817780487869521
WFG2_D14,9,PHSEA,0.8479054016223515,0.021229349169756717
WFG2_D14,10,PHSEA,0.8490773149085045,0.01890793853195894
WFG2_D14,11,PHSEA,0.8646438351408229,0.016689179986063812
WFG2_D14,12,PHSEA,0.8604899948795469,0.01855741904250003
WFG2_D14,13,PHSEA,0.8476966456394698,0.020423735488054824
WFG2_D14,14,PHSEA,0.8490567245941003,0.02075300760171364
WFG2_D14,15,PHSEA,0.8520916183616116,0.017700135956253034
WFG2_D14,16,PHSEA,0.856764948925864,0.018573018895013654
WFG2_D14,17,PHSEA,0.8654405757589883,0.018513326675297214
WFG2_D14,18,PHSEA,0.8443256692325182,0.01902298183689719
WFG2_D14,19,PHSEA,0.8455238782184505,0.01698913891260728
WFG2_D14,20,PHSEA,0.8547024200038327,0.019607269773333446
WFG2_D14,1,MSAEA-DM,0.8548216729967194,0.02026208828736729
WFG2_D14,2,MSAEA-DM,0.843326467203332,0.024560129254070633
WFG2_D14,3,MSAEA-DM,0.8474711944819769,0.023692838010475285
WFG2_D14,4,MSAEA-DM,0.8411594147116274,0.020592879824882157
WFG2_D14,5,MSAEA-DM,0.8323644919780953,0.022174842251675965
WFG2_D14,6,MSAEA-DM,0.8352422238658789,0.022625290890017854
WFG2_D14,7,MSAEA-DM,0.8449157146632801,0.018547879761502333
WFG2_D14,8,MSAEA-DM,0.8395352716237202,0.018710523923134922
WFG2_D14,9,MSAEA-DM,0.8278588523967453,0.018719936353447247
WFG2_D14,10,MSAEA-DM,0.8345203187563968,0.017932541862564606
WFG2_D14,11,MSAEA-DM,0.8475964836462221,0.02203548763506037
WFG2_D14,12,MSAEA-DM,0.8344829731736388,0.023716735404777933
WFG2_D14,13,MSAEA-DM,0.8424206742944255,0.01856261562099732
WFG2_D14,14,MSAEA-DM,0.847638288084096,0.022241434168006495
WFG2_D14,15,MSAEA-DM,0.829290283732869,0.020187373618150702
WFG2_D14,16,MSAEA-DM,0.8506190102306805,0.02248531521789243
WFG2_D14,17,MSAEA-DM,0.8532441320928491,0.02495000617045512
WFG2_D14,18,MSAEA-DM,0.8350780268403221,0.02127710811951653
WFG2_D14,19,MSAEA-DM,0.8413630194725475,0.020205131787595122
WFG2_D14,20,MSAEA-DM,0.8575298606854739,0.02129914054390728
WFG2_D14,1,AS-SMEA,0.851261395859963,0.02097272296210284
WFG2_D14,2,AS-SMEA,0.832307228356252,0.020202257387644577
WFG2_D14,3,AS-SMEA,0.8459934506664947,0.02241067704432437
WFG2_D14,4,AS-SMEA,0.8372286425235318,0.024658512121452116
WFG2_D14,5,AS-SMEA,0.8240254839340593,0.022060143207006933
WFG2_D14,6,AS-SMEA,0.8543074918144218,0.02562021309176047
WFG2_D14,7,AS-SMEA,0.8444227570440493,0.023901369318557658
WFG2_D14,8,AS-SMEA,0.8324527435391459,0.01983969000035524
WFG2_D14,9,AS-SMEA,0.8384944142650139,0.024396779100860265
WFG2_D14,10,AS-SMEA,0.8434860722025045,0.022141851698114733
WFG2_D14,11,AS-SMEA,0.8220638703532226,0.021666433079255486
WFG2_D14,12,AS-SMEA,0.8238432577255423,0.02253531628131548
WFG2_D14,13,AS-SMEA,0.8289280599120683,0.02593099038184061
WFG2_D14,14,AS-SMEA,0.8531424811200501,0.021960680652999925
WFG2_D14,15,AS-SMEA,0.8268411641611045,0.02131019425132226
WFG2_D14,16,AS-SMEA,0.831346417540058,0.026112148299661644
WFG2_D14,17,AS-SMEA,0.845901198706534,0.023382734995706932
WFG2_D14,18,AS-SMEA,0.8403899877131294,0.020213488944740846
WFG2_D14,19,AS-SMEA,0.8258091486895335,0.027644661599438684
WFG2_D14,20,AS-SMEA,0.8524165353373581,0.020140021449568276
WFG2_D30,1,Frank-WT MF-PIRN,0.810732578861325,0.01626340542255011
WFG2_D30,2,Frank-WT MF-PIRN,0.813543819862069,0.015230250967008255
WFG2_D30,3,Frank-WT MF-PIRN,0.8108819332300474,0.014787285768065702
WFG2_D30,4,Frank-WT MF-PIRN,0.8025650752391441,0.016227330653828514
WFG2_D30,5,Frank-WT MF-PIRN,0.7981694866494229,0.015947098753122887
WFG2_D30,6,Frank-WT MF-PIRN,0.7932619875211859,0.019185753513346344
WFG2_D30,7,Frank-WT MF-PIRN,0.8162800735874398,0.020139624574582137
WFG2_D30,8,Frank-WT MF-PIRN,0.8275813199719768,0.014895597213616302
WFG2_D30,9,Frank-WT MF-PIRN,0.8001263425661314,0.019692022863779853
WFG2_D30,10,Frank-WT MF-PIRN,0.810063965492218,0.01958001491496328
WFG2_D30,11,Frank-WT MF-PIRN,0.8200392883462769,0.020089193179774086
WFG2_D30,12,Frank-WT MF-PIRN,0.8052584252560292,0.018388505184441947
WFG2_D30,13,Frank-WT MF-PIRN,0.794940667994629,0.016714711375048204
WFG2_D30,14,Frank-WT MF-PIRN,0.8092648663850722,0.01371853807751854
WFG2_D30,15,Frank-WT MF-PIRN,0.8220724942592915,0.016012297133765716
WFG2_D30,16,Frank-WT MF-PIRN,0.8119872640912,0.016982045067178167
WFG2_D30,17,Frank-WT MF-PIRN,0.8219819024264556,0.01790583283751229
WFG2_D30,18,Frank-WT MF-PIRN,0.8018908361015212,0.01545329104000457
WFG2_D30,19,Frank-WT MF-PIRN,0.8133674295451175,0.016323633362411005
WFG2_D30,20,Frank-WT MF-PIRN,0.8091247989457537,0.020027074259560802
WFG2_D30,1,MF-HVKG,0.7976696216130534,0.011941419644913293
WFG2_D30,2,MF-HVKG,0.8126745164561567,0.010518034011866212
WFG2_D30,3,MF-HVKG,0.8416798312938122,0.011385980788955474
WFG2_D30,4,MF-HVKG,0.8310562306337427,0.01478008644442583
WFG2_D30,5,MF-HVKG,0.8379504333870105,0.01485244064453698
WFG2_D30,6,MF-HVKG,0.8310534211034392,0.011886826226249949
WFG2_D30,7,MF-HVKG,0.8328473742899173,0.012963347525247908
WFG2_D30,8,MF-HVKG,0.827592220675775,0.011580447395211293
WFG2_D30,9,MF-HVKG,0.8360493290194335,0.012805024151168482
WFG2_D30,10,MF-HVKG,0.8185998419015469,0.013284502886637066
WFG2_D30,11,MF-HVKG,0.8311941135504864,0.014538323014826647
WFG2_D30,12,MF-HVKG,0.8474431787370214,0.015459965356436466
WFG2_D30,13,MF-HVKG,0.8045021786798097,0.01327425220353131
WFG2_D30,14,MF-HVKG,0.8408087330832813,0.011795824015670975
WFG2_D30,15,MF-HVKG,0.8304142169622826,0.01222488725356493
WFG2_D30,16,MF-HVKG,0.8282528689522636,0.013798264899456613
WFG2_D30,17,MF-HVKG,0.8198701158239129,0.011985564119616212
WFG2_D30,18,MF-HVKG,0.8180439735564212,0.015192411825853763
WFG2_D30,19,MF-HVKG,0.8580601728635094,0.014322305703967853
WFG2_D30,20,MF-HVKG,0.8241439166086619,0.016338314561710428
WFG2_D30,1,qLogNEHVI,0.8298537715042515,0.016672610858176926
WFG2_D30,2,qLogNEHVI,0.8097071784899842,0.016546884034278658
WFG2_D30,3,qLogNEHVI,0.8130423540476367,0.012264258210520712
WFG2_D30,4,qLogNEHVI,0.8059524558013277,0.013831549918101843
WFG2_D30,5,qLogNEHVI,0.8166544613872317,0.014439770379080221
WFG2_D30,6,qLogNEHVI,0.8303692268848998,0.021582907065800693
WFG2_D30,7,qLogNEHVI,0.824803916366253,0.01482110200003659
WFG2_D30,8,qLogNEHVI,0.8272613741552818,0.016180248619419142
WFG2_D30,9,qLogNEHVI,0.8215684195888956,0.019684888556756784
WFG2_D30,10,qLogNEHVI,0.8393229053533693,0.01475191261788111
WFG2_D30,11,qLogNEHVI,0.8259027946727596,0.013981104085610152
WFG2_D30,12,qLogNEHVI,0.8243538438413165,0.01828342267808184
WFG2_D30,13,qLogNEHVI,0.8365732177604834,0.013744180418931006
WFG2_D30,14,qLogNEHVI,0.8065260559613899,0.01598637684624329
WFG2_D30,15,qLogNEHVI,0.8196445400405443,0.015691447574971908
WFG2_D30,16,qLogNEHVI,0.82252860341017,0.014357161090786512
WFG2_D30,17,qLogNEHVI,0.8064630006505354,0.01715905837303569
WFG2_D30,18,qLogNEHVI,0.7999193971935049,0.013699721015028452
WFG2_D30,19,qLogNEHVI,0.8028484161691963,0.013359745620636226
WFG2_D30,20,qLogNEHVI,0.8353666514258525,0.01727487763322031
WFG2_D30,1,MOMF,0.8147076741439077,0.019607255197046036
WFG2_D30,2,MOMF,0.8046048507464937,0.018862413718153743
WFG2_D30,3,MOMF,0.8118709783329034,0.018585277483762878
WFG2_D30,4,MOMF,0.7979674438439436,0.020880914107983362
WFG2_D30,5,MOMF,0.805688207408187,0.016970953069990247
WFG2_D30,6,MOMF,0.8048446088688793,0.01913902745241139
WFG2_D30,7,MOMF,0.8198470982711834,0.019316352880886588
WFG2_D30,8,MOMF,0.7935793782185416,0.01655200505084749
WFG2_D30,9,MOMF,0.8243123442725141,0.01861906905802854
WFG2_D30,10,MOMF,0.7933122058819588,0.017470518929428473
WFG2_D30,11,MOMF,0.7964057980062051,0.01535268935939604
WFG2_D30,12,MOMF,0.8062420057975942,0.014871158787115493
WFG2_D30,13,MOMF,0.7955783901154438,0.016499860999896965
WFG2_D30,14,MOMF,0.7991053355370998,0.019505270651112978
WFG2_D30,15,MOMF,0.8143695504767005,0.01729768890088888
WFG2_D30,16,MOMF,0.8087712936215615,0.014639138666521678
WFG2_D30,17,MOMF,0.8145690711165003,0.01734128602049785
WFG2_D30,18,MOMF,0.8104367122384107,0.01867779033872125
WFG2_D30,19,MOMF,0.8114158854537892,0.016213831673249808
WFG2_D30,20,MOMF,0.8116332904472365,0.014718720579443918
WFG2_D30,1,PHSEA,0.7888576051522406,0.01786370418737212
WFG2_D30,2,PHSEA,0.8019277198167966,0.018855330157922876
WFG2_D30,3,PHSEA,0.8020267331328097,0.016623845247446135
WFG2_D30,4,PHSEA,0.8017113825197411,0.02092816854989937
WFG2_D30,5,PHSEA,0.8078418615738798,0.01879101172778732
WFG2_D30,6,PHSEA,0.7979896647520097,0.01801951325585393
WFG2_D30,7,PHSEA,0.8037277003751158,0.018975453158232902
WFG2_D30,8,PHSEA,0.8052386153635097,0.022290573887230776
WFG2_D30,9,PHSEA,0.8070218749934995,0.022924019346545855
WFG2_D30,10,PHSEA,0.8012689671761892,0.020247216439138783
WFG2_D30,11,PHSEA,0.7968466176681738,0.018484720225056227
WFG2_D30,12,PHSEA,0.7831533152976418,0.0202303165086471
WFG2_D30,13,PHSEA,0.8036186590791579,0.020822410340940813
WFG2_D30,14,PHSEA,0.8151114288518075,0.022630243015925245
WFG2_D30,15,PHSEA,0.802169924842894,0.01772964886113039
WFG2_D30,16,PHSEA,0.7967764015997418,0.01945224089240541
WFG2_D30,17,PHSEA,0.7986916318967066,0.01805401458668868
WFG2_D30,18,PHSEA,0.802491380565951,0.019487237266098446
WFG2_D30,19,PHSEA,0.7968286061978622,0.018685132673056527
WFG2_D30,20,PHSEA,0.8330378907410708,0.021490997875791357
WFG2_D30,1,MSAEA-DM,0.8153889305394468,0.01053193025912645
WFG2_D30,2,MSAEA-DM,0.8254648605787717,0.010168238782280244
WFG2_D30,3,MSAEA-DM,0.8141850419734222,0.016246540362388706
WFG2_D30,4,MSAEA-DM,0.8171689887310887,0.015850948468914963
WFG2_D30,5,MSAEA-DM,0.8076938248837162,0.013193459886172255
WFG2_D30,6,MSAEA-DM,0.8205858214621006,0.016158402396887737
WFG2_D30,7,MSAEA-DM,0.8243510383952751,0.014351562696381609
WFG2_D30,8,MSAEA-DM,0.8123232076690156,0.017335038705765266
WFG2_D30,9,MSAEA-DM,0.8192498897139567,0.012686872950549488
WFG2_D30,10,MSAEA-DM,0.8341894243915494,0.014580352346947522
WFG2_D30,11,MSAEA-DM,0.8302589604697821,0.015245226213674093
WFG2_D30,12,MSAEA-DM,0.829566157851625,0.012761093308710367
WFG2_D30,13,MSAEA-DM,0.8307317540464041,0.014048104749132042
WFG2_D30,14,MSAEA-DM,0.8256301708013045,0.017453616136196268
WFG2_D30,15,MSAEA-DM,0.8182451147477001,0.013445937888662062
WFG2_D30,16,MSAEA-DM,0.8196462312328365,0.009981913369995956
WFG2_D30,17,MSAEA-DM,0.8262512180203182,0.013383619205880857
WFG2_D30,18,MSAEA-DM,0.8247738847905957,0.014892113627856886
WFG2_D30,19,MSAEA-DM,0.8297175823144074,0.016530028725200225
WFG2_D30,20,MSAEA-DM,0.8158016638785109,0.010495869655145556
WFG2_D30,1,AS-SMEA,0.8001447157486647,0.02296285722880671
WFG2_D30,2,AS-SMEA,0.7762951894302064,0.022031789006168555
WFG2_D30,3,AS-SMEA,0.781002485741353,0.021545238561729213
WFG2_D30,4,AS-SMEA,0.7881142376154677,0.02215009447369983
WFG2_D30,5,AS-SMEA,0.7980203594026332,0.022087430031351836
WFG2_D30,6,AS-SMEA,0.7887153871180044,0.020571206729159217
WFG2_D30,7,AS-SMEA,0.7770349357074693,0.02469561364706064
WFG2_D30,8,AS-SMEA,0.7892284625769849,0.024109964735892303
WFG2_D30,9,AS-SMEA,0.7847062651619332,0.025701088468682826
WFG2_D30,10,AS-SMEA,0.7914145121981642,0.021420800120849726
WFG2_D30,11,AS-SMEA,0.791912993986467,0.023231099493620927
WFG2_D30,12,AS-SMEA,0.7877957583216202,0.021151211539436294
WFG2_D30,13,AS-SMEA,0.8095448297847638,0.023489703016467873
WFG2_D30,14,AS-SMEA,0.793832672954928,0.023991102176353384
WFG2_D30,15,AS-SMEA,0.783975312780593,0.023979298622202248
WFG2_D30,16,AS-SMEA,0.7909619879790799,0.02524757650791157
WFG2_D30,17,AS-SMEA,0.7929009232376596,0.021049337787997894
WFG2_D30,18,AS-SMEA,0.7879179467852409,0.01919169916483958
WFG2_D30,19,AS-SMEA,0.7923018866552146,0.02444089403461879
WFG2_D30,20,AS-SMEA,0.7976519800537218,0.023529855993472584
WFG3_D14,1,Frank-WT MF-PIRN,0.7879589558617487,0.013455303659860326
WFG3_D14,2,Frank-WT MF-PIRN,0.7868627744580741,0.014265414690262865
WFG3_D14,3,Frank-WT MF-PIRN,0.7800325313076478,0.012541342975961697
WFG3_D14,4,Frank-WT MF-PIRN,0.7842167579848711,0.012361325207156972
WFG3_D14,5,Frank-WT MF-PIRN,0.7896708973926014,0.010980973344337295
WFG3_D14,6,Frank-WT MF-PIRN,0.7927440761427879,0.012544352080227042
WFG3_D14,7,Frank-WT MF-PIRN,0.7809017735298034,0.01261659517212792
WFG3_D14,8,Frank-WT MF-PIRN,0.7771303078327775,0.01430807790841166
WFG3_D14,9,Frank-WT MF-PIRN,0.7815151666668437,0.011769199454250194
WFG3_D14,10,Frank-WT MF-PIRN,0.7778805497905843,0.010938952660288487
WFG3_D14,11,Frank-WT MF-PIRN,0.7951986314494317,0.01036213483859803
WFG3_D14,12,Frank-WT MF-PIRN,0.7642567806073153,0.009425553611437966
WFG3_D14,13,Frank-WT MF-PIRN,0.7761974160851465,0.01209151497944035
WFG3_D14,14,Frank-WT MF-PIRN,0.7846112454975849,0.007954764702561628
WFG3_D14,15,Frank-WT MF-PIRN,0.7737060500503566,0.010466878721649732
WFG3_D14,16,Frank-WT MF-PIRN,0.7815431672358021,0.00960583310510599
WFG3_D14,17,Frank-WT MF-PIRN,0.7726678405966566,0.011081598199951704
WFG3_D14,18,Frank-WT MF-PIRN,0.7840215035986092,0.012420665529574566
WFG3_D14,19,Frank-WT MF-PIRN,0.7865899647379032,0.01249340511892829
WFG3_D14,20,Frank-WT MF-PIRN,0.7806145137500016,0.012606458709881533
WFG3_D14,1,MF-HVKG,0.764759894536159,0.012984729410402036
WFG3_D14,2,MF-HVKG,0.7728350300839105,0.014913586461594455
WFG3_D14,3,MF-HVKG,0.764510939924202,0.01364659158907822
WFG3_D14,4,MF-HVKG,0.7782709342702839,0.014870708439462522
WFG3_D14,5,MF-HVKG,0.7676671988448702,0.013043668785201159
WFG3_D14,6,MF-HVKG,0.7610661530839526,0.013337885888776902
WFG3_D14,7,MF-HVKG,0.7729445290982118,0.009789450921864083
WFG3_D14,8,MF-HVKG,0.771244814850519,0.01047701684352132
WFG3_D14,9,MF-HVKG,0.7691503228866008,0.014898111903754153
WFG3_D14,10,MF-HVKG,0.7712749463573918,0.015236682372225425
WFG3_D14,11,MF-HVKG,0.7718004934477756,0.0131106800707083
WFG3_D14,12,MF-HVKG,0.7688957636212534,0.010153907540457616
WFG3_D14,13,MF-HVKG,0.7716767773029631,0.013264553925108573
WFG3_D14,14,MF-HVKG,0.7638987551856532,0.014664454075387696
WFG3_D14,15,MF-HVKG,0.7739717000039295,0.012150833033474917
WFG3_D14,16,MF-HVKG,0.7800684735951005,0.011940591095269498
WFG3_D14,17,MF-HVKG,0.779178616099728,0.012257895288154923
WFG3_D14,18,MF-HVKG,0.7697022569609401,0.013572994517156857
WFG3_D14,19,MF-HVKG,0.7553624163466252,0.012817338189367674
WFG3_D14,20,MF-HVKG,0.7865981985912002,0.01478182518307927
WFG3_D14,1,qLogNEHVI,0.7361931321758919,0.017544418267745988
WFG3_D14,2,qLogNEHVI,0.7602939309755709,0.018331415739375204
WFG3_D14,3,qLogNEHVI,0.7663152096732676,0.015738492530479032
WFG3_D14,4,qLogNEHVI,0.7674693643539326,0.015496545425368626
WFG3_D14,5,qLogNEHVI,0.7587743856330614,0.01708768701660102
WFG3_D14,6,qLogNEHVI,0.7580702024558966,0.010797045679711861
WFG3_D14,7,qLogNEHVI,0.7673616174567448,0.011822376202068864
WFG3_D14,8,qLogNEHVI,0.770569077431781,0.013924434849945629
WFG3_D14,9,qLogNEHVI,0.7654074044541572,0.013094917513062404
WFG3_D14,10,qLogNEHVI,0.7497234434715434,0.015141855838167283
WFG3_D14,11,qLogNEHVI,0.7618879551751646,0.013408302742079301
WFG3_D14,12,qLogNEHVI,0.7612792275700316,0.012910455073370027
WFG3_D14,13,qLogNEHVI,0.7618206725824477,0.01191764312999226
WFG3_D14,14,qLogNEHVI,0.7636593255606295,0.015896029069689906
WFG3_D14,15,qLogNEHVI,0.7595590556822802,0.019039046232650146
WFG3_D14,16,qLogNEHVI,0.7698277494531726,0.015456220708420579
WFG3_D14,17,qLogNEHVI,0.7541950478153547,0.011781178727887975
WFG3_D14,18,qLogNEHVI,0.7616682549958997,0.016558612309688532
WFG3_D14,19,qLogNEHVI,0.7614121998982791,0.015513348690123626
WFG3_D14,20,qLogNEHVI,0.7787064127303811,0.01600353652133332
WFG3_D14,1,MOMF,0.7402515084529023,0.02020348395837281
WFG3_D14,2,MOMF,0.7455781553758142,0.01635469129615699
WFG3_D14,3,MOMF,0.7476090339226924,0.015625166091169703
WFG3_D14,4,MOMF,0.7688017960538471,0.020187760483011102
WFG3_D14,5,MOMF,0.7558376165055702,0.01673241403676314
WFG3_D14,6,MOMF,0.7557035261305416,0.01785750057361792
WFG3_D14,7,MOMF,0.756995932784508,0.015222235861710906
WFG3_D14,8,MOMF,0.7634195467706423,0.015502614137188123
WFG3_D14,9,MOMF,0.7449760383648717,0.015379129281408454
WFG3_D14,10,MOMF,0.7558383911058578,0.016966730508528094
WFG3_D14,11,MOMF,0.7579401205474787,0.01631800803316677
WFG3_D14,12,MOMF,0.7653818549855699,0.01724459029185532
WFG3_D14,13,MOMF,0.7515736614089111,0.014999872391367462
WFG3_D14,14,MOMF,0.7661727458934303,0.013568300654073336
WFG3_D14,15,MOMF,0.753580720575051,0.01708766246616008
WFG3_D14,16,MOMF,0.7495999938539473,0.017345630211096398
WFG3_D14,17,MOMF,0.7525187287051122,0.01879513984870722
WFG3_D14,18,MOMF,0.7552322027562745,0.014070285768848584
WFG3_D14,19,MOMF,0.7643448406311748,0.01264846430053089
WFG3_D14,20,MOMF,0.7560466310470448,0.01596222930715174
WFG3_D14,1,PHSEA,0.7513872502519092,0.018111465177756365
WFG3_D14,2,PHSEA,0.7462458198029106,0.017696444091223985
WFG3_D14,3,PHSEA,0.7392399851938056,0.02054636192799592
WFG3_D14,4,PHSEA,0.74927053142797,0.02030723014298824
WFG3_D14,5,PHSEA,0.752846285467855,0.019405651414538115
WFG3_D14,6,PHSEA,0.734128840719848,0.01904858401723264
WFG3_D14,7,PHSEA,0.7606033662610914,0.016972138396599876
WFG3_D14,8,PHSEA,0.7438976413046174,0.018058456259713047
WFG3_D14,9,PHSEA,0.7433347111663425,0.017800634259008668
WFG3_D14,10,PHSEA,0.7308832586675141,0.020846109414392626
WFG3_D14,11,PHSEA,0.7441507236978517,0.0214332981136565
WFG3_D14,12,PHSEA,0.7374335449651797,0.018933625381236788
WFG3_D14,13,PHSEA,0.7607262831093056,0.020109303398910684
WFG3_D14,14,PHSEA,0.7326916452540825,0.021188761075639034
WFG3_D14,15,PHSEA,0.7484569763412259,0.02381238711987177
WFG3_D14,16,PHSEA,0.7511887058853151,0.02001248551895735
WFG3_D14,17,PHSEA,0.7459519983763239,0.018365525921500776
WFG3_D14,18,PHSEA,0.7519736727603291,0.01726022648968732
WFG3_D14,19,PHSEA,0.7357122051597405,0.01790626488893762
WFG3_D14,20,PHSEA,0.7437504129428264,0.017613875034520894
WFG3_D14,1,MSAEA-DM,0.7357080791869814,0.02421881564696597
WFG3_D14,2,MSAEA-DM,0.7420361664196473,0.017515216063153746
WFG3_D14,3,MSAEA-DM,0.7220809960369066,0.023178325397511804
WFG3_D14,4,MSAEA-DM,0.7506663854655758,0.022467079138771672
WFG3_D14,5,MSAEA-DM,0.7403538071810245,0.018550284062578387
WFG3_D14,6,MSAEA-DM,0.7383060065534947,0.02077087228360145
WFG3_D14,7,MSAEA-DM,0.7621432517175719,0.022319917535144708
WFG3_D14,8,MSAEA-DM,0.7324461055016296,0.022133746019949954
WFG3_D14,9,MSAEA-DM,0.7266856228281948,0.022367942232777813
WFG3_D14,10,MSAEA-DM,0.7445593392836652,0.02078998061265069
WFG3_D14,11,MSAEA-DM,0.7235937709345889,0.021504934198172482
WFG3_D14,12,MSAEA-DM,0.7264242524531478,0.018783379940806092
WFG3_D14,13,MSAEA-DM,0.7405081996772181,0.01724106395004206
WFG3_D14,14,MSAEA-DM,0.7326904409457918,0.023825970115747042
WFG3_D14,15,MSAEA-DM,0.7444748922288927,0.018785697715149548
WFG3_D14,16,MSAEA-DM,0.7420929512379393,0.019512166611319517
WFG3_D14,17,MSAEA-DM,0.7427045939250507,0.022358125696717093
WFG3_D14,18,MSAEA-DM,0.7586109287303714,0.02167963550952234
WFG3_D14,19,MSAEA-DM,0.7451678199891866,0.017872371661509425
WFG3_D14,20,MSAEA-DM,0.759220909792261,0.016600321399945994
WFG3_D14,1,AS-SMEA,0.7236241801466883,0.023068061042820567
WFG3_D14,2,AS-SMEA,0.7291144973150039,0.022351068434406738
WFG3_D14,3,AS-SMEA,0.7283327430423083,0.021806637118478352
WFG3_D14,4,AS-SMEA,0.727946022095385,0.021177933448663415
WFG3_D14,5,AS-SMEA,0.7173425710861512,0.020297097322419674
WFG3_D14,6,AS-SMEA,0.7286201946603998,0.020778304691513018
WFG3_D14,7,AS-SMEA,0.7346506346722543,0.024263997645280307
WFG3_D14,8,AS-SMEA,0.7186023426380976,0.02133915721601048
WFG3_D14,9,AS-SMEA,0.725400747760424,0.023279185533890516
WFG3_D14,10,AS-SMEA,0.7192402732074324,0.018992602866698183
WFG3_D14,11,AS-SMEA,0.7161070660759548,0.02477430224209462
WFG3_D14,12,AS-SMEA,0.7388880287961338,0.023846348029455282
WFG3_D14,13,AS-SMEA,0.7239436277276476,0.02309970450370468
WFG3_D14,14,AS-SMEA,0.7192196057316438,0.024202509973473053
WFG3_D14,15,AS-SMEA,0.7321575542654107,0.020639384089755578
WFG3_D14,16,AS-SMEA,0.7251689703997029,0.02224374869850391
WFG3_D14,17,AS-SMEA,0.7190166225219262,0.02004263324155961
WFG3_D14,18,AS-SMEA,0.7283582246160722,0.020148963007235763
WFG3_D14,19,AS-SMEA,0.7088766770843645,0.021972031454489446
WFG3_D14,20,AS-SMEA,0.723196023336267,0.019897079134974998
WFG3_D30,1,Frank-WT MF-PIRN,0.7318707595476067,0.014318350631621983
WFG3_D30,2,Frank-WT MF-PIRN,0.7083534214396033,0.010694681021772826
WFG3_D30,3,Frank-WT MF-PIRN,0.7247286758830148,0.015006836239322642
WFG3_D30,4,Frank-WT MF-PIRN,0.7185918473268765,0.01088733563418163
WFG3_D30,5,Frank-WT MF-PIRN,0.7187576510319155,0.013249127258706993
WFG3_D30,6,Frank-WT MF-PIRN,0.7349228930625291,0.011322143924579512
WFG3_D30,7,Frank-WT MF-PIRN,0.7269410162201247,0.015001550834137685
WFG3_D30,8,Frank-WT MF-PIRN,0.72204882240838,0.011547277727211912
WFG3_D30,9,Frank-WT MF-PIRN,0.7251252495252083,0.01493251107542397
WFG3_D30,10,Frank-WT MF-PIRN,0.7511926355141576,0.010905083828730297
WFG3_D30,11,Frank-WT MF-PIRN,0.7336768959789903,0.01113649449502965
WFG3_D30,12,Frank-WT MF-PIRN,0.7168506517208796,0.011385795856893898
WFG3_D30,13,Frank-WT MF-PIRN,0.7208732933441813,0.016484025648850348
WFG3_D30,14,Frank-WT MF-PIRN,0.741128926361792,0.013789542926379331
WFG3_D30,15,Frank-WT MF-PIRN,0.751027515688898,0.009747512704668568
WFG3_D30,16,Frank-WT MF-PIRN,0.7226398056347176,0.009232876126218226
WFG3_D30,17,Frank-WT MF-PIRN,0.7420502864189381,0.011402504247003203
WFG3_D30,18,Frank-WT MF-PIRN,0.7405312797068745,0.011875967196681103
WFG3_D30,19,Frank-WT MF-PIRN,0.7161538094506404,0.010646974075335502
WFG3_D30,20,Frank-WT MF-PIRN,0.7274509339457326,0.011903746475928048
WFG3_D30,1,MF-HVKG,0.7257347732384593,0.012371260203908194
WFG3_D30,2,MF-HVKG,0.720878476969419,0.009351469076227803
WFG3_D30,3,MF-HVKG,0.7100697578305589,0.013486853510923345
WFG3_D30,4,MF-HVKG,0.7024125080595855,0.011594248561831427
WFG3_D30,5,MF-HVKG,0.745986890558928,0.017873952592227987
WFG3_D30,6,MF-HVKG,0.7312399790851107,0.014269669556775631
WFG3_D30,7,MF-HVKG,0.7136349878529924,0.012553168310542739
WFG3_D30,8,MF-HVKG,0.7298045301897836,0.016580085919246288
WFG3_D30,9,MF-HVKG,0.707926882062383,0.01002247941196251
WFG3_D30,10,MF-HVKG,0.7182886425117946,0.013980983013371329
WFG3_D30,11,MF-HVKG,0.7320614768401804,0.014721564279210033
WFG3_D30,12,MF-HVKG,0.7208684713755863,0.015240102401504283
WFG3_D30,13,MF-HVKG,0.731813483161306,0.008699389213549473
WFG3_D30,14,MF-HVKG,0.7241378488487545,0.013350014334919435
WFG3_D30,15,MF-HVKG,0.720178994412355,0.015585989257606932
WFG3_D30,16,MF-HVKG,0.7157439839201647,0.013651221261968691
WFG3_D30,17,MF-HVKG,0.723176934474937,0.01047873564959615
WFG3_D30,18,MF-HVKG,0.7196222266493614,0.013816493265522704
WFG3_D30,19,MF-HVKG,0.7215036533331859,0.012847997730135785
WFG3_D30,20,MF-HVKG,0.7326334267258907,0.016140423644128727
WFG3_D30,1,qLogNEHVI,0.7021920145340546,0.01888941960031575
WFG3_D30,2,qLogNEHVI,0.7154290998688593,0.01942841992258771
WFG3_D30,3,qLogNEHVI,0.7152714836249147,0.017192726253567006
WFG3_D30,4,qLogNEHVI,0.7184811817877658,0.017595063204887067
WFG3_D30,5,qLogNEHVI,0.6962435607404227,0.015866150265835977
WFG3_D30,6,qLogNEHVI,0.7339953400915197,0.014144685161923439
WFG3_D30,7,qLogNEHVI,0.7240288613251051,0.014411369658517493
WFG3_D30,8,qLogNEHVI,0.7219693748988821,0.015522437664518263
WFG3_D30,9,qLogNEHVI,0.7208248267319569,0.01336518299203806
WFG3_D30,10,qLogNEHVI,0.7094443769927321,0.016935531913991393
WFG3_D30,11,qLogNEHVI,0.7209571931888664,0.015492125539723236
WFG3_D30,12,qLogNEHVI,0.7318006959847302,0.014225123943096185
WFG3_D30,13,qLogNEHVI,0.7111083613562833,0.014993821999357303
WFG3_D30,14,qLogNEHVI,0.7204755163143144,0.01791083953705605
WFG3_D30,15,qLogNEHVI,0.7425852295638654,0.01625389361106335
WFG3_D30,16,qLogNEHVI,0.7058632306626619,0.019830092648367097
WFG3_D30,17,qLogNEHVI,0.7015669352816579,0.013624591506915798
WFG3_D30,18,qLogNEHVI,0.720897031080311,0.013751628063537259
WFG3_D30,19,qLogNEHVI,0.7226350411982441,0.018742396634675904
WFG3_D30,20,qLogNEHVI,0.7108287671490272,0.017313504301431217
WFG3_D30,1,MOMF,0.699306829601963,0.01808730195067483
WFG3_D30,2,MOMF,0.6922655567451439,0.016851547071829433
WFG3_D30,3,MOMF,0.7060558153587414,0.018460148119714782
WFG3_D30,4,MOMF,0.706307653447283,0.016341293163066376
WFG3_D30,5,MOMF,0.7180789383239878,0.01511360326958914
WFG3_D30,6,MOMF,0.6887782381209105,0.017847112159761258
WFG3_D30,7,MOMF,0.7009309704993002,0.01738014004914609
WFG3_D30,8,MOMF,0.7238867152885808,0.01799832677971417
WFG3_D30,9,MOMF,0.7119846277333325,0.01673128681448691
WFG3_D30,10,MOMF,0.7009797801840656,0.01710158980854534
WFG3_D30,11,MOMF,0.717225185810616,0.01984556739816644
WFG3_D30,12,MOMF,0.6977195479873098,0.016490399604088962
WFG3_D30,13,MOMF,0.694137325128457,0.02052024424333363
WFG3_D30,14,MOMF,0.7053166785361125,0.018038219598183088
WFG3_D30,15,MOMF,0.6850431418166552,0.01737617048119549
WFG3_D30,16,MOMF,0.7026814963046146,0.0160982804129898
WFG3_D30,17,MOMF,0.708841445137623,0.0175445515761648
WFG3_D30,18,MOMF,0.7092944229403032,0.015943793291402494
WFG3_D30,19,MOMF,0.719764524187582,0.021353751138593908
WFG3_D30,20,MOMF,0.6925148893751507,0.017382716896125788
WFG3_D30,1,PHSEA,0.7069623499983881,0.01854266920903934
WFG3_D30,2,PHSEA,0.6985913765647987,0.019254756274016852
WFG3_D30,3,PHSEA,0.7172716919680008,0.02022391372623368
WFG3_D30,4,PHSEA,0.6897385894780463,0.01878052652118345
WFG3_D30,5,PHSEA,0.7058367985373113,0.016101931570106247
WFG3_D30,6,PHSEA,0.681747376056729,0.0191829970725634
WFG3_D30,7,PHSEA,0.6878202244668598,0.019740155497610375
WFG3_D30,8,PHSEA,0.7059062125406078,0.017513781599814905
WFG3_D30,9,PHSEA,0.7249406453154498,0.021020032632315375
WFG3_D30,10,PHSEA,0.7091020751558987,0.014516277160972712
WFG3_D30,11,PHSEA,0.6987696100533872,0.018291782360864782
WFG3_D30,12,PHSEA,0.6934133879056125,0.02243848361827525
WFG3_D30,13,PHSEA,0.6680353320749883,0.015188355033269435
WFG3_D30,14,PHSEA,0.702106484223481,0.017910342781298688
WFG3_D30,15,PHSEA,0.6982665455250758,0.02032024552566412
WFG3_D30,16,PHSEA,0.6803379003329697,0.01915505419078801
WFG3_D30,17,PHSEA,0.7058150444275364,0.019405102327776532
WFG3_D30,18,PHSEA,0.6932422129734356,0.019381799346028468
WFG3_D30,19,PHSEA,0.6788525478124567,0.01742341795113543
WFG3_D30,20,PHSEA,0.6969174404221531,0.018890384704893508
WFG3_D30,1,MSAEA-DM,0.6911373128391805,0.021380544455746713
WFG3_D30,2,MSAEA-DM,0.6927640458246664,0.02389230720191829
WFG3_D30,3,MSAEA-DM,0.6781235097311231,0.020083152234409013
WFG3_D30,4,MSAEA-DM,0.6913467002191407,0.020611552599130244
WFG3_D30,5,MSAEA-DM,0.7061672073545935,0.024053934607603893
WFG3_D30,6,MSAEA-DM,0.6923080109856786,0.01970687712207329
WFG3_D30,7,MSAEA-DM,0.6863916828442493,0.021460683271860417
WFG3_D30,8,MSAEA-DM,0.6986448283558062,0.021584170000887047
WFG3_D30,9,MSAEA-DM,0.6869377241139382,0.020988702245927672
WFG3_D30,10,MSAEA-DM,0.722597976474119,0.018067178902065086
WFG3_D30,11,MSAEA-DM,0.6918424269900436,0.024156429013680744
WFG3_D30,12,MSAEA-DM,0.7148006087309637,0.02078504112610608
WFG3_D30,13,MSAEA-DM,0.6977242888341698,0.02071836397028125
WFG3_D30,14,MSAEA-DM,0.6892704996855941,0.019194256728048874
WFG3_D30,15,MSAEA-DM,0.6934440658254144,0.023290399095605346
WFG3_D30,16,MSAEA-DM,0.695330066719204,0.021288744300004804
WFG3_D30,17,MSAEA-DM,0.6816501232973934,0.022303172937081613
WFG3_D30,18,MSAEA-DM,0.6921604010820833,0.02245277273660122
WFG3_D30,19,MSAEA-DM,0.6977489697172968,0.01975814170600608
WFG3_D30,20,MSAEA-DM,0.6775577987344629,0.019673719635750174
WFG3_D30,1,AS-SMEA,0.6960082220816456,0.021951367359609092
WFG3_D30,2,AS-SMEA,0.6988086949124271,0.020645006391110676
WFG3_D30,3,AS-SMEA,0.6780416623374348,0.02271328322872935
WFG3_D30,4,AS-SMEA,0.6860721121857607,0.021947292099082406
WFG3_D30,5,AS-SMEA,0.6858022655660436,0.022330034048205473
WFG3_D30,6,AS-SMEA,0.6831008240645849,0.018897340520389997
WFG3_D30,7,AS-SMEA,0.6795405098370018,0.019851796076255458
WFG3_D30,8,AS-SMEA,0.6895961555041623,0.0232476513211082
WFG3_D30,9,AS-SMEA,0.690996602731916,0.022729931730660603
WFG3_D30,10,AS-SMEA,0.6794258905803141,0.02368020705686874
WFG3_D30,11,AS-SMEA,0.6946032573658062,0.020245825729477532
WFG3_D30,12,AS-SMEA,0.6859781665336109,0.02256662313703835
WFG3_D30,13,AS-SMEA,0.6793155073831852,0.018418203469176143
WFG3_D30,14,AS-SMEA,0.6812906500525203,0.02672251081342255
WFG3_D30,15,AS-SMEA,0.6843269355639118,0.021291084084522613
WFG3_D30,16,AS-SMEA,0.6929963179721323,0.0225570894744848
WFG3_D30,17,AS-SMEA,0.688102760292638,0.02209296982806572
WFG3_D30,18,AS-SMEA,0.6912519298726844,0.022759035168802153
WFG3_D30,19,AS-SMEA,0.6829556504046688,0.023622513157313205
WFG3_D30,20,AS-SMEA,0.7025170270525336,0.020675483161257047
WFG4_D14,1,Frank-WT MF-PIRN,0.7176944981998225,0.01334470928872703
WFG4_D14,2,Frank-WT MF-PIRN,0.6952399040803153,0.009245745629005927
WFG4_D14,3,Frank-WT MF-PIRN,0.6985037310530033,0.012358045612511035
WFG4_D14,4,Frank-WT MF-PIRN,0.7102586639406638,0.013238925317459418
WFG4_D14,5,Frank-WT MF-PIRN,0.6910763004470168,0.012340491100604839
WFG4_D14,6,Frank-WT MF-PIRN,0.6731781107399392,0.014067523012182151
WFG4_D14,7,Frank-WT MF-PIRN,0.7191333148194776,0.013001850170262395
WFG4_D14,8,Frank-WT MF-PIRN,0.7109073988842551,0.015190140847092342
WFG4_D14,9,Frank-WT MF-PIRN,0.6914130626125893,0.009306318017865307
WFG4_D14,10,Frank-WT MF-PIRN,0.7053507411032776,0.008449073218348698
WFG4_D14,11,Frank-WT MF-PIRN,0.7186583002451142,0.009608182467705548
WFG4_D14,12,Frank-WT MF-PIRN,0.7084171129138772,0.009455052035550707
WFG4_D14,13,Frank-WT MF-PIRN,0.7014525939882023,0.00826538523192965
WFG4_D14,14,Frank-WT MF-PIRN,0.7164564873960861,0.013916443098515696
WFG4_D14,15,Frank-WT MF-PIRN,0.7015922579224482,0.013169122793924444
WFG4_D14,16,Frank-WT MF-PIRN,0.7080115439965529,0.012764168773721732
WFG4_D14,17,Frank-WT MF-PIRN,0.6985180121546883,0.01013985459944564
WFG4_D14,18,Frank-WT MF-PIRN,0.7212683877998314,0.014164585774051964
WFG4_D14,19,Frank-WT MF-PIRN,0.7052913979842208,0.013154322633002365
WFG4_D14,20,Frank-WT MF-PIRN,0.6824377090766856,0.013073929793848723
WFG4_D14,1,MF-HVKG,0.7057090130866467,0.013274067588828917
WFG4_D14,2,MF-HVKG,0.7043700189402536,0.01582133120566187
WFG4_D14,3,MF-HVKG,0.696978417453575,0.01103747469180428
WFG4_D14,4,MF-HVKG,0.7044744971534448,0.014346604886223545
WFG4_D14,5,MF-HVKG,0.6981670462106454,0.012978272233142397
WFG4_D14,6,MF-HVKG,0.6841295804794185,0.01560544821335633
WFG4_D14,7,MF-HVKG,0.6897074907022833,0.015765862005383262
WFG4_D14,8,MF-HVKG,0.6982284249616659,0.016477352810595973
WFG4_D14,9,MF-HVKG,0.7047389570476206,0.013346662804509309
WFG4_D14,10,MF-HVKG,0.6945211047177788,0.010251751586333251
WFG4_D14,11,MF-HVKG,0.6897830011226291,0.013884735488848655
WFG4_D14,12,MF-HVKG,0.7054217410205076,0.015526612312230658
WFG4_D14,13,MF-HVKG,0.7012194251345873,0.011485879807462802
WFG4_D14,14,MF-HVKG,0.6847567741789363,0.015557386733727219
WFG4_D14,15,MF-HVKG,0.6898417054661262,0.011833863884115135
WFG4_D14,16,MF-HVKG,0.7117356544275205,0.014656484822965507
WFG4_D14,17,MF-HVKG,0.6976189257917934,0.013462837306235317
WFG4_D14,18,MF-HVKG,0.6890301865644713,0.013994616839309243
WFG4_D14,19,MF-HVKG,0.7062975454400091,0.012733493277734374
WFG4_D14,20,MF-HVKG,0.7082434395734337,0.01544632927852935
WFG4_D14,1,qLogNEHVI,0.6834158906758241,0.017330072835497666
WFG4_D14,2,qLogNEHVI,0.6919551513686314,0.018759543453407333
WFG4_D14,3,qLogNEHVI,0.7062162084269298,0.014833523250204705
WFG4_D14,4,qLogNEHVI,0.6879761263752397,0.013654188383100122
WFG4_D14,5,qLogNEHVI,0.6911429144878946,0.016316209099696225
WFG4_D14,6,qLogNEHVI,0.701464817907881,0.017857498279906823
WFG4_D14,7,qLogNEHVI,0.6932913938104106,0.012675112620137213
WFG4_D14,8,qLogNEHVI,0.6876351666159108,0.016952162365652376
WFG4_D14,9,qLogNEHVI,0.7014151757746759,0.01503165160140487
WFG4_D14,10,qLogNEHVI,0.6792529352960682,0.01768094874729646
WFG4_D14,11,qLogNEHVI,0.683170273993023,0.017078219882490697
WFG4_D14,12,qLogNEHVI,0.6990386017879721,0.015540054244880752
WFG4_D14,13,qLogNEHVI,0.6862854669697146,0.016968646206145663
WFG4_D14,14,qLogNEHVI,0.694406627092439,0.014483189995836135
WFG4_D14,15,qLogNEHVI,0.6943127922140145,0.01397162981013457
WFG4_D14,16,qLogNEHVI,0.7020533773248488,0.013525866862731266
WFG4_D14,17,qLogNEHVI,0.6870755000621571,0.014749292591229412
WFG4_D14,18,qLogNEHVI,0.7032865310821808,0.01263910482528101
WFG4_D14,19,qLogNEHVI,0.6949119471554897,0.01690022176866504
WFG4_D14,20,qLogNEHVI,0.7020482396944515,0.014840759538601811
WFG4_D14,1,MOMF,0.6812410148200446,0.014959395846807997
WFG4_D14,2,MOMF,0.680099416405692,0.019962179450744313
WFG4_D14,3,MOMF,0.6849319375388333,0.016488418394320692
WFG4_D14,4,MOMF,0.6736512986413696,0.017967330347119427
WFG4_D14,5,MOMF,0.6759436919462275,0.01769443001250067
WFG4_D14,6,MOMF,0.6856108134477308,0.018862797389786218
WFG4_D14,7,MOMF,0.6989105163898319,0.011606305000966127
WFG4_D14,8,MOMF,0.6698983686029308,0.015410199822098498
WFG4_D14,9,MOMF,0.660698221924769,0.019304531851233306
WFG4_D14,10,MOMF,0.6851378864440947,0.018591576456292988
WFG4_D14,11,MOMF,0.6979429665698572,0.01613324492457354
WFG4_D14,12,MOMF,0.6807131394075183,0.013757239327316336
WFG4_D14,13,MOMF,0.6883493075255271,0.018185673874898944
WFG4_D14,14,MOMF,0.672795114569662,0.018900208841223027
WFG4_D14,15,MOMF,0.6854493025970061,0.019525257497873063
WFG4_D14,16,MOMF,0.6759944358884891,0.01815054738084931
WFG4_D14,17,MOMF,0.6909207815924064,0.016766430835397757
WFG4_D14,18,MOMF,0.7022019624599325,0.01918582084152173
WFG4_D14,19,MOMF,0.6872975117394439,0.01906409051227575
WFG4_D14,20,MOMF,0.681250363554582,0.015930305693855614
WFG4_D14,1,PHSEA,0.6824184060313397,0.020482593745631522
WFG4_D14,2,PHSEA,0.6680883457971161,0.018162710914645858
WFG4_D14,3,PHSEA,0.6613036159200103,0.02008929529188118
WFG4_D14,4,PHSEA,0.6666365079575696,0.015594336848457468
WFG4_D14,5,PHSEA,0.6505413017619518,0.016700464157577123
WFG4_D14,6,PHSEA,0.6912581725463541,0.02120381420086016
WFG4_D14,7,PHSEA,0.6495337999340642,0.019571314018554165
WFG4_D14,8,PHSEA,0.6642497953155997,0.019606879688466607
WFG4_D14,9,PHSEA,0.682516865311994,0.016486256582753576
WFG4_D14,10,PHSEA,0.6803363291305238,0.020007771964341208
WFG4_D14,11,PHSEA,0.6628922933653681,0.01922835337182172
WFG4_D14,12,PHSEA,0.6492436647941688,0.019604904384217393
WFG4_D14,13,PHSEA,0.6820822498868835,0.021575082683000655
WFG4_D14,14,PHSEA,0.661462964724533,0.018675548487697514
WFG4_D14,15,PHSEA,0.654880803734447,0.019000141380783226
WFG4_D14,16,PHSEA,0.6701677639879859,0.02092641657129417
WFG4_D14,17,PHSEA,0.6664781806827155,0.02151083990751564
WFG4_D14,18,PHSEA,0.6864163693733593,0.018860125248377376
WFG4_D14,19,PHSEA,0.6698761983055348,0.016223135861310876
WFG4_D14,20,PHSEA,0.6792669054308271,0.020029827072801844
WFG4_D14,1,MSAEA-DM,0.6819806181626579,0.02381371377584665
WFG4_D14,2,MSAEA-DM,0.669557693891156,0.02225970099713491
WFG4_D14,3,MSAEA-DM,0.6675119537188092,0.023294797349883777
WFG4_D14,4,MSAEA-DM,0.6676149614246689,0.02304088555844047
WFG4_D14,5,MSAEA-DM,0.6786811103231014,0.020394869735631323
WFG4_D14,6,MSAEA-DM,0.6657857792443131,0.02623407415183851
WFG4_D14,7,MSAEA-DM,0.6807650553023262,0.01856003337428644
WFG4_D14,8,MSAEA-DM,0.6529814120535233,0.022047968308176798
WFG4_D14,9,MSAEA-DM,0.6614145631709454,0.021123236418179068
WFG4_D14,10,MSAEA-DM,0.6638916258409352,0.023568041592282842
WFG4_D14,11,MSAEA-DM,0.6800342471110862,0.024103802030844924
WFG4_D14,12,MSAEA-DM,0.6699497608864091,0.02380673006029078
WFG4_D14,13,MSAEA-DM,0.6532294271206,0.017783716345360204
WFG4_D14,14,MSAEA-DM,0.6777104338522387,0.022168624847546864
WFG4_D14,15,MSAEA-DM,0.6447246444941068,0.018480422029692627
WFG4_D14,16,MSAEA-DM,0.6784978381028209,0.018131607746945666
WFG4_D14,17,MSAEA-DM,0.6674455842812588,0.02008945089403726
WFG4_D14,18,MSAEA-DM,0.6722521275911958,0.021523889955830315
WFG4_D14,19,MSAEA-DM,0.6745602238555443,0.018861802082472692
WFG4_D14,20,MSAEA-DM,0.6643328442466321,0.01605537919132783
WFG4_D14,1,AS-SMEA,0.6591161422045457,0.023083185609706368
WFG4_D14,2,AS-SMEA,0.6587160134178494,0.02292115036103347
WFG4_D14,3,AS-SMEA,0.6499440653596205,0.0188379677349895
WFG4_D14,4,AS-SMEA,0.6659626302647005,0.023308216953505843
WFG4_D14,5,AS-SMEA,0.6509381616492202,0.02178680499143656
WFG4_D14,6,AS-SMEA,0.6632071612035113,0.024657067410478194
WFG4_D14,7,AS-SMEA,0.6508322847580413,0.02110371829942752
WFG4_D14,8,AS-SMEA,0.6415476605989163,0.024373958864242155
WFG4_D14,9,AS-SMEA,0.6459994280357173,0.026463302744392753
WFG4_D14,10,AS-SMEA,0.6671286479508989,0.021477420781038942
WFG4_D14,11,AS-SMEA,0.6565048145610555,0.02465923536725869
WFG4_D14,12,AS-SMEA,0.6587216375401223,0.021263542762882497
WFG4_D14,13,AS-SMEA,0.650896188195028,0.022932472842174777
WFG4_D14,14,AS-SMEA,0.6620848722657472,0.018856827497591155
WFG4_D14,15,AS-SMEA,0.6565746680714796,0.02206423475130801
WFG4_D14,16,AS-SMEA,0.6628639863069571,0.01970062456939911
WFG4_D14,17,AS-SMEA,0.6505617591002555,0.01866575499838403
WFG4_D14,18,AS-SMEA,0.6641071254501903,0.02655302494607438
WFG4_D14,19,AS-SMEA,0.6399600127593058,0.022505559144171666
WFG4_D14,20,AS-SMEA,0.664733201397038,0.02491337065293226
WFG4_D30,1,Frank-WT MF-PIRN,0.7142861708088051,0.013317048846614023
WFG4_D30,2,Frank-WT MF-PIRN,0.7062226687590335,0.01071400728568181
WFG4_D30,3,Frank-WT MF-PIRN,0.72547968187249,0.013235574492489416
WFG4_D30,4,Frank-WT MF-PIRN,0.6982696561342374,0.012478004040516496
WFG4_D30,5,Frank-WT MF-PIRN,0.7087919187885777,0.011274766747626582
WFG4_D30,6,Frank-WT MF-PIRN,0.740442028746142,0.01045677774081203
WFG4_D30,7,Frank-WT MF-PIRN,0.7081841157688492,0.008760233083616259
WFG4_D30,8,Frank-WT MF-PIRN,0.7160165820896869,0.013418687565915096
WFG4_D30,9,Frank-WT MF-PIRN,0.7100482343657744,0.01654802047824147
WFG4_D30,10,Frank-WT MF-PIRN,0.699930050050788,0.010107422101572554
WFG4_D30,11,Frank-WT MF-PIRN,0.7272541461032586,0.01211903795437418
WFG4_D30,12,Frank-WT MF-PIRN,0.7045795557514497,0.012795113507953267
WFG4_D30,13,Frank-WT MF-PIRN,0.7269072836317876,0.015716865840117406
WFG4_D30,14,Frank-WT MF-PIRN,0.7135867709119113,0.015178223741451162
WFG4_D30,15,Frank-WT MF-PIRN,0.7295372258447687,0.012933757861760807
WFG4_D30,16,Frank-WT MF-PIRN,0.7193883124314701,0.013822887992514007
WFG4_D30,17,Frank-WT MF-PIRN,0.7076268595401247,0.01001358676403212
WFG4_D30,18,Frank-WT MF-PIRN,0.7124267205623865,0.010822263260632264
WFG4_D30,19,Frank-WT MF-PIRN,0.7161568857249344,0.012648560908774227
WFG4_D30,20,Frank-WT MF-PIRN,0.6901014619272209,0.012440858421004963
WFG4_D30,1,MF-HVKG,0.7227294868844306,0.018769982092784458
WFG4_D30,2,MF-HVKG,0.6920327174749472,0.010787207606251677
WFG4_D30,3,MF-HVKG,0.700392279192005,0.014644225786289256
WFG4_D30,4,MF-HVKG,0.6948818424115764,0.013886589198235481
WFG4_D30,5,MF-HVKG,0.720624105242726,0.013121246509801043
WFG4_D30,6,MF-HVKG,0.7065408705439837,0.011691446976551828
WFG4_D30,7,MF-HVKG,0.7048564229093377,0.014194358882347028
WFG4_D30,8,MF-HVKG,0.6865918852451215,0.015479105122471637
WFG4_D30,9,MF-HVKG,0.7199520790643862,0.014162276677437025
WFG4_D30,10,MF-HVKG,0.6950399282156284,0.013210834503181244
WFG4_D30,11,MF-HVKG,0.6910452432213416,0.013710781544023748
WFG4_D30,12,MF-HVKG,0.6981902854489946,0.015106629643011384
WFG4_D30,13,MF-HVKG,0.6903388290977521,0.015706717218067785
WFG4_D30,14,MF-HVKG,0.7183544738894797,0.01201940399182578
WFG4_D30,15,MF-HVKG,0.6985920732370925,0.01568616743065569
WFG4_D30,16,MF-HVKG,0.7086911986664602,0.012221233925024054
WFG4_D30,17,MF-HVKG,0.6918870193925798,0.013485462630828298
WFG4_D30,18,MF-HVKG,0.6758983001509503,0.012259116408837175
WFG4_D30,19,MF-HVKG,0.6913109778779366,0.013043342021273314
WFG4_D30,20,MF-HVKG,0.7178417474112428,0.013747237711890868
WFG4_D30,1,qLogNEHVI,0.693853764056086,0.018376648945285592
WFG4_D30,2,qLogNEHVI,0.6804332787697468,0.012677546649160064
WFG4_D30,3,qLogNEHVI,0.7013781017537314,0.012507699324256508
WFG4_D30,4,qLogNEHVI,0.7078115050839935,0.014697671587161497
WFG4_D30,5,qLogNEHVI,0.7051160719237499,0.013584522399679735
WFG4_D30,6,qLogNEHVI,0.7004312719493708,0.019592447628437933
WFG4_D30,7,qLogNEHVI,0.6893929908981765,0.013571294931834562
WFG4_D30,8,qLogNEHVI,0.6889046664782477,0.015422693873549371
WFG4_D30,9,qLogNEHVI,0.6939116259324931,0.015257068325669271
WFG4_D30,10,qLogNEHVI,0.7085072449585749,0.017264998813355775
WFG4_D30,11,qLogNEHVI,0.7057837807195141,0.014515257416860116
WFG4_D30,12,qLogNEHVI,0.7090309628616692,0.01698939588388031
WFG4_D30,13,qLogNEHVI,0.7015392521723139,0.014245353286539114
WFG4_D30,14,qLogNEHVI,0.7021891389960887,0.01422873375738326
WFG4_D30,15,qLogNEHVI,0.7117392034621352,0.013443142015755364
WFG4_D30,16,qLogNEHVI,0.7051764432398333,0.012983396679394264
WFG4_D30,17,qLogNEHVI,0.6897026462887347,0.012419554773753817
WFG4_D30,18,qLogNEHVI,0.6925914549397574,0.017979851248443715
WFG4_D30,19,qLogNEHVI,0.6972652677768858,0.014798881797428576
WFG4_D30,20,qLogNEHVI,0.7247583643936006,0.015319572819508066
WFG4_D30,1,MOMF,0.6894765257546351,0.01860679169304332
WFG4_D30,2,MOMF,0.6861950703825003,0.019365178519503756
WFG4_D30,3,MOMF,0.6832522948394827,0.014424844327883914
WFG4_D30,4,MOMF,0.6847257419118468,0.01932427237813113
WFG4_D30,5,MOMF,0.6892424665438981,0.016530257709861523
WFG4_D30,6,MOMF,0.6913704757463012,0.01609491036935459
WFG4_D30,7,MOMF,0.6932328110739486,0.016401202269485198
WFG4_D30,8,MOMF,0.6911694219709126,0.01949793901552309
WFG4_D30,9,MOMF,0.6892247511193078,0.01663345758753289
WFG4_D30,10,MOMF,0.6839580914335242,0.014502683296564477
WFG4_D30,11,MOMF,0.6881718265532267,0.01591546320115855
WFG4_D30,12,MOMF,0.7012652072845543,0.021334835718837288
WFG4_D30,13,MOMF,0.7011952305170287,0.01703537438356731
WFG4_D30,14,MOMF,0.6835547775628763,0.01733229425564776
WFG4_D30,15,MOMF,0.6802093079221422,0.017118362389258065
WFG4_D30,16,MOMF,0.686924661656553,0.01554153853818048
WFG4_D30,17,MOMF,0.711672680736608,0.016553425426814483
WFG4_D30,18,MOMF,0.697901725653062,0.01307856438109021
WFG4_D30,19,MOMF,0.6935199406248131,0.021011458235102094
WFG4_D30,20,MOMF,0.6884484390174282,0.02075882973249185
WFG4_D30,1,PHSEA,0.6858984676558021,0.01883317093884611
WFG4_D30,2,PHSEA,0.6701059440014234,0.017811949998049106
WFG4_D30,3,PHSEA,0.6752251257492687,0.014794947238944055
WFG4_D30,4,PHSEA,0.6808373464318741,0.02041673181134588
WFG4_D30,5,PHSEA,0.6615480894114051,0.020139039180200425
WFG4_D30,6,PHSEA,0.6747029998148917,0.02138643663019948
WFG4_D30,7,PHSEA,0.6851248973435937,0.018857940584613896
WFG4_D30,8,PHSEA,0.6950125082609568,0.01824262533280762
WFG4_D30,9,PHSEA,0.6654033510671105,0.020520452304876757
WFG4_D30,10,PHSEA,0.6840103366896196,0.022023638189589488
WFG4_D30,11,PHSEA,0.6778888935919885,0.01704898765798609
WFG4_D30,12,PHSEA,0.6757258532690279,0.015759262477606235
WFG4_D30,13,PHSEA,0.6841272850620542,0.018599207759285294
WFG4_D30,14,PHSEA,0.687790051760333,0.01925073296694141
WFG4_D30,15,PHSEA,0.6930223986868956,0.018803939037563482
WFG4_D30,16,PHSEA,0.6806383880344948,0.018596695441094786
WFG4_D30,17,PHSEA,0.6666265857787552,0.02189144171504378
WFG4_D30,18,PHSEA,0.6789148198934309,0.016915439778539407
WFG4_D30,19,PHSEA,0.6848708750829084,0.021056907776455525
WFG4_D30,20,PHSEA,0.690162630706022,0.015225604744073251
WFG4_D30,1,MSAEA-DM,0.6741687065992397,0.01966228416218993
WFG4_D30,2,MSAEA-DM,0.671482912725296,0.018212923464541626
WFG4_D30,3,MSAEA-DM,0.6901363711127366,0.026056683458660426
WFG4_D30,4,MSAEA-DM,0.6985707626748968,0.018955432471899063
WFG4_D30,5,MSAEA-DM,0.6678124207711188,0.017954271500420713
WFG4_D30,6,MSAEA-DM,0.6751647364125966,0.023730766336780413
WFG4_D30,7,MSAEA-DM,0.6707791611628112,0.021374804980654333
WFG4_D30,8,MSAEA-DM,0.6737385281017428,0.023923094442531906
WFG4_D30,9,MSAEA-DM,0.681911274808389,0.0183953804699653
WFG4_D30,10,MSAEA-DM,0.6806298917397127,0.022811175555154765
WFG4_D30,11,MSAEA-DM,0.6770345554213576,0.01868504763398672
WFG4_D30,12,MSAEA-DM,0.6808989396085184,0.019761508234605155
WFG4_D30,13,MSAEA-DM,0.6614662148068865,0.019152749612091954
WFG4_D30,14,MSAEA-DM,0.6840525002931659,0.020846982166765126
WFG4_D30,15,MSAEA-DM,0.669623094252804,0.024120159566694076
WFG4_D30,16,MSAEA-DM,0.6726612426596393,0.023940835130657923
WFG4_D30,17,MSAEA-DM,0.6756021510910936,0.02004510225286047
WFG4_D30,18,MSAEA-DM,0.6720190772319383,0.02093642210213203
WFG4_D30,19,MSAEA-DM,0.6756602113208925,0.019303999393827
WFG4_D30,20,MSAEA-DM,0.6910709858691249,0.023266082421890696
WFG4_D30,1,AS-SMEA,0.674601576935938,0.02208646469687224
WFG4_D30,2,AS-SMEA,0.6627371300283944,0.02232441241817153
WFG4_D30,3,AS-SMEA,0.6526580475217184,0.022987466448037345
WFG4_D30,4,AS-SMEA,0.6580869875618021,0.023841448435910583
WFG4_D30,5,AS-SMEA,0.7023998264223,0.021558016124562138
WFG4_D30,6,AS-SMEA,0.6609173863016472,0.023066615678239002
WFG4_D30,7,AS-SMEA,0.6697610247833218,0.02224462673639877
WFG4_D30,8,AS-SMEA,0.6808579995157079,0.020248901884510544
WFG4_D30,9,AS-SMEA,0.6735296710554134,0.022544926142972616
WFG4_D30,10,AS-SMEA,0.6723876732933018,0.02177368778726859
WFG4_D30,11,AS-SMEA,0.6614607628694376,0.023562442310717746
WFG4_D30,12,AS-SMEA,0.656872161414555,0.022353578878933317
WFG4_D30,13,AS-SMEA,0.6566049282006449,0.023713542718016435
WFG4_D30,14,AS-SMEA,0.6572591386924875,0.023494193010980106
WFG4_D30,15,AS-SMEA,0.6719555429903398,0.021717633618366605
WFG4_D30,16,AS-SMEA,0.6699021732710965,0.02556229994230561
WFG4_D30,17,AS-SMEA,0.6610436753855998,0.021686797310581485
WFG4_D30,18,AS-SMEA,0.6550085048794603,0.02202293311855249
WFG4_D30,19,AS-SMEA,0.6653056999839266,0.02348077682618187
WFG4_D30,20,AS-SMEA,0.6610897554763654,0.023769384903299558
WFG5_D14,1,Frank-WT MF-PIRN,0.7456753861848072,0.016451292903346487
WFG5_D14,2,Frank-WT MF-PIRN,0.7451367593671727,0.014539890964573136
WFG5_D14,3,Frank-WT MF-PIRN,0.749875763685021,0.009817154849169996
WFG5_D14,4,Frank-WT MF-PIRN,0.7444626256268249,0.013406990833620236
WFG5_D14,5,Frank-WT MF-PIRN,0.746422855277873,0.011547506975091886
WFG5_D14,6,Frank-WT MF-PIRN,0.7660356163371167,0.013855553308813131
WFG5_D14,7,Frank-WT MF-PIRN,0.755671057908676,0.01060855956819719
WFG5_D14,8,Frank-WT MF-PIRN,0.7411040337023976,0.010199408301966036
WFG5_D14,9,Frank-WT MF-PIRN,0.7574246573530464,0.011929379692148979
WFG5_D14,10,Frank-WT MF-PIRN,0.7531144637502737,0.014143072054340957
WFG5_D14,11,Frank-WT MF-PIRN,0.7472793962471395,0.014183818668777694
WFG5_D14,12,Frank-WT MF-PIRN,0.751295535356333,0.010502299228981077
WFG5_D14,13,Frank-WT MF-PIRN,0.7469473687186002,0.007985553568918221
WFG5_D14,14,Frank-WT MF-PIRN,0.7438097171613027,0.010564967913564084
WFG5_D14,15,Frank-WT MF-PIRN,0.747153405781063,0.012442632880148324
WFG5_D14,16,Frank-WT MF-PIRN,0.7551004496920243,0.011016873150298909
WFG5_D14,17,Frank-WT MF-PIRN,0.7433211780902788,0.01158117156449353
WFG5_D14,18,Frank-WT MF-PIRN,0.7328488090130926,0.010602131420949401
WFG5_D14,19,Frank-WT MF-PIRN,0.7605483740675218,0.012455938032497524
WFG5_D14,20,Frank-WT MF-PIRN,0.7536865214020049,0.00891715672126183
WFG5_D14,1,MF-HVKG,0.7413360014861878,0.013534227355679133
WFG5_D14,2,MF-HVKG,0.7394031286821252,0.01239268736802976
WFG5_D14,3,MF-HVKG,0.7319536907343436,0.009824351496364655
WFG5_D14,4,MF-HVKG,0.7385722110481702,0.015254775612569228
WFG5_D14,5,MF-HVKG,0.7312741815856127,0.013885691140851376
WFG5_D14,6,MF-HVKG,0.7175854482889974,0.013724419369959346
WFG5_D14,7,MF-HVKG,0.7471711335200573,0.01252248052868936
WFG5_D14,8,MF-HVKG,0.7485413155942328,0.013987881320999956
WFG5_D14,9,MF-HVKG,0.7436320826083378,0.014805360463275137
WFG5_D14,10,MF-HVKG,0.7374187632186882,0.01651358451750559
WFG5_D14,11,MF-HVKG,0.7523445623360053,0.01055254833523198
WFG5_D14,12,MF-HVKG,0.7410840952273428,0.01411975177739095
WFG5_D14,13,MF-HVKG,0.7390261742233618,0.016514251272896668
WFG5_D14,14,MF-HVKG,0.7271102338362174,0.013499488099807298
WFG5_D14,15,MF-HVKG,0.7321132931242419,0.015635339655195896
WFG5_D14,16,MF-HVKG,0.748544520332497,0.013441879583065156
WFG5_D14,17,MF-HVKG,0.7391867640433462,0.01794008405280329
WFG5_D14,18,MF-HVKG,0.7399573522223152,0.015476623400665933
WFG5_D14,19,MF-HVKG,0.71805718207822,0.015462207945617822
WFG5_D14,20,MF-HVKG,0.7377859198449518,0.013551163987580496
WFG5_D14,1,qLogNEHVI,0.7226457808880915,0.016521534255496576
WFG5_D14,2,qLogNEHVI,0.7316423284181236,0.01339157389635967
WFG5_D14,3,qLogNEHVI,0.73694760656075,0.01657748817162523
WFG5_D14,4,qLogNEHVI,0.7232727166336778,0.013312143952857774
WFG5_D14,5,qLogNEHVI,0.7229512854525729,0.015523837618929942
WFG5_D14,6,qLogNEHVI,0.7293993518633346,0.01411575719707707
WFG5_D14,7,qLogNEHVI,0.7417600360878864,0.01149146957765833
WFG5_D14,8,qLogNEHVI,0.7256483253148306,0.0174269469186968
WFG5_D14,9,qLogNEHVI,0.7360844796659387,0.014978315703879738
WFG5_D14,10,qLogNEHVI,0.7602912199949239,0.01654027619750688
WFG5_D14,11,qLogNEHVI,0.7461932904092076,0.013032351303033915
WFG5_D14,12,qLogNEHVI,0.7292807003926568,0.019177206970750215
WFG5_D14,13,qLogNEHVI,0.7285795851965362,0.015488889847695636
WFG5_D14,14,qLogNEHVI,0.7506080598766868,0.01798662137671138
WFG5_D14,15,qLogNEHVI,0.7264850838719682,0.01526453777428279
WFG5_D14,16,qLogNEHVI,0.724314350143145,0.017646342632420296
WFG5_D14,17,qLogNEHVI,0.73511198893937,0.015145750899106733
WFG5_D14,18,qLogNEHVI,0.7249354685946492,0.017569388969547947
WFG5_D14,19,qLogNEHVI,0.7224440482490375,0.014641163295900766
WFG5_D14,20,qLogNEHVI,0.721204271494095,0.014153438556699028
WFG5_D14,1,MOMF,0.7237867798364638,0.015509504457650576
WFG5_D14,2,MOMF,0.7283810836805189,0.017223904566113262
WFG5_D14,3,MOMF,0.7257614020815933,0.0168459155059936
WFG5_D14,4,MOMF,0.7080732345844085,0.01852489498317129
WFG5_D14,5,MOMF,0.7137234102695359,0.018010785867701794
WFG5_D14,6,MOMF,0.7137692475467818,0.016277770317848505
WFG5_D14,7,MOMF,0.7420893049537467,0.016839377041020894
WFG5_D14,8,MOMF,0.7284383811662579,0.01831777146478152
WFG5_D14,9,MOMF,0.7186427147109593,0.01807818179234046
WFG5_D14,10,MOMF,0.7191874422315464,0.01601672210389713
WFG5_D14,11,MOMF,0.7104019902262738,0.020538627584331434
WFG5_D14,12,MOMF,0.7347543370753242,0.018406438627462888
WFG5_D14,13,MOMF,0.735034756535875,0.01769020385967677
WFG5_D14,14,MOMF,0.7314788918843089,0.015287220892973555
WFG5_D14,15,MOMF,0.7220620641219194,0.01835079830930608
WFG5_D14,16,MOMF,0.7229487290903469,0.017565446770219817
WFG5_D14,17,MOMF,0.7334165262607579,0.020113727214363022
WFG5_D14,18,MOMF,0.7267886635320644,0.015115956692313382
WFG5_D14,19,MOMF,0.7153797983105868,0.018107471843111938
WFG5_D14,20,MOMF,0.7328624756273273,0.014132070672325985
WFG5_D14,1,PHSEA,0.7183692147514127,0.018782235993578957
WFG5_D14,2,PHSEA,0.7168777700475789,0.017098592887510092
WFG5_D14,3,PHSEA,0.7309782077302361,0.018853762511264777
WFG5_D14,4,PHSEA,0.7357110339935048,0.018759296398171196
WFG5_D14,5,PHSEA,0.7291926609313408,0.01659268946142372
WFG5_D14,6,PHSEA,0.711892690890301,0.016675174790029015
WFG5_D14,7,PHSEA,0.7168103119912109,0.021308127175770512
WFG5_D14,8,PHSEA,0.7182777144723724,0.015993626355466035
WFG5_D14,9,PHSEA,0.729123335293343,0.018725543160770283
WFG5_D14,10,PHSEA,0.7125190186230747,0.01708644184646641
WFG5_D14,11,PHSEA,0.707280610266435,0.020724227408206366
WFG5_D14,12,PHSEA,0.7275234904434003,0.020590687032139173
WFG5_D14,13,PHSEA,0.7182958289491681,0.020341152578304898
WFG5_D14,14,PHSEA,0.7158670037407201,0.019178949940154233
WFG5_D14,15,PHSEA,0.7179327523316706,0.01954889825488597
WFG5_D14,16,PHSEA,0.7231544176786735,0.017581721376628175
WFG5_D14,17,PHSEA,0.7244624700115463,0.019698086271770124
WFG5_D14,18,PHSEA,0.7081312226472719,0.018550712300816268
WFG5_D14,19,PHSEA,0.711423655106628,0.019520514815954647
WFG5_D14,20,PHSEA,0.7124118569677365,0.02097735681409404
WFG5_D14,1,MSAEA-DM,0.7189779491782324,0.019463071095586298
WFG5_D14,2,MSAEA-DM,0.715944560345418,0.0173198555053838
WFG5_D14,3,MSAEA-DM,0.7240921656323925,0.022576932099077265
WFG5_D14,4,MSAEA-DM,0.7064940627441676,0.018675102662200134
WFG5_D14,5,MSAEA-DM,0.72832522920182,0.023347772280749267
WFG5_D14,6,MSAEA-DM,0.7073110341164814,0.02034296733736479
WFG5_D14,7,MSAEA-DM,0.7105105920016366,0.01990422940248382
WFG5_D14,8,MSAEA-DM,0.7078679524109787,0.019092483239921767
WFG5_D14,9,MSAEA-DM,0.7080231721148734,0.024151006059382633
WFG5_D14,10,MSAEA-DM,0.7023772532496767,0.019536401932596304
WFG5_D14,11,MSAEA-DM,0.7050793325565636,0.026378319712362725
WFG5_D14,12,MSAEA-DM,0.7077773183049367,0.019371518096634965
WFG5_D14,13,MSAEA-DM,0.7270247027618207,0.01934681537789894
WFG5_D14,14,MSAEA-DM,0.6970754480865041,0.01815379565670167
WFG5_D14,15,MSAEA-DM,0.6906996666943809,0.018849296300779653
WFG5_D14,16,MSAEA-DM,0.7010297549396699,0.020338925503423068
WFG5_D14,17,MSAEA-DM,0.7023841091892109,0.023796757576907003
WFG5_D14,18,MSAEA-DM,0.7135791016713808,0.021305987735689935
WFG5_D14,19,MSAEA-DM,0.718415312864545,0.0189179360055642
WFG5_D14,20,MSAEA-DM,0.7134419849649564,0.022380889524797734
WFG5_D14,1,AS-SMEA,0.6949860280945568,0.0199008916765614
WFG5_D14,2,AS-SMEA,0.7161460045556953,0.02360087893011248
WFG5_D14,3,AS-SMEA,0.7034332473149952,0.022219558587734504
WFG5_D14,4,AS-SMEA,0.6954040512800868,0.02626864594180331
WFG5_D14,5,AS-SMEA,0.6915504259107425,0.021705913782260625
WFG5_D14,6,AS-SMEA,0.6946057575313715,0.02367892176741573
WFG5_D14,7,AS-SMEA,0.7081318654832435,0.02559990336274065
WFG5_D14,8,AS-SMEA,0.7086786284413913,0.025171948395644596
WFG5_D14,9,AS-SMEA,0.7037349729708274,0.024335286802373717
WFG5_D14,10,AS-SMEA,0.7009489781187388,0.020775464611420023
WFG5_D14,11,AS-SMEA,0.6965430049769693,0.021077516852053377
WFG5_D14,12,AS-SMEA,0.7022556172736952,0.021493829247122394
WFG5_D14,13,AS-SMEA,0.7016598388948682,0.023173231477504188
WFG5_D14,14,AS-SMEA,0.6983350729152263,0.020113544205327988
WFG5_D14,15,AS-SMEA,0.7035268659499526,0.02374693558848174
WFG5_D14,16,AS-SMEA,0.6974111202058635,0.02242509133495804
WFG5_D14,17,AS-SMEA,0.6823693764848975,0.022012054399897084
WFG5_D14,18,AS-SMEA,0.7023627730761504,0.022934320631628487
WFG5_D14,19,AS-SMEA,0.6974238411581329,0.022604641837732475
WFG5_D14,20,AS-SMEA,0.7143875113441706,0.024639005091823107
WFG5_D30,1,Frank-WT MF-PIRN,0.7949737601685509,0.012285330877633706
WFG5_D30,2,Frank-WT MF-PIRN,0.7988755035533706,0.014220840070576777
WFG5_D30,3,Frank-WT MF-PIRN,0.7849531744461639,0.014273875163064519
WFG5_D30,4,Frank-WT MF-PIRN,0.803110720320446,0.012202058519656434
WFG5_D30,5,Frank-WT MF-PIRN,0.8170186446137777,0.01375516081646293
WFG5_D30,6,Frank-WT MF-PIRN,0.8107532602547621,0.010725122107968317
WFG5_D30,7,Frank-WT MF-PIRN,0.7960840697118431,0.013148828018952896
WFG5_D30,8,Frank-WT MF-PIRN,0.8201317528863183,0.011483259246813631
WFG5_D30,9,Frank-WT MF-PIRN,0.7938587296614138,0.013276188475048528
WFG5_D30,10,Frank-WT MF-PIRN,0.7920909607940992,0.011913793918625034
WFG5_D30,11,Frank-WT MF-PIRN,0.7896826760777625,0.0140882257376266
WFG5_D30,12,Frank-WT MF-PIRN,0.8098810378061498,0.013785874994937315
WFG5_D30,13,Frank-WT MF-PIRN,0.7804973522493541,0.009713225983670819
WFG5_D30,14,Frank-WT MF-PIRN,0.7983164295625789,0.011133416941760968
WFG5_D30,15,Frank-WT MF-PIRN,0.799994713362166,0.010965637285774344
WFG5_D30,16,Frank-WT MF-PIRN,0.7967342153030251,0.011741067735124037
WFG5_D30,17,Frank-WT MF-PIRN,0.8084357653121227,0.014024213734090456
WFG5_D30,18,Frank-WT MF-PIRN,0.8009753184480818,0.01104914384424721
WFG5_D30,19,Frank-WT MF-PIRN,0.8092824140605424,0.012965352223757064
WFG5_D30,20,Frank-WT MF-PIRN,0.8050314868048329,0.010948004081946745
WFG5_D30,1,MF-HVKG,0.8019200682159302,0.01382845115754436
WFG5_D30,2,MF-HVKG,0.7914146902447663,0.013194134872321447
WFG5_D30,3,MF-HVKG,0.8014274176886512,0.013659962589517021
WFG5_D30,4,MF-HVKG,0.7726360064478839,0.014626814187519478
WFG5_D30,5,MF-HVKG,0.7931278432781063,0.015370596148242302
WFG5_D30,6,MF-HVKG,0.79680616470344,0.014561304195250232
WFG5_D30,7,MF-HVKG,0.7958614959449143,0.011787262562000817
WFG5_D30,8,MF-HVKG,0.791560722913632,0.014206474215509982
WFG5_D30,9,MF-HVKG,0.7739384442166285,0.012987946110933433
WFG5_D30,10,MF-HVKG,0.8018489912507052,0.01520100511728041
WFG5_D30,11,MF-HVKG,0.7962293650935525,0.015452528001058712
WFG5_D30,12,MF-HVKG,0.7893948236130665,0.0134223226890892
WFG5_D30,13,MF-HVKG,0.8082377523504751,0.013110840194007253
WFG5_D30,14,MF-HVKG,0.7806829609022982,0.012129361587373337
WFG5_D30,15,MF-HVKG,0.7960722123038084,0.013777461719458225
WFG5_D30,16,MF-HVKG,0.7845370597259252,0.016026803145667855
WFG5_D30,17,MF-HVKG,0.797149821152634,0.012228002606189538
WFG5_D30,18,MF-HVKG,0.8059928594405789,0.017051732278762603
WFG5_D30,19,MF-HVKG,0.8038849947599562,0.015022926281188875
WFG5_D30,20,MF-HVKG,0.7989419056157493,0.017885020802703808
WFG5_D30,1,qLogNEHVI,0.7771808041193624,0.0170055847894516
WFG5_D30,2,qLogNEHVI,0.7914599991935083,0.015126268642526098
WFG5_D30,3,qLogNEHVI,0.7967119290728087,0.015980067477344626
WFG5_D30,4,qLogNEHVI,0.7867172419275483,0.016369862202875226
WFG5_D30,5,qLogNEHVI,0.795642531056929,0.01638871730977581
WFG5_D30,6,qLogNEHVI,0.786496155294111,0.012707348682402775
WFG5_D30,7,qLogNEHVI,0.7762225411578791,0.015346258275542816
WFG5_D30,8,qLogNEHVI,0.7847518429144148,0.020893589381195187
WFG5_D30,9,qLogNEHVI,0.7714146760906625,0.018001911875626452
WFG5_D30,10,qLogNEHVI,0.794804415591078,0.016499592891744342
WFG5_D30,11,qLogNEHVI,0.7774784775766274,0.014386669930395847
WFG5_D30,12,qLogNEHVI,0.7793155261113605,0.019106042819533375
WFG5_D30,13,qLogNEHVI,0.7858774558712478,0.015132563588879464
WFG5_D30,14,qLogNEHVI,0.7795532216610191,0.015176776338199431
WFG5_D30,15,qLogNEHVI,0.7889868440346133,0.018305571914929812
WFG5_D30,16,qLogNEHVI,0.7877754896412626,0.010872937536488788
WFG5_D30,17,qLogNEHVI,0.7801390085384612,0.016331266049858795
WFG5_D30,18,qLogNEHVI,0.7714398003820169,0.017892097358217795
WFG5_D30,19,qLogNEHVI,0.7782698661828614,0.013504227066925622
WFG5_D30,20,qLogNEHVI,0.7678126714617117,0.014273515864569528
WFG5_D30,1,MOMF,0.7831819903105761,0.01557245670134138
WFG5_D30,2,MOMF,0.765853277270165,0.015653783695658653
WFG5_D30,3,MOMF,0.7730664560869295,0.01673803751324003
WFG5_D30,4,MOMF,0.76958377436587,0.014400657784164219
WFG5_D30,5,MOMF,0.7863629907737206,0.015519013798811342
WFG5_D30,6,MOMF,0.7843123823771888,0.0216690857147925
WFG5_D30,7,MOMF,0.7665215294346835,0.019769097558219678
WFG5_D30,8,MOMF,0.7611079922691161,0.018059990988328126
WFG5_D30,9,MOMF,0.7710305198025498,0.014627765286238924
WFG5_D30,10,MOMF,0.7876783302035727,0.02015599119601573
WFG5_D30,11,MOMF,0.7779627588660852,0.017549616637594224
WFG5_D30,12,MOMF,0.7730507457733587,0.01617313194517819
WFG5_D30,13,MOMF,0.7696897888796407,0.01783415673741088
WFG5_D30,14,MOMF,0.7699736566348151,0.01921156677719365
WFG5_D30,15,MOMF,0.7785621641539254,0.018062209049992034
WFG5_D30,16,MOMF,0.7761249844528473,0.015898511805909423
WFG5_D30,17,MOMF,0.7843023791745019,0.015978990292745014
WFG5_D30,18,MOMF,0.770997038062986,0.018616215520869794
WFG5_D30,19,MOMF,0.7811900088857386,0.01790541783171454
WFG5_D30,20,MOMF,0.7797546951556297,0.016001269863601512
WFG5_D30,1,PHSEA,0.7833034361891693,0.01884250425133854
WFG5_D30,2,PHSEA,0.7598040664094412,0.01845763588183325
WFG5_D30,3,PHSEA,0.7689713492218148,0.017674206735360746
WFG5_D30,4,PHSEA,0.7773848608827703,0.02232717599792379
WFG5_D30,5,PHSEA,0.7656376986189798,0.0183022679206736
WFG5_D30,6,PHSEA,0.7907522185987057,0.019868515467803726
WFG5_D30,7,PHSEA,0.7732556938147715,0.020690469365068964
WFG5_D30,8,PHSEA,0.7708782940869795,0.02253001572990889
WFG5_D30,9,PHSEA,0.7756503198157527,0.016671355601654992
WFG5_D30,10,PHSEA,0.7849511182571036,0.019816555173308444
WFG5_D30,11,PHSEA,0.760875314225174,0.01734521289894705
WFG5_D30,12,PHSEA,0.7563651318995075,0.017800327395941264
WFG5_D30,13,PHSEA,0.7591428945748897,0.017588012711782695
WFG5_D30,14,PHSEA,0.7714986355780054,0.016696601659445188
WFG5_D30,15,PHSEA,0.7797161207759347,0.02139780524856278
WFG5_D30,16,PHSEA,0.7622178766081021,0.016067024331925348
WFG5_D30,17,PHSEA,0.7811324455777806,0.021818675306081198
WFG5_D30,18,PHSEA,0.7649817273863687,0.015102232020445916
WFG5_D30,19,PHSEA,0.7760776235219214,0.020106991975295512
WFG5_D30,20,PHSEA,0.7623211361874839,0.0172677590943057
WFG5_D30,1,MSAEA-DM,0.762088879421428,0.018828493049981472
WFG5_D30,2,MSAEA-DM,0.7480605352870526,0.02298534541581503
WFG5_D30,3,MSAEA-DM,0.7715818835631443,0.02416104896233817
WFG5_D30,4,MSAEA-DM,0.7740272084737262,0.021221917940628686
WFG5_D30,5,MSAEA-DM,0.7517663959105373,0.018891776905441898
WFG5_D30,6,MSAEA-DM,0.7601048030148738,0.020568254993580195
WFG5_D30,7,MSAEA-DM,0.7633702616482564,0.02153465469781531
WFG5_D30,8,MSAEA-DM,0.7618554934275503,0.02186499572120959
WFG5_D30,9,MSAEA-DM,0.7609429873495388,0.02256002820810214
WFG5_D30,10,MSAEA-DM,0.75368748310968,0.022829374043638963
WFG5_D30,11,MSAEA-DM,0.751864970732322,0.017583084476765584
WFG5_D30,12,MSAEA-DM,0.7562228398581358,0.022479431871837596
WFG5_D30,13,MSAEA-DM,0.7697522797342135,0.02152562310627051
WFG5_D30,14,MSAEA-DM,0.7618641131032869,0.0228613041098892
WFG5_D30,15,MSAEA-DM,0.7667849691232298,0.020484234653924932
WFG5_D30,16,MSAEA-DM,0.7695698852452832,0.016791748968429963
WFG5_D30,17,MSAEA-DM,0.7564976465496656,0.02147218501132411
WFG5_D30,18,MSAEA-DM,0.7675347125770855,0.020736303106164318
WFG5_D30,19,MSAEA-DM,0.7790582417381832,0.023117988747534853
WFG5_D30,20,MSAEA-DM,0.7620411443619161,0.022835062045652287
WFG5_D30,1,AS-SMEA,0.7585123514745835,0.022663744775604178
WFG5_D30,2,AS-SMEA,0.7542964308850684,0.022036690723157837
WFG5_D30,3,AS-SMEA,0.7717239672035295,0.022450057417312052
WFG5_D30,4,AS-SMEA,0.7567745933867895,0.023689852752840936
WFG5_D30,5,AS-SMEA,0.7525521099760574,0.024629642450992036
WFG5_D30,6,AS-SMEA,0.7454109322167033,0.024057774261452225
WFG5_D30,7,AS-SMEA,0.7629290375444894,0.026845016710202056
WFG5_D30,8,AS-SMEA,0.7404167803301852,0.02313952793935871
WFG5_D30,9,AS-SMEA,0.7603431522385196,0.0208579612556782
WFG5_D30,10,AS-SMEA,0.7330099859341913,0.025350302808686984
WFG5_D30,11,AS-SMEA,0.7623191416949313,0.024753649345503434
WFG5_D30,12,AS-SMEA,0.7475910313728472,0.017704889751586052
WFG5_D30,13,AS-SMEA,0.7535192682762342,0.025556199331745477
WFG5_D30,14,AS-SMEA,0.7756492312206963,0.023385012255367304
WFG5_D30,15,AS-SMEA,0.7547088069815828,0.020254036683196145
WFG5_D30,16,AS-SMEA,0.767758051307831,0.023157945115054215
WFG5_D30,17,AS-SMEA,0.7478601337632373,0.021038685949772113
WFG5_D30,18,AS-SMEA,0.7493944541090961,0.022748792128980053
WFG5_D30,19,AS-SMEA,0.7648691921648806,0.02022977140656606
WFG5_D30,20,AS-SMEA,0.749857144058909,0.02361798546098537
WFG6_D14,1,Frank-WT MF-PIRN,0.8573500808598855,0.017002178678304794
WFG6_D14,2,Frank-WT MF-PIRN,0.8722880713170437,0.014920425612606914
WFG6_D14,3,Frank-WT MF-PIRN,0.8521865998121064,0.012162357356862283
WFG6_D14,4,Frank-WT MF-PIRN,0.8601699985884464,0.012107030743232314
WFG6_D14,5,Frank-WT MF-PIRN,0.8649603446868143,0.015266974284035981
WFG6_D14,6,Frank-WT MF-PIRN,0.8516866911651735,0.012474153974264787
WFG6_D14,7,Frank-WT MF-PIRN,0.8588149182762972,0.013177064826287008
WFG6_D14,8,Frank-WT MF-PIRN,0.8578618393000204,0.01343591576576092
WFG6_D14,9,Frank-WT MF-PIRN,0.8549901899510306,0.010302178323921357
WFG6_D14,10,Frank-WT MF-PIRN,0.8561361547345293,0.010244764443346438
WFG6_D14,11,Frank-WT MF-PIRN,0.8543264480370575,0.01075551217352419
WFG6_D14,12,Frank-WT MF-PIRN,0.8594302922765237,0.009068318123862974
WFG6_D14,13,Frank-WT MF-PIRN,0.8682886267179072,0.011184071487186666
WFG6_D14,14,Frank-WT MF-PIRN,0.8508631936761588,0.013398193622909907
WFG6_D14,15,Frank-WT MF-PIRN,0.8493821158156224,0.011937619854389101
WFG6_D14,16,Frank-WT MF-PIRN,0.8331285132362094,0.007827677769515795
WFG6_D14,17,Frank-WT MF-PIRN,0.8470229737907837,0.01188446457986187
WFG6_D14,18,Frank-WT MF-PIRN,0.8709540217232921,0.014949414644220076
WFG6_D14,19,Frank-WT MF-PIRN,0.8675016506603789,0.008415218000047386
WFG6_D14,20,Frank-WT MF-PIRN,0.8530461062184435,0.014248315424580865
WFG6_D14,1,MF-HVKG,0.858340224574269,0.011111765437715478
WFG6_D14,2,MF-HVKG,0.8454698706615331,0.00891731265293243
WFG6_D14,3,MF-HVKG,0.861758425067008,0.015061345605279889
WFG6_D14,4,MF-HVKG,0.8426028505481732,0.015968940187592602
WFG6_D14,5,MF-HVKG,0.8523708311443616,0.015610297606480602
WFG6_D14,6,MF-HVKG,0.857591694135164,0.019137955421749307
WFG6_D14,7,MF-HVKG,0.873994637470357,0.011797955484970951
WFG6_D14,8,MF-HVKG,0.8538774704688562,0.012620895834694886
WFG6_D14,9,MF-HVKG,0.8401055903389973,0.015377864745388267
WFG6_D14,10,MF-HVKG,0.8514390311919604,0.014084557478769289
WFG6_D14,11,MF-HVKG,0.8594418019834116,0.01262637455673217
WFG6_D14,12,MF-HVKG,0.8625438650621953,0.01621778510269923
WFG6_D14,13,MF-HVKG,0.8462792200337598,0.013849564865281194
WFG6_D14,14,MF-HVKG,0.8563180396691793,0.014424615110465841
WFG6_D14,15,MF-HVKG,0.8404669115934162,0.011390986295707378
WFG6_D14,16,MF-HVKG,0.8511439929764155,0.013487285557876167
WFG6_D14,17,MF-HVKG,0.8344586878094147,0.016904199271731642
WFG6_D14,18,MF-HVKG,0.857704661928829,0.01266092341685351
WFG6_D14,19,MF-HVKG,0.851853829306351,0.013048368549853511
WFG6_D14,20,MF-HVKG,0.8461649720480557,0.016129405346297587
WFG6_D14,1,qLogNEHVI,0.8587760134814947,0.012808013437736134
WFG6_D14,2,qLogNEHVI,0.8276155369504729,0.015525422027099608
WFG6_D14,3,qLogNEHVI,0.8551894953980903,0.014137692051314118
WFG6_D14,4,qLogNEHVI,0.8259900678783038,0.01978538504478229
WFG6_D14,5,qLogNEHVI,0.848498099335738,0.01587241962868075
WFG6_D14,6,qLogNEHVI,0.8470453413683379,0.015703659077404813
WFG6_D14,7,qLogNEHVI,0.849759317725974,0.01869637024112761
WFG6_D14,8,qLogNEHVI,0.8327505822739532,0.015705244112164122
WFG6_D14,9,qLogNEHVI,0.8252736844207826,0.01735506512885194
WFG6_D14,10,qLogNEHVI,0.8316232985824052,0.016396493204364523
WFG6_D14,11,qLogNEHVI,0.8264394909840054,0.011185143615685449
WFG6_D14,12,qLogNEHVI,0.8559439018009075,0.01571598066884025
WFG6_D14,13,qLogNEHVI,0.8511519520387106,0.018010951850133163
WFG6_D14,14,qLogNEHVI,0.8555409771109981,0.01247861788832468
WFG6_D14,15,qLogNEHVI,0.8484874051243697,0.01833332732952534
WFG6_D14,16,qLogNEHVI,0.8388283721119926,0.021134796570604866
WFG6_D14,17,qLogNEHVI,0.8494348729800306,0.018335106561426107
WFG6_D14,18,qLogNEHVI,0.8259666955332188,0.015406790444769478
WFG6_D14,19,qLogNEHVI,0.8434393378036307,0.01807511812435387
WFG6_D14,20,qLogNEHVI,0.8490504598180352,0.015047042699627672
WFG6_D14,1,MOMF,0.8417837967032027,0.013020890268883215
WFG6_D14,2,MOMF,0.8403006800997298,0.016156183526354447
WFG6_D14,3,MOMF,0.8430885669036091,0.017477184090761166
WFG6_D14,4,MOMF,0.8623186811819229,0.01969932719331214
WFG6_D14,5,MOMF,0.8306837311979246,0.016129918973558907
WFG6_D14,6,MOMF,0.8196062054050348,0.016181345979703214
WFG6_D14,7,MOMF,0.8323838377022945,0.017570824649567822
WFG6_D14,8,MOMF,0.839928830097273,0.01402082026793509
WFG6_D14,9,MOMF,0.8354769600144979,0.01926282111169182
WFG6_D14,10,MOMF,0.830711930542757,0.012324661006693365
WFG6_D14,11,MOMF,0.8258451673094916,0.01918643365450888
WFG6_D14,12,MOMF,0.8287080716639474,0.01916801717424331
WFG6_D14,13,MOMF,0.8201175760366951,0.015210979273291191
WFG6_D14,14,MOMF,0.826404459838246,0.019311964034770455
WFG6_D14,15,MOMF,0.8384109089869471,0.02141820164395684
WFG6_D14,16,MOMF,0.8151496685927706,0.017136059869649143
WFG6_D14,17,MOMF,0.8196308034223423,0.015478188545044243
WFG6_D14,18,MOMF,0.8332779054824211,0.018509556082922495
WFG6_D14,19,MOMF,0.8376147957602068,0.019315870270165212
WFG6_D14,20,MOMF,0.8228942963334246,0.015573826170031268
WFG6_D14,1,PHSEA,0.8291285858347781,0.01779356082295505
WFG6_D14,2,PHSEA,0.8160650549143876,0.01909024155504638
WFG6_D14,3,PHSEA,0.8194802686418163,0.019565134899713135
WFG6_D14,4,PHSEA,0.821480329778594,0.01574390500951175
WFG6_D14,5,PHSEA,0.7935551894233316,0.018885508014594148
WFG6_D14,6,PHSEA,0.8251624879743522,0.01859518227980717
WFG6_D14,7,PHSEA,0.8225223050706534,0.019718921546734644
WFG6_D14,8,PHSEA,0.8063627526705597,0.019248392770572248
WFG6_D14,9,PHSEA,0.8322700179382768,0.02025552600099923
WFG6_D14,10,PHSEA,0.8350553415749142,0.02259318756374013
WFG6_D14,11,PHSEA,0.8336630133543469,0.021664071154312757
WFG6_D14,12,PHSEA,0.8296097695135097,0.01681882947600135
WFG6_D14,13,PHSEA,0.8324838391265416,0.01976387002645329
WFG6_D14,14,PHSEA,0.8348516673337049,0.019424379038868348
WFG6_D14,15,PHSEA,0.8375993832048005,0.016728910399855364
WFG6_D14,16,PHSEA,0.8423961499247948,0.01972143503910555
WFG6_D14,17,PHSEA,0.8108908094649507,0.01954298777873464
WFG6_D14,18,PHSEA,0.8254861042382698,0.020552161911700055
WFG6_D14,19,PHSEA,0.83497031633349,0.01779493252411763
WFG6_D14,20,PHSEA,0.826658794696688,0.019316250879243935
WFG6_D14,1,MSAEA-DM,0.8240887786305399,0.020266583940859555
WFG6_D14,2,MSAEA-DM,0.8330612921551193,0.02310549022374991
WFG6_D14,3,MSAEA-DM,0.8177506168631952,0.018049936441047354
WFG6_D14,4,MSAEA-DM,0.8109809921174382,0.02047102244879412
WFG6_D14,5,MSAEA-DM,0.8129130214816896,0.022643570751810563
WFG6_D14,6,MSAEA-DM,0.80546789333209,0.020361776092312527
WFG6_D14,7,MSAEA-DM,0.8258542054151037,0.021356795487160896
WFG6_D14,8,MSAEA-DM,0.8245871821398882,0.020888881827967686
WFG6_D14,9,MSAEA-DM,0.8038099106859012,0.02042415315032243
WFG6_D14,10,MSAEA-DM,0.8193693338864538,0.01543817057689872
WFG6_D14,11,MSAEA-DM,0.8041555452090347,0.019577959783086026
WFG6_D14,12,MSAEA-DM,0.8425572368816084,0.017767868854217012
WFG6_D14,13,MSAEA-DM,0.8089727891484784,0.018657592298250363
WFG6_D14,14,MSAEA-DM,0.821187786307968,0.0176957913769666
WFG6_D14,15,MSAEA-DM,0.8054153250281224,0.017580937043128138
WFG6_D14,16,MSAEA-DM,0.8141691394973112,0.01854846558619313
WFG6_D14,17,MSAEA-DM,0.8306170083370228,0.020799946918440376
WFG6_D14,18,MSAEA-DM,0.8097430227047815,0.02279869266083448
WFG6_D14,19,MSAEA-DM,0.8350670719566858,0.01981657695434779
WFG6_D14,20,MSAEA-DM,0.813889755017125,0.020887335028493187
WFG6_D14,1,AS-SMEA,0.8133245653773352,0.030286898058649175
WFG6_D14,2,AS-SMEA,0.8031993639555982,0.021287696423938643
WFG6_D14,3,AS-SMEA,0.8123378006582804,0.027987699546464597
WFG6_D14,4,AS-SMEA,0.8117564581019903,0.023223762279015285
WFG6_D14,5,AS-SMEA,0.7945766946273506,0.022301315245283688
WFG6_D14,6,AS-SMEA,0.8201316048416459,0.0222240193049316
WFG6_D14,7,AS-SMEA,0.817634728263454,0.022157988404418804
WFG6_D14,8,AS-SMEA,0.8118891179974436,0.021626725322964644
WFG6_D14,9,AS-SMEA,0.8064329701348041,0.022347335940961468
WFG6_D14,10,AS-SMEA,0.8130182606670691,0.026035485055134124
WFG6_D14,11,AS-SMEA,0.7967954425225003,0.021646305660735082
WFG6_D14,12,AS-SMEA,0.8064833862361801,0.02345308453295972
WFG6_D14,13,AS-SMEA,0.8140538588409479,0.019662711787225718
WFG6_D14,14,AS-SMEA,0.8095731108117832,0.018764456917191284
WFG6_D14,15,AS-SMEA,0.8386355991776214,0.023768561646358922
WFG6_D14,16,AS-SMEA,0.8097750374135876,0.024587538082273343
WFG6_D14,17,AS-SMEA,0.8005950457143471,0.026928045033800287
WFG6_D14,18,AS-SMEA,0.8078030519555629,0.019471341014258084
WFG6_D14,19,AS-SMEA,0.8094027384126053,0.02623422576299503
WFG6_D14,20,AS-SMEA,0.7912087518235735,0.024438440826593383
WFG6_D30,1,Frank-WT MF-PIRN,0.8888074086859375,0.012689206410731742
WFG6_D30,2,Frank-WT MF-PIRN,0.8974102722995915,0.012814351006322632
WFG6_D30,3,Frank-WT MF-PIRN,0.8904195215580983,0.010344032860543355
WFG6_D30,4,Frank-WT MF-PIRN,0.9147871593279386,0.012100701056855387
WFG6_D30,5,Frank-WT MF-PIRN,0.8936980903763486,0.008680120487968249
WFG6_D30,6,Frank-WT MF-PIRN,0.8929774184390247,0.011900073847928159
WFG6_D30,7,Frank-WT MF-PIRN,0.8850137796319926,0.012446314324457277
WFG6_D30,8,Frank-WT MF-PIRN,0.9030818600608286,0.012547639528068602
WFG6_D30,9,Frank-WT MF-PIRN,0.8977620644023774,0.009064734101123312
WFG6_D30,10,Frank-WT MF-PIRN,0.8999754292576768,0.012238436770828863
WFG6_D30,11,Frank-WT MF-PIRN,0.9047092823979732,0.01264880138808997
WFG6_D30,12,Frank-WT MF-PIRN,0.8890354596372365,0.009097701085176501
WFG6_D30,13,Frank-WT MF-PIRN,0.9009067222961797,0.008822232383990594
WFG6_D30,14,Frank-WT MF-PIRN,0.9031933723387569,0.011846776215734264
WFG6_D30,15,Frank-WT MF-PIRN,0.8906351556308598,0.012933436913451257
WFG6_D30,16,Frank-WT MF-PIRN,0.8834216040069826,0.007521554991679818
WFG6_D30,17,Frank-WT MF-PIRN,0.9028179757375545,0.008917259370192578
WFG6_D30,18,Frank-WT MF-PIRN,0.9112568300299164,0.015614001551501501
WFG6_D30,19,Frank-WT MF-PIRN,0.9029677061943169,0.012473829567302013
WFG6_D30,20,Frank-WT MF-PIRN,0.8933475297483707,0.011789897814018796
WFG6_D30,1,MF-HVKG,0.8898033986368572,0.01353193698893025
WFG6_D30,2,MF-HVKG,0.8883151774418261,0.016384433322893296
WFG6_D30,3,MF-HVKG,0.9083483141836817,0.01283137321349287
WFG6_D30,4,MF-HVKG,0.8867160153807467,0.01687709483638349
WFG6_D30,5,MF-HVKG,0.8915823831432482,0.015164187386050812
WFG6_D30,6,MF-HVKG,0.8833036357620999,0.012344181635696647
WFG6_D30,7,MF-HVKG,0.8968834113152864,0.014735007440929721
WFG6_D30,8,MF-HVKG,0.8867466763311624,0.013599897425122286
WFG6_D30,9,MF-HVKG,0.8781954722506506,0.01398524448520688
WFG6_D30,10,MF-HVKG,0.8842886451402983,0.012509890442600018
WFG6_D30,11,MF-HVKG,0.896605831389291,0.016246197673240217
WFG6_D30,12,MF-HVKG,0.8771663950041386,0.014418043544692238
WFG6_D30,13,MF-HVKG,0.8748591554337424,0.014757919720833757
WFG6_D30,14,MF-HVKG,0.8710324948045977,0.011161780424162663
WFG6_D30,15,MF-HVKG,0.8698544471196207,0.013483795604636672
WFG6_D30,16,MF-HVKG,0.9000253644510235,0.013909103019863915
WFG6_D30,17,MF-HVKG,0.8897117531468217,0.011779853141377698
WFG6_D30,18,MF-HVKG,0.8802210877534682,0.009705513384259214
WFG6_D30,19,MF-HVKG,0.8661205049117443,0.016971299588769195
WFG6_D30,20,MF-HVKG,0.8949670373879867,0.014657928253759864
WFG6_D30,1,qLogNEHVI,0.8791014235306067,0.018193703818620767
WFG6_D30,2,qLogNEHVI,0.888515007959656,0.013697254298275893
WFG6_D30,3,qLogNEHVI,0.8811294156936378,0.018940920014456242
WFG6_D30,4,qLogNEHVI,0.8669941558235591,0.017121670964319893
WFG6_D30,5,qLogNEHVI,0.8691630952696938,0.019066956676753795
WFG6_D30,6,qLogNEHVI,0.8856524178205227,0.017405533779826968
WFG6_D30,7,qLogNEHVI,0.8833908894797955,0.013823124318251428
WFG6_D30,8,qLogNEHVI,0.8883215679868544,0.01184565098723948
WFG6_D30,9,qLogNEHVI,0.8631167004959388,0.013761312235175427
WFG6_D30,10,qLogNEHVI,0.8927020222221894,0.01497412810546625
WFG6_D30,11,qLogNEHVI,0.8781516083872039,0.017358810944373113
WFG6_D30,12,qLogNEHVI,0.8783660650920841,0.011233926003562066
WFG6_D30,13,qLogNEHVI,0.880853747524217,0.017768452902736848
WFG6_D30,14,qLogNEHVI,0.8663464814386862,0.02036851828870093
WFG6_D30,15,qLogNEHVI,0.8832219436475672,0.016015216435414703
WFG6_D30,16,qLogNEHVI,0.8932408511512256,0.014279001764519078
WFG6_D30,17,qLogNEHVI,0.897559947637459,0.017551914813046292
WFG6_D30,18,qLogNEHVI,0.8878718051198126,0.013328890835379588
WFG6_D30,19,qLogNEHVI,0.8701587286309287,0.015343311412408871
WFG6_D30,20,qLogNEHVI,0.8646427094546593,0.019478316475790108
WFG6_D30,1,MOMF,0.8757008979490682,0.016766240777724453
WFG6_D30,2,MOMF,0.8550366753348724,0.017035681783853066
WFG6_D30,3,MOMF,0.8703544180702877,0.01988923712883581
WFG6_D30,4,MOMF,0.8844578396337712,0.017024254770854223
WFG6_D30,5,MOMF,0.8764959462082302,0.01756002212952746
WFG6_D30,6,MOMF,0.8784927088097234,0.01698333608407191
WFG6_D30,7,MOMF,0.8696073219010249,0.015639887077658364
WFG6_D30,8,MOMF,0.8737377413438808,0.014880351886248977
WFG6_D30,9,MOMF,0.8761406981123133,0.019003039972190057
WFG6_D30,10,MOMF,0.8721194417621058,0.01685145947197115
WFG6_D30,11,MOMF,0.8928964728950589,0.015615149083051501
WFG6_D30,12,MOMF,0.8742922921349962,0.017041129746994396
WFG6_D30,13,MOMF,0.8849759684022301,0.01603983693673232
WFG6_D30,14,MOMF,0.8514840936378744,0.014833044219789697
WFG6_D30,15,MOMF,0.860686694339527,0.018445102284257317
WFG6_D30,16,MOMF,0.8592438653035435,0.016892295458930517
WFG6_D30,17,MOMF,0.8696224440671168,0.015212241786187188
WFG6_D30,18,MOMF,0.8468191819783192,0.01853837025580992
WFG6_D30,19,MOMF,0.8595165681333697,0.016341253209121505
WFG6_D30,20,MOMF,0.8604264807250845,0.0180420737721467
WFG6_D30,1,PHSEA,0.8447254593534278,0.01681001468476284
WFG6_D30,2,PHSEA,0.8493515009074065,0.02099682867906774
WFG6_D30,3,PHSEA,0.8466650493901386,0.0187268867122855
WFG6_D30,4,PHSEA,0.8620718301628407,0.018593611204403115
WFG6_D30,5,PHSEA,0.8481399279394408,0.01705719475992455
WFG6_D30,6,PHSEA,0.8657807538330469,0.021661390681712314
WFG6_D30,7,PHSEA,0.8663948172264685,0.01891128220959399
WFG6_D30,8,PHSEA,0.8741030208930332,0.02143319646818514
WFG6_D30,9,PHSEA,0.8544814570906146,0.01800828564666374
WFG6_D30,10,PHSEA,0.8615371954775953,0.019286861482972734
WFG6_D30,11,PHSEA,0.8783513515457889,0.016531179587310145
WFG6_D30,12,PHSEA,0.8518755751288948,0.018134703357833275
WFG6_D30,13,PHSEA,0.8616512845824201,0.017337211449328628
WFG6_D30,14,PHSEA,0.8410609689929909,0.021544638570216552
WFG6_D30,15,PHSEA,0.8707381411061428,0.022430504679857834
WFG6_D30,16,PHSEA,0.877892181916896,0.021870114143721277
WFG6_D30,17,PHSEA,0.8764194731854502,0.017675781570681625
WFG6_D30,18,PHSEA,0.865898023388463,0.02517048693696041
WFG6_D30,19,PHSEA,0.8567616093097146,0.0210110050424915
WFG6_D30,20,PHSEA,0.8358835449914689,0.024096204915930758
WFG6_D30,1,MSAEA-DM,0.8576369103972165,0.02161787683751702
WFG6_D30,2,MSAEA-DM,0.8434227800475155,0.019403867102361826
WFG6_D30,3,MSAEA-DM,0.85923882297088,0.022721069315321103
WFG6_D30,4,MSAEA-DM,0.8580095018074182,0.01940714057772156
WFG6_D30,5,MSAEA-DM,0.8356906099459179,0.021219973473435932
WFG6_D30,6,MSAEA-DM,0.8681960500876637,0.022740811923758736
WFG6_D30,7,MSAEA-DM,0.8375987231840629,0.020434890110438215
WFG6_D30,8,MSAEA-DM,0.8755735094328663,0.02274613502138079
WFG6_D30,9,MSAEA-DM,0.8619121701298234,0.0202928844430138
WFG6_D30,10,MSAEA-DM,0.8443975651020401,0.01954717317710156
WFG6_D30,11,MSAEA-DM,0.8453213723981464,0.021332172074839964
WFG6_D30,12,MSAEA-DM,0.8526486892979896,0.022681902726856246
WFG6_D30,13,MSAEA-DM,0.8590776377590738,0.020216918443959345
WFG6_D30,14,MSAEA-DM,0.871809381348018,0.02149592164167187
WFG6_D30,15,MSAEA-DM,0.8571052237868679,0.022511394593170767
WFG6_D30,16,MSAEA-DM,0.8497432878390774,0.021384006124429044
WFG6_D30,17,MSAEA-DM,0.8512738751323744,0.02125025675590606
WFG6_D30,18,MSAEA-DM,0.8437975266976533,0.020117025615060808
WFG6_D30,19,MSAEA-DM,0.86645684778508,0.02359637284289971
WFG6_D30,20,MSAEA-DM,0.8546129471746954,0.022307473531791605
WFG6_D30,1,AS-SMEA,0.8315135585752088,0.02238173907184185
WFG6_D30,2,AS-SMEA,0.8352843975016305,0.02192386231048856
WFG6_D30,3,AS-SMEA,0.8354739238113014,0.021577388140906237
WFG6_D30,4,AS-SMEA,0.8608077762867153,0.020724941119930788
WFG6_D30,5,AS-SMEA,0.861758110666927,0.02702457274296145
WFG6_D30,6,AS-SMEA,0.8403071195178248,0.02242619401343224
WFG6_D30,7,AS-SMEA,0.8390330740136437,0.020636219217850957
WFG6_D30,8,AS-SMEA,0.8481944714873301,0.024753207285438533
WFG6_D30,9,AS-SMEA,0.8491920483365486,0.024730609250162697
WFG6_D30,10,AS-SMEA,0.8420557572150923,0.024827392208815916
WFG6_D30,11,AS-SMEA,0.8439994107717622,0.01824144708117097
WFG6_D30,12,AS-SMEA,0.8527689252846058,0.024497480580848923
WFG6_D30,13,AS-SMEA,0.842154490510037,0.023961784928086042
WFG6_D30,14,AS-SMEA,0.8523481336187346,0.020621229087460453
WFG6_D30,15,AS-SMEA,0.8526492693011066,0.019836718453258333
WFG6_D30,16,AS-SMEA,0.8588581671115414,0.021398782069819273
WFG6_D30,17,AS-SMEA,0.8459952098932906,0.02356569946507441
WFG6_D30,18,AS-SMEA,0.8527664523724954,0.022200148516648813
WFG6_D30,19,AS-SMEA,0.8332730240614782,0.01861710247260862
WFG6_D30,20,AS-SMEA,0.8603337795336093,0.023156932606919325
WFG7_D14,1,Frank-WT MF-PIRN,0.8792858868576418,0.018892645543281877
WFG7_D14,2,Frank-WT MF-PIRN,0.8802442209380488,0.016974250801045105
WFG7_D14,3,Frank-WT MF-PIRN,0.898035782958262,0.017632737005612166
WFG7_D14,4,Frank-WT MF-PIRN,0.8801974452597442,0.013741318202856505
WFG7_D14,5,Frank-WT MF-PIRN,0.8729693812848045,0.014826946349846916
WFG7_D14,6,Frank-WT MF-PIRN,0.8746701465191405,0.02015130945462571
WFG7_D14,7,Frank-WT MF-PIRN,0.8872384847754499,0.014271705432239584
WFG7_D14,8,Frank-WT MF-PIRN,0.8834652804280607,0.02045278351785833
WFG7_D14,9,Frank-WT MF-PIRN,0.8881823261286322,0.017850724882900584
WFG7_D14,10,Frank-WT MF-PIRN,0.8688328615931548,0.018458444718297495
WFG7_D14,11,Frank-WT MF-PIRN,0.8747653266788643,0.014088760628234945
WFG7_D14,12,Frank-WT MF-PIRN,0.8904764077117269,0.019344343241461972
WFG7_D14,13,Frank-WT MF-PIRN,0.8837030356052166,0.02206762840753582
WFG7_D14,14,Frank-WT MF-PIRN,0.8992684510253264,0.01498751196818928
WFG7_D14,15,Frank-WT MF-PIRN,0.8933279917121193,0.01789069827752548
WFG7_D14,16,Frank-WT MF-PIRN,0.884680563043787,0.01745802791666055
WFG7_D14,17,Frank-WT MF-PIRN,0.8828451108667378,0.019608937038146434
WFG7_D14,18,Frank-WT MF-PIRN,0.8759175261344118,0.02099745510021353
WFG7_D14,19,Frank-WT MF-PIRN,0.8745838438833423,0.015925964840633505
WFG7_D14,20,Frank-WT MF-PIRN,0.8509428045450327,0.01896826000860843
WFG7_D14,1,MF-HVKG,0.9020250064923692,0.01367555092565986
WFG7_D14,2,MF-HVKG,0.8857623077094864,0.011109092744239046
WFG7_D14,3,MF-HVKG,0.9062572461806098,0.015645356716988676
WFG7_D14,4,MF-HVKG,0.883480870755676,0.01715544621459483
WFG7_D14,5,MF-HVKG,0.8892865516741875,0.016614975838886978
WFG7_D14,6,MF-HVKG,0.8842059470976776,0.02003563274999784
WFG7_D14,7,MF-HVKG,0.8956310955123505,0.010252603054856266
WFG7_D14,8,MF-HVKG,0.9019768421948156,0.010528438003386036
WFG7_D14,9,MF-HVKG,0.9027670794423542,0.016107209233913386
WFG7_D14,10,MF-HVKG,0.8970480988630237,0.008725025812458143
WFG7_D14,11,MF-HVKG,0.8972442094227961,0.012250813334673406
WFG7_D14,12,MF-HVKG,0.8974153530206329,0.015130767779009947
WFG7_D14,13,MF-HVKG,0.8995869863370535,0.011925258050276657
WFG7_D14,14,MF-HVKG,0.8948083054378869,0.015405636947250301
WFG7_D14,15,MF-HVKG,0.911977975925924,0.012492806671733732
WFG7_D14,16,MF-HVKG,0.8811751854742194,0.012207356802151962
WFG7_D14,17,MF-HVKG,0.909852842144946,0.014562043785228237
WFG7_D14,18,MF-HVKG,0.9068158859824745,0.017335696186492087
WFG7_D14,19,MF-HVKG,0.8891304573344517,0.015355847270916673
WFG7_D14,20,MF-HVKG,0.8924433441032004,0.017436197704375406
WFG7_D14,1,qLogNEHVI,0.8657190276409386,0.015460249917622714
WFG7_D14,2,qLogNEHVI,0.8724405700825544,0.016167000682314518
WFG7_D14,3,qLogNEHVI,0.8841144051330042,0.01592092933007403
WFG7_D14,4,qLogNEHVI,0.9071310163816263,0.0169186573895184
WFG7_D14,5,qLogNEHVI,0.9002848881323019,0.013098556031857092
WFG7_D14,6,qLogNEHVI,0.8801686714203791,0.016689275564403486
WFG7_D14,7,qLogNEHVI,0.9026860344503682,0.01487407985673272
WFG7_D14,8,qLogNEHVI,0.8773659547958893,0.01920175104337499
WFG7_D14,9,qLogNEHVI,0.9198793094860139,0.013922976368925623
WFG7_D14,10,qLogNEHVI,0.9059090659139445,0.017030395011505998
WFG7_D14,11,qLogNEHVI,0.8969131939549597,0.014981365744240317
WFG7_D14,12,qLogNEHVI,0.897026272513515,0.017649533539117124
WFG7_D14,13,qLogNEHVI,0.8809833845098175,0.014799740235278898
WFG7_D14,14,qLogNEHVI,0.8981926678902589,0.01644802410050026
WFG7_D14,15,qLogNEHVI,0.8959836265703235,0.012060422107449419
WFG7_D14,16,qLogNEHVI,0.8695674276596612,0.017237536933297062
WFG7_D14,17,qLogNEHVI,0.8882026118280224,0.015302049436151145
WFG7_D14,18,qLogNEHVI,0.8928095071024156,0.010030470530521425
WFG7_D14,19,qLogNEHVI,0.886869660806439,0.016932078411729234
WFG7_D14,20,qLogNEHVI,0.8890483086608677,0.01723045380766527
WFG7_D14,1,MOMF,0.8689939847044805,0.017211385170205415
WFG7_D14,2,MOMF,0.8742213946125656,0.013529355645137332
WFG7_D14,3,MOMF,0.8832211782279794,0.018798136967078195
WFG7_D14,4,MOMF,0.8848829326774339,0.017255995168377933
WFG7_D14,5,MOMF,0.8945910576186534,0.02083889658797697
WFG7_D14,6,MOMF,0.8751285946826938,0.018267363362654738
WFG7_D14,7,MOMF,0.8793528054695974,0.016186066029995318
WFG7_D14,8,MOMF,0.8922804228582614,0.01796727441051334
WFG7_D14,9,MOMF,0.8989652857159667,0.019374969940453613
WFG7_D14,10,MOMF,0.8928915838674393,0.019241500524686872
WFG7_D14,11,MOMF,0.8946271452465815,0.015322182359871758
WFG7_D14,12,MOMF,0.8922805339842368,0.014465071010274094
WFG7_D14,13,MOMF,0.8767688008578991,0.017958301368752847
WFG7_D14,14,MOMF,0.8954594436765034,0.0166025357797104
WFG7_D14,15,MOMF,0.8729222484406569,0.015156893660332332
WFG7_D14,16,MOMF,0.8847720538481302,0.018385974749970564
WFG7_D14,17,MOMF,0.8708925259506315,0.019957394355633745
WFG7_D14,18,MOMF,0.870630519837267,0.016449833468932456
WFG7_D14,19,MOMF,0.8822614678036311,0.01329590941162357
WFG7_D14,20,MOMF,0.889058978252281,0.015116576094900604
WFG7_D14,1,PHSEA,0.9044834192668479,0.013693028081742815
WFG7_D14,2,PHSEA,0.8912337268750756,0.014641656571715699
WFG7_D14,3,PHSEA,0.8893331606806018,0.017775341923540675
WFG7_D14,4,PHSEA,0.8886158026608585,0.015020663293345903
WFG7_D14,5,PHSEA,0.8858594225516204,0.015472327907710942
WFG7_D14,6,PHSEA,0.8936755839017092,0.015928405765502144
WFG7_D14,7,PHSEA,0.8904761743575911,0.016924330512016875
WFG7_D14,8,PHSEA,0.8948657181118763,0.01118549748619867
WFG7_D14,9,PHSEA,0.8819153950151943,0.014748724767342423
WFG7_D14,10,PHSEA,0.8989484338871113,0.01439114160270505
WFG7_D14,11,PHSEA,0.9138855627044933,0.013491662142051544
WFG7_D14,12,PHSEA,0.8867529759243494,0.013536225358433717
WFG7_D14,13,PHSEA,0.8898842952076341,0.012362990046191114
WFG7_D14,14,PHSEA,0.8905586762153476,0.012955965776119781
WFG7_D14,15,PHSEA,0.8910430205770572,0.015439582475028019
WFG7_D14,16,PHSEA,0.8894720596249196,0.013781221859587953
WFG7_D14,17,PHSEA,0.8822476785918945,0.010720884646624611
WFG7_D14,18,PHSEA,0.9031426086456968,0.01543722491874415
WFG7_D14,19,PHSEA,0.9024181632832442,0.011642640296351547
WFG7_D14,20,PHSEA,0.894247885288811,0.009019213374568747
WFG7_D14,1,MSAEA-DM,0.8679123147285545,0.022640778254940316
WFG7_D14,2,MSAEA-DM,0.873795066045959,0.02154884159091679
WFG7_D14,3,MSAEA-DM,0.8795684622930137,0.018546418795309952
WFG7_D14,4,MSAEA-DM,0.874972449750844,0.02160603429460831
WFG7_D14,5,MSAEA-DM,0.8658933642237067,0.020515101029836755
WFG7_D14,6,MSAEA-DM,0.8518200110951581,0.022137698345868966
WFG7_D14,7,MSAEA-DM,0.8774538273020345,0.02160647629866478
WFG7_D14,8,MSAEA-DM,0.8747430605256037,0.02282549374030002
WFG7_D14,9,MSAEA-DM,0.8406609243981006,0.023098282216874117
WFG7_D14,10,MSAEA-DM,0.8535637632529435,0.021372265040754453
WFG7_D14,11,MSAEA-DM,0.8628888779829974,0.02124949687245726
WFG7_D14,12,MSAEA-DM,0.8613863589147214,0.019600580200083297
WFG7_D14,13,MSAEA-DM,0.8555360565092084,0.01916084871716327
WFG7_D14,14,MSAEA-DM,0.8588039763612969,0.02162543957650208
WFG7_D14,15,MSAEA-DM,0.8344233410993656,0.019069164770232648
WFG7_D14,16,MSAEA-DM,0.871453964797095,0.018771058741402363
WFG7_D14,17,MSAEA-DM,0.8655783655387695,0.022186256714303753
WFG7_D14,18,MSAEA-DM,0.8700513989223811,0.022612321494657014
WFG7_D14,19,MSAEA-DM,0.8678344600737825,0.020104748881622336
WFG7_D14,20,MSAEA-DM,0.8682292785415782,0.021839087326044258
WFG7_D14,1,AS-SMEA,0.8616857080816023,0.02316361795467395
WFG7_D14,2,AS-SMEA,0.8530278479715526,0.022496964552267587
WFG7_D14,3,AS-SMEA,0.8394956341481339,0.023415585496249315
WFG7_D14,4,AS-SMEA,0.8593573575928913,0.025955225400058755
WFG7_D14,5,AS-SMEA,0.8562277019520517,0.02092864661369521
WFG7_D14,6,AS-SMEA,0.8563341500468665,0.018167487949377382
WFG7_D14,7,AS-SMEA,0.8593824240354785,0.021747408443296038
WFG7_D14,8,AS-SMEA,0.849059577276983,0.026388537751676218
WFG7_D14,9,AS-SMEA,0.8718619263341065,0.02332044764789338
WFG7_D14,10,AS-SMEA,0.857029235326079,0.02217455175427968
WFG7_D14,11,AS-SMEA,0.8754245519997105,0.018119495824479442
WFG7_D14,12,AS-SMEA,0.8463539826995823,0.01831094875097033
WFG7_D14,13,AS-SMEA,0.8528230458354618,0.022210644876224594
WFG7_D14,14,AS-SMEA,0.8438404978625884,0.023702941412347144
WFG7_D14,15,AS-SMEA,0.8668861087065377,0.021156183165554853
WFG7_D14,16,AS-SMEA,0.8644640362242232,0.024429555576702608
WFG7_D14,17,AS-SMEA,0.8460518905605169,0.025133444452803133
WFG7_D14,18,AS-SMEA,0.8550747219129495,0.02383816908096581
WFG7_D14,19,AS-SMEA,0.8490501244426024,0.022974809155418233
WFG7_D14,20,AS-SMEA,0.8537202169055003,0.02395614165529861
WFG7_D30,1,Frank-WT MF-PIRN,0.8852466029404884,0.01186897435561369
WFG7_D30,2,Frank-WT MF-PIRN,0.8859845356701965,0.010615449521010218
WFG7_D30,3,Frank-WT MF-PIRN,0.8634395786282139,0.009950120765050308
WFG7_D30,4,Frank-WT MF-PIRN,0.8874618044378848,0.012543955403211559
WFG7_D30,5,Frank-WT MF-PIRN,0.8897566876519659,0.011012123750803755
WFG7_D30,6,Frank-WT MF-PIRN,0.8760125840374824,0.013562950313029391
WFG7_D30,7,Frank-WT MF-PIRN,0.8917155968438788,0.009466073361782148
WFG7_D30,8,Frank-WT MF-PIRN,0.8932146213322246,0.012048159988061417
WFG7_D30,9,Frank-WT MF-PIRN,0.8887758778592405,0.011072133530405922
WFG7_D30,10,Frank-WT MF-PIRN,0.8842226214989529,0.008102722778497731
WFG7_D30,11,Frank-WT MF-PIRN,0.8748968082788838,0.011789439941409248
WFG7_D30,12,Frank-WT MF-PIRN,0.8986667144964575,0.012346609165744676
WFG7_D30,13,Frank-WT MF-PIRN,0.8898888857745407,0.01025324614815416
WFG7_D30,14,Frank-WT MF-PIRN,0.8777832956192901,0.015403615680155688
WFG7_D30,15,Frank-WT MF-PIRN,0.8561996695774843,0.010344395624055628
WFG7_D30,16,Frank-WT MF-PIRN,0.8692437948602588,0.013632913868483039
WFG7_D30,17,Frank-WT MF-PIRN,0.8848446258470681,0.009112364042013566
WFG7_D30,18,Frank-WT MF-PIRN,0.8882756600797513,0.014698483348514254
WFG7_D30,19,Frank-WT MF-PIRN,0.8931111553754478,0.010951343481891678
WFG7_D30,20,Frank-WT MF-PIRN,0.8654308193506688,0.013890530073608161
WFG7_D30,1,MF-HVKG,0.8822546321732521,0.011803972308417267
WFG7_D30,2,MF-HVKG,0.8682761182688363,0.015753415000351913
WFG7_D30,3,MF-HVKG,0.8766466120917848,0.01324849300968217
WFG7_D30,4,MF-HVKG,0.8486162358145448,0.012073130750889808
WFG7_D30,5,MF-HVKG,0.8892021385539121,0.015470028758443406
WFG7_D30,6,MF-HVKG,0.8775456069767904,0.013072667266413514
WFG7_D30,7,MF-HVKG,0.8514211346445036,0.014053894554561545
WFG7_D30,8,MF-HVKG,0.8643900117898977,0.013296274419832207
WFG7_D30,9,MF-HVKG,0.8693767734763668,0.0147703567798734
WFG7_D30,10,MF-HVKG,0.8797507819020525,0.012328407725978915
WFG7_D30,11,MF-HVKG,0.8627752819127742,0.012193142747077298
WFG7_D30,12,MF-HVKG,0.8739840022281987,0.008031899730971518
WFG7_D30,13,MF-HVKG,0.8814866619595656,0.01565543291445821
WFG7_D30,14,MF-HVKG,0.8643034388169107,0.015029686238113479
WFG7_D30,15,MF-HVKG,0.8617776720138755,0.014676760935950217
WFG7_D30,16,MF-HVKG,0.8762431866468864,0.0112884257349449
WFG7_D30,17,MF-HVKG,0.8970848975601252,0.013624927491251795
WFG7_D30,18,MF-HVKG,0.8886084390471148,0.014590555064730044
WFG7_D30,19,MF-HVKG,0.8738707157546728,0.014629277835992724
WFG7_D30,20,MF-HVKG,0.8604112151152201,0.0161196181035176
WFG7_D30,1,qLogNEHVI,0.8747374408647121,0.015369080633378608
WFG7_D30,2,qLogNEHVI,0.8712724658146209,0.01470931990243646
WFG7_D30,3,qLogNEHVI,0.8761157019478313,0.014647469914383402
WFG7_D30,4,qLogNEHVI,0.8714551827118415,0.017216912772817818
WFG7_D30,5,qLogNEHVI,0.8513782010497171,0.011470499549431308
WFG7_D30,6,qLogNEHVI,0.853524946164055,0.01546505666806925
WFG7_D30,7,qLogNEHVI,0.8777768442319411,0.012081163898736258
WFG7_D30,8,qLogNEHVI,0.858740138318949,0.017465435255157192
WFG7_D30,9,qLogNEHVI,0.8601223676822833,0.016621926715672898
WFG7_D30,10,qLogNEHVI,0.8623436195872728,0.016253709664066387
WFG7_D30,11,qLogNEHVI,0.8693070094759678,0.013520743463618916
WFG7_D30,12,qLogNEHVI,0.8771477816199421,0.015774567757989272
WFG7_D30,13,qLogNEHVI,0.882629601659231,0.015939332752696263
WFG7_D30,14,qLogNEHVI,0.8521793067543111,0.019919954322506535
WFG7_D30,15,qLogNEHVI,0.8759668617952673,0.012327097894491214
WFG7_D30,16,qLogNEHVI,0.8644270015567207,0.01381353596207661
WFG7_D30,17,qLogNEHVI,0.8809818499802227,0.018626007705646912
WFG7_D30,18,qLogNEHVI,0.880098538220728,0.01568899249810028
WFG7_D30,19,qLogNEHVI,0.8671717341503803,0.009696728181310323
WFG7_D30,20,qLogNEHVI,0.864852632944827,0.015945710936956813
WFG7_D30,1,MOMF,0.8693473521019159,0.019337951246106058
WFG7_D30,2,MOMF,0.8468390308242505,0.014388060896011686
WFG7_D30,3,MOMF,0.8629643488804888,0.01665536325401044
WFG7_D30,4,MOMF,0.8527151505817349,0.017790906422481705
WFG7_D30,5,MOMF,0.8682257919437475,0.016091463328973397
WFG7_D30,6,MOMF,0.870258998959347,0.01863162175142357
WFG7_D30,7,MOMF,0.863188609204426,0.01457830497372831
WFG7_D30,8,MOMF,0.867219369286811,0.016315330390870426
WFG7_D30,9,MOMF,0.8644963833557088,0.013958084902835764
WFG7_D30,10,MOMF,0.8606271886266185,0.017029054052008826
WFG7_D30,11,MOMF,0.8491820682528247,0.01852252018616437
WFG7_D30,12,MOMF,0.8451593660865134,0.01879517825833291
WFG7_D30,13,MOMF,0.8682952598480111,0.016588025185305336
WFG7_D30,14,MOMF,0.847126516887665,0.013201195019204918
WFG7_D30,15,MOMF,0.8532699583981846,0.017908801827320648
WFG7_D30,16,MOMF,0.8398494770401989,0.01556416470091398
WFG7_D30,17,MOMF,0.8383814938200719,0.015292473202957464
WFG7_D30,18,MOMF,0.8541465017079065,0.015339156394128514
WFG7_D30,19,MOMF,0.8609752107149948,0.0163829020818377
WFG7_D30,20,MOMF,0.865658809261369,0.014837116697718075
WFG7_D30,1,PHSEA,0.8518055939264556,0.01791064939558809
WFG7_D30,2,PHSEA,0.850911422557022,0.017756371943950373
WFG7_D30,3,PHSEA,0.8612109782340811,0.018116580655513935
WFG7_D30,4,PHSEA,0.8470487778909543,0.020308204978925666
WFG7_D30,5,PHSEA,0.8622522636131258,0.01987517899451179
WFG7_D30,6,PHSEA,0.8577017110027146,0.020669368671063112
WFG7_D30,7,PHSEA,0.863201112689468,0.018913157966655804
WFG7_D30,8,PHSEA,0.858528599778208,0.01935994695668231
WFG7_D30,9,PHSEA,0.8293514094887982,0.01632589822515632
WFG7_D30,10,PHSEA,0.8521446071735399,0.01790748414363788
WFG7_D30,11,PHSEA,0.850036118507708,0.01661027914039322
WFG7_D30,12,PHSEA,0.852941952397933,0.017429566807622046
WFG7_D30,13,PHSEA,0.8639014167071009,0.02129363104752167
WFG7_D30,14,PHSEA,0.8284333168830522,0.020697032499066674
WFG7_D30,15,PHSEA,0.8515489155871689,0.019054128281258517
WFG7_D30,16,PHSEA,0.840436394738515,0.0173668898922174
WFG7_D30,17,PHSEA,0.8503490004409866,0.023436210346632326
WFG7_D30,18,PHSEA,0.8382562600137796,0.020136399830227567
WFG7_D30,19,PHSEA,0.8538271851157229,0.017561113120879664
WFG7_D30,20,PHSEA,0.8391339052784884,0.017477244819928964
WFG7_D30,1,MSAEA-DM,0.8459588071301981,0.019839661804186334
WFG7_D30,2,MSAEA-DM,0.856641772543199,0.020792517810954297
WFG7_D30,3,MSAEA-DM,0.8408321531547583,0.018650115641361667
WFG7_D30,4,MSAEA-DM,0.8412599583545359,0.022228368367521092
WFG7_D30,5,MSAEA-DM,0.8324608954809264,0.021488977448388607
WFG7_D30,6,MSAEA-DM,0.8281643334222889,0.02180215193099369
WFG7_D30,7,MSAEA-DM,0.8503308310852118,0.017826571224375077
WFG7_D30,8,MSAEA-DM,0.8435451032369302,0.02263391943723692
WFG7_D30,9,MSAEA-DM,0.8350802342968906,0.01992566111669836
WFG7_D30,10,MSAEA-DM,0.8521986122134734,0.017194429246039526
WFG7_D30,11,MSAEA-DM,0.8365957061698972,0.019718812558201477
WFG7_D30,12,MSAEA-DM,0.8527952374672529,0.02021498330089713
WFG7_D30,13,MSAEA-DM,0.8423101140942897,0.02099544567043281
WFG7_D30,14,MSAEA-DM,0.8446938691653019,0.018364870548525473
WFG7_D30,15,MSAEA-DM,0.8283066034495145,0.0224729843019446
WFG7_D30,16,MSAEA-DM,0.8447004484127606,0.01759497849310915
WFG7_D30,17,MSAEA-DM,0.8320845738344543,0.02097519028889026
WFG7_D30,18,MSAEA-DM,0.8598085872057293,0.02230739100022358
WFG7_D30,19,MSAEA-DM,0.8361575743856802,0.022664312259760608
WFG7_D30,20,MSAEA-DM,0.8559681331858121,0.020896341021213943
WFG7_D30,1,AS-SMEA,0.8265010139891343,0.0205297473956275
WFG7_D30,2,AS-SMEA,0.8384425461732492,0.02470626338566901
WFG7_D30,3,AS-SMEA,0.8345068822824611,0.02325793961248191
WFG7_D30,4,AS-SMEA,0.8437907412379934,0.022347912151767752
WFG7_D30,5,AS-SMEA,0.8358150451736249,0.02035916931806753
WFG7_D30,6,AS-SMEA,0.8323988881587798,0.02520505094372142
WFG7_D30,7,AS-SMEA,0.8309196316186169,0.022234252337915
WFG7_D30,8,AS-SMEA,0.8344777110785141,0.02273667661540984
WFG7_D30,9,AS-SMEA,0.8517926770754121,0.01970555007962802
WFG7_D30,10,AS-SMEA,0.8553242852427138,0.019677068200695993
WFG7_D30,11,AS-SMEA,0.8420909021688668,0.023373618394940024
WFG7_D30,12,AS-SMEA,0.8500666894989247,0.024339191946598667
WFG7_D30,13,AS-SMEA,0.8362921720096229,0.021217053288786994
WFG7_D30,14,AS-SMEA,0.8322432713072075,0.026286627914125622
WFG7_D30,15,AS-SMEA,0.8514173852757891,0.02389705718775971
WFG7_D30,16,AS-SMEA,0.8457761057072115,0.02277741279695005
WFG7_D30,17,AS-SMEA,0.8152530984633433,0.024607977292203084
WFG7_D30,18,AS-SMEA,0.8347045930605997,0.02322061469079634
WFG7_D30,19,AS-SMEA,0.8255146487834552,0.022464713891690708
WFG7_D30,20,AS-SMEA,0.813413259825945,0.02421642763215049
WFG8_D14,1,Frank-WT MF-PIRN,0.8389165992271482,0.011850461448011464
WFG8_D14,2,Frank-WT MF-PIRN,0.8319312943861772,0.013123652607388797
WFG8_D14,3,Frank-WT MF-PIRN,0.8553690854821907,0.010926165155433116
WFG8_D14,4,Frank-WT MF-PIRN,0.8374908801452648,0.008068752353562709
WFG8_D14,5,Frank-WT MF-PIRN,0.843062313651169,0.010927927955178095
WFG8_D14,6,Frank-WT MF-PIRN,0.8382261643052524,0.01342468823088178
WFG8_D14,7,Frank-WT MF-PIRN,0.8385961997155492,0.013282644528270486
WFG8_D14,8,Frank-WT MF-PIRN,0.8369939684201669,0.012400382739185405
WFG8_D14,9,Frank-WT MF-PIRN,0.8212392421237257,0.01310361964912483
WFG8_D14,10,Frank-WT MF-PIRN,0.8325431529017924,0.009245991028413461
WFG8_D14,11,Frank-WT MF-PIRN,0.8545174402222848,0.014698465743777301
WFG8_D14,12,Frank-WT MF-PIRN,0.8436941112944922,0.013549737088786528
WFG8_D14,13,Frank-WT MF-PIRN,0.8403919592478882,0.011200300881211187
WFG8_D14,14,Frank-WT MF-PIRN,0.8467307323482129,0.011471171347249613
WFG8_D14,15,Frank-WT MF-PIRN,0.8436461893115382,0.011044554354964084
WFG8_D14,16,Frank-WT MF-PIRN,0.8404384793103175,0.011827573071296527
WFG8_D14,17,Frank-WT MF-PIRN,0.8462305039689955,0.014784179430719885
WFG8_D14,18,Frank-WT MF-PIRN,0.8367557013654384,0.009088323690309506
WFG8_D14,19,Frank-WT MF-PIRN,0.8372782830940257,0.01149530605431861
WFG8_D14,20,Frank-WT MF-PIRN,0.8387402251543731,0.013975605829679768
WFG8_D14,1,MF-HVKG,0.8041768318700363,0.014480041032163004
WFG8_D14,2,MF-HVKG,0.8210369828419491,0.014311636031194789
WFG8_D14,3,MF-HVKG,0.8303693352300835,0.016951693202684692
WFG8_D14,4,MF-HVKG,0.825538183426196,0.011437528785963172
WFG8_D14,5,MF-HVKG,0.8115246440420885,0.016748110145979527
WFG8_D14,6,MF-HVKG,0.8251035030162192,0.018070038178670866
WFG8_D14,7,MF-HVKG,0.8182896446291427,0.013728680131929825
WFG8_D14,8,MF-HVKG,0.8236553900226907,0.012775467025030433
WFG8_D14,9,MF-HVKG,0.8400217816697508,0.012673892169578812
WFG8_D14,10,MF-HVKG,0.8098790456250781,0.013314559780726777
WFG8_D14,11,MF-HVKG,0.8159893955847608,0.01123260593245555
WFG8_D14,12,MF-HVKG,0.8266945841448533,0.012260249795475065
WFG8_D14,13,MF-HVKG,0.8078888038250722,0.013442130978657056
WFG8_D14,14,MF-HVKG,0.8231854782059135,0.015018150406971744
WFG8_D14,15,MF-HVKG,0.8152571040396079,0.014067974368365642
WFG8_D14,16,MF-HVKG,0.8189580166289002,0.015089779996023189
WFG8_D14,17,MF-HVKG,0.8360005390873831,0.013701531722762133
WFG8_D14,18,MF-HVKG,0.8319759508568455,0.011770669475843714
WFG8_D14,19,MF-HVKG,0.8234908900944398,0.01473505432023922
WFG8_D14,20,MF-HVKG,0.8404026677923622,0.012480666449637107
WFG8_D14,1,qLogNEHVI,0.8172296909252412,0.015998217183837753
WFG8_D14,2,qLogNEHVI,0.8127521923691037,0.01400731926771935
WFG8_D14,3,qLogNEHVI,0.8177149102824759,0.01582053157080575
WFG8_D14,4,qLogNEHVI,0.8283319606472104,0.01514982257151879
WFG8_D14,5,qLogNEHVI,0.8203895374467934,0.01851937968349123
WFG8_D14,6,qLogNEHVI,0.8232273558992771,0.015512838033614957
WFG8_D14,7,qLogNEHVI,0.818641212859573,0.016405258681412755
WFG8_D14,8,qLogNEHVI,0.8217708712881466,0.016117307691597048
WFG8_D14,9,qLogNEHVI,0.8243607779411097,0.01866217088871208
WFG8_D14,10,qLogNEHVI,0.8131037087397545,0.016972990139995436
WFG8_D14,11,qLogNEHVI,0.8157899172551387,0.016170774094383264
WFG8_D14,12,qLogNEHVI,0.8328830677166058,0.016847402763708264
WFG8_D14,13,qLogNEHVI,0.8174668547556323,0.01624448583949492
WFG8_D14,14,qLogNEHVI,0.8205653039356055,0.014224525916057086
WFG8_D14,15,qLogNEHVI,0.8176742375144618,0.016490993020691406
WFG8_D14,16,qLogNEHVI,0.8253362570162289,0.018317553266082164
WFG8_D14,17,qLogNEHVI,0.8300416749903995,0.01624497957407079
WFG8_D14,18,qLogNEHVI,0.8241187505640585,0.014622660131306454
WFG8_D14,19,qLogNEHVI,0.7900041199708426,0.015604303732852707
WFG8_D14,20,qLogNEHVI,0.8096187484973528,0.017798994787539036
WFG8_D14,1,MOMF,0.8050243161489187,0.01509469573367497
WFG8_D14,2,MOMF,0.8130828524735125,0.01574261679666119
WFG8_D14,3,MOMF,0.8250646704913062,0.017274156940375672
WFG8_D14,4,MOMF,0.8305014566070908,0.014459243061040856
WFG8_D14,5,MOMF,0.7984664065016917,0.016695397709650926
WFG8_D14,6,MOMF,0.784083275954631,0.019579510911394562
WFG8_D14,7,MOMF,0.8037298856222702,0.018482631545146934
WFG8_D14,8,MOMF,0.8068005333414697,0.016898372906919434
WFG8_D14,9,MOMF,0.801624910567345,0.01708342220147978
WFG8_D14,10,MOMF,0.8122584471834117,0.020430225777328937
WFG8_D14,11,MOMF,0.801913938415406,0.021191170635954232
WFG8_D14,12,MOMF,0.8082570613163546,0.01530686473168396
WFG8_D14,13,MOMF,0.7955901420720524,0.01240650714647053
WFG8_D14,14,MOMF,0.8213416809995419,0.01712792032110751
WFG8_D14,15,MOMF,0.7997882622566461,0.017496530230943257
WFG8_D14,16,MOMF,0.8260374075930967,0.023072768261489005
WFG8_D14,17,MOMF,0.8188283133775155,0.01838557935663732
WFG8_D14,18,MOMF,0.8175844590718773,0.0166802633934527
WFG8_D14,19,MOMF,0.8114572839007769,0.017417020887242306
WFG8_D14,20,MOMF,0.8334336993464161,0.018360353194733413
WFG8_D14,1,PHSEA,0.8027676986499738,0.018625019403669417
WFG8_D14,2,PHSEA,0.8129597871156087,0.01786652306654057
WFG8_D14,3,PHSEA,0.8129156047798949,0.019756511574446085
WFG8_D14,4,PHSEA,0.7903927519033321,0.01908392570525584
WFG8_D14,5,PHSEA,0.7974877114290285,0.019986412839483752
WFG8_D14,6,PHSEA,0.7899743002484155,0.020324359481614273
WFG8_D14,7,PHSEA,0.8092257044975636,0.01812506203982861
WFG8_D14,8,PHSEA,0.8129849296645212,0.018768494159826357
WFG8_D14,9,PHSEA,0.8360242432866325,0.015733180678495974
WFG8_D14,10,PHSEA,0.7939254641238881,0.019427712423994246
WFG8_D14,11,PHSEA,0.7973708484593761,0.017673924684462626
WFG8_D14,12,PHSEA,0.7915025813655653,0.019385624706567243
WFG8_D14,13,PHSEA,0.8057313856684789,0.021988694218826276
WFG8_D14,14,PHSEA,0.810140555204542,0.016626688946643604
WFG8_D14,15,PHSEA,0.8067992208339577,0.015750808851419433
WFG8_D14,16,PHSEA,0.7971017758977438,0.019165827042367623
WFG8_D14,17,PHSEA,0.8157641708506012,0.019598151731504063
WFG8_D14,18,PHSEA,0.8078278634135767,0.022630453396062365
WFG8_D14,19,PHSEA,0.8140249139365264,0.018083561950867126
WFG8_D14,20,PHSEA,0.8061652957024216,0.015806991783282414
WFG8_D14,1,MSAEA-DM,0.7961906177749932,0.020225226665189798
WFG8_D14,2,MSAEA-DM,0.7961257170565891,0.021449611445706753
WFG8_D14,3,MSAEA-DM,0.7954737028525716,0.019863524130795576
WFG8_D14,4,MSAEA-DM,0.8059818862966662,0.022256853759770216
WFG8_D14,5,MSAEA-DM,0.7743764390758295,0.02166925098213731
WFG8_D14,6,MSAEA-DM,0.7909898370747964,0.017062950499623034
WFG8_D14,7,MSAEA-DM,0.7793451179730434,0.02057154060727063
WFG8_D14,8,MSAEA-DM,0.7901605589309243,0.020180479041348485
WFG8_D14,9,MSAEA-DM,0.7948754218474496,0.023576626608240548
WFG8_D14,10,MSAEA-DM,0.8069798932022957,0.020781492684039837
WFG8_D14,11,MSAEA-DM,0.7838054699149822,0.022118420882866092
WFG8_D14,12,MSAEA-DM,0.7861310993542118,0.018212873913733756
WFG8_D14,13,MSAEA-DM,0.8064210117842209,0.024681853092430282
WFG8_D14,14,MSAEA-DM,0.7879217307252706,0.01885094437721507
WFG8_D14,15,MSAEA-DM,0.8015925632665875,0.018470587173708235
WFG8_D14,16,MSAEA-DM,0.803839150917416,0.019621242121087134
WFG8_D14,17,MSAEA-DM,0.7804563390516764,0.01971479945798004
WFG8_D14,18,MSAEA-DM,0.8012997255723758,0.022874401065024252
WFG8_D14,19,MSAEA-DM,0.8096838741012239,0.022648993097733425
WFG8_D14,20,MSAEA-DM,0.7882848503461792,0.02297663766497909
WFG8_D14,1,AS-SMEA,0.7650896856857575,0.020204880477529205
WFG8_D14,2,AS-SMEA,0.7950343043355313,0.024930036996269875
WFG8_D14,3,AS-SMEA,0.7968988096076349,0.025322201358984067
WFG8_D14,4,AS-SMEA,0.7927023421926787,0.018072516063224846
WFG8_D14,5,AS-SMEA,0.8013519716638143,0.023815035475607673
WFG8_D14,6,AS-SMEA,0.7892700796399614,0.020430204290758765
WFG8_D14,7,AS-SMEA,0.7769453832717692,0.021922012097215598
WFG8_D14,8,AS-SMEA,0.7753928778366476,0.02121000916327551
WFG8_D14,9,AS-SMEA,0.7897959398651535,0.023703881820442384
WFG8_D14,10,AS-SMEA,0.7888992347265892,0.023161358539701835
WFG8_D14,11,AS-SMEA,0.7743821169837466,0.02418947613196563
WFG8_D14,12,AS-SMEA,0.7723503064403566,0.02412190410203479
WFG8_D14,13,AS-SMEA,0.784101770385137,0.025490694125077016
WFG8_D14,14,AS-SMEA,0.7834632803686854,0.022139026418456994
WFG8_D14,15,AS-SMEA,0.7824650594949132,0.019945647096152867
WFG8_D14,16,AS-SMEA,0.7745608029233969,0.02065308169638628
WFG8_D14,17,AS-SMEA,0.7931800616363001,0.021566594318951374
WFG8_D14,18,AS-SMEA,0.7880297519036804,0.02336097810807576
WFG8_D14,19,AS-SMEA,0.7880036951678664,0.023097634848003326
WFG8_D14,20,AS-SMEA,0.7919996242826889,0.027985354351532907
WFG8_D30,1,Frank-WT MF-PIRN,0.7822231366001379,0.012660675511964039
WFG8_D30,2,Frank-WT MF-PIRN,0.8016730488992829,0.013905123963245189
WFG8_D30,3,Frank-WT MF-PIRN,0.7830030529067807,0.015305809884747059
WFG8_D30,4,Frank-WT MF-PIRN,0.7884760127066252,0.012417787165491936
WFG8_D30,5,Frank-WT MF-PIRN,0.7719835043748655,0.010617158193906245
WFG8_D30,6,Frank-WT MF-PIRN,0.7739561993256076,0.014863423938925317
WFG8_D30,7,Frank-WT MF-PIRN,0.7927772452828017,0.012455839748357244
WFG8_D30,8,Frank-WT MF-PIRN,0.7744704068305862,0.014162169076180616
WFG8_D30,9,Frank-WT MF-PIRN,0.7821115382668032,0.012288800413528086
WFG8_D30,10,Frank-WT MF-PIRN,0.7829581145521356,0.009815807899170645
WFG8_D30,11,Frank-WT MF-PIRN,0.7786658301905053,0.012461186345202113
WFG8_D30,12,Frank-WT MF-PIRN,0.7790277530870793,0.013322174414078927
WFG8_D30,13,Frank-WT MF-PIRN,0.7612705268275328,0.01222563140256881
WFG8_D30,14,Frank-WT MF-PIRN,0.769557424234246,0.013321305183798635
WFG8_D30,15,Frank-WT MF-PIRN,0.7788672980048437,0.012708106918614764
WFG8_D30,16,Frank-WT MF-PIRN,0.773696717329589,0.011202574690943056
WFG8_D30,17,Frank-WT MF-PIRN,0.7969090881611695,0.011629876262043443
WFG8_D30,18,Frank-WT MF-PIRN,0.7771634161783835,0.012672403668500625
WFG8_D30,19,Frank-WT MF-PIRN,0.782370176153694,0.011904962432008476
WFG8_D30,20,Frank-WT MF-PIRN,0.7852164864230008,0.010375082260044834
WFG8_D30,1,MF-HVKG,0.7769941374027517,0.015212057955402697
WFG8_D30,2,MF-HVKG,0.7635825706800049,0.017764134453239332
WFG8_D30,3,MF-HVKG,0.7616981959710447,0.014797528039117352
WFG8_D30,4,MF-HVKG,0.7717039220951627,0.013841683381758606
WFG8_D30,5,MF-HVKG,0.7777281997115761,0.012990154532048426
WFG8_D30,6,MF-HVKG,0.7741210318510593,0.014424683154366047
WFG8_D30,7,MF-HVKG,0.7584038809042511,0.013486573924822597
WFG8_D30,8,MF-HVKG,0.7714511257550132,0.017673980850160847
WFG8_D30,9,MF-HVKG,0.771107471994705,0.01346656276010443
WFG8_D30,10,MF-HVKG,0.7768757456737927,0.01374457742955534
WFG8_D30,11,MF-HVKG,0.781452512165948,0.013027156135444716
WFG8_D30,12,MF-HVKG,0.7604487642066464,0.011755267616416838
WFG8_D30,13,MF-HVKG,0.7681278801068572,0.015535329135040347
WFG8_D30,14,MF-HVKG,0.7852878189735674,0.01259424739059754
WFG8_D30,15,MF-HVKG,0.7658524347697009,0.008795411185471017
WFG8_D30,16,MF-HVKG,0.7645796983192776,0.01200416537480787
WFG8_D30,17,MF-HVKG,0.774407492103604,0.016399694750197355
WFG8_D30,18,MF-HVKG,0.7595951254657877,0.01279979259991056
WFG8_D30,19,MF-HVKG,0.7844783725132214,0.01564259238303186
WFG8_D30,20,MF-HVKG,0.7714047515798483,0.014665698303289492
WFG8_D30,1,qLogNEHVI,0.7574869220727907,0.013410848550453823
WFG8_D30,2,qLogNEHVI,0.761581340419434,0.0164677446445426
WFG8_D30,3,qLogNEHVI,0.7664798042010723,0.017311617974303486
WFG8_D30,4,qLogNEHVI,0.7549712995400419,0.014204926395864745
WFG8_D30,5,qLogNEHVI,0.7602412962051386,0.015801666838364523
WFG8_D30,6,qLogNEHVI,0.7747984686082995,0.018922677572733627
WFG8_D30,7,qLogNEHVI,0.7661619611631141,0.016304877432918488
WFG8_D30,8,qLogNEHVI,0.7678798818374225,0.01624133758378632
WFG8_D30,9,qLogNEHVI,0.7723501788328978,0.017880088591614905
WFG8_D30,10,qLogNEHVI,0.7469259326632104,0.016151632492893645
WFG8_D30,11,qLogNEHVI,0.760955665001786,0.01463876809660044
WFG8_D30,12,qLogNEHVI,0.7641857811017093,0.01781765122700109
WFG8_D30,13,qLogNEHVI,0.7635159069312277,0.01274661825240129
WFG8_D30,14,qLogNEHVI,0.7553489508193266,0.015539264704508135
WFG8_D30,15,qLogNEHVI,0.7577805271127162,0.016654997102650032
WFG8_D30,16,qLogNEHVI,0.761391703796368,0.01628683244109583
WFG8_D30,17,qLogNEHVI,0.761396296893318,0.017139476980786512
WFG8_D30,18,qLogNEHVI,0.7641046843369634,0.01636642079786906
WFG8_D30,19,qLogNEHVI,0.7651503575940528,0.015341787187990738
WFG8_D30,20,qLogNEHVI,0.7596012423366713,0.015545115309169173
WFG8_D30,1,MOMF,0.7401087477974474,0.01986803420763261
WFG8_D30,2,MOMF,0.7538620608477796,0.020099620844259355
WFG8_D30,3,MOMF,0.7469030451822336,0.01673804658459064
WFG8_D30,4,MOMF,0.7651577908509993,0.01901316401010082
WFG8_D30,5,MOMF,0.7505176826731567,0.01837917287859548
WFG8_D30,6,MOMF,0.7499925124235182,0.01748738900730081
WFG8_D30,7,MOMF,0.7612944653928414,0.015058664516740736
WFG8_D30,8,MOMF,0.7501943252001935,0.015969006067263862
WFG8_D30,9,MOMF,0.7562479646140466,0.017368797684311293
WFG8_D30,10,MOMF,0.7596886875319199,0.01749070062126323
WFG8_D30,11,MOMF,0.765636779216201,0.016675193398944865
WFG8_D30,12,MOMF,0.7476088641768603,0.016461990448744444
WFG8_D30,13,MOMF,0.7665226074164789,0.01775861999320344
WFG8_D30,14,MOMF,0.752983270848766,0.018662942735816434
WFG8_D30,15,MOMF,0.768406490003081,0.017667108529623332
WFG8_D30,16,MOMF,0.7645455689481464,0.018687897771902762
WFG8_D30,17,MOMF,0.7571263173945829,0.021010581487711424
WFG8_D30,18,MOMF,0.7561407380578765,0.020695250362795146
WFG8_D30,19,MOMF,0.7659848829796871,0.01880140166128483
WFG8_D30,20,MOMF,0.7554748141811606,0.020016547588714108
WFG8_D30,1,PHSEA,0.7329970247011668,0.01775266328219432
WFG8_D30,2,PHSEA,0.7419551905078876,0.015623090114900566
WFG8_D30,3,PHSEA,0.7443034869373488,0.01840300733418201
WFG8_D30,4,PHSEA,0.7496753299329753,0.019982746108733015
WFG8_D30,5,PHSEA,0.7562427286555594,0.01770886879230844
WFG8_D30,6,PHSEA,0.7506851456185141,0.016092774055531313
WFG8_D30,7,PHSEA,0.7420146093706027,0.02239729969608968
WFG8_D30,8,PHSEA,0.740353122082325,0.01820674555072489
WFG8_D30,9,PHSEA,0.7512407096392503,0.019774283507392944
WFG8_D30,10,PHSEA,0.7596672862149224,0.020398590726528047
WFG8_D30,11,PHSEA,0.7492859744171462,0.019514672977398295
WFG8_D30,12,PHSEA,0.7468210984188568,0.0185436264326034
WFG8_D30,13,PHSEA,0.7622943907163825,0.018110159997415783
WFG8_D30,14,PHSEA,0.7441052059458523,0.020698881276496644
WFG8_D30,15,PHSEA,0.7398243698788777,0.01694615690218127
WFG8_D30,16,PHSEA,0.7598983409934987,0.01957430534478321
WFG8_D30,17,PHSEA,0.7446290931450829,0.018086290763090918
WFG8_D30,18,PHSEA,0.7351209877429783,0.01886317031791118
WFG8_D30,19,PHSEA,0.7554380116355939,0.020221025172151554
WFG8_D30,20,PHSEA,0.7441554472739478,0.01681356062599813
WFG8_D30,1,MSAEA-DM,0.7498593253720756,0.021041119397858084
WFG8_D30,2,MSAEA-DM,0.7299706307174991,0.021630709474623814
WFG8_D30,3,MSAEA-DM,0.7217413374100844,0.02118660019904804
WFG8_D30,4,MSAEA-DM,0.7340657707159091,0.01800181389820149
WFG8_D30,5,MSAEA-DM,0.7279114617299565,0.023766005055380447
WFG8_D30,6,MSAEA-DM,0.7418625944938531,0.02099649835941355
WFG8_D30,7,MSAEA-DM,0.7297852319552198,0.021578553983169543
WFG8_D30,8,MSAEA-DM,0.7368877524174106,0.022621822014601396
WFG8_D30,9,MSAEA-DM,0.7487145231926247,0.020022402394803292
WFG8_D30,10,MSAEA-DM,0.7264710787280225,0.02284462273646745
WFG8_D30,11,MSAEA-DM,0.7276878292045034,0.0227035534413323
WFG8_D30,12,MSAEA-DM,0.7512239089483099,0.020559539453950462
WFG8_D30,13,MSAEA-DM,0.7353010812904907,0.022464776466735066
WFG8_D30,14,MSAEA-DM,0.7384889932883946,0.020027023271188216
WFG8_D30,15,MSAEA-DM,0.7313629746840609,0.02101170644170773
WFG8_D30,16,MSAEA-DM,0.7610112984029197,0.02212762170826962
WFG8_D30,17,MSAEA-DM,0.7418644602994954,0.022087129872824098
WFG8_D30,18,MSAEA-DM,0.7499131456931888,0.020779958293361087
WFG8_D30,19,MSAEA-DM,0.7439810897644404,0.017938952706148155
WFG8_D30,20,MSAEA-DM,0.7358529613783702,0.0182053144158632
WFG8_D30,1,AS-SMEA,0.7384522383538604,0.021783072923143958
WFG8_D30,2,AS-SMEA,0.7288254709644907,0.019414325169227017
WFG8_D30,3,AS-SMEA,0.7258653472520682,0.023527003941064238
WFG8_D30,4,AS-SMEA,0.7417188789943583,0.022476176795866974
WFG8_D30,5,AS-SMEA,0.7386366063203599,0.020721897441172244
WFG8_D30,6,AS-SMEA,0.7325834639664343,0.02203135105942515
WFG8_D30,7,AS-SMEA,0.7366096890713291,0.02395232929791417
WFG8_D30,8,AS-SMEA,0.7538647774566225,0.01956145356200501
WFG8_D30,9,AS-SMEA,0.7289613281014672,0.020234418537173587
WFG8_D30,10,AS-SMEA,0.7494706096080729,0.021097680567668857
WFG8_D30,11,AS-SMEA,0.7308238101770179,0.02223285958710071
WFG8_D30,12,AS-SMEA,0.7184152568377533,0.02572804829408652
WFG8_D30,13,AS-SMEA,0.7340635757377987,0.020324750302456205
WFG8_D30,14,AS-SMEA,0.7094782492752675,0.023179924653692455
WFG8_D30,15,AS-SMEA,0.7335261577332035,0.019587965264395234
WFG8_D30,16,AS-SMEA,0.724381025909578,0.025407773783318648
WFG8_D30,17,AS-SMEA,0.739573521190372,0.020734487211346065
WFG8_D30,18,AS-SMEA,0.7317571950482936,0.025067818161724396
WFG8_D30,19,AS-SMEA,0.7391452682675297,0.02486530529858043
WFG8_D30,20,AS-SMEA,0.7425521749293275,0.025130715453297568
WFG9_D14,1,Frank-WT MF-PIRN,0.7170006754227567,0.01271501001762592
WFG9_D14,2,Frank-WT MF-PIRN,0.7207879699862799,0.01575220196738023
WFG9_D14,3,Frank-WT MF-PIRN,0.7281051726498566,0.014751691168064846
WFG9_D14,4,Frank-WT MF-PIRN,0.7393546394897286,0.014635961305877361
WFG9_D14,5,Frank-WT MF-PIRN,0.7401620466277549,0.00952478135663394
WFG9_D14,6,Frank-WT MF-PIRN,0.7346178441050555,0.009430840516584011
WFG9_D14,7,Frank-WT MF-PIRN,0.7187859431285873,0.015106947919046392
WFG9_D14,8,Frank-WT MF-PIRN,0.7218592718773799,0.012198729197604202
WFG9_D14,9,Frank-WT MF-PIRN,0.7099017206556204,0.010595366322821044
WFG9_D14,10,Frank-WT MF-PIRN,0.710361089234321,0.012101033076546704
WFG9_D14,11,Frank-WT MF-PIRN,0.7491905062290182,0.011503934227934125
WFG9_D14,12,Frank-WT MF-PIRN,0.7010201635172958,0.012104206775387052
WFG9_D14,13,Frank-WT MF-PIRN,0.7319081485180104,0.010862757387497231
WFG9_D14,14,Frank-WT MF-PIRN,0.7352241096798823,0.015703224762746933
WFG9_D14,15,Frank-WT MF-PIRN,0.7369595476481063,0.010972849040223637
WFG9_D14,16,Frank-WT MF-PIRN,0.733744056318995,0.016019396730208572
WFG9_D14,17,Frank-WT MF-PIRN,0.7476882250752264,0.013258987552858061
WFG9_D14,18,Frank-WT MF-PIRN,0.7105901988079716,0.012362240744387564
WFG9_D14,19,Frank-WT MF-PIRN,0.7306494450302737,0.013545157551459616
WFG9_D14,20,Frank-WT MF-PIRN,0.7353451881162135,0.010588397009950191
WFG9_D14,1,MF-HVKG,0.7295721285019715,0.011295961365375189
WFG9_D14,2,MF-HVKG,0.7300825558415425,0.01685810152239164
WFG9_D14,3,MF-HVKG,0.7217761454465708,0.011360425897396918
WFG9_D14,4,MF-HVKG,0.721719436004904,0.01572583934842508
WFG9_D14,5,MF-HVKG,0.7371177684663069,0.014614255870008058
WFG9_D14,6,MF-HVKG,0.7211990234593639,0.01384812026921237
WFG9_D14,7,MF-HVKG,0.7357619174915334,0.01593392273469816
WFG9_D14,8,MF-HVKG,0.7258834713445869,0.011899945812547195
WFG9_D14,9,MF-HVKG,0.7320991752480541,0.016906727262439282
WFG9_D14,10,MF-HVKG,0.7117564832918509,0.015310716080905791
WFG9_D14,11,MF-HVKG,0.7237306208499582,0.013256285361842514
WFG9_D14,12,MF-HVKG,0.7327250471435696,0.012098251896513867
WFG9_D14,13,MF-HVKG,0.7196036095247628,0.015391836045275543
WFG9_D14,14,MF-HVKG,0.7422282136019485,0.012281462080935997
WFG9_D14,15,MF-HVKG,0.7166115795411752,0.01408819437382462
WFG9_D14,16,MF-HVKG,0.7144008504164991,0.012062646315980854
WFG9_D14,17,MF-HVKG,0.724015201134631,0.011488769008297635
WFG9_D14,18,MF-HVKG,0.7384575565779057,0.012764250189260019
WFG9_D14,19,MF-HVKG,0.7187162133555781,0.013940367744498524
WFG9_D14,20,MF-HVKG,0.7316932872380827,0.01417039960174034
WFG9_D14,1,qLogNEHVI,0.7300338572179567,0.01433362934804246
WFG9_D14,2,qLogNEHVI,0.722955876085044,0.015742712258167924
WFG9_D14,3,qLogNEHVI,0.7118690179014308,0.014157937688159232
WFG9_D14,4,qLogNEHVI,0.7069992160186221,0.013755972938180774
WFG9_D14,5,qLogNEHVI,0.7246341242857878,0.015674838696765957
WFG9_D14,6,qLogNEHVI,0.7119991647821629,0.013988079407744883
WFG9_D14,7,qLogNEHVI,0.7218850706855038,0.013377387372818975
WFG9_D14,8,qLogNEHVI,0.7118559851984569,0.017167428349508258
WFG9_D14,9,qLogNEHVI,0.7075348118913275,0.014008468077670545
WFG9_D14,10,qLogNEHVI,0.713647111525108,0.017564761032353177
WFG9_D14,11,qLogNEHVI,0.702721416789144,0.01846444193938733
WFG9_D14,12,qLogNEHVI,0.717670498853475,0.01815468634138513
WFG9_D14,13,qLogNEHVI,0.7106001765891832,0.016587008352192505
WFG9_D14,14,qLogNEHVI,0.7117792285783047,0.012709458660705848
WFG9_D14,15,qLogNEHVI,0.7194900360672569,0.015654439482832173
WFG9_D14,16,qLogNEHVI,0.7110244278731154,0.014705241080015773
WFG9_D14,17,qLogNEHVI,0.7327432108053623,0.013715418847280964
WFG9_D14,18,qLogNEHVI,0.7103892781614709,0.014460424984806134
WFG9_D14,19,qLogNEHVI,0.7142651246069075,0.016303542343992374
WFG9_D14,20,qLogNEHVI,0.7256094681547142,0.015555673574936868
WFG9_D14,1,MOMF,0.7148020422190208,0.01937239581726769
WFG9_D14,2,MOMF,0.6816100628414761,0.017093593560237635
WFG9_D14,3,MOMF,0.7155916174509093,0.020117055165830056
WFG9_D14,4,MOMF,0.7079798045501784,0.016616983890922365
WFG9_D14,5,MOMF,0.7045439373633587,0.018656024405865706
WFG9_D14,6,MOMF,0.7004246010541516,0.015850123303320796
WFG9_D14,7,MOMF,0.7144860030902199,0.015990819240836552
WFG9_D14,8,MOMF,0.7172998475374417,0.01944622914764891
WFG9_D14,9,MOMF,0.7055643226772744,0.01883469199095932
WFG9_D14,10,MOMF,0.6960590177880721,0.01916937081664516
WFG9_D14,11,MOMF,0.7064538224526878,0.017226111550593386
WFG9_D14,12,MOMF,0.7118707702853366,0.01692539326045315
WFG9_D14,13,MOMF,0.7092098509305158,0.01910429398678179
WFG9_D14,14,MOMF,0.6889119495514942,0.014443061536144743
WFG9_D14,15,MOMF,0.6969054205709768,0.014591106173335568
WFG9_D14,16,MOMF,0.7115083056015151,0.016898749471523547
WFG9_D14,17,MOMF,0.7092841871115819,0.01767905535516027
WFG9_D14,18,MOMF,0.7042365219809412,0.017168664392962753
WFG9_D14,19,MOMF,0.6906982545374569,0.01627822866374478
WFG9_D14,20,MOMF,0.7134079984290841,0.018200129056919437
WFG9_D14,1,PHSEA,0.6916420409393392,0.01863561041250961
WFG9_D14,2,PHSEA,0.6938467298532034,0.020913921161840973
WFG9_D14,3,PHSEA,0.705908646838839,0.01917325516430353
WFG9_D14,4,PHSEA,0.7092636121478254,0.017496111164882734
WFG9_D14,5,PHSEA,0.7086232181040677,0.019836241029262496
WFG9_D14,6,PHSEA,0.7018810742808665,0.020791984905470733
WFG9_D14,7,PHSEA,0.699694469652276,0.02009612931787829
WFG9_D14,8,PHSEA,0.7037876179644972,0.01755281247460674
WFG9_D14,9,PHSEA,0.7159204697691925,0.019589169574078805
WFG9_D14,10,PHSEA,0.6956135765388631,0.021353810601671217
WFG9_D14,11,PHSEA,0.6716722468101829,0.017237373750105547
WFG9_D14,12,PHSEA,0.7058593872609715,0.01685538327280591
WFG9_D14,13,PHSEA,0.6912404132412971,0.019947669870614776
WFG9_D14,14,PHSEA,0.7051328136186713,0.019018545325640006
WFG9_D14,15,PHSEA,0.692934939204492,0.019490818038818455
WFG9_D14,16,PHSEA,0.7021282885817114,0.022903801909317716
WFG9_D14,17,PHSEA,0.7065137105873138,0.0195630747234417
WFG9_D14,18,PHSEA,0.6767010348119099,0.02150037079935868
WFG9_D14,19,PHSEA,0.6957761488173643,0.020668331587957278
WFG9_D14,20,PHSEA,0.704396587619938,0.017460253563385823
WFG9_D14,1,MSAEA-DM,0.6954455655565638,0.021776499990626867
WFG9_D14,2,MSAEA-DM,0.6953942217575035,0.020943167535287268
WFG9_D14,3,MSAEA-DM,0.677022597355967,0.021091656548353394
WFG9_D14,4,MSAEA-DM,0.6786889520456124,0.01547525306576204
WFG9_D14,5,MSAEA-DM,0.6990848261171725,0.02045613365681795
WFG9_D14,6,MSAEA-DM,0.6786932704863136,0.02067567710170814
WFG9_D14,7,MSAEA-DM,0.6905737343265134,0.020394681830376918
WFG9_D14,8,MSAEA-DM,0.6820245060840483,0.01995068710255273
WFG9_D14,9,MSAEA-DM,0.6932947366499744,0.02279502719675307
WFG9_D14,10,MSAEA-DM,0.6835273888505855,0.019627673049429178
WFG9_D14,11,MSAEA-DM,0.6955817164368001,0.020110716260660765
WFG9_D14,12,MSAEA-DM,0.69363892899048,0.02034701256800894
WFG9_D14,13,MSAEA-DM,0.7033118498736386,0.021950062181261526
WFG9_D14,14,MSAEA-DM,0.6954413783713976,0.022342768431588368
WFG9_D14,15,MSAEA-DM,0.6942538899771242,0.02253953250843809
WFG9_D14,16,MSAEA-DM,0.6942161808662123,0.01976657535565587
WFG9_D14,17,MSAEA-DM,0.7075280128059278,0.022847974638068452
WFG9_D14,18,MSAEA-DM,0.6982969859304735,0.022543598118192107
WFG9_D14,19,MSAEA-DM,0.6811061820437041,0.02456920810493075
WFG9_D14,20,MSAEA-DM,0.6870231050144658,0.016882567312545643
WFG9_D14,1,AS-SMEA,0.6771888747117423,0.02272793639807428
WFG9_D14,2,AS-SMEA,0.6710066246446368,0.022833301168780996
WFG9_D14,3,AS-SMEA,0.6946499529736205,0.024063596071786552
WFG9_D14,4,AS-SMEA,0.6903644012544659,0.021971548020492285
WFG9_D14,5,AS-SMEA,0.6634002329720481,0.023296969976255407
WFG9_D14,6,AS-SMEA,0.6817661134994668,0.0247578210747073
WFG9_D14,7,AS-SMEA,0.6836438890056296,0.0195695641165146
WFG9_D14,8,AS-SMEA,0.6802799830994157,0.02184221710886512
WFG9_D14,9,AS-SMEA,0.6895665846024379,0.02046904854209335
WFG9_D14,10,AS-SMEA,0.6835605743580518,0.021474884930846275
WFG9_D14,11,AS-SMEA,0.6669637294189934,0.022771592699362544
WFG9_D14,12,AS-SMEA,0.6869444669306989,0.023056111376153703
WFG9_D14,13,AS-SMEA,0.6951500418308483,0.022021479545142945
WFG9_D14,14,AS-SMEA,0.682341423900344,0.024267944670298094
WFG9_D14,15,AS-SMEA,0.6800863016539107,0.022395134760460563
WFG9_D14,16,AS-SMEA,0.6860333345487999,0.021814414913848636
WFG9_D14,17,AS-SMEA,0.6889090600044007,0.023286635889944722
WFG9_D14,18,AS-SMEA,0.6856009627090655,0.02270096594723572
WFG9_D14,19,AS-SMEA,0.6825658173034745,0.023455163398575864
WFG9_D14,20,AS-SMEA,0.6794022055901885,0.022011305627498253
WFG9_D30,1,Frank-WT MF-PIRN,0.7164725092848615,0.01283451093529627
WFG9_D30,2,Frank-WT MF-PIRN,0.7202210424626115,0.014243763211308148
WFG9_D30,3,Frank-WT MF-PIRN,0.6905603757721894,0.012743512831673683
WFG9_D30,4,Frank-WT MF-PIRN,0.7153407270804137,0.011043448711959046
WFG9_D30,5,Frank-WT MF-PIRN,0.7020443601211529,0.011376424716412556
WFG9_D30,6,Frank-WT MF-PIRN,0.6899058367762723,0.013933395259778639
WFG9_D30,7,Frank-WT MF-PIRN,0.7051332352116773,0.010051330622210565
WFG9_D30,8,Frank-WT MF-PIRN,0.7164529742966158,0.015620613282654846
WFG9_D30,9,Frank-WT MF-PIRN,0.7115383940056829,0.0126551247942543
WFG9_D30,10,Frank-WT MF-PIRN,0.7060087015634102,0.01493661109358468
WFG9_D30,11,Frank-WT MF-PIRN,0.7118370161538814,0.012163972545710383
WFG9_D30,12,Frank-WT MF-PIRN,0.7096787003061,0.012646797783311335
WFG9_D30,13,Frank-WT MF-PIRN,0.6977022936010762,0.0139367939452023
WFG9_D30,14,Frank-WT MF-PIRN,0.6956500107258332,0.012375688482721735
WFG9_D30,15,Frank-WT MF-PIRN,0.7005743835360461,0.011990794418502097
WFG9_D30,16,Frank-WT MF-PIRN,0.7065995265263862,0.013928433900392816
WFG9_D30,17,Frank-WT MF-PIRN,0.7021050692809333,0.014564854804302516
WFG9_D30,18,Frank-WT MF-PIRN,0.6958270026900295,0.011469285433985248
WFG9_D30,19,Frank-WT MF-PIRN,0.7205237703814145,0.012025854511073913
WFG9_D30,20,Frank-WT MF-PIRN,0.7133310638840634,0.013063520201044449
WFG9_D30,1,MF-HVKG,0.699016282903545,0.01421709034686025
WFG9_D30,2,MF-HVKG,0.7105990418955292,0.01388916648837056
WFG9_D30,3,MF-HVKG,0.7087090801130546,0.01550608738427483
WFG9_D30,4,MF-HVKG,0.7013515255642389,0.01482375804085465
WFG9_D30,5,MF-HVKG,0.7069983693209118,0.016518263775070607
WFG9_D30,6,MF-HVKG,0.7002848252960898,0.012509502029617429
WFG9_D30,7,MF-HVKG,0.7026619013534561,0.01292656330982986
WFG9_D30,8,MF-HVKG,0.6887014157666449,0.01675010459094991
WFG9_D30,9,MF-HVKG,0.6989040816472145,0.01651979554316751
WFG9_D30,10,MF-HVKG,0.6936657758410115,0.011886382399819335
WFG9_D30,11,MF-HVKG,0.7091780185402382,0.01349239032966459
WFG9_D30,12,MF-HVKG,0.6852176170075355,0.016091193764229097
WFG9_D30,13,MF-HVKG,0.7064356761641478,0.01164554081579634
WFG9_D30,14,MF-HVKG,0.6691794969875066,0.016560616354283367
WFG9_D30,15,MF-HVKG,0.7099747947425291,0.017068770499106094
WFG9_D30,16,MF-HVKG,0.6914227221954315,0.015418712383833782
WFG9_D30,17,MF-HVKG,0.694628452256723,0.016923046973129366
WFG9_D30,18,MF-HVKG,0.6971471610776591,0.014560278574644342
WFG9_D30,19,MF-HVKG,0.6933737246419376,0.014482130063769449
WFG9_D30,20,MF-HVKG,0.7014236767142011,0.017490465921745246
WFG9_D30,1,qLogNEHVI,0.704491966907672,0.014493705627286219
WFG9_D30,2,qLogNEHVI,0.6827580974219423,0.014884244156431886
WFG9_D30,3,qLogNEHVI,0.6809535917723435,0.014210666346719393
WFG9_D30,4,qLogNEHVI,0.6863758178963888,0.014401896072437942
WFG9_D30,5,qLogNEHVI,0.6998464409424306,0.016378182313079293
WFG9_D30,6,qLogNEHVI,0.6815688184359161,0.01572820419949308
WFG9_D30,7,qLogNEHVI,0.6860950623681766,0.015275327639600631
WFG9_D30,8,qLogNEHVI,0.6981720286211414,0.01594090446746972
WFG9_D30,9,qLogNEHVI,0.6936893066679919,0.01313101448338252
WFG9_D30,10,qLogNEHVI,0.6809959312420144,0.015879447043842945
WFG9_D30,11,qLogNEHVI,0.6863235225211767,0.014415438131330978
WFG9_D30,12,qLogNEHVI,0.6764442691028413,0.010742405169578566
WFG9_D30,13,qLogNEHVI,0.6993563732500321,0.01528767711414821
WFG9_D30,14,qLogNEHVI,0.6921872166113373,0.014508560145232519
WFG9_D30,15,qLogNEHVI,0.6921404104169449,0.017590528671642736
WFG9_D30,16,qLogNEHVI,0.6935787375351281,0.017441320063080405
WFG9_D30,17,qLogNEHVI,0.6896261762646385,0.01578350614871004
WFG9_D30,18,qLogNEHVI,0.6856868058934136,0.010888411066292902
WFG9_D30,19,qLogNEHVI,0.6850821088514378,0.017051889862388335
WFG9_D30,20,qLogNEHVI,0.6938199437687147,0.017781822427583742
WFG9_D30,1,MOMF,0.6839575906703088,0.021499683136798405
WFG9_D30,2,MOMF,0.685873697060508,0.019124980731507785
WFG9_D30,3,MOMF,0.6629382753765987,0.019063643784416964
WFG9_D30,4,MOMF,0.6728006114592034,0.012538284886920086
WFG9_D30,5,MOMF,0.6931978146553452,0.016720709423716486
WFG9_D30,6,MOMF,0.6741402895882906,0.018894886314506323
WFG9_D30,7,MOMF,0.6827063720168733,0.016992987776664484
WFG9_D30,8,MOMF,0.6597055717683644,0.015889633083135166
WFG9_D30,9,MOMF,0.6711442659110717,0.021092493152125913
WFG9_D30,10,MOMF,0.6983687903807742,0.01696609069198927
WFG9_D30,11,MOMF,0.667765339183743,0.017461323431087538
WFG9_D30,12,MOMF,0.684645957668593,0.017032879239275947
WFG9_D30,13,MOMF,0.6884488661704175,0.017698601116809428
WFG9_D30,14,MOMF,0.6871989243436457,0.021911434801981877
WFG9_D30,15,MOMF,0.6846478900422215,0.016732058965582896
WFG9_D30,16,MOMF,0.6900453596898427,0.020559438080493507
WFG9_D30,17,MOMF,0.6763793889299717,0.020240077118905395
WFG9_D30,18,MOMF,0.680359784512833,0.01495185584087772
WFG9_D30,19,MOMF,0.665666572890381,0.017541378696505804
WFG9_D30,20,MOMF,0.6672071466203601,0.01748633931400511
WFG9_D30,1,PHSEA,0.6797854514486127,0.01872713409341934
WFG9_D30,2,PHSEA,0.659559491831161,0.0190331267406149
WFG9_D30,3,PHSEA,0.6758434883517956,0.018092315685253376
WFG9_D30,4,PHSEA,0.6832344692218207,0.019456559590915426
WFG9_D30,5,PHSEA,0.6712797629534946,0.01957779358371854
WFG9_D30,6,PHSEA,0.6892204906015849,0.020137053960663898
WFG9_D30,7,PHSEA,0.6689169167005817,0.019326482442202256
WFG9_D30,8,PHSEA,0.6698079733256902,0.018090221876374393
WFG9_D30,9,PHSEA,0.6770180729087703,0.0174099928950335
WFG9_D30,10,PHSEA,0.6671770620822891,0.019416146240990417
WFG9_D30,11,PHSEA,0.649548501703959,0.01699269315920433
WFG9_D30,12,PHSEA,0.6721345572517409,0.022556221576690294
WFG9_D30,13,PHSEA,0.6521526263711167,0.01932793343573255
WFG9_D30,14,PHSEA,0.6775404272729011,0.014180249375359832
WFG9_D30,15,PHSEA,0.6792311427412911,0.01787874316700122
WFG9_D30,16,PHSEA,0.6667015213539258,0.02069785445282019
WFG9_D30,17,PHSEA,0.6664974201880837,0.013828030038281917
WFG9_D30,18,PHSEA,0.6947556607180811,0.01631968904933688
WFG9_D30,19,PHSEA,0.6946002785568259,0.020177880455111152
WFG9_D30,20,PHSEA,0.6795126848081968,0.018623781503507804
WFG9_D30,1,MSAEA-DM,0.6634430071539512,0.02294261020233396
WFG9_D30,2,MSAEA-DM,0.6635616123417555,0.022003100681590105
WFG9_D30,3,MSAEA-DM,0.6489631760260067,0.021753411318709136
WFG9_D30,4,MSAEA-DM,0.6653299581347053,0.02101887278048724
WFG9_D30,5,MSAEA-DM,0.6540361039559497,0.019469874901718046
WFG9_D30,6,MSAEA-DM,0.6611163324940476,0.018919421243834018
WFG9_D30,7,MSAEA-DM,0.6708292769772254,0.01950151857150423
WFG9_D30,8,MSAEA-DM,0.6545306401638002,0.0260486093270406
WFG9_D30,9,MSAEA-DM,0.6771549551309484,0.017414724300307858
WFG9_D30,10,MSAEA-DM,0.6412415374609153,0.024448785899477275
WFG9_D30,11,MSAEA-DM,0.6572066269503118,0.021228650874743987
WFG9_D30,12,MSAEA-DM,0.6655075002005174,0.021286056786316076
WFG9_D30,13,MSAEA-DM,0.6786430213181174,0.02089782292473074
WFG9_D30,14,MSAEA-DM,0.6739999676535,0.021712179843642362
WFG9_D30,15,MSAEA-DM,0.67028028426762,0.01960657171713808
WFG9_D30,16,MSAEA-DM,0.6682051970279568,0.02327777407404933
WFG9_D30,17,MSAEA-DM,0.669905621400197,0.0207170471027847
WFG9_D30,18,MSAEA-DM,0.6668233484371537,0.02301324350706644
WFG9_D30,19,MSAEA-DM,0.6648591913276938,0.02359315515236675
WFG9_D30,20,MSAEA-DM,0.6696908754096591,0.019553302796189026
WFG9_D30,1,AS-SMEA,0.6667052514014039,0.024965597465918515
WFG9_D30,2,AS-SMEA,0.6557553351113606,0.025321753555878262
WFG9_D30,3,AS-SMEA,0.6644876495555077,0.022316985639011612
WFG9_D30,4,AS-SMEA,0.667565477088809,0.02217859932814152
WFG9_D30,5,AS-SMEA,0.6587547141397722,0.026588688067820106
WFG9_D30,6,AS-SMEA,0.6611767039626166,0.029121179983639132
WFG9_D30,7,AS-SMEA,0.6740301248885966,0.02147425756440483
WFG9_D30,8,AS-SMEA,0.6534757892684016,0.02229633595232865
WFG9_D30,9,AS-SMEA,0.6848331551163199,0.021722860238498436
WFG9_D30,10,AS-SMEA,0.6562695518001266,0.02267018644741233
WFG9_D30,11,AS-SMEA,0.6576757418993925,0.024357041747535776
WFG9_D30,12,AS-SMEA,0.6587386773598276,0.021596013363808682
WFG9_D30,13,AS-SMEA,0.6566870247590455,0.020698521075427793
WFG9_D30,14,AS-SMEA,0.6540808167199197,0.01877740124068576
WFG9_D30,15,AS-SMEA,0.6481694918621382,0.02276646606142114
WFG9_D30,16,AS-SMEA,0.6660394094367351,0.025990051093642733
WFG9_D30,17,AS-SMEA,0.6692193350517691,0.021534122383825773
WFG9_D30,18,AS-SMEA,0.6453155738473297,0.01952111657518663
WFG9_D30,19,AS-SMEA,0.6611422301238532,0.02395202187701192
WFG9_D30,20,AS-SMEA,0.646534688539654,0.0235665581920124
