method,seed,HF_calls,normalized_HV,IGD_plus
Frank-WT MF-PIRN,1,20,0.7130272458941804,0.04607239054632669
Frank-WT MF-PIRN,1,30,0.7669585335118553,0.03370747840390926
Frank-WT MF-PIRN,1,40,0.8053205454299678,0.02514345970392657
Frank-WT MF-PIRN,1,50,0.8388715248112899,0.019214896794855812
Frank-WT MF-PIRN,1,60,0.8627898483698022,0.014990301068439203
Frank-WT MF-PIRN,1,70,0.8781188228228853,0.011279060536182467
Frank-WT MF-PIRN,1,80,0.8910455177609018,0.009453757669511615
Frank-WT MF-PIRN,1,90,0.899541588640242,0.007968839180658329
Frank-WT MF-PIRN,1,100,0.9041763523361364,0.006445887115792654
Frank-WT MF-PIRN,1,110,0.9141933842963691,0.005520832723585421
Frank-WT MF-PIRN,1,120,0.9189672247033009,0.00557419465944747
Frank-WT MF-PIRN,1,130,0.9208683906983901,0.004634420103280882
Frank-WT MF-PIRN,1,140,0.9192790812251412,0.004217060716955774
Frank-WT MF-PIRN,1,150,0.9257197587309193,0.004197383454133019
Frank-WT MF-PIRN,1,160,0.9277380644466235,0.004124854295650557
Frank-WT MF-PIRN,1,170,0.9278158698499546,0.004215411456655558
Frank-WT MF-PIRN,1,180,0.928804146024131,0.005660637356139513
Frank-WT MF-PIRN,1,190,0.9284099223912586,0.004890370910248413
Frank-WT MF-PIRN,1,200,0.9312686782943389,0.0036099233778510063
Frank-WT MF-PIRN,2,20,0.7107618588594399,0.04639511480611717
Frank-WT MF-PIRN,2,30,0.7699635600038776,0.034097841141964645
Frank-WT MF-PIRN,2,40,0.8062998610817188,0.026241418280910835
Frank-WT MF-PIRN,2,50,0.8387159239001222,0.019795251143171915
Frank-WT MF-PIRN,2,60,0.8635107961501874,0.015243299397176505
Frank-WT MF-PIRN,2,70,0.8770279412311266,0.011285683515939445
Frank-WT MF-PIRN,2,80,0.8897738610866823,0.00916704595154328
Frank-WT MF-PIRN,2,90,0.9005464227583269,0.007606096321992138
Frank-WT MF-PIRN,2,100,0.9065168089084426,0.006409846558937506
Frank-WT MF-PIRN,2,110,0.9145702413265994,0.005928537606468019
Frank-WT MF-PIRN,2,120,0.9191586632197212,0.005524111666029977
Frank-WT MF-PIRN,2,130,0.9200190145652686,0.004688317724113355
Frank-WT MF-PIRN,2,140,0.9285607490549316,0.004672988287364633
Frank-WT MF-PIRN,2,150,0.9269601099020741,0.004979980798352108
Frank-WT MF-PIRN,2,160,0.9234168435838794,0.0039873929707514464
Frank-WT MF-PIRN,2,170,0.9297484268983106,0.004244869268812255
Frank-WT MF-PIRN,2,180,0.9311418417823503,0.003932651549327223
Frank-WT MF-PIRN,2,190,0.9303527649470879,0.004447144251055425
Frank-WT MF-PIRN,2,200,0.9351514346019638,0.003596132537639909
Frank-WT MF-PIRN,3,20,0.7112437018591575,0.04646791227931048
Frank-WT MF-PIRN,3,30,0.7673257655158153,0.0355943981359665
Frank-WT MF-PIRN,3,40,0.8103224405845111,0.025588877007982232
Frank-WT MF-PIRN,3,50,0.8372932929265564,0.018671976792804502
Frank-WT MF-PIRN,3,60,0.8633897240515058,0.015038285951324096
Frank-WT MF-PIRN,3,70,0.8771531404929367,0.011201428133237157
Frank-WT MF-PIRN,3,80,0.8937735837967694,0.009326910739437758
Frank-WT MF-PIRN,3,90,0.902740851816822,0.007506423111592976
Frank-WT MF-PIRN,3,100,0.9089461808906883,0.006295513514512062
Frank-WT MF-PIRN,3,110,0.9108344223376459,0.0058834680550382806
Frank-WT MF-PIRN,3,120,0.9158584961571159,0.006080368869325324
Frank-WT MF-PIRN,3,130,0.9217464390317386,0.0047466229046072275
Frank-WT MF-PIRN,3,140,0.9231691402451931,0.004837687910783937
Frank-WT MF-PIRN,3,150,0.9270766369964148,0.004343416260026856
Frank-WT MF-PIRN,3,160,0.9287851860265203,0.004978854650659174
Frank-WT MF-PIRN,3,170,0.9293922810133738,0.004106503622918769
Frank-WT MF-PIRN,3,180,0.9318380932338678,0.003997425636743768
Frank-WT MF-PIRN,3,190,0.9304977589708108,0.003793633797787917
Frank-WT MF-PIRN,3,200,0.9314385145786461,0.0036623682424270867
Frank-WT MF-PIRN,4,20,0.7132319765837392,0.046902941049502114
Frank-WT MF-PIRN,4,30,0.7650873924462701,0.03370428251601147
Frank-WT MF-PIRN,4,40,0.807159765266271,0.024923639083903163
Frank-WT MF-PIRN,4,50,0.8312533807495613,0.01902758317518785
Frank-WT MF-PIRN,4,60,0.8609316081030336,0.014329023059074736
Frank-WT MF-PIRN,4,70,0.8763348300978648,0.01165614101261355
Frank-WT MF-PIRN,4,80,0.8890588529247341,0.01031855360055815
Frank-WT MF-PIRN,4,90,0.8995953252501168,0.007861707791837778
Frank-WT MF-PIRN,4,100,0.9097986777501783,0.006456765981753956
Frank-WT MF-PIRN,4,110,0.911915553749439,0.006084094238597576
Frank-WT MF-PIRN,4,120,0.9141521513901174,0.0060684845186267985
Frank-WT MF-PIRN,4,130,0.9183475891199145,0.00535368346961358
Frank-WT MF-PIRN,4,140,0.925825450267989,0.004944771079334358
Frank-WT MF-PIRN,4,150,0.9214905695011723,0.004769187699145716
Frank-WT MF-PIRN,4,160,0.9246553704031748,0.00405804356243269
Frank-WT MF-PIRN,4,170,0.9251266809017977,0.004000568289328841
Frank-WT MF-PIRN,4,180,0.9258319306294944,0.003738808914775096
Frank-WT MF-PIRN,4,190,0.9325375846196664,0.004635064437426011
Frank-WT MF-PIRN,4,200,0.9237839928569186,0.0036407744027735895
Frank-WT MF-PIRN,5,20,0.7134053546807595,0.046921209945115484
Frank-WT MF-PIRN,5,30,0.767863893064428,0.03364344836117533
Frank-WT MF-PIRN,5,40,0.8087832699214185,0.02642539779184476
Frank-WT MF-PIRN,5,50,0.8417021018567917,0.01878733813363441
Frank-WT MF-PIRN,5,60,0.8639300118963531,0.014704750646540102
Frank-WT MF-PIRN,5,70,0.8849119359314914,0.011950746120998147
Frank-WT MF-PIRN,5,80,0.8950905735769038,0.009366528516907639
Frank-WT MF-PIRN,5,90,0.9036414233667468,0.008044611116241872
Frank-WT MF-PIRN,5,100,0.9127915121245166,0.007950889755830946
Frank-WT MF-PIRN,5,110,0.9196296519091377,0.006199539358830836
Frank-WT MF-PIRN,5,120,0.9223932640164303,0.005270457613571458
Frank-WT MF-PIRN,5,130,0.9254948844479736,0.004788479903041074
Frank-WT MF-PIRN,5,140,0.9277933129867098,0.004660367387089948
Frank-WT MF-PIRN,5,150,0.9272320246603653,0.004743764183376668
Frank-WT MF-PIRN,5,160,0.9305249357257891,0.003920986662151268
Frank-WT MF-PIRN,5,170,0.9322883564065881,0.003879589712102687
Frank-WT MF-PIRN,5,180,0.935289000576359,0.00442195175305519
Frank-WT MF-PIRN,5,190,0.93297394033936,0.004289536995008253
Frank-WT MF-PIRN,5,200,0.9322833072843582,0.004844231094411325
Frank-WT MF-PIRN,6,20,0.7129950147397995,0.04781957221566146
Frank-WT MF-PIRN,6,30,0.7659991845865295,0.034029726605976085
Frank-WT MF-PIRN,6,40,0.8070752433451441,0.025081041896787355
Frank-WT MF-PIRN,6,50,0.8391609743842481,0.019036056815242265
Frank-WT MF-PIRN,6,60,0.8590504444478995,0.014308619093286174
Frank-WT MF-PIRN,6,70,0.8769011689224193,0.011496524726155201
Frank-WT MF-PIRN,6,80,0.8926673244501497,0.009761299831954649
Frank-WT MF-PIRN,6,90,0.9020236584951999,0.007402801020071588
Frank-WT MF-PIRN,6,100,0.910950201609653,0.006857184169301594
Frank-WT MF-PIRN,6,110,0.9140299963075433,0.005422640877735808
Frank-WT MF-PIRN,6,120,0.9122022145860951,0.006741250609989727
Frank-WT MF-PIRN,6,130,0.9201798109020939,0.005104622055933695
Frank-WT MF-PIRN,6,140,0.9239304221255151,0.0042097821298818965
Frank-WT MF-PIRN,6,150,0.924015315951877,0.004127558573296795
Frank-WT MF-PIRN,6,160,0.9232716565578729,0.004564988283026703
Frank-WT MF-PIRN,6,170,0.9296635772404007,0.004852123128094675
Frank-WT MF-PIRN,6,180,0.9259014244028846,0.004690914801475495
Frank-WT MF-PIRN,6,190,0.9280876027767447,0.00402426712320862
Frank-WT MF-PIRN,6,200,0.9303346394245452,0.0050474938412937865
Frank-WT MF-PIRN,7,20,0.7150461652135455,0.04682353280358669
Frank-WT MF-PIRN,7,30,0.7703029466913938,0.03400578881468537
Frank-WT MF-PIRN,7,40,0.8087153274746912,0.025080367409247916
Frank-WT MF-PIRN,7,50,0.8397116564773182,0.019417371349170046
Frank-WT MF-PIRN,7,60,0.8662423794715106,0.014549773655040378
Frank-WT MF-PIRN,7,70,0.8795834197713736,0.0114491704608781
Frank-WT MF-PIRN,7,80,0.8947577473236111,0.009365071005139797
Frank-WT MF-PIRN,7,90,0.9006110253504576,0.007783776604905726
Frank-WT MF-PIRN,7,100,0.9102431959005257,0.006579368265715112
Frank-WT MF-PIRN,7,110,0.91500837965381,0.005672302154097676
Frank-WT MF-PIRN,7,120,0.9190910653596072,0.005851605371266227
Frank-WT MF-PIRN,7,130,0.9226686993179652,0.004508670958713679
Frank-WT MF-PIRN,7,140,0.9263095957321867,0.005014390422923048
Frank-WT MF-PIRN,7,150,0.928254104642646,0.004545179946494917
Frank-WT MF-PIRN,7,160,0.9273295136080749,0.005405428917579676
Frank-WT MF-PIRN,7,170,0.9326039132889337,0.005526538073524303
Frank-WT MF-PIRN,7,180,0.9336725237553297,0.004330612678141313
Frank-WT MF-PIRN,7,190,0.9322632006239229,0.0036241057974577295
Frank-WT MF-PIRN,7,200,0.9330337660912793,0.003712215834303078
Frank-WT MF-PIRN,8,20,0.7164887233542437,0.04634106016797583
Frank-WT MF-PIRN,8,30,0.7683228073478007,0.033957352124783964
Frank-WT MF-PIRN,8,40,0.810966564554599,0.02539307813761244
Frank-WT MF-PIRN,8,50,0.8413028114823875,0.01913005297182923
Frank-WT MF-PIRN,8,60,0.8648143033019473,0.015112997538061494
Frank-WT MF-PIRN,8,70,0.8832793517942418,0.011381793851043617
Frank-WT MF-PIRN,8,80,0.8970322473482597,0.010067387556715171
Frank-WT MF-PIRN,8,90,0.9075746754815474,0.007534978043630637
Frank-WT MF-PIRN,8,100,0.9141315016597803,0.006404175333630799
Frank-WT MF-PIRN,8,110,0.9170936015414954,0.005480649456577613
Frank-WT MF-PIRN,8,120,0.9232697757225847,0.006018789778591708
Frank-WT MF-PIRN,8,130,0.9258105923536448,0.005813231355799857
Frank-WT MF-PIRN,8,140,0.9344741969120511,0.004215081148479788
Frank-WT MF-PIRN,8,150,0.9332977123282068,0.004157422088542873
Frank-WT MF-PIRN,8,160,0.9345884937910564,0.004739273703886108
Frank-WT MF-PIRN,8,170,0.936590424590098,0.003941948914903492
Frank-WT MF-PIRN,8,180,0.9343678782142125,0.005058791802858352
Frank-WT MF-PIRN,8,190,0.9367775308261079,0.003754885329776778
Frank-WT MF-PIRN,8,200,0.9337976286199553,0.004141052794727233
Frank-WT MF-PIRN,9,20,0.7110337456212318,0.047240356199451876
Frank-WT MF-PIRN,9,30,0.7641999560840064,0.03377534382365002
Frank-WT MF-PIRN,9,40,0.8071020987261872,0.024891277281571235
Frank-WT MF-PIRN,9,50,0.8331579172057983,0.018942520713395205
Frank-WT MF-PIRN,9,60,0.8575235920342018,0.01533633623683553
Frank-WT MF-PIRN,9,70,0.8751930288563103,0.011252013948768392
Frank-WT MF-PIRN,9,80,0.8854274054606416,0.00976697799660229
Frank-WT MF-PIRN,9,90,0.9021693311740697,0.008382121584415503
Frank-WT MF-PIRN,9,100,0.9055019416554843,0.006819759183045896
Frank-WT MF-PIRN,9,110,0.9151168405008725,0.006483745528734263
Frank-WT MF-PIRN,9,120,0.9174278416207785,0.006263548368280103
Frank-WT MF-PIRN,9,130,0.919649942782307,0.004849626573276194
Frank-WT MF-PIRN,9,140,0.9265973006342074,0.004342279822244407
Frank-WT MF-PIRN,9,150,0.9223394644240691,0.004468664828314066
Frank-WT MF-PIRN,9,160,0.9215819149046334,0.004041281964485607
Frank-WT MF-PIRN,9,170,0.927671356316339,0.003902150775872244
Frank-WT MF-PIRN,9,180,0.928390065732915,0.0048992891143941515
Frank-WT MF-PIRN,9,190,0.9254707782110053,0.004060096170618128
Frank-WT MF-PIRN,9,200,0.929109213418914,0.004217259459044761
Frank-WT MF-PIRN,10,20,0.7147779005955133,0.046751885108452816
Frank-WT MF-PIRN,10,30,0.7714639517575782,0.034576565148228176
Frank-WT MF-PIRN,10,40,0.8074700798125742,0.027220564981762195
Frank-WT MF-PIRN,10,50,0.8404789010475908,0.019629459336363442
Frank-WT MF-PIRN,10,60,0.8659296977398978,0.014841555797297625
Frank-WT MF-PIRN,10,70,0.8872632251291377,0.011412139349085306
Frank-WT MF-PIRN,10,80,0.8958862891010961,0.009481669202127178
Frank-WT MF-PIRN,10,90,0.90837060355067,0.00848907960822376
Frank-WT MF-PIRN,10,100,0.9117868982698667,0.006566869843756935
Frank-WT MF-PIRN,10,110,0.9196188120520213,0.0062164349702012916
Frank-WT MF-PIRN,10,120,0.9270823927267332,0.005221753758031804
Frank-WT MF-PIRN,10,130,0.9293782068685283,0.005300400165122869
Frank-WT MF-PIRN,10,140,0.9305659846861974,0.004546565942798011
Frank-WT MF-PIRN,10,150,0.9343107648577381,0.004350737749212385
Frank-WT MF-PIRN,10,160,0.9375163543817725,0.004851357341726103
Frank-WT MF-PIRN,10,170,0.9332443641561812,0.0038077416556961904
Frank-WT MF-PIRN,10,180,0.9327977327362439,0.004423313800501973
Frank-WT MF-PIRN,10,190,0.9369741522590215,0.0040833942018049935
Frank-WT MF-PIRN,10,200,0.9348712491527476,0.0051490153895489554
Frank-WT MF-PIRN,11,20,0.7107500543271119,0.04645535389105359
Frank-WT MF-PIRN,11,30,0.7675359329542731,0.03448668440802171
Frank-WT MF-PIRN,11,40,0.8085095768153143,0.02585120890486785
Frank-WT MF-PIRN,11,50,0.8417333337610173,0.01882465896549139
Frank-WT MF-PIRN,11,60,0.8635123131010181,0.014578187211358708
Frank-WT MF-PIRN,11,70,0.8824883470339934,0.011635038883632633
Frank-WT MF-PIRN,11,80,0.8927091894443279,0.010150107859613617
Frank-WT MF-PIRN,11,90,0.9059435775196213,0.008104349248482178
Frank-WT MF-PIRN,11,100,0.9085174850993659,0.007212204312685644
Frank-WT MF-PIRN,11,110,0.9161877874556199,0.0054392655168633355
Frank-WT MF-PIRN,11,120,0.9212490938006339,0.006978007693851545
Frank-WT MF-PIRN,11,130,0.9246128707267308,0.005458824145136876
Frank-WT MF-PIRN,11,140,0.9258033145709996,0.004609642029104178
Frank-WT MF-PIRN,11,150,0.9349254183192675,0.0043197253976651065
Frank-WT MF-PIRN,11,160,0.9273430695093412,0.004586429052423922
Frank-WT MF-PIRN,11,170,0.9336701581936446,0.004829923296891623
Frank-WT MF-PIRN,11,180,0.9320079735582796,0.0038689713089106324
Frank-WT MF-PIRN,11,190,0.9327841319288516,0.004117646069218546
Frank-WT MF-PIRN,11,200,0.9362628473421974,0.0041092157284868475
Frank-WT MF-PIRN,12,20,0.7180796952847619,0.047722442828406604
Frank-WT MF-PIRN,12,30,0.7662763573991805,0.03391882193641012
Frank-WT MF-PIRN,12,40,0.8098446097271347,0.026415853759480353
Frank-WT MF-PIRN,12,50,0.8414010888933678,0.02039891811240783
Frank-WT MF-PIRN,12,60,0.8655874919471773,0.015251414948027245
Frank-WT MF-PIRN,12,70,0.8815258524840958,0.011282938151932188
Frank-WT MF-PIRN,12,80,0.8902546043361466,0.0095940528415239
Frank-WT MF-PIRN,12,90,0.9021079233801966,0.007896525217365419
Frank-WT MF-PIRN,12,100,0.916514758001383,0.006364095394734385
Frank-WT MF-PIRN,12,110,0.9174264610167381,0.005880662989646248
Frank-WT MF-PIRN,12,120,0.9248344532483793,0.005944685612090806
Frank-WT MF-PIRN,12,130,0.9232201857510902,0.004954162848130642
Frank-WT MF-PIRN,12,140,0.9293737093406789,0.006006761646452039
Frank-WT MF-PIRN,12,150,0.9296543878351784,0.004016944006416377
Frank-WT MF-PIRN,12,160,0.9307062184910381,0.0038661772486929037
Frank-WT MF-PIRN,12,170,0.9310387116633343,0.003970766549148809
Frank-WT MF-PIRN,12,180,0.9339154812688136,0.0038338049076239895
Frank-WT MF-PIRN,12,190,0.9338223901829557,0.003942047250240642
Frank-WT MF-PIRN,12,200,0.9328213304223095,0.0038023933557184866
Frank-WT MF-PIRN,13,20,0.714415626148364,0.046459763397442636
Frank-WT MF-PIRN,13,30,0.7704900002690062,0.03405309502823702
Frank-WT MF-PIRN,13,40,0.811839447087845,0.025729005653329327
Frank-WT MF-PIRN,13,50,0.8430827193969728,0.018781546868364165
Frank-WT MF-PIRN,13,60,0.8644131010308723,0.014534238570174598
Frank-WT MF-PIRN,13,70,0.8830224531880125,0.01142813438772725
Frank-WT MF-PIRN,13,80,0.8965567249629784,0.00899317892140241
Frank-WT MF-PIRN,13,90,0.9117467186863697,0.007699669965362992
Frank-WT MF-PIRN,13,100,0.9124446907492232,0.007285608699162983
Frank-WT MF-PIRN,13,110,0.9173031241541602,0.006847637664867579
Frank-WT MF-PIRN,13,120,0.9215493220607593,0.004991202479439246
Frank-WT MF-PIRN,13,130,0.9244167990627346,0.004553382131397031
Frank-WT MF-PIRN,13,140,0.9239316359946124,0.005330238508104513
Frank-WT MF-PIRN,13,150,0.9323881049621195,0.004678939044228748
Frank-WT MF-PIRN,13,160,0.9308670223615199,0.004477008777596787
Frank-WT MF-PIRN,13,170,0.9333883950027433,0.0056845068533428935
Frank-WT MF-PIRN,13,180,0.9296945283417967,0.004122627734218443
Frank-WT MF-PIRN,13,190,0.9334785219586997,0.004084351670320798
Frank-WT MF-PIRN,13,200,0.9339977133242183,0.005594582486056996
Frank-WT MF-PIRN,14,20,0.7131539146374071,0.04666249069084783
Frank-WT MF-PIRN,14,30,0.7722595573081469,0.03453473188955943
Frank-WT MF-PIRN,14,40,0.8114479560454363,0.02571285984397015
Frank-WT MF-PIRN,14,50,0.8446619409112717,0.01960312829746404
Frank-WT MF-PIRN,14,60,0.866975822198852,0.015054336810623853
Frank-WT MF-PIRN,14,70,0.8824038303338887,0.01168311270272206
Frank-WT MF-PIRN,14,80,0.8970070232401335,0.00912787219203678
Frank-WT MF-PIRN,14,90,0.9122634312282643,0.008034920010034287
Frank-WT MF-PIRN,14,100,0.9202135927130984,0.006605029656959361
Frank-WT MF-PIRN,14,110,0.9216768185986374,0.005641530556506785
Frank-WT MF-PIRN,14,120,0.9268368241825821,0.0054203043436579085
Frank-WT MF-PIRN,14,130,0.9265205482673434,0.004854826518297407
Frank-WT MF-PIRN,14,140,0.9337256003200296,0.004537062279718568
Frank-WT MF-PIRN,14,150,0.9334310431872727,0.004819681672435067
Frank-WT MF-PIRN,14,160,0.936476800344681,0.004452179650541226
Frank-WT MF-PIRN,14,170,0.9356754309212986,0.004360784408812083
Frank-WT MF-PIRN,14,180,0.9371176693179653,0.004127070870876565
Frank-WT MF-PIRN,14,190,0.9375490657375092,0.004271308006477512
Frank-WT MF-PIRN,14,200,0.9377277549469103,0.005326096835034313
Frank-WT MF-PIRN,15,20,0.714365543475221,0.046331007573135345
Frank-WT MF-PIRN,15,30,0.7692221719622201,0.034723258809191054
Frank-WT MF-PIRN,15,40,0.8062453393330954,0.026607697870535425
Frank-WT MF-PIRN,15,50,0.845900462161337,0.019581129519835382
Frank-WT MF-PIRN,15,60,0.8637259512348885,0.015164791721698226
Frank-WT MF-PIRN,15,70,0.8867885813652517,0.011351220895980788
Frank-WT MF-PIRN,15,80,0.9022059526471577,0.00913282993967606
Frank-WT MF-PIRN,15,90,0.9092295493628254,0.0074384191403050635
Frank-WT MF-PIRN,15,100,0.9182489535212431,0.006976203641713775
Frank-WT MF-PIRN,15,110,0.925746261206903,0.006502669470644222
Frank-WT MF-PIRN,15,120,0.9277782431259544,0.005737842398060406
Frank-WT MF-PIRN,15,130,0.9306621694595363,0.0048923622029056766
Frank-WT MF-PIRN,15,140,0.9299761577882006,0.004528161154020161
Frank-WT MF-PIRN,15,150,0.9333624113962675,0.006061267637206028
Frank-WT MF-PIRN,15,160,0.935558632272563,0.004299963250231254
Frank-WT MF-PIRN,15,170,0.9373714615148945,0.00400737115270248
Frank-WT MF-PIRN,15,180,0.9379750445988125,0.004154976230179297
Frank-WT MF-PIRN,15,190,0.9401203092929562,0.003669655382003745
Frank-WT MF-PIRN,15,200,0.9396624279890556,0.0037248482745351258
Frank-WT MF-PIRN,16,20,0.7104777815885925,0.04731737214186319
Frank-WT MF-PIRN,16,30,0.7725761734475284,0.03436746152205596
Frank-WT MF-PIRN,16,40,0.8090517530615416,0.025291438735649537
Frank-WT MF-PIRN,16,50,0.8380594556747898,0.018974945146139708
Frank-WT MF-PIRN,16,60,0.8634318688528144,0.014375905770483227
Frank-WT MF-PIRN,16,70,0.8837445800110972,0.01178555775128517
Frank-WT MF-PIRN,16,80,0.8969602278318958,0.008980136861099976
Frank-WT MF-PIRN,16,90,0.9059322559864411,0.007620080155783941
Frank-WT MF-PIRN,16,100,0.9123622628629697,0.006655539754601594
Frank-WT MF-PIRN,16,110,0.917282712055132,0.005605360116426793
Frank-WT MF-PIRN,16,120,0.9215119832990496,0.006296772064700888
Frank-WT MF-PIRN,16,130,0.9281825282473158,0.0047603719459175225
Frank-WT MF-PIRN,16,140,0.9274175072896171,0.004291931233954425
Frank-WT MF-PIRN,16,150,0.9294617715247078,0.004619026944916956
Frank-WT MF-PIRN,16,160,0.9332451586861206,0.003992916441571823
Frank-WT MF-PIRN,16,170,0.9341936789414556,0.004598359653885267
Frank-WT MF-PIRN,16,180,0.9315328259447551,0.0047591527182214224
Frank-WT MF-PIRN,16,190,0.9326261556504841,0.005052080563422806
Frank-WT MF-PIRN,16,200,0.9342553095336046,0.004291269021597495
Frank-WT MF-PIRN,17,20,0.7147217107223498,0.047564041713908135
Frank-WT MF-PIRN,17,30,0.7692543408959883,0.033652620716199205
Frank-WT MF-PIRN,17,40,0.8086742771462622,0.025535597764508405
Frank-WT MF-PIRN,17,50,0.8384386677447916,0.019050289405036402
Frank-WT MF-PIRN,17,60,0.8613645510179919,0.01450660518856058
Frank-WT MF-PIRN,17,70,0.8837436337507527,0.011307636230126967
Frank-WT MF-PIRN,17,80,0.8939100857172719,0.009165070195265483
Frank-WT MF-PIRN,17,90,0.9031840872681409,0.008394184333408928
Frank-WT MF-PIRN,17,100,0.9106778108568285,0.006664330379863225
Frank-WT MF-PIRN,17,110,0.9174809376453331,0.006777390286271197
Frank-WT MF-PIRN,17,120,0.9230428008818351,0.004947173043887251
Frank-WT MF-PIRN,17,130,0.9248589956725467,0.004934799013547971
Frank-WT MF-PIRN,17,140,0.9259846307078582,0.0042863657736186105
Frank-WT MF-PIRN,17,150,0.9272568142085186,0.005023599180418167
Frank-WT MF-PIRN,17,160,0.9339788477779929,0.005181071513791389
Frank-WT MF-PIRN,17,170,0.9324321643972613,0.004484959431286856
Frank-WT MF-PIRN,17,180,0.9340270620707448,0.0043502510993566655
Frank-WT MF-PIRN,17,190,0.9325733318681041,0.004057323178718557
Frank-WT MF-PIRN,17,200,0.9292508750663143,0.004089918545860535
Frank-WT MF-PIRN,18,20,0.7102647922536038,0.04691054894390317
Frank-WT MF-PIRN,18,30,0.769962318274579,0.03365899052406766
Frank-WT MF-PIRN,18,40,0.8056782673523104,0.0255207444398056
Frank-WT MF-PIRN,18,50,0.8331515148698723,0.01964505715314732
Frank-WT MF-PIRN,18,60,0.8587714672670194,0.014372263157980967
Frank-WT MF-PIRN,18,70,0.8730509930739839,0.011413490029394534
Frank-WT MF-PIRN,18,80,0.8868905666736027,0.009697949413560756
Frank-WT MF-PIRN,18,90,0.8977899945732019,0.007830628558055148
Frank-WT MF-PIRN,18,100,0.9059481638480844,0.006477700612113062
Frank-WT MF-PIRN,18,110,0.9094074538106228,0.0064580357904581425
Frank-WT MF-PIRN,18,120,0.9119385402084756,0.005189703132188627
Frank-WT MF-PIRN,18,130,0.916071967097045,0.005118524607907283
Frank-WT MF-PIRN,18,140,0.9208886572829365,0.005027388626735944
Frank-WT MF-PIRN,18,150,0.922347951517325,0.004091025611612367
Frank-WT MF-PIRN,18,160,0.9221554079155067,0.004304470759168519
Frank-WT MF-PIRN,18,170,0.9221945730478923,0.004688846632378757
Frank-WT MF-PIRN,18,180,0.9246335624232754,0.004460925604794792
Frank-WT MF-PIRN,18,190,0.9218509229720413,0.006241084440637633
Frank-WT MF-PIRN,18,200,0.9244444914937955,0.0036918752285363668
Frank-WT MF-PIRN,19,20,0.7101266211169224,0.04675549569791926
Frank-WT MF-PIRN,19,30,0.7720260346615734,0.03427704196608374
Frank-WT MF-PIRN,19,40,0.8076883289387833,0.025210300673236333
Frank-WT MF-PIRN,19,50,0.8442956659733591,0.019331661448570882
Frank-WT MF-PIRN,19,60,0.8640299234625997,0.015770096688246787
Frank-WT MF-PIRN,19,70,0.8792785227364268,0.011946499848290052
Frank-WT MF-PIRN,19,80,0.8916607819242313,0.009656195627034443
Frank-WT MF-PIRN,19,90,0.9039553834780075,0.007693960530022831
Frank-WT MF-PIRN,19,100,0.9123018743087907,0.006535311158394243
Frank-WT MF-PIRN,19,110,0.914723009263218,0.00581275876489546
Frank-WT MF-PIRN,19,120,0.9188728364667346,0.005657721961038605
Frank-WT MF-PIRN,19,130,0.9212252877065293,0.0044833497661356005
Frank-WT MF-PIRN,19,140,0.9260758802383624,0.004953955363976717
Frank-WT MF-PIRN,19,150,0.9268736158323858,0.004326326669944112
Frank-WT MF-PIRN,19,160,0.9267215492398526,0.0043804752916662
Frank-WT MF-PIRN,19,170,0.9316747487737826,0.003984418070294521
Frank-WT MF-PIRN,19,180,0.9285886412147962,0.004712797929924195
Frank-WT MF-PIRN,19,190,0.9303481959761444,0.004481205626321227
Frank-WT MF-PIRN,19,200,0.9303592268390015,0.003626486610044912
Frank-WT MF-PIRN,20,20,0.7117199524900064,0.046925296873396326
Frank-WT MF-PIRN,20,30,0.766873860059275,0.03445502137399865
Frank-WT MF-PIRN,20,40,0.8091947389040074,0.026713713277774817
Frank-WT MF-PIRN,20,50,0.8417658040965936,0.018872805408370212
Frank-WT MF-PIRN,20,60,0.867534843293577,0.014500525490618366
Frank-WT MF-PIRN,20,70,0.8839882047865639,0.011830967131094518
Frank-WT MF-PIRN,20,80,0.895872186980763,0.009314569777074283
Frank-WT MF-PIRN,20,90,0.9074837635774362,0.007597038322093747
Frank-WT MF-PIRN,20,100,0.9150794642636986,0.007116054987266193
Frank-WT MF-PIRN,20,110,0.9167694542855805,0.0057482559262831065
Frank-WT MF-PIRN,20,120,0.9230574915845169,0.005938671590820192
Frank-WT MF-PIRN,20,130,0.9293055952775117,0.004525399775011279
Frank-WT MF-PIRN,20,140,0.9316802782980114,0.005568300626324935
Frank-WT MF-PIRN,20,150,0.9333852974646076,0.004700096933933057
Frank-WT MF-PIRN,20,160,0.9332529764070828,0.0040429464573839965
Frank-WT MF-PIRN,20,170,0.9308645168606574,0.00476106509518226
Frank-WT MF-PIRN,20,180,0.9330015130506601,0.004836129639000549
Frank-WT MF-PIRN,20,190,0.9381747667651661,0.004188571510078119
Frank-WT MF-PIRN,20,200,0.932334220596667,0.003767200135820715
Frank-WT MF-PIRN,21,20,0.7150391478289949,0.0466130973480685
Frank-WT MF-PIRN,21,30,0.7672417549404448,0.034949942660784925
Frank-WT MF-PIRN,21,40,0.8067312353322075,0.025339794572699137
Frank-WT MF-PIRN,21,50,0.8450975129694394,0.01900449403520794
Frank-WT MF-PIRN,21,60,0.8628303001251806,0.014689911375645279
Frank-WT MF-PIRN,21,70,0.8795800341129184,0.011368847430231168
Frank-WT MF-PIRN,21,80,0.8912366914730614,0.010105159352447072
Frank-WT MF-PIRN,21,90,0.9029492898818199,0.007718086745823905
Frank-WT MF-PIRN,21,100,0.9106058293475886,0.007568081572490956
Frank-WT MF-PIRN,21,110,0.9138511980940303,0.007243091653419541
Frank-WT MF-PIRN,21,120,0.9179895789419652,0.005835315231274413
Frank-WT MF-PIRN,21,130,0.9222905558103301,0.004785340455259665
Frank-WT MF-PIRN,21,140,0.9261764801260811,0.004639294084130097
Frank-WT MF-PIRN,21,150,0.9287330724083249,0.004003957604367608
Frank-WT MF-PIRN,21,160,0.9294788826332946,0.0048339583209336175
Frank-WT MF-PIRN,21,170,0.9262094228237114,0.004413668028684733
Frank-WT MF-PIRN,21,180,0.9328684867972391,0.004305527621106381
Frank-WT MF-PIRN,21,190,0.9299339293467329,0.004506817580747883
Frank-WT MF-PIRN,21,200,0.9314708303044426,0.005126191377780329
Frank-WT MF-PIRN,22,20,0.7123285939390442,0.04621726793929344
Frank-WT MF-PIRN,22,30,0.7612700020833363,0.03374586904598167
Frank-WT MF-PIRN,22,40,0.8040725503297105,0.026298623719058604
Frank-WT MF-PIRN,22,50,0.8331651406678269,0.01949583057821712
Frank-WT MF-PIRN,22,60,0.8491500495737296,0.015045315721607272
Frank-WT MF-PIRN,22,70,0.8707871462044809,0.011630145589396712
Frank-WT MF-PIRN,22,80,0.8860504653746705,0.010217271377712805
Frank-WT MF-PIRN,22,90,0.8931626318806274,0.008471515728605156
Frank-WT MF-PIRN,22,100,0.9038650742251109,0.007018666277479815
Frank-WT MF-PIRN,22,110,0.9052530260852444,0.005823008193928222
Frank-WT MF-PIRN,22,120,0.9140594442607654,0.006231409896292591
Frank-WT MF-PIRN,22,130,0.9126364008647867,0.004960955464063136
Frank-WT MF-PIRN,22,140,0.9177491164933864,0.004616554551047894
Frank-WT MF-PIRN,22,150,0.9182058513317032,0.004561382456550213
Frank-WT MF-PIRN,22,160,0.9183509655527665,0.004707951457592884
Frank-WT MF-PIRN,22,170,0.9201301672004405,0.004836320903074679
Frank-WT MF-PIRN,22,180,0.9220259511892084,0.004426834037647349
Frank-WT MF-PIRN,22,190,0.9214682895289311,0.004250454834840779
Frank-WT MF-PIRN,22,200,0.9225945520855859,0.004965843980309232
Frank-WT MF-PIRN,23,20,0.7051239318141721,0.04659422707447406
Frank-WT MF-PIRN,23,30,0.7675633545949879,0.03417075410099696
Frank-WT MF-PIRN,23,40,0.8059318659470855,0.025040070195748835
Frank-WT MF-PIRN,23,50,0.8371946264334709,0.01975979102795997
Frank-WT MF-PIRN,23,60,0.8575890773274413,0.014750948337077961
Frank-WT MF-PIRN,23,70,0.8791992830597718,0.011572830104488206
Frank-WT MF-PIRN,23,80,0.8922027362401698,0.009380645346729121
Frank-WT MF-PIRN,23,90,0.9001309736567024,0.00787587610431425
Frank-WT MF-PIRN,23,100,0.9095099339442625,0.006650575106601383
Frank-WT MF-PIRN,23,110,0.9143007196640129,0.006185155806470666
Frank-WT MF-PIRN,23,120,0.9203866128593527,0.004914635468319149
Frank-WT MF-PIRN,23,130,0.9255787399777139,0.005006281214470068
Frank-WT MF-PIRN,23,140,0.9254718615790223,0.00483100884171797
Frank-WT MF-PIRN,23,150,0.9285324541509586,0.004208483643703085
Frank-WT MF-PIRN,23,160,0.9319224089188778,0.003884057609296695
Frank-WT MF-PIRN,23,170,0.9247885675764766,0.004674035486791879
Frank-WT MF-PIRN,23,180,0.9298888955674081,0.005065296771127731
Frank-WT MF-PIRN,23,190,0.9272570549828054,0.0038828836869904257
Frank-WT MF-PIRN,23,200,0.9295132404806637,0.004238564755099268
Frank-WT MF-PIRN,24,20,0.7150316761418622,0.04636005770582154
Frank-WT MF-PIRN,24,30,0.7666614692759602,0.03450379606523778
Frank-WT MF-PIRN,24,40,0.8078366783516141,0.02522106286051878
Frank-WT MF-PIRN,24,50,0.8405895106810864,0.0194672908734536
Frank-WT MF-PIRN,24,60,0.8638597440056666,0.014579602183078041
Frank-WT MF-PIRN,24,70,0.8818513386342198,0.012337830948594164
Frank-WT MF-PIRN,24,80,0.8928777552490577,0.009454141791277203
Frank-WT MF-PIRN,24,90,0.90667439692195,0.007665472394591351
Frank-WT MF-PIRN,24,100,0.9107918226134789,0.007855810061703437
Frank-WT MF-PIRN,24,110,0.9155986234367303,0.006366915535464127
Frank-WT MF-PIRN,24,120,0.9210085770590242,0.005709231375408186
Frank-WT MF-PIRN,24,130,0.9251630711760251,0.0055188195753469345
Frank-WT MF-PIRN,24,140,0.9295362892388529,0.004250270877047284
Frank-WT MF-PIRN,24,150,0.9288615168079892,0.004034104424329991
Frank-WT MF-PIRN,24,160,0.9287641907089745,0.004230566369485406
Frank-WT MF-PIRN,24,170,0.9350011970723763,0.004302588434444807
Frank-WT MF-PIRN,24,180,0.9346422350895561,0.004046175444296116
Frank-WT MF-PIRN,24,190,0.9325742023334483,0.003912281969557863
Frank-WT MF-PIRN,24,200,0.9344103235204182,0.003646601565973778
Frank-WT MF-PIRN,25,20,0.7120594987805855,0.04703817175367249
Frank-WT MF-PIRN,25,30,0.7681197293083962,0.03399424107400945
Frank-WT MF-PIRN,25,40,0.807001436050195,0.02489040653263065
Frank-WT MF-PIRN,25,50,0.8406705942760265,0.019215388873838623
Frank-WT MF-PIRN,25,60,0.8633242089788304,0.014234287929267663
Frank-WT MF-PIRN,25,70,0.8782046420080166,0.011600220934870994
Frank-WT MF-PIRN,25,80,0.8910056054105151,0.0092573715955297
Frank-WT MF-PIRN,25,90,0.8988543472440443,0.008378511670847097
Frank-WT MF-PIRN,25,100,0.9098015138010541,0.0062149474034375
Frank-WT MF-PIRN,25,110,0.9145619323215394,0.005632941808470527
Frank-WT MF-PIRN,25,120,0.9183833770496576,0.004929439911574789
Frank-WT MF-PIRN,25,130,0.920811871196347,0.005509457292474349
Frank-WT MF-PIRN,25,140,0.9270450508419685,0.004677643693983338
Frank-WT MF-PIRN,25,150,0.9268816372610307,0.004523435578835812
Frank-WT MF-PIRN,25,160,0.9305097277040457,0.004564136952549513
Frank-WT MF-PIRN,25,170,0.9285892580778825,0.00407300164995482
Frank-WT MF-PIRN,25,180,0.9259190789741789,0.004635398960310733
Frank-WT MF-PIRN,25,190,0.932987846401175,0.004453012630215842
Frank-WT MF-PIRN,25,200,0.9338869913109387,0.004302680732880954
Frank-WT MF-PIRN,26,20,0.7106927452531908,0.04662224452355257
Frank-WT MF-PIRN,26,30,0.7684454518711183,0.03451491359096823
Frank-WT MF-PIRN,26,40,0.8119041892217164,0.026512696227511443
Frank-WT MF-PIRN,26,50,0.8398282635720049,0.018905420842741716
Frank-WT MF-PIRN,26,60,0.8649407473320806,0.014786146992464607
Frank-WT MF-PIRN,26,70,0.8819451178546461,0.011516607286926805
Frank-WT MF-PIRN,26,80,0.8962594649368127,0.010498865325050418
Frank-WT MF-PIRN,26,90,0.9059840347689687,0.008581354330608137
Frank-WT MF-PIRN,26,100,0.9154995294632681,0.006550444042279352
Frank-WT MF-PIRN,26,110,0.9222450742407974,0.006327227009417618
Frank-WT MF-PIRN,26,120,0.9241122377839521,0.005461303247342233
Frank-WT MF-PIRN,26,130,0.9268270418933906,0.004486898329755945
Frank-WT MF-PIRN,26,140,0.9264729432596068,0.004846117421652805
Frank-WT MF-PIRN,26,150,0.9307816403405285,0.004290135710545125
Frank-WT MF-PIRN,26,160,0.9309741158127826,0.004286450976786685
Frank-WT MF-PIRN,26,170,0.9376598840205789,0.004467932305845467
Frank-WT MF-PIRN,26,180,0.9315924173019644,0.004539913550116127
Frank-WT MF-PIRN,26,190,0.939790837964159,0.0037165183952162124
Frank-WT MF-PIRN,26,200,0.9352931164790337,0.004042223507341489
Frank-WT MF-PIRN,27,20,0.7151067591091607,0.04633455138179632
Frank-WT MF-PIRN,27,30,0.7657692227340513,0.03428356515570058
Frank-WT MF-PIRN,27,40,0.8114386453206278,0.02556708132900379
Frank-WT MF-PIRN,27,50,0.8392272030651835,0.018667905440324206
Frank-WT MF-PIRN,27,60,0.8638375724793848,0.01498480417697071
Frank-WT MF-PIRN,27,70,0.8787569522580989,0.012223028763870054
Frank-WT MF-PIRN,27,80,0.8986719106874212,0.009187118432540508
Frank-WT MF-PIRN,27,90,0.9064076171770885,0.007412579290899564
Frank-WT MF-PIRN,27,100,0.91495034556175,0.007950848285214546
Frank-WT MF-PIRN,27,110,0.9208802679565068,0.0054776484476594485
Frank-WT MF-PIRN,27,120,0.9229031465370587,0.005059777134995466
Frank-WT MF-PIRN,27,130,0.9241907220761346,0.004640117231480489
Frank-WT MF-PIRN,27,140,0.9286199082641627,0.005088459876044092
Frank-WT MF-PIRN,27,150,0.9275601512291807,0.004470451730647582
Frank-WT MF-PIRN,27,160,0.9317719587894369,0.00490135922250478
Frank-WT MF-PIRN,27,170,0.9332842482704453,0.004424070203132144
Frank-WT MF-PIRN,27,180,0.9318409649580228,0.004659528331766913
Frank-WT MF-PIRN,27,190,0.9311124383518633,0.004134380457095422
Frank-WT MF-PIRN,27,200,0.9319122851693324,0.004554412408604039
Frank-WT MF-PIRN,28,20,0.7104626746303867,0.04633398103103604
Frank-WT MF-PIRN,28,30,0.7614424426219225,0.035174401120160015
Frank-WT MF-PIRN,28,40,0.8065351552721896,0.02529396412806001
Frank-WT MF-PIRN,28,50,0.8330095517413401,0.01952665184325689
Frank-WT MF-PIRN,28,60,0.852242278825117,0.014268925818682833
Frank-WT MF-PIRN,28,70,0.8771773860898057,0.012030580183799891
Frank-WT MF-PIRN,28,80,0.8842739020208559,0.009045694076891984
Frank-WT MF-PIRN,28,90,0.8957330400446628,0.007567467404420741
Frank-WT MF-PIRN,28,100,0.9033486640063833,0.006410249762915389
Frank-WT MF-PIRN,28,110,0.9049069327625121,0.006733445764902628
Frank-WT MF-PIRN,28,120,0.9157457085888365,0.00509950432881365
Frank-WT MF-PIRN,28,130,0.9133416397564378,0.004760851297690144
Frank-WT MF-PIRN,28,140,0.9158377474803725,0.004714663867328848
Frank-WT MF-PIRN,28,150,0.9199970624004374,0.004813266885816172
Frank-WT MF-PIRN,28,160,0.9241077502532001,0.004701559876319398
Frank-WT MF-PIRN,28,170,0.9195220620057013,0.004536811335236764
Frank-WT MF-PIRN,28,180,0.9227354500472119,0.004363627468625407
Frank-WT MF-PIRN,28,190,0.9207472276841959,0.0043925663197292505
Frank-WT MF-PIRN,28,200,0.9205354761233763,0.004457087858804657
Frank-WT MF-PIRN,29,20,0.713608979187432,0.046540621428722166
Frank-WT MF-PIRN,29,30,0.7661311558521949,0.03516664460958523
Frank-WT MF-PIRN,29,40,0.8099898665979823,0.025021577524298656
Frank-WT MF-PIRN,29,50,0.8423021390966078,0.021021556671979302
Frank-WT MF-PIRN,29,60,0.8663788607105888,0.0153499801019934
Frank-WT MF-PIRN,29,70,0.8844731592202841,0.011542039065157115
Frank-WT MF-PIRN,29,80,0.895583789721058,0.009508848020389947
Frank-WT MF-PIRN,29,90,0.9056356847414829,0.007790571856877303
Frank-WT MF-PIRN,29,100,0.9094882618195395,0.006702299960704202
Frank-WT MF-PIRN,29,110,0.9137855574569308,0.005532613427558385
Frank-WT MF-PIRN,29,120,0.9211040379836767,0.00516399052519667
Frank-WT MF-PIRN,29,130,0.9200537065791896,0.006126258909634631
Frank-WT MF-PIRN,29,140,0.9249438045543141,0.004837733068778113
Frank-WT MF-PIRN,29,150,0.9289400022615737,0.005067035791659688
Frank-WT MF-PIRN,29,160,0.9288992287011483,0.004898035319794394
Frank-WT MF-PIRN,29,170,0.9308573081228599,0.004087538194562707
Frank-WT MF-PIRN,29,180,0.9248261691159122,0.004280411863259283
Frank-WT MF-PIRN,29,190,0.9273077817198143,0.004633212828352867
Frank-WT MF-PIRN,29,200,0.9340512921806746,0.0038615838459830974
Frank-WT MF-PIRN,30,20,0.7146273454934648,0.04604849144920033
Frank-WT MF-PIRN,30,30,0.7716132912148507,0.03365724638140132
Frank-WT MF-PIRN,30,40,0.8172467832505186,0.02537976430165074
Frank-WT MF-PIRN,30,50,0.8503004435167472,0.01925785450703024
Frank-WT MF-PIRN,30,60,0.8719785314595702,0.014233425278367094
Frank-WT MF-PIRN,30,70,0.8887781032161413,0.011106301703229064
Frank-WT MF-PIRN,30,80,0.9047058257128574,0.010405683716463957
Frank-WT MF-PIRN,30,90,0.9148125491851506,0.007725970529942029
Frank-WT MF-PIRN,30,100,0.9199361609767056,0.006309731241805208
Frank-WT MF-PIRN,30,110,0.9285763718042593,0.005974242449473965
Frank-WT MF-PIRN,30,120,0.9276002212658486,0.005280343631191066
Frank-WT MF-PIRN,30,130,0.9287734487621975,0.005303544380572343
Frank-WT MF-PIRN,30,140,0.9336259203957531,0.00586922734023546
Frank-WT MF-PIRN,30,150,0.937755764865406,0.004765931492333026
Frank-WT MF-PIRN,30,160,0.9376639850056997,0.003998910219439477
Frank-WT MF-PIRN,30,170,0.9400161538174753,0.005384103621912268
Frank-WT MF-PIRN,30,180,0.9424292317016973,0.003984203605251276
Frank-WT MF-PIRN,30,190,0.9416165019487608,0.003975972031031646
Frank-WT MF-PIRN,30,200,0.9425653513929503,0.0038971336308834285
MF-HVKG,1,20,0.684277753840736,0.05460995787729378
MF-HVKG,1,30,0.7194099986881668,0.04479416812965456
MF-HVKG,1,40,0.7542554522724606,0.03717855679005174
MF-HVKG,1,50,0.7742643847937993,0.030978560222668917
MF-HVKG,1,60,0.7957168342577594,0.02683538891832769
MF-HVKG,1,70,0.814647814244269,0.02421125910722421
MF-HVKG,1,80,0.832763094325462,0.020060200818958977
MF-HVKG,1,90,0.8383920612733583,0.016668067086624324
MF-HVKG,1,100,0.8502526622640048,0.014928026642064282
MF-HVKG,1,110,0.8653726930899036,0.013046593097371837
MF-HVKG,1,120,0.8667385276658595,0.011714535266506941
MF-HVKG,1,130,0.8742445669325359,0.010656395241010436
MF-HVKG,1,140,0.882848206080702,0.009944119630205481
MF-HVKG,1,150,0.8818648568561939,0.009215957289641315
MF-HVKG,1,160,0.8909031052245389,0.009334477121946747
MF-HVKG,1,170,0.894766802997769,0.008721165332502057
MF-HVKG,1,180,0.8971749723783057,0.008245620570011452
MF-HVKG,1,190,0.8939733413124785,0.008007400988336119
MF-HVKG,1,200,0.8966797584221528,0.007017805153020903
MF-HVKG,2,20,0.6809523068199035,0.05429052198276148
MF-HVKG,2,30,0.718507930883781,0.045527447532385905
MF-HVKG,2,40,0.750232862472142,0.037915359815490615
MF-HVKG,2,50,0.7715414802278323,0.03132663486684531
MF-HVKG,2,60,0.7935205146288576,0.0280962765204736
MF-HVKG,2,70,0.8091045813480378,0.02268407048143771
MF-HVKG,2,80,0.8206094338628003,0.01903930863767166
MF-HVKG,2,90,0.8389181822939069,0.017776555171560637
MF-HVKG,2,100,0.847494423839569,0.0144333163750401
MF-HVKG,2,110,0.8581761591602066,0.013009056478213186
MF-HVKG,2,120,0.8611321525174005,0.011994783634091141
MF-HVKG,2,130,0.8673227341537479,0.01061291060186344
MF-HVKG,2,140,0.8704631863755923,0.010043147105810857
MF-HVKG,2,150,0.8729846413240594,0.008795363624958103
MF-HVKG,2,160,0.8796155866591455,0.008304003574285374
MF-HVKG,2,170,0.883411868355903,0.009499917769560705
MF-HVKG,2,180,0.8817306495970584,0.008116752486702497
MF-HVKG,2,190,0.8860253021549491,0.007099191935533204
MF-HVKG,2,200,0.8870744292798288,0.007021807152765013
MF-HVKG,3,20,0.6847573759366377,0.05451095035211726
MF-HVKG,3,30,0.725869896582253,0.04608832475495017
MF-HVKG,3,40,0.750958696051351,0.037096996170251674
MF-HVKG,3,50,0.7782791818919227,0.03119889664544826
MF-HVKG,3,60,0.8006986597975323,0.026325159444807296
MF-HVKG,3,70,0.817825085359159,0.022276818242059
MF-HVKG,3,80,0.8326771566002297,0.019100673732291584
MF-HVKG,3,90,0.8449728663608769,0.016580044481486495
MF-HVKG,3,100,0.8542754061335041,0.015567528919739605
MF-HVKG,3,110,0.8644059814110014,0.01313417254426719
MF-HVKG,3,120,0.872231141816701,0.012237541498477533
MF-HVKG,3,130,0.8783054306567794,0.011418028587872985
MF-HVKG,3,140,0.8836541470552438,0.010380412513077414
MF-HVKG,3,150,0.8881128606278031,0.00882351262584613
MF-HVKG,3,160,0.8887551936690536,0.008246002988257175
MF-HVKG,3,170,0.8927449899759745,0.007940447633325111
MF-HVKG,3,180,0.8955613432356874,0.007467525297052417
MF-HVKG,3,190,0.8993849605488545,0.008194110537662079
MF-HVKG,3,200,0.9018243901961022,0.006838485989892635
MF-HVKG,4,20,0.6863895414816777,0.05416256663716388
MF-HVKG,4,30,0.7198452603680703,0.044993219939125036
MF-HVKG,4,40,0.7493875339294236,0.037492668197765526
MF-HVKG,4,50,0.7736948673602793,0.031286655268961155
MF-HVKG,4,60,0.7984426269693261,0.02707210968366168
MF-HVKG,4,70,0.8141027337446456,0.02261378807249389
MF-HVKG,4,80,0.8333285245487251,0.018900209507689617
MF-HVKG,4,90,0.8419271772722854,0.018108056143241867
MF-HVKG,4,100,0.8522213027142665,0.014352138051645818
MF-HVKG,4,110,0.8614252127389441,0.013100693199830203
MF-HVKG,4,120,0.864434944232697,0.011954661281717871
MF-HVKG,4,130,0.8750359129160034,0.0108217690663351
MF-HVKG,4,140,0.8749281134687595,0.010564321954208077
MF-HVKG,4,150,0.8834039458935089,0.00905260873389811
MF-HVKG,4,160,0.885651323456972,0.008314410835296611
MF-HVKG,4,170,0.8882861949026344,0.008702264045100199
MF-HVKG,4,180,0.8939194448559313,0.007831133699719826
MF-HVKG,4,190,0.8937700070696263,0.008398022528598252
MF-HVKG,4,200,0.8940324953493888,0.007692426688366562
MF-HVKG,5,20,0.6836488559681699,0.05434214028909288
MF-HVKG,5,30,0.7212145711548827,0.04465176057287714
MF-HVKG,5,40,0.7508539031278141,0.03726275921439914
MF-HVKG,5,50,0.7777459043685495,0.03089351150352314
MF-HVKG,5,60,0.7963527805004657,0.027339455022548125
MF-HVKG,5,70,0.8133802609471799,0.022478280033345635
MF-HVKG,5,80,0.8310000174375239,0.019476016661221354
MF-HVKG,5,90,0.8425606764143935,0.016551513785226707
MF-HVKG,5,100,0.8526776721605505,0.014673219611573158
MF-HVKG,5,110,0.8604096171233712,0.012670163714349883
MF-HVKG,5,120,0.8646606472964136,0.012468339210114579
MF-HVKG,5,130,0.8747229828840715,0.010414807123225496
MF-HVKG,5,140,0.8804287892778414,0.010097365254014966
MF-HVKG,5,150,0.8845879388095425,0.009362537279219799
MF-HVKG,5,160,0.8864719181838541,0.00869966106551918
MF-HVKG,5,170,0.889631901436544,0.008514110259095223
MF-HVKG,5,180,0.8901739486014169,0.007672582159236825
MF-HVKG,5,190,0.8966770070593687,0.007610065231431898
MF-HVKG,5,200,0.8930519100804253,0.007095351894182214
MF-HVKG,6,20,0.6818951123137276,0.05465409068123079
MF-HVKG,6,30,0.7214232385113872,0.044616099538157324
MF-HVKG,6,40,0.7483628051527647,0.039070445433105706
MF-HVKG,6,50,0.7799591571083161,0.03166755523338906
MF-HVKG,6,60,0.7953232195490688,0.02640137943542257
MF-HVKG,6,70,0.8204516608392413,0.023724377298469823
MF-HVKG,6,80,0.8331423624219022,0.020004671271418112
MF-HVKG,6,90,0.8455048664495038,0.016547960297285638
MF-HVKG,6,100,0.8550273268469363,0.015136161037904425
MF-HVKG,6,110,0.8633251102218666,0.013022005119577443
MF-HVKG,6,120,0.8705882331683887,0.011519064764154341
MF-HVKG,6,130,0.8794714133486247,0.010273756689709573
MF-HVKG,6,140,0.8788565070612713,0.010752301653579408
MF-HVKG,6,150,0.885743995225418,0.008969688477801963
MF-HVKG,6,160,0.8907514067076919,0.008847602575099506
MF-HVKG,6,170,0.8936732564300801,0.009724253664825449
MF-HVKG,6,180,0.8939765529106797,0.008342463367535902
MF-HVKG,6,190,0.8982415956375982,0.00876387760685807
MF-HVKG,6,200,0.8990990693026951,0.007150326690181515
MF-HVKG,7,20,0.6845245711796364,0.055955306001155364
MF-HVKG,7,30,0.7214604707262374,0.04478306739207523
MF-HVKG,7,40,0.749753114442411,0.038595619183761434
MF-HVKG,7,50,0.7792635613391359,0.031409799586399154
MF-HVKG,7,60,0.7972051689438576,0.026725196885851576
MF-HVKG,7,70,0.8187199923439076,0.023772010936404155
MF-HVKG,7,80,0.831865392584197,0.019582590651779853
MF-HVKG,7,90,0.8472070507438199,0.016366416467720746
MF-HVKG,7,100,0.8518288823345403,0.014428461848103665
MF-HVKG,7,110,0.86315110180652,0.013097920150636235
MF-HVKG,7,120,0.8690921694616938,0.011580973843786315
MF-HVKG,7,130,0.8823939430633889,0.010274341533290057
MF-HVKG,7,140,0.8820898383480777,0.009466048399967501
MF-HVKG,7,150,0.8832438223735823,0.008735586383848635
MF-HVKG,7,160,0.8893400129015068,0.009068131640631005
MF-HVKG,7,170,0.8920612658729535,0.00897058533592958
MF-HVKG,7,180,0.8924972998418041,0.008071959453214886
MF-HVKG,7,190,0.8946736677719683,0.00795330065799443
MF-HVKG,7,200,0.8962622766011227,0.00800657965066295
MF-HVKG,8,20,0.6847433034683718,0.0546207919972034
MF-HVKG,8,30,0.719425527326798,0.04566781390485283
MF-HVKG,8,40,0.7505808311794954,0.03772373872884904
MF-HVKG,8,50,0.7726847094858222,0.03168318416206782
MF-HVKG,8,60,0.8012587642995973,0.02707918252473277
MF-HVKG,8,70,0.8157563254041535,0.022647583257636935
MF-HVKG,8,80,0.8329349588698004,0.019827353730765187
MF-HVKG,8,90,0.8406746376359849,0.016562631324573713
MF-HVKG,8,100,0.8536613894180012,0.01563538989198843
MF-HVKG,8,110,0.862015065658082,0.01263943935060395
MF-HVKG,8,120,0.8696656428684836,0.01152007356939093
MF-HVKG,8,130,0.8728236340671831,0.011752217119562161
MF-HVKG,8,140,0.8832476344322933,0.009503036544069015
MF-HVKG,8,150,0.88112410185235,0.00885711611854405
MF-HVKG,8,160,0.888178218035975,0.008350409210932481
MF-HVKG,8,170,0.8894859463780942,0.008195728528472432
MF-HVKG,8,180,0.8930188796281312,0.008636784125288708
MF-HVKG,8,190,0.8965689260396732,0.00736295625723385
MF-HVKG,8,200,0.8960854435335268,0.007436930996862789
MF-HVKG,9,20,0.6796932961970158,0.054403153792784584
MF-HVKG,9,30,0.7225275740016578,0.04464847791493433
MF-HVKG,9,40,0.7492823139539537,0.03786819733078386
MF-HVKG,9,50,0.7715585705743014,0.0318399271273692
MF-HVKG,9,60,0.7899419691084851,0.027313858003399593
MF-HVKG,9,70,0.8152620584084311,0.022368497690247374
MF-HVKG,9,80,0.8272878546383062,0.019722506255928987
MF-HVKG,9,90,0.8375893261919729,0.017825375923829167
MF-HVKG,9,100,0.8446599139929095,0.01455852498608551
MF-HVKG,9,110,0.850688936350938,0.013844002770008943
MF-HVKG,9,120,0.8658597357346419,0.012132462138225013
MF-HVKG,9,130,0.8694884766634855,0.010568800605884266
MF-HVKG,9,140,0.872721140030999,0.009932078596448013
MF-HVKG,9,150,0.8774241721882418,0.009444678422558424
MF-HVKG,9,160,0.8798899519485797,0.009269588681178819
MF-HVKG,9,170,0.8829437254974433,0.008574895020548878
MF-HVKG,9,180,0.8852601410475036,0.008063276172728192
MF-HVKG,9,190,0.8900132927180816,0.007171028418579257
MF-HVKG,9,200,0.8949350016187826,0.007058790189933655
MF-HVKG,10,20,0.6837648678697905,0.05499173145420502
MF-HVKG,10,30,0.7215405550564344,0.04469659955495943
MF-HVKG,10,40,0.7541000484853514,0.03754163157088335
MF-HVKG,10,50,0.7785202746921898,0.031012649187484313
MF-HVKG,10,60,0.8021655312822137,0.02600707593105323
MF-HVKG,10,70,0.8175894898268994,0.022857505197500887
MF-HVKG,10,80,0.8351572080064834,0.01902298093808191
MF-HVKG,10,90,0.8435609899500326,0.017405086813065452
MF-HVKG,10,100,0.8585196762997719,0.015331682904438293
MF-HVKG,10,110,0.864661966340794,0.012981459845787873
MF-HVKG,10,120,0.8680847495040138,0.012787666864115654
MF-HVKG,10,130,0.8819899235072138,0.010858461691526567
MF-HVKG,10,140,0.8873211688963583,0.011077396644547932
MF-HVKG,10,150,0.887794846779494,0.009415819643073467
MF-HVKG,10,160,0.8889459447584119,0.008622502091356206
MF-HVKG,10,170,0.8918123911458115,0.007850076583787976
MF-HVKG,10,180,0.8963971699793398,0.007512213100040119
MF-HVKG,10,190,0.8983088878962757,0.007407968215061484
MF-HVKG,10,200,0.9021699224688253,0.0074505947102372905
MF-HVKG,11,20,0.6824490609998553,0.05433531508347404
MF-HVKG,11,30,0.7199392973894008,0.04485927636670013
MF-HVKG,11,40,0.7557345319170647,0.037786399650295184
MF-HVKG,11,50,0.7803391146355463,0.031165011902284767
MF-HVKG,11,60,0.7989539933689572,0.02617309127476451
MF-HVKG,11,70,0.8162795498777681,0.02334528620988919
MF-HVKG,11,80,0.8313482905365385,0.019606616046182003
MF-HVKG,11,90,0.8441563131517175,0.017134853512143805
MF-HVKG,11,100,0.8547095636311297,0.014547096273430992
MF-HVKG,11,110,0.8603323130032716,0.013517982707220672
MF-HVKG,11,120,0.8696280154907996,0.011650075654652965
MF-HVKG,11,130,0.875136348595708,0.010448322451676104
MF-HVKG,11,140,0.8780119992202242,0.010202350607106187
MF-HVKG,11,150,0.8847538428215317,0.00921278507322358
MF-HVKG,11,160,0.8889188614304424,0.009720691593957203
MF-HVKG,11,170,0.8928902933145915,0.007737974415238532
MF-HVKG,11,180,0.8906915321543152,0.007586391245230993
MF-HVKG,11,190,0.8977117932467737,0.007861413774496806
MF-HVKG,11,200,0.8923254998355651,0.007747126409289643
MF-HVKG,12,20,0.6801548083219444,0.05509343562636924
MF-HVKG,12,30,0.71874611772237,0.046030353130156604
MF-HVKG,12,40,0.7499984829322482,0.0373563337469179
MF-HVKG,12,50,0.7793291820629364,0.031844134087758234
MF-HVKG,12,60,0.7947397348785146,0.02704869381508923
MF-HVKG,12,70,0.8147042956583656,0.0232098493445968
MF-HVKG,12,80,0.831823905192331,0.019521761807287513
MF-HVKG,12,90,0.8418004985530194,0.016493747734907055
MF-HVKG,12,100,0.8523933074733575,0.014794406350201073
MF-HVKG,12,110,0.865135643601396,0.012893264617521051
MF-HVKG,12,120,0.8650697310383748,0.012042607181655805
MF-HVKG,12,130,0.873493737881731,0.011239474077521119
MF-HVKG,12,140,0.8779322668238767,0.010790323119696405
MF-HVKG,12,150,0.8807420991097678,0.009549309196023623
MF-HVKG,12,160,0.8824685969998513,0.008513391640365908
MF-HVKG,12,170,0.8886832403754255,0.007934640449993846
MF-HVKG,12,180,0.8932938675184011,0.007432774950785614
MF-HVKG,12,190,0.8913557500788264,0.008688659998121264
MF-HVKG,12,200,0.8916284468685122,0.007685586028821465
MF-HVKG,13,20,0.6824903915197096,0.05433463268223079
MF-HVKG,13,30,0.7256499411094747,0.045239508470638415
MF-HVKG,13,40,0.756204290957497,0.038424200197511714
MF-HVKG,13,50,0.7762571840140157,0.03141939363695541
MF-HVKG,13,60,0.7984928919200731,0.02722186999496003
MF-HVKG,13,70,0.8162178950325333,0.022214057736922997
MF-HVKG,13,80,0.8324549880498756,0.019003691876107343
MF-HVKG,13,90,0.8480797651019526,0.016950671761309218
MF-HVKG,13,100,0.853677369549761,0.01492062194068651
MF-HVKG,13,110,0.8675872997618552,0.01289180170967413
MF-HVKG,13,120,0.8730935067027941,0.011349875835789159
MF-HVKG,13,130,0.8774411558824678,0.010788820803323806
MF-HVKG,13,140,0.8793138624176401,0.010381190724551632
MF-HVKG,13,150,0.8888086688611403,0.008786940366196006
MF-HVKG,13,160,0.890889530267947,0.009619322003099413
MF-HVKG,13,170,0.8909107967460203,0.007892657319653846
MF-HVKG,13,180,0.9016401370603524,0.008725440813764416
MF-HVKG,13,190,0.8984754134673145,0.008819695960501856
MF-HVKG,13,200,0.9011089157971551,0.007188115402311806
MF-HVKG,14,20,0.6844596763868241,0.05638253482866452
MF-HVKG,14,30,0.7225729613889756,0.04471291411684147
MF-HVKG,14,40,0.7515181135027431,0.03702680630495347
MF-HVKG,14,50,0.7796422507026122,0.03103003054758634
MF-HVKG,14,60,0.7961556553981052,0.02598848991239741
MF-HVKG,14,70,0.8195631725824072,0.023200790900411127
MF-HVKG,14,80,0.8329916581016263,0.019824421885225593
MF-HVKG,14,90,0.8469710381441335,0.017368013071877023
MF-HVKG,14,100,0.8585312587056768,0.0144358558617285
MF-HVKG,14,110,0.8642024146551399,0.013322911870654453
MF-HVKG,14,120,0.8712787699605095,0.011693365794102557
MF-HVKG,14,130,0.8756675389247871,0.010251079304742365
MF-HVKG,14,140,0.8808045419424656,0.00978015064538721
MF-HVKG,14,150,0.890150823903901,0.008800443843012007
MF-HVKG,14,160,0.8905705983162758,0.009249693579004535
MF-HVKG,14,170,0.8942879329911413,0.008069767255973722
MF-HVKG,14,180,0.8963961381522718,0.008422394100576824
MF-HVKG,14,190,0.900992606471505,0.00805017232108968
MF-HVKG,14,200,0.9000271535687593,0.00732968551977954
MF-HVKG,15,20,0.6852620895019049,0.05541360297748867
MF-HVKG,15,30,0.7167623992102858,0.04559308622286948
MF-HVKG,15,40,0.7472668236609943,0.03780808744488948
MF-HVKG,15,50,0.7700476312036337,0.031550441510773325
MF-HVKG,15,60,0.7940085176818826,0.0268993714570909
MF-HVKG,15,70,0.8104893463264229,0.022561087585201586
MF-HVKG,15,80,0.8237400531975293,0.019119567451584094
MF-HVKG,15,90,0.8347356136148988,0.01676983910344569
MF-HVKG,15,100,0.8452873152876194,0.0147390770761979
MF-HVKG,15,110,0.8561054036692254,0.013612717281991649
MF-HVKG,15,120,0.8618801498176922,0.01196793079905715
MF-HVKG,15,130,0.8688321388266453,0.010710312348323366
MF-HVKG,15,140,0.8699783724353701,0.0096172030428165
MF-HVKG,15,150,0.8728748705575516,0.009789255478490909
MF-HVKG,15,160,0.8779420731369529,0.00990471615012824
MF-HVKG,15,170,0.8770294276945371,0.007884386199342886
MF-HVKG,15,180,0.8820920904401556,0.008021825619917534
MF-HVKG,15,190,0.8845945442102826,0.00719657480821374
MF-HVKG,15,200,0.8864373875207268,0.007097418534046341
MF-HVKG,16,20,0.6827951229056197,0.05493683252793438
MF-HVKG,16,30,0.7181123443886614,0.044961155252047864
MF-HVKG,16,40,0.7488283319710551,0.03764678844680762
MF-HVKG,16,50,0.7772012667418073,0.031525933087838
MF-HVKG,16,60,0.7958673717013592,0.026905875664790087
MF-HVKG,16,70,0.8130231439650071,0.02346537738164835
MF-HVKG,16,80,0.8281306487024362,0.01889706787893717
MF-HVKG,16,90,0.8387971641134938,0.016407557762899313
MF-HVKG,16,100,0.8490966920391585,0.014452030615712715
MF-HVKG,16,110,0.855446281205993,0.012845540366539893
MF-HVKG,16,120,0.8658736457654587,0.011459428762558439
MF-HVKG,16,130,0.8709638391592861,0.011381161497397822
MF-HVKG,16,140,0.8750476868533642,0.009932923253607843
MF-HVKG,16,150,0.8810039926038675,0.0092111131073546
MF-HVKG,16,160,0.8816647238869744,0.009318986285278238
MF-HVKG,16,170,0.8816921708382203,0.00780190263125552
MF-HVKG,16,180,0.886895958704412,0.007437580157290912
MF-HVKG,16,190,0.8901191187196539,0.008456594289280547
MF-HVKG,16,200,0.8913299861856656,0.00844831796799724
MF-HVKG,17,20,0.6846943631743377,0.05430362820266109
MF-HVKG,17,30,0.7202878743537704,0.04607958558864278
MF-HVKG,17,40,0.7497406650550794,0.03714405886853803
MF-HVKG,17,50,0.7775116141821385,0.0310907446929668
MF-HVKG,17,60,0.7984371845554435,0.025969967461331293
MF-HVKG,17,70,0.8165148257912046,0.022292098267561226
MF-HVKG,17,80,0.8302917728249245,0.01919450262388126
MF-HVKG,17,90,0.8414337993509509,0.01666736563111246
MF-HVKG,17,100,0.8519300410090771,0.014283224206689335
MF-HVKG,17,110,0.8615095167400031,0.013316693613788635
MF-HVKG,17,120,0.864768448443049,0.011711938883633227
MF-HVKG,17,130,0.8738953746802725,0.010841966879849084
MF-HVKG,17,140,0.8771050135945929,0.010284349955699606
MF-HVKG,17,150,0.8829962570143894,0.00964489229552108
MF-HVKG,17,160,0.8874083247377891,0.008652351588368606
MF-HVKG,17,170,0.8904221480768822,0.008009782977135223
MF-HVKG,17,180,0.8903326876588652,0.009048889306317243
MF-HVKG,17,190,0.8982772165030023,0.00789757661710724
MF-HVKG,17,200,0.8965547029848301,0.0070969628752169545
MF-HVKG,18,20,0.6843067457980915,0.054270353329439705
MF-HVKG,18,30,0.7206282934228184,0.04500415495763557
MF-HVKG,18,40,0.7498548492880104,0.0370791015116017
MF-HVKG,18,50,0.7751065135391938,0.031034890956262946
MF-HVKG,18,60,0.7944535879847786,0.02646623635849746
MF-HVKG,18,70,0.8152099146241859,0.023202728359540698
MF-HVKG,18,80,0.8278279672219547,0.019319535893311462
MF-HVKG,18,90,0.8419920642022298,0.017121925218893202
MF-HVKG,18,100,0.85080244321207,0.014813620653232995
MF-HVKG,18,110,0.860367779576718,0.012745864835249018
MF-HVKG,18,120,0.8681793119337867,0.01296208340658021
MF-HVKG,18,130,0.8749284869903512,0.010818652620756085
MF-HVKG,18,140,0.8792147028202232,0.012077315419199663
MF-HVKG,18,150,0.8830463294923656,0.010936679548964547
MF-HVKG,18,160,0.88758073830753,0.008926457271617791
MF-HVKG,18,170,0.8865677637847681,0.0086581601491676
MF-HVKG,18,180,0.8910606281949172,0.008712975886405402
MF-HVKG,18,190,0.8921185354653672,0.007430960308309867
MF-HVKG,18,200,0.8951877316964405,0.007240885488078029
MF-HVKG,19,20,0.6845378885772485,0.05413045686048224
MF-HVKG,19,30,0.7196274172252186,0.04473641440518781
MF-HVKG,19,40,0.7515012602345972,0.03760791712765167
MF-HVKG,19,50,0.7790280805528443,0.031010311062313816
MF-HVKG,19,60,0.7966917404240206,0.026137109289329007
MF-HVKG,19,70,0.8145505691842381,0.02217808250542328
MF-HVKG,19,80,0.8326017444777684,0.01915427433664916
MF-HVKG,19,90,0.8414309052382297,0.017831004997738795
MF-HVKG,19,100,0.8541101601465085,0.014833664773790698
MF-HVKG,19,110,0.8629721649778316,0.013013068267264958
MF-HVKG,19,120,0.8721935172295604,0.011439402290031571
MF-HVKG,19,130,0.8740378723813055,0.0103347345088741
MF-HVKG,19,140,0.8803607951893403,0.00946746665500534
MF-HVKG,19,150,0.8845996691290451,0.01022394729582322
MF-HVKG,19,160,0.8870442568702569,0.008628961633882947
MF-HVKG,19,170,0.8906438032942713,0.008894777558930728
MF-HVKG,19,180,0.8923440432690151,0.007521678069091238
MF-HVKG,19,190,0.8936879367089149,0.007592926315504373
MF-HVKG,19,200,0.8955794243131394,0.008010130520820249
MF-HVKG,20,20,0.6827777143317854,0.054726315584215604
MF-HVKG,20,30,0.7233940649518154,0.045999684311541215
MF-HVKG,20,40,0.7544452813235228,0.03749543250923802
MF-HVKG,20,50,0.7803883357688483,0.031528965077084393
MF-HVKG,20,60,0.7991492921250258,0.02625416799741023
MF-HVKG,20,70,0.822787372622639,0.02234915752336412
MF-HVKG,20,80,0.8346172630696846,0.01886596410326664
MF-HVKG,20,90,0.8496367196239326,0.016578205469257912
MF-HVKG,20,100,0.8590672879708134,0.014295674039747061
MF-HVKG,20,110,0.8676373857759166,0.014979029567947024
MF-HVKG,20,120,0.8688979584072798,0.01174510187278635
MF-HVKG,20,130,0.8823904589954006,0.01041223597004273
MF-HVKG,20,140,0.886248473119385,0.009579549054460457
MF-HVKG,20,150,0.885844868432167,0.010228617156630003
MF-HVKG,20,160,0.8910682923737855,0.010162187049113182
MF-HVKG,20,170,0.891910976829975,0.008850251858132777
MF-HVKG,20,180,0.8956166672384476,0.007446574866465498
MF-HVKG,20,190,0.9002598300941905,0.00834271491639679
MF-HVKG,20,200,0.9023699869906017,0.006840656879079184
MF-HVKG,21,20,0.6827947058498666,0.05505533900053484
MF-HVKG,21,30,0.7201826315744553,0.045631207780742464
MF-HVKG,21,40,0.7518407110236797,0.03793457818496675
MF-HVKG,21,50,0.7706681101153028,0.031884133563265256
MF-HVKG,21,60,0.7945202019453129,0.025975526376271565
MF-HVKG,21,70,0.8144374914655174,0.022217111870624737
MF-HVKG,21,80,0.8253774802355995,0.019282778541900514
MF-HVKG,21,90,0.8382994540727163,0.016635789547306937
MF-HVKG,21,100,0.8478649178913678,0.014512635875511774
MF-HVKG,21,110,0.8580124367835954,0.012696533955004394
MF-HVKG,21,120,0.8642019461833873,0.011474867940837947
MF-HVKG,21,130,0.8713496204306322,0.01108439515804222
MF-HVKG,21,140,0.8732126188596454,0.009537798951152473
MF-HVKG,21,150,0.8787887666506351,0.00898015843014273
MF-HVKG,21,160,0.884932755130006,0.008210123884469903
MF-HVKG,21,170,0.8857708167464677,0.008428190166200274
MF-HVKG,21,180,0.885747866261314,0.007980503748635886
MF-HVKG,21,190,0.8905890139582555,0.007334900060449581
MF-HVKG,21,200,0.8900892418071303,0.007246640690881106
MF-HVKG,22,20,0.6859692560622767,0.05477772174742817
MF-HVKG,22,30,0.719975049142738,0.044993822367286204
MF-HVKG,22,40,0.7498664703576786,0.037622053552826086
MF-HVKG,22,50,0.7790740225216208,0.03109831104491598
MF-HVKG,22,60,0.7972010236223143,0.026588349026675995
MF-HVKG,22,70,0.815615886086374,0.02227902296280555
MF-HVKG,22,80,0.8318085404447236,0.018916539376533065
MF-HVKG,22,90,0.8417165499437435,0.016360803515807137
MF-HVKG,22,100,0.8524007876649098,0.015085421304296812
MF-HVKG,22,110,0.8611833626675458,0.013183573329329097
MF-HVKG,22,120,0.8717116554136265,0.012523576672183893
MF-HVKG,22,130,0.8787109792650154,0.010548416137277099
MF-HVKG,22,140,0.8826100961683755,0.009801418423408726
MF-HVKG,22,150,0.8838935693173204,0.008834202640529297
MF-HVKG,22,160,0.8862516105378843,0.008319944872496737
MF-HVKG,22,170,0.8939438822271321,0.007709632764821005
MF-HVKG,22,180,0.8955055952637235,0.00858960897205273
MF-HVKG,22,190,0.8962446360867251,0.007308241042874353
MF-HVKG,22,200,0.8942179831433213,0.007007419660912739
MF-HVKG,23,20,0.6824103500966044,0.054324550335334676
MF-HVKG,23,30,0.7222472330417633,0.04622851004179096
MF-HVKG,23,40,0.752830511842896,0.03754870285870061
MF-HVKG,23,50,0.7787533993228651,0.0318038680751139
MF-HVKG,23,60,0.7950659691264509,0.026415258971095958
MF-HVKG,23,70,0.8145628569288621,0.022614329186879542
MF-HVKG,23,80,0.8274264124501396,0.01969757729287733
MF-HVKG,23,90,0.8403067516911409,0.01718435602097448
MF-HVKG,23,100,0.8511244406835271,0.014905001632599087
MF-HVKG,23,110,0.8581288671633777,0.013304872698117661
MF-HVKG,23,120,0.8643639967374541,0.011399881121005807
MF-HVKG,23,130,0.8690962706241621,0.010637732721948233
MF-HVKG,23,140,0.8763758393676486,0.009929337495126549
MF-HVKG,23,150,0.883162659407236,0.009118744725793016
MF-HVKG,23,160,0.8839464331063319,0.008183925535599308
MF-HVKG,23,170,0.8878168297059256,0.007744071523287391
MF-HVKG,23,180,0.8888095118512467,0.0078742202037883
MF-HVKG,23,190,0.8918986520060762,0.007345927273776211
MF-HVKG,23,200,0.8905300382221314,0.007983525562920271
MF-HVKG,24,20,0.6844516476479007,0.0555368224958132
MF-HVKG,24,30,0.7221719566973838,0.045577680189513706
MF-HVKG,24,40,0.7486824468596042,0.037241491133986344
MF-HVKG,24,50,0.773655412227243,0.031074949748273673
MF-HVKG,24,60,0.7983759021808154,0.026964465859597515
MF-HVKG,24,70,0.8102737313153358,0.022040043987169005
MF-HVKG,24,80,0.8318866599449192,0.01970616796935246
MF-HVKG,24,90,0.8397559165598237,0.01796311653147297
MF-HVKG,24,100,0.851335885371014,0.014808183125664499
MF-HVKG,24,110,0.8604029824203612,0.013510541121427652
MF-HVKG,24,120,0.8634415607608633,0.011618150314693947
MF-HVKG,24,130,0.873655436313991,0.01086420390803982
MF-HVKG,24,140,0.8764851712249018,0.009759062624064325
MF-HVKG,24,150,0.8838829868896275,0.009202592080091594
MF-HVKG,24,160,0.8856783520958053,0.008625004025915785
MF-HVKG,24,170,0.8860088285400772,0.007798246572116611
MF-HVKG,24,180,0.8903070087821969,0.007648131891409688
MF-HVKG,24,190,0.890714821347596,0.007161496788259422
MF-HVKG,24,200,0.8897114916372729,0.007380628173250099
MF-HVKG,25,20,0.6864205343284461,0.05458320186783523
MF-HVKG,25,30,0.7225175144239545,0.044651023581016996
MF-HVKG,25,40,0.7519026873847223,0.03828281457200759
MF-HVKG,25,50,0.774787525957643,0.031584304403232906
MF-HVKG,25,60,0.7967036626028737,0.026406319029494574
MF-HVKG,25,70,0.8151622317354227,0.022460011702361067
MF-HVKG,25,80,0.831504216264939,0.018990896021044992
MF-HVKG,25,90,0.8420692932036692,0.01731665757727121
MF-HVKG,25,100,0.8573881062115754,0.014839911545186104
MF-HVKG,25,110,0.8642028784173433,0.012814029724421059
MF-HVKG,25,120,0.8697853844564298,0.01172459661423049
MF-HVKG,25,130,0.8739774533375333,0.011888798103726627
MF-HVKG,25,140,0.8794289338890066,0.011815405740961245
MF-HVKG,25,150,0.8832307873149141,0.009430235177779153
MF-HVKG,25,160,0.8853883623140157,0.009195931552390008
MF-HVKG,25,170,0.8918499646573421,0.008335931753308396
MF-HVKG,25,180,0.8938700587867987,0.007878017600373235
MF-HVKG,25,190,0.8954986848273165,0.00713223003576363
MF-HVKG,25,200,0.8982147262405195,0.007680116899643355
MF-HVKG,26,20,0.6811994072474636,0.05556035863948759
MF-HVKG,26,30,0.7140778658398893,0.04585956172373809
MF-HVKG,26,40,0.7510882298646311,0.037231045909656306
MF-HVKG,26,50,0.774200448976057,0.03315452404926351
MF-HVKG,26,60,0.7953109013825771,0.02755326922959417
MF-HVKG,26,70,0.8117810598602846,0.02217599692665611
MF-HVKG,26,80,0.8312860101084923,0.019179342600174138
MF-HVKG,26,90,0.8383204265711404,0.017467379058687876
MF-HVKG,26,100,0.8512079092913187,0.014673215956893526
MF-HVKG,26,110,0.8606309605671936,0.013285518323925804
MF-HVKG,26,120,0.8714424218067268,0.01222312097661535
MF-HVKG,26,130,0.8772554175757705,0.010438950600804197
MF-HVKG,26,140,0.8777572913089788,0.010045322284863488
MF-HVKG,26,150,0.8849295924717294,0.009854371906394562
MF-HVKG,26,160,0.8856558952036622,0.0085292674039476
MF-HVKG,26,170,0.8900270318866772,0.008373297781189901
MF-HVKG,26,180,0.8894400632004864,0.008178808193032922
MF-HVKG,26,190,0.8903038158436984,0.007160783320074959
MF-HVKG,26,200,0.8954965391033064,0.007545466994229116
MF-HVKG,27,20,0.6824615800378632,0.05410196323716808
MF-HVKG,27,30,0.7163889122726781,0.0450937823834888
MF-HVKG,27,40,0.7521150024590855,0.03825786532568978
MF-HVKG,27,50,0.7765058021721115,0.03159271407234385
MF-HVKG,27,60,0.7917873276061288,0.026835078848558663
MF-HVKG,27,70,0.8130986701114615,0.022485749056752526
MF-HVKG,27,80,0.8260622474619047,0.020166418089916656
MF-HVKG,27,90,0.8430477056713416,0.016901659903605263
MF-HVKG,27,100,0.854599866977308,0.01488296665905255
MF-HVKG,27,110,0.8591507847509282,0.013210810049552171
MF-HVKG,27,120,0.8659587956795561,0.011938321340609582
MF-HVKG,27,130,0.8741671874406589,0.011108515232938609
MF-HVKG,27,140,0.8755458139970723,0.009574216078169795
MF-HVKG,27,150,0.8862195452269251,0.008745534123594266
MF-HVKG,27,160,0.8856023248672068,0.009227048981669364
MF-HVKG,27,170,0.8924232210681712,0.008303920229410875
MF-HVKG,27,180,0.8887523723085778,0.0074115621254831655
MF-HVKG,27,190,0.8910333570980743,0.007728167757333169
MF-HVKG,27,200,0.8950634828398097,0.007238858428611749
MF-HVKG,28,20,0.6837852308420012,0.05471723153000576
MF-HVKG,28,30,0.7160522948173818,0.04507728161468714
MF-HVKG,28,40,0.7520927988580275,0.03776951495601243
MF-HVKG,28,50,0.7715820032603226,0.031481133675007184
MF-HVKG,28,60,0.7930320263491833,0.027672201070969463
MF-HVKG,28,70,0.8160712543503008,0.022298919330906893
MF-HVKG,28,80,0.8308227532520309,0.01899006388958595
MF-HVKG,28,90,0.841595170200563,0.017541468604585997
MF-HVKG,28,100,0.8526583682317248,0.014291746021482046
MF-HVKG,28,110,0.8626708784050325,0.013010171364259755
MF-HVKG,28,120,0.8638893895867422,0.01276867053571687
MF-HVKG,28,130,0.8721757582876668,0.013292170286214402
MF-HVKG,28,140,0.8776896147928285,0.009566452231677701
MF-HVKG,28,150,0.8814644412186586,0.009409140162399271
MF-HVKG,28,160,0.880949124893272,0.008488034600133372
MF-HVKG,28,170,0.8878944532612927,0.009280386749871502
MF-HVKG,28,180,0.8931727427640426,0.008765923644832157
MF-HVKG,28,190,0.893474102347651,0.007399998351471507
MF-HVKG,28,200,0.8939352776751847,0.007939090717370853
MF-HVKG,29,20,0.6827956463802943,0.05506402224969255
MF-HVKG,29,30,0.720982611364499,0.04506144077794928
MF-HVKG,29,40,0.7475957591019208,0.0374670442222012
MF-HVKG,29,50,0.775604262356216,0.031459354125522664
MF-HVKG,29,60,0.7976182951098673,0.026583997971528637
MF-HVKG,29,70,0.8146825838230493,0.022265764105447648
MF-HVKG,29,80,0.8288865212162152,0.019455366648459954
MF-HVKG,29,90,0.8411976600811125,0.017193186119361305
MF-HVKG,29,100,0.8530680382882134,0.014841753142573817
MF-HVKG,29,110,0.8591655456635617,0.012706648657946497
MF-HVKG,29,120,0.8671643308984016,0.01310207575295115
MF-HVKG,29,130,0.8717903915657021,0.011442313633088477
MF-HVKG,29,140,0.8743672638444877,0.009898382254393046
MF-HVKG,29,150,0.8856421959853624,0.01016437405109167
MF-HVKG,29,160,0.8812987283768126,0.009037047161529572
MF-HVKG,29,170,0.8899047680305915,0.00918517653638614
MF-HVKG,29,180,0.8897603488664317,0.008332572734164339
MF-HVKG,29,190,0.8942473035985302,0.009024125109404035
MF-HVKG,29,200,0.8959415419890651,0.00787016634543309
MF-HVKG,30,20,0.6846491804622198,0.054381390113308795
MF-HVKG,30,30,0.7158998922558132,0.04514844050981296
MF-HVKG,30,40,0.750333009337996,0.037877840751153115
MF-HVKG,30,50,0.774208967683314,0.0313402302665341
MF-HVKG,30,60,0.7939621918070664,0.02653527321441188
MF-HVKG,30,70,0.812290733925822,0.022212663143745395
MF-HVKG,30,80,0.8278480631246284,0.018982164975926547
MF-HVKG,30,90,0.8345508755670343,0.017120366666122842
MF-HVKG,30,100,0.8476848180411001,0.014859538094419353
MF-HVKG,30,110,0.8572633983865929,0.013688918646153988
MF-HVKG,30,120,0.8664479800013244,0.011783191000731505
MF-HVKG,30,130,0.8689541023121601,0.010650936881441751
MF-HVKG,30,140,0.8725911673801688,0.010522554911634042
MF-HVKG,30,150,0.8764407136348977,0.009167563966191101
MF-HVKG,30,160,0.8800172087798785,0.00875043728693619
MF-HVKG,30,170,0.8855774282074921,0.008296997767167441
MF-HVKG,30,180,0.885796016345016,0.008687131606396078
MF-HVKG,30,190,0.8901185940535932,0.0074041990073814455
MF-HVKG,30,200,0.8901162936768868,0.007433047153490281
qLogNEHVI,1,20,0.6828248982097473,0.055453576436354
qLogNEHVI,1,30,0.7138651917164895,0.046898667949033024
qLogNEHVI,1,40,0.7452981724104812,0.03993196563975396
qLogNEHVI,1,50,0.7667641882107248,0.03335632640117838
qLogNEHVI,1,60,0.7860676535563369,0.02872863759394587
qLogNEHVI,1,70,0.8041087007096057,0.024749765808345574
qLogNEHVI,1,80,0.8170421362732646,0.02312534247624028
qLogNEHVI,1,90,0.8304425564862938,0.01914835931893334
qLogNEHVI,1,100,0.8388979574406045,0.017457516227787347
qLogNEHVI,1,110,0.8484422122368785,0.016232962941792394
qLogNEHVI,1,120,0.8580632146052347,0.013473742264018472
qLogNEHVI,1,130,0.8636805631402397,0.01237530962355971
qLogNEHVI,1,140,0.8725164554312779,0.011176735259114935
qLogNEHVI,1,150,0.875777369897943,0.010547959628836132
qLogNEHVI,1,160,0.8814605879040864,0.0094081788129655
qLogNEHVI,1,170,0.8836265861206049,0.009437050102614634
qLogNEHVI,1,180,0.8869801670010223,0.008773732013510425
qLogNEHVI,1,190,0.8893329001437121,0.00850385413416815
qLogNEHVI,1,200,0.8881616166288991,0.007928693808502953
qLogNEHVI,2,20,0.6772301349218934,0.055718788998582465
qLogNEHVI,2,30,0.7161323589986643,0.046818379306485546
qLogNEHVI,2,40,0.7396633360973521,0.03937534827272449
qLogNEHVI,2,50,0.7652378961128228,0.033859722202165765
qLogNEHVI,2,60,0.7851823862545914,0.028855152588733512
qLogNEHVI,2,70,0.8041851030364235,0.02457100345237388
qLogNEHVI,2,80,0.8199724974320677,0.021343471728944352
qLogNEHVI,2,90,0.8323288994266042,0.01916830611141684
qLogNEHVI,2,100,0.841869348062612,0.017178426723376862
qLogNEHVI,2,110,0.8539142703586426,0.014672155802376753
qLogNEHVI,2,120,0.8574921261111664,0.012933383033270336
qLogNEHVI,2,130,0.8654264786442634,0.012235233219146758
qLogNEHVI,2,140,0.8687494352474717,0.012318225641512776
qLogNEHVI,2,150,0.8733498771105543,0.01069656953019659
qLogNEHVI,2,160,0.8772084117669228,0.009304619002271785
qLogNEHVI,2,170,0.8790324148882852,0.009289159757061008
qLogNEHVI,2,180,0.8861225409496235,0.009307548328363974
qLogNEHVI,2,190,0.8852016689539428,0.008116310384843558
qLogNEHVI,2,200,0.8935868895418618,0.008621126279194891
qLogNEHVI,3,20,0.6789125262404407,0.0558120311756247
qLogNEHVI,3,30,0.7128576212318057,0.04743191078570645
qLogNEHVI,3,40,0.7395758593575343,0.039967560347454655
qLogNEHVI,3,50,0.7625851146480687,0.033827563225667545
qLogNEHVI,3,60,0.7844978210922416,0.028904603024395688
qLogNEHVI,3,70,0.8011751405765046,0.024659326828579315
qLogNEHVI,3,80,0.8177722356544719,0.021538313005948363
qLogNEHVI,3,90,0.8282206166417284,0.018956121677032492
qLogNEHVI,3,100,0.8417807267805826,0.016743412105624647
qLogNEHVI,3,110,0.8460747827865218,0.014646358197914775
qLogNEHVI,3,120,0.8534396353068908,0.013022689603157394
qLogNEHVI,3,130,0.8635045761226712,0.012075289894409019
qLogNEHVI,3,140,0.8686060995993865,0.01087960170114225
qLogNEHVI,3,150,0.870837222517633,0.01033639969180621
qLogNEHVI,3,160,0.8765072346429129,0.009946525319963765
qLogNEHVI,3,170,0.8773601640623396,0.008857837992281228
qLogNEHVI,3,180,0.8823045865855904,0.009093395319114324
qLogNEHVI,3,190,0.8849090130656784,0.008198465152317558
qLogNEHVI,3,200,0.8845994527351085,0.007856615751198911
qLogNEHVI,4,20,0.6806277198670843,0.055929812591732936
qLogNEHVI,4,30,0.7122140937881503,0.047186308788063715
qLogNEHVI,4,40,0.7448826139044297,0.04049137838605531
qLogNEHVI,4,50,0.767548619123002,0.033948456995131486
qLogNEHVI,4,60,0.7894358766874702,0.02938342623641081
qLogNEHVI,4,70,0.8034951069806086,0.02440744459172369
qLogNEHVI,4,80,0.8202272848908432,0.021939630188260558
qLogNEHVI,4,90,0.8311129313683498,0.01915171638260313
qLogNEHVI,4,100,0.8402252113372314,0.01685900178885921
qLogNEHVI,4,110,0.8539843616617906,0.014444052705754723
qLogNEHVI,4,120,0.857168478255543,0.013467881398884652
qLogNEHVI,4,130,0.8676622750941281,0.012572279168526213
qLogNEHVI,4,140,0.8698536418588416,0.010848810121271623
qLogNEHVI,4,150,0.8712256647278958,0.010173219973614549
qLogNEHVI,4,160,0.8777505833195408,0.009374684459234093
qLogNEHVI,4,170,0.8826750258364534,0.009537524892619952
qLogNEHVI,4,180,0.8842201957312109,0.009421015200462131
qLogNEHVI,4,190,0.887985541135008,0.008839833031300938
qLogNEHVI,4,200,0.8860251246810884,0.008008239011276026
qLogNEHVI,5,20,0.6766955355625828,0.056618959404856166
qLogNEHVI,5,30,0.715744356303408,0.04679071888203552
qLogNEHVI,5,40,0.7452752126329538,0.03930329382406433
qLogNEHVI,5,50,0.7690854900759759,0.033965239003913544
qLogNEHVI,5,60,0.7834897292676887,0.028937433217350404
qLogNEHVI,5,70,0.8103433999779918,0.024489829145446246
qLogNEHVI,5,80,0.8195043795226922,0.02131731008048054
qLogNEHVI,5,90,0.8352602074304437,0.018582875466596094
qLogNEHVI,5,100,0.8458938911794088,0.016316645389622925
qLogNEHVI,5,110,0.8514367613293883,0.014492119335969911
qLogNEHVI,5,120,0.8626395682929412,0.013331279883954099
qLogNEHVI,5,130,0.8654111892130865,0.011714801637075884
qLogNEHVI,5,140,0.8752774814808396,0.011177572274883968
qLogNEHVI,5,150,0.877700279002673,0.010832213998634344
qLogNEHVI,5,160,0.8810216268999199,0.009360588414530859
qLogNEHVI,5,170,0.886967141257832,0.008835395568134246
qLogNEHVI,5,180,0.8888556605496183,0.00866307766848613
qLogNEHVI,5,190,0.8872157323579183,0.007976681378593267
qLogNEHVI,5,200,0.8929967758345063,0.007663795099013065
qLogNEHVI,6,20,0.6761953127764667,0.05716146008084029
qLogNEHVI,6,30,0.7128910543805941,0.047029482038142126
qLogNEHVI,6,40,0.7379021430071601,0.040211829439243695
qLogNEHVI,6,50,0.7626010748882125,0.03419262442753316
qLogNEHVI,6,60,0.7861993540170559,0.02882701622891653
qLogNEHVI,6,70,0.7991639053324452,0.024837942518025027
qLogNEHVI,6,80,0.8130994451044706,0.021114210250165334
qLogNEHVI,6,90,0.8266325116471204,0.018495633927417928
qLogNEHVI,6,100,0.8357276914310532,0.0175908573021359
qLogNEHVI,6,110,0.8459540077976134,0.014971192859740683
qLogNEHVI,6,120,0.8517831873642734,0.014104370709098367
qLogNEHVI,6,130,0.8588479237462048,0.011902817288363482
qLogNEHVI,6,140,0.866603195990085,0.01071453330380106
qLogNEHVI,6,150,0.8660002492059691,0.010551392136971203
qLogNEHVI,6,160,0.8725381367832797,0.00950361810284278
qLogNEHVI,6,170,0.8766599858893543,0.009065245324681384
qLogNEHVI,6,180,0.8812721149741916,0.00931558254152418
qLogNEHVI,6,190,0.8822192054759,0.008181595920275212
qLogNEHVI,6,200,0.8858930496804363,0.007630193404336582
qLogNEHVI,7,20,0.6774973843774416,0.0558916485656327
qLogNEHVI,7,30,0.7152514897723865,0.046551335668831136
qLogNEHVI,7,40,0.7387938158225591,0.04091631183857029
qLogNEHVI,7,50,0.7688270988749174,0.033218226494859435
qLogNEHVI,7,60,0.7851156242005055,0.028891883387825452
qLogNEHVI,7,70,0.802134525637905,0.025534226648912223
qLogNEHVI,7,80,0.8160226097502292,0.02153684951871942
qLogNEHVI,7,90,0.8309554085126865,0.01846614749691833
qLogNEHVI,7,100,0.8427347841925446,0.016921752478264884
qLogNEHVI,7,110,0.8517817013270054,0.0146211488888221
qLogNEHVI,7,120,0.8540245300629398,0.013592314047203586
qLogNEHVI,7,130,0.8624695356904898,0.012231493179810385
qLogNEHVI,7,140,0.8663858279370238,0.010825035170969435
qLogNEHVI,7,150,0.8715131918573327,0.010036043165822628
qLogNEHVI,7,160,0.8784790999975584,0.009677905826621631
qLogNEHVI,7,170,0.8816108467402515,0.01008975252397497
qLogNEHVI,7,180,0.8852127465118839,0.008720002722449844
qLogNEHVI,7,190,0.8848258065873482,0.008501383062403108
qLogNEHVI,7,200,0.8888237517923983,0.008472637086251114
qLogNEHVI,8,20,0.6781884412980511,0.0566933349819666
qLogNEHVI,8,30,0.7163056434294356,0.0470149809081724
qLogNEHVI,8,40,0.7428577951754789,0.03986066784039583
qLogNEHVI,8,50,0.7649226707570879,0.034299873495838906
qLogNEHVI,8,60,0.7853520801659755,0.028610184020904796
qLogNEHVI,8,70,0.8015847955842241,0.024746918824247434
qLogNEHVI,8,80,0.8222330673240522,0.021033603174656416
qLogNEHVI,8,90,0.8296633837963333,0.019058923512298317
qLogNEHVI,8,100,0.8433057749638516,0.01646597220233868
qLogNEHVI,8,110,0.8478609727844896,0.01599478397793919
qLogNEHVI,8,120,0.8581698765727341,0.014279363418149737
qLogNEHVI,8,130,0.8652022068035059,0.012053390706173731
qLogNEHVI,8,140,0.8701705671835874,0.011982118135825373
qLogNEHVI,8,150,0.878565467333174,0.01029877388408976
qLogNEHVI,8,160,0.8777104725218207,0.009725893529080041
qLogNEHVI,8,170,0.882280066483686,0.0088370940295673
qLogNEHVI,8,180,0.8824508745078874,0.00877143173101666
qLogNEHVI,8,190,0.8835398055357621,0.00831713854610773
qLogNEHVI,8,200,0.8910184886245446,0.007756128201790675
qLogNEHVI,9,20,0.6782580118089656,0.055508573397529994
qLogNEHVI,9,30,0.7137030019052978,0.047229490213288754
qLogNEHVI,9,40,0.7410665192297239,0.039678266016138726
qLogNEHVI,9,50,0.7631151535626126,0.03340459779977562
qLogNEHVI,9,60,0.7862499725997204,0.02938550784523324
qLogNEHVI,9,70,0.8061507826750166,0.024652624957061203
qLogNEHVI,9,80,0.8168878355244614,0.021649606107523704
qLogNEHVI,9,90,0.8325935198488487,0.018712119243794186
qLogNEHVI,9,100,0.8401762143965937,0.01644778806273107
qLogNEHVI,9,110,0.8478696260551438,0.01552923183384713
qLogNEHVI,9,120,0.857413438943654,0.014068445547730415
qLogNEHVI,9,130,0.8612629803715556,0.011740860494024048
qLogNEHVI,9,140,0.8695247531383934,0.011388603847061345
qLogNEHVI,9,150,0.8693774282095478,0.010579949891481604
qLogNEHVI,9,160,0.8790659737036703,0.009592003550843425
qLogNEHVI,9,170,0.8773045997290629,0.008785680156753545
qLogNEHVI,9,180,0.8814901889196443,0.008367903187741329
qLogNEHVI,9,190,0.881368310047204,0.008481263129367849
qLogNEHVI,9,200,0.8830395738054498,0.008397422527319754
qLogNEHVI,10,20,0.682412079026597,0.05544836459237347
qLogNEHVI,10,30,0.714493812759945,0.047179791202753694
qLogNEHVI,10,40,0.7436410915599239,0.03959820420365858
qLogNEHVI,10,50,0.7644905761571602,0.03318738857373131
qLogNEHVI,10,60,0.7883349354194501,0.02954013401547281
qLogNEHVI,10,70,0.8028648302536763,0.02436084942981812
qLogNEHVI,10,80,0.8167115013691657,0.02197276978006453
qLogNEHVI,10,90,0.8316788315341451,0.019756249313159176
qLogNEHVI,10,100,0.8420408531936798,0.01666520334473407
qLogNEHVI,10,110,0.8540314723327066,0.014579317719710702
qLogNEHVI,10,120,0.8587425115719698,0.013664869843342553
qLogNEHVI,10,130,0.8674321368256463,0.012485344552717582
qLogNEHVI,10,140,0.8739183936387594,0.01167464403905193
qLogNEHVI,10,150,0.87473240337742,0.010477477072858232
qLogNEHVI,10,160,0.8796361464578697,0.011174635517342161
qLogNEHVI,10,170,0.8806860351356163,0.008777796100777235
qLogNEHVI,10,180,0.8839042926986983,0.008479560400068918
qLogNEHVI,10,190,0.8876248521563561,0.00812452038624693
qLogNEHVI,10,200,0.8903233713845982,0.007941862869181818
qLogNEHVI,11,20,0.6794077784776097,0.05597694361721833
qLogNEHVI,11,30,0.7131850755820746,0.04710162323491926
qLogNEHVI,11,40,0.7455810854216983,0.04008439047735324
qLogNEHVI,11,50,0.771825772293571,0.034513780357427006
qLogNEHVI,11,60,0.7881451643675392,0.029071227165554686
qLogNEHVI,11,70,0.8057265594454233,0.02563838317961712
qLogNEHVI,11,80,0.821340605185955,0.021948526381272006
qLogNEHVI,11,90,0.8330590402342044,0.01891245323404099
qLogNEHVI,11,100,0.8482963943746227,0.016289068711532323
qLogNEHVI,11,110,0.856260533569126,0.014941315984972857
qLogNEHVI,11,120,0.8596396456189354,0.013399581592001992
qLogNEHVI,11,130,0.8676919843531524,0.012468494623314723
qLogNEHVI,11,140,0.876067713583491,0.011253579350296252
qLogNEHVI,11,150,0.8760275849392801,0.010924147204422857
qLogNEHVI,11,160,0.8830535669222732,0.010145275002723244
qLogNEHVI,11,170,0.8815643046446657,0.008884107646211153
qLogNEHVI,11,180,0.8922907338470278,0.009317059353201231
qLogNEHVI,11,190,0.8920941129756425,0.008293849174801601
qLogNEHVI,11,200,0.8915158739172867,0.00802322734607123
qLogNEHVI,12,20,0.6799870194496676,0.05655983420386012
qLogNEHVI,12,30,0.711026196592783,0.047168160796972176
qLogNEHVI,12,40,0.735942527205698,0.04012894443920509
qLogNEHVI,12,50,0.7630821943698136,0.03356586650854147
qLogNEHVI,12,60,0.7795209491007713,0.02865841817777678
qLogNEHVI,12,70,0.7948023722874158,0.025058971014162316
qLogNEHVI,12,80,0.8133583419990973,0.02242597061057478
qLogNEHVI,12,90,0.8199970755088977,0.0188992836292563
qLogNEHVI,12,100,0.8336467864774558,0.016922110642277832
qLogNEHVI,12,110,0.840222678425317,0.014552731074899104
qLogNEHVI,12,120,0.8486603559364998,0.013929006061213207
qLogNEHVI,12,130,0.8564240828967047,0.011850184863034262
qLogNEHVI,12,140,0.8580549826701155,0.011366823830940493
qLogNEHVI,12,150,0.8636644150964657,0.010593613300460762
qLogNEHVI,12,160,0.8692502408981753,0.009547397409701683
qLogNEHVI,12,170,0.8714826141271841,0.009748337444924725
qLogNEHVI,12,180,0.8747735259036671,0.009740308158499501
qLogNEHVI,12,190,0.8754373322050595,0.008315462896913846
qLogNEHVI,12,200,0.8794352709416919,0.007884040576170372
qLogNEHVI,13,20,0.6814121674130118,0.056883614086235317
qLogNEHVI,13,30,0.7142679429495034,0.047754604306762094
qLogNEHVI,13,40,0.7422442144386493,0.040067116340710716
qLogNEHVI,13,50,0.7659545481119909,0.03333541707336579
qLogNEHVI,13,60,0.7881586620921823,0.028507342813929838
qLogNEHVI,13,70,0.80817451010539,0.024854728914229202
qLogNEHVI,13,80,0.8187374316475969,0.022174899816233662
qLogNEHVI,13,90,0.8366098864105579,0.018527513623428173
qLogNEHVI,13,100,0.8453848485386931,0.01734525641225493
qLogNEHVI,13,110,0.8529705879749704,0.015299667322329296
qLogNEHVI,13,120,0.857896926824249,0.013071926980218853
qLogNEHVI,13,130,0.8680154179250795,0.011748030761501752
qLogNEHVI,13,140,0.872279775999634,0.012072348077472343
qLogNEHVI,13,150,0.8735718210197206,0.010356032431900496
qLogNEHVI,13,160,0.8757330560829425,0.010118163832532362
qLogNEHVI,13,170,0.8840295631073122,0.009889026222260431
qLogNEHVI,13,180,0.887468993648902,0.008380723971197154
qLogNEHVI,13,190,0.8886450100732314,0.010102013586683004
qLogNEHVI,13,200,0.8899234772781609,0.008249912389988807
qLogNEHVI,14,20,0.6771621463877988,0.055681987014041985
qLogNEHVI,14,30,0.7133113518572027,0.047430461233203575
qLogNEHVI,14,40,0.7419248911159623,0.039605274309269495
qLogNEHVI,14,50,0.7662410308742977,0.034719628661743863
qLogNEHVI,14,60,0.7904235852288721,0.029639773186695518
qLogNEHVI,14,70,0.8066794160803078,0.024611378816575553
qLogNEHVI,14,80,0.8216434873988652,0.021182941554756425
qLogNEHVI,14,90,0.8352373996402929,0.018641316476514704
qLogNEHVI,14,100,0.843701481033553,0.01693407173854262
qLogNEHVI,14,110,0.8571318771423424,0.015879739399925142
qLogNEHVI,14,120,0.860477816479226,0.014161060341065006
qLogNEHVI,14,130,0.8671995347035582,0.011984738733581034
qLogNEHVI,14,140,0.8723898558469769,0.010947344377181695
qLogNEHVI,14,150,0.8778001077591613,0.01000603320710706
qLogNEHVI,14,160,0.8847710095266302,0.00976977847194901
qLogNEHVI,14,170,0.8872094391697799,0.009248142940142144
qLogNEHVI,14,180,0.8891772917711493,0.009762983160282065
qLogNEHVI,14,190,0.890180638938407,0.008930105056401122
qLogNEHVI,14,200,0.8910044986079192,0.007671771296095523
qLogNEHVI,15,20,0.6787016625861848,0.05672739534710007
qLogNEHVI,15,30,0.7108135194241453,0.04651571790536796
qLogNEHVI,15,40,0.7389321001696214,0.04032096126010813
qLogNEHVI,15,50,0.7654874492962839,0.034026594684049886
qLogNEHVI,15,60,0.7867729775742628,0.028681552295511902
qLogNEHVI,15,70,0.8039021978019042,0.024553333757396854
qLogNEHVI,15,80,0.8183025644468461,0.02138824340823151
qLogNEHVI,15,90,0.8317227849860451,0.019321344162119773
qLogNEHVI,15,100,0.8414130469292004,0.016371800652300067
qLogNEHVI,15,110,0.8455906829274908,0.01541723482459221
qLogNEHVI,15,120,0.8580542205131731,0.013305747510232158
qLogNEHVI,15,130,0.8668239721396519,0.011886707299309447
qLogNEHVI,15,140,0.869208618756372,0.011475077225028144
qLogNEHVI,15,150,0.8713730141730385,0.010369405748315305
qLogNEHVI,15,160,0.876101443557523,0.009426969894864346
qLogNEHVI,15,170,0.8791415262874112,0.009233551393069956
qLogNEHVI,15,180,0.8849453664966601,0.009739150348511411
qLogNEHVI,15,190,0.886335624532574,0.008587321821851828
qLogNEHVI,15,200,0.8855572964848822,0.00848435595676102
qLogNEHVI,16,20,0.6820023347998422,0.05643594747292521
qLogNEHVI,16,30,0.7146973846031873,0.04660085380219391
qLogNEHVI,16,40,0.7404228268169338,0.03941378920937079
qLogNEHVI,16,50,0.7622615943313443,0.03377987822131376
qLogNEHVI,16,60,0.7841877673023039,0.028318789313695376
qLogNEHVI,16,70,0.7984522141787664,0.02479142202520267
qLogNEHVI,16,80,0.8172133789743238,0.02119944306331473
qLogNEHVI,16,90,0.8311413557630501,0.019931865526660698
qLogNEHVI,16,100,0.8426913835679398,0.016399311979198243
qLogNEHVI,16,110,0.8523282798037606,0.014676434560022485
qLogNEHVI,16,120,0.8555412185067549,0.013212746360544482
qLogNEHVI,16,130,0.866980510367397,0.012213554541429085
qLogNEHVI,16,140,0.8680989342422313,0.012800777977463028
qLogNEHVI,16,150,0.8723548478787818,0.010576237447808255
qLogNEHVI,16,160,0.8807904551340814,0.009893211820229288
qLogNEHVI,16,170,0.881264058656219,0.008832688590999642
qLogNEHVI,16,180,0.8835912814398147,0.008600200706566351
qLogNEHVI,16,190,0.8859975908672747,0.008255120218498384
qLogNEHVI,16,200,0.8856330655460378,0.009445732614993397
qLogNEHVI,17,20,0.6783119781847059,0.05579810119770446
qLogNEHVI,17,30,0.7167767669149266,0.046954445106814804
qLogNEHVI,17,40,0.7417525804725807,0.03976308002332793
qLogNEHVI,17,50,0.7700523104352921,0.03377944056627563
qLogNEHVI,17,60,0.7901450805261467,0.028409195739239435
qLogNEHVI,17,70,0.8110895225462125,0.02545838982289062
qLogNEHVI,17,80,0.8252635114559334,0.021458618962386076
qLogNEHVI,17,90,0.8382759894587178,0.01972477394376638
qLogNEHVI,17,100,0.8448401048979023,0.017216324810755617
qLogNEHVI,17,110,0.8570622221622022,0.014638746433499808
qLogNEHVI,17,120,0.8660834728217174,0.013610587686131683
qLogNEHVI,17,130,0.8700513065815314,0.012765799221316342
qLogNEHVI,17,140,0.8755032739632072,0.011089862993074325
qLogNEHVI,17,150,0.8793529844148905,0.010376888146646671
qLogNEHVI,17,160,0.8825702141422451,0.009935773995389072
qLogNEHVI,17,170,0.885591459295826,0.00956613401237681
qLogNEHVI,17,180,0.8876610842547978,0.00839034539232396
qLogNEHVI,17,190,0.8905479436165209,0.0084649663209133
qLogNEHVI,17,200,0.8956217841528858,0.008218831879294154
qLogNEHVI,18,20,0.6752154379342123,0.056104466205652806
qLogNEHVI,18,30,0.7096293047143905,0.0466373526777591
qLogNEHVI,18,40,0.7368731336671752,0.03984529775754987
qLogNEHVI,18,50,0.7612913559875235,0.03421930874650219
qLogNEHVI,18,60,0.7809354275956064,0.029171623297634293
qLogNEHVI,18,70,0.7987659621071724,0.02438559422225257
qLogNEHVI,18,80,0.8111005034068993,0.02212743403718027
qLogNEHVI,18,90,0.8197793320423709,0.019461115462404945
qLogNEHVI,18,100,0.8289075130954996,0.016230609970684685
qLogNEHVI,18,110,0.8405226887955213,0.015319101061586994
qLogNEHVI,18,120,0.8489876839935021,0.013973883805777354
qLogNEHVI,18,130,0.8549898433008878,0.01251093522044878
qLogNEHVI,18,140,0.8570366309186584,0.011345049662646895
qLogNEHVI,18,150,0.8622131245190703,0.010575177239103626
qLogNEHVI,18,160,0.8650318905821057,0.009766959868010336
qLogNEHVI,18,170,0.8714512920627598,0.009115506143278001
qLogNEHVI,18,180,0.874243033512842,0.008805041280392945
qLogNEHVI,18,190,0.8731855631470298,0.00938182051560626
qLogNEHVI,18,200,0.8734564865742097,0.008624859787163004
qLogNEHVI,19,20,0.6798623569350701,0.05598417789738591
qLogNEHVI,19,30,0.7165248112355663,0.04787017725326933
qLogNEHVI,19,40,0.742966727021505,0.03964182162094863
qLogNEHVI,19,50,0.7657168686771856,0.0339965691139042
qLogNEHVI,19,60,0.7888518191562234,0.029382407012156022
qLogNEHVI,19,70,0.8044266658887256,0.0246993589828872
qLogNEHVI,19,80,0.822260901158281,0.02141101006196202
qLogNEHVI,19,90,0.8333359650895642,0.020049179170544773
qLogNEHVI,19,100,0.8451422711967936,0.01646192872260092
qLogNEHVI,19,110,0.8522791934835077,0.014879082378584436
qLogNEHVI,19,120,0.8643583073705295,0.013038506683894115
qLogNEHVI,19,130,0.8692260680996498,0.012347439765726432
qLogNEHVI,19,140,0.8744419567743436,0.011734531449730407
qLogNEHVI,19,150,0.873189221779796,0.011292295380984101
qLogNEHVI,19,160,0.8828602826820164,0.011306809104143084
qLogNEHVI,19,170,0.8832019406516717,0.009013742549237447
qLogNEHVI,19,180,0.8903476478943502,0.00883080642184063
qLogNEHVI,19,190,0.8932013719903391,0.008676889755669402
qLogNEHVI,19,200,0.8922893024770319,0.008762943535133445
qLogNEHVI,20,20,0.6812332046140709,0.05637858559200215
qLogNEHVI,20,30,0.7120105144967627,0.0474625756937374
qLogNEHVI,20,40,0.7404995412015818,0.039704785870776436
qLogNEHVI,20,50,0.7653678181438558,0.033828596236316975
qLogNEHVI,20,60,0.781933164485967,0.029316512038979115
qLogNEHVI,20,70,0.7983531750354955,0.02474807484418873
qLogNEHVI,20,80,0.8131202273089652,0.021769141431006025
qLogNEHVI,20,90,0.8230781975302147,0.01968367003496003
qLogNEHVI,20,100,0.8351075696208247,0.016361673463860013
qLogNEHVI,20,110,0.8437672658091376,0.014515242095056736
qLogNEHVI,20,120,0.8531056376422704,0.012968170727112515
qLogNEHVI,20,130,0.8579895488336821,0.012727137641169697
qLogNEHVI,20,140,0.8657189587333771,0.010836646395743669
qLogNEHVI,20,150,0.8704902772012237,0.010532371897886358
qLogNEHVI,20,160,0.873821708818276,0.010187624435433128
qLogNEHVI,20,170,0.8774791991893954,0.009137994588393351
qLogNEHVI,20,180,0.8740773489242187,0.009330473311143329
qLogNEHVI,20,190,0.8777635566564378,0.009165626671727614
qLogNEHVI,20,200,0.8790408071015159,0.00777036623530596
qLogNEHVI,21,20,0.6780879058402782,0.05602547004867758
qLogNEHVI,21,30,0.7109709211049452,0.04696344473648462
qLogNEHVI,21,40,0.7397269643688158,0.039508526031569985
qLogNEHVI,21,50,0.7649216794076551,0.033966377018705224
qLogNEHVI,21,60,0.7859062037845823,0.02849101313335337
qLogNEHVI,21,70,0.8015168924576895,0.025857222647015763
qLogNEHVI,21,80,0.8138144831690719,0.021768678798858226
qLogNEHVI,21,90,0.8271279863896632,0.0189428461334608
qLogNEHVI,21,100,0.8410577789547375,0.01755585818765729
qLogNEHVI,21,110,0.848410515589183,0.015317448040254167
qLogNEHVI,21,120,0.858349978986683,0.015410136698263542
qLogNEHVI,21,130,0.8651135162770293,0.013909796398577277
qLogNEHVI,21,140,0.8652517734210206,0.0107997645088224
qLogNEHVI,21,150,0.8752860235226254,0.010112402321664021
qLogNEHVI,21,160,0.8761029978101427,0.009435442988167985
qLogNEHVI,21,170,0.8789456705643076,0.010066382265302546
qLogNEHVI,21,180,0.8829371856125824,0.009000854435864444
qLogNEHVI,21,190,0.8817107175319546,0.007991362859014797
qLogNEHVI,21,200,0.8831942350294694,0.00912446938711392
qLogNEHVI,22,20,0.6793211289279902,0.05582926905279384
qLogNEHVI,22,30,0.710310756641148,0.046991148550721284
qLogNEHVI,22,40,0.7388144417943695,0.039547440957997476
qLogNEHVI,22,50,0.7629959718331429,0.03395201716043904
qLogNEHVI,22,60,0.7892163110731205,0.029409542036388868
qLogNEHVI,22,70,0.8021176864616734,0.02606934790145988
qLogNEHVI,22,80,0.8156693329356367,0.021650358533746653
qLogNEHVI,22,90,0.830417595037509,0.018521411714829725
qLogNEHVI,22,100,0.8383255531457909,0.016198286719078744
qLogNEHVI,22,110,0.84788477169098,0.015625991542578443
qLogNEHVI,22,120,0.8527872784862356,0.013695120956897759
qLogNEHVI,22,130,0.8603266161009038,0.012028554000961963
qLogNEHVI,22,140,0.8673174830296817,0.011078130455209712
qLogNEHVI,22,150,0.8713043461470573,0.010426042415586138
qLogNEHVI,22,160,0.8688566217688265,0.010552532003923571
qLogNEHVI,22,170,0.8792613258054282,0.009575083337616173
qLogNEHVI,22,180,0.883222741294775,0.00896686801406917
qLogNEHVI,22,190,0.8813863666284979,0.008177757484438518
qLogNEHVI,22,200,0.8832061132101482,0.008080214849486768
qLogNEHVI,23,20,0.6784134223411726,0.05586198531798973
qLogNEHVI,23,30,0.7080271412407251,0.0465694464988215
qLogNEHVI,23,40,0.7378488529430971,0.040891255624932406
qLogNEHVI,23,50,0.761802547006915,0.0340571668053904
qLogNEHVI,23,60,0.7826395269830035,0.029659028378310342
qLogNEHVI,23,70,0.8008597665921203,0.025138129685288932
qLogNEHVI,23,80,0.8131981735359187,0.022069637011547738
qLogNEHVI,23,90,0.8280506147949506,0.01859136861427486
qLogNEHVI,23,100,0.8367336539479365,0.0161598939557035
qLogNEHVI,23,110,0.849222253773841,0.01552599035479818
qLogNEHVI,23,120,0.8549371715595864,0.013425399906122576
qLogNEHVI,23,130,0.8590569422480603,0.011944048136472235
qLogNEHVI,23,140,0.8628200816073754,0.011540897045255403
qLogNEHVI,23,150,0.8688874994443789,0.010337340416610663
qLogNEHVI,23,160,0.871305363401694,0.009815448600722467
qLogNEHVI,23,170,0.8770586922551848,0.008787761279111763
qLogNEHVI,23,180,0.8827301281576215,0.008940348503991943
qLogNEHVI,23,190,0.8816180602993647,0.00929277192007715
qLogNEHVI,23,200,0.885437000692898,0.008450411210858717
qLogNEHVI,24,20,0.6829803770159205,0.056114913230661305
qLogNEHVI,24,30,0.7118045613122903,0.046989882738749954
qLogNEHVI,24,40,0.7433571115209925,0.03956828910292909
qLogNEHVI,24,50,0.7655121581007748,0.03418205421130199
qLogNEHVI,24,60,0.7898456088616151,0.029461116353943103
qLogNEHVI,24,70,0.8055652117508675,0.025254778095793087
qLogNEHVI,24,80,0.813859180302197,0.021971171816977646
qLogNEHVI,24,90,0.8319209731443551,0.01865823632957708
qLogNEHVI,24,100,0.8418050198770869,0.017703683688557428
qLogNEHVI,24,110,0.8525576155522032,0.014896530792324942
qLogNEHVI,24,120,0.8576774563991549,0.014075054225111374
qLogNEHVI,24,130,0.8691570235698305,0.012477262166832875
qLogNEHVI,24,140,0.8741472936010137,0.010786541281665889
qLogNEHVI,24,150,0.8732082692192734,0.010432703738212756
qLogNEHVI,24,160,0.8810491006132138,0.009327616335736434
qLogNEHVI,24,170,0.8842069218304919,0.009178087461122185
qLogNEHVI,24,180,0.8852282538302249,0.008725005643897131
qLogNEHVI,24,190,0.8868618821185883,0.008124077976257521
qLogNEHVI,24,200,0.8905179570630865,0.008625900198349747
qLogNEHVI,25,20,0.6823739877867159,0.05609320721079242
qLogNEHVI,25,30,0.713972277054467,0.04734300755497329
qLogNEHVI,25,40,0.7406508382270028,0.04019515001656004
qLogNEHVI,25,50,0.7644675146944535,0.03318269324572338
qLogNEHVI,25,60,0.7910379620943061,0.02965197004424361
qLogNEHVI,25,70,0.8014456313833188,0.02551368538344502
qLogNEHVI,25,80,0.8170015779307325,0.022362243533022234
qLogNEHVI,25,90,0.8273322480281653,0.018453099439139788
qLogNEHVI,25,100,0.8400585537752573,0.017063017256038707
qLogNEHVI,25,110,0.8525904464386451,0.014745692863587581
qLogNEHVI,25,120,0.8573414179161818,0.012929824970020244
qLogNEHVI,25,130,0.8643745289964401,0.0122349678890736
qLogNEHVI,25,140,0.8701901770942572,0.01141921357119609
qLogNEHVI,25,150,0.8717689337320017,0.010458218102152111
qLogNEHVI,25,160,0.8756352519639367,0.009777039311756362
qLogNEHVI,25,170,0.881098549368666,0.009543300854528147
qLogNEHVI,25,180,0.8828316494959971,0.008429956497701797
qLogNEHVI,25,190,0.8839732588978627,0.007933081129226346
qLogNEHVI,25,200,0.8881949367049211,0.007893073300215294
qLogNEHVI,26,20,0.6785057235396998,0.05686456136821237
qLogNEHVI,26,30,0.7156471943073335,0.04803063224822041
qLogNEHVI,26,40,0.7448840478794893,0.03973235415317735
qLogNEHVI,26,50,0.7684624266014438,0.034027561325366586
qLogNEHVI,26,60,0.7878684204326845,0.02953020103331246
qLogNEHVI,26,70,0.8090100332908258,0.025507716820063822
qLogNEHVI,26,80,0.8227808859548693,0.02135078088279718
qLogNEHVI,26,90,0.8359597873214811,0.020021330900483737
qLogNEHVI,26,100,0.8441788363951678,0.01717593000157425
qLogNEHVI,26,110,0.8519895094260705,0.015079230821497988
qLogNEHVI,26,120,0.8598628735033337,0.014382923473525905
qLogNEHVI,26,130,0.8658827196247454,0.012048117029232612
qLogNEHVI,26,140,0.8700319976280322,0.01166782998571921
qLogNEHVI,26,150,0.8768945254815155,0.010522399547284178
qLogNEHVI,26,160,0.8830500252038446,0.00955822982685938
qLogNEHVI,26,170,0.8861404207974312,0.009040420256651806
qLogNEHVI,26,180,0.8871628794955262,0.00893187584523612
qLogNEHVI,26,190,0.8883744221714105,0.009215648904574752
qLogNEHVI,26,200,0.8917646712510391,0.008579034967736505
qLogNEHVI,27,20,0.6792299740342426,0.055966056398016474
qLogNEHVI,27,30,0.7125896704835614,0.048083476645365074
qLogNEHVI,27,40,0.7381570803916558,0.03930508341983325
qLogNEHVI,27,50,0.7665252672488853,0.03456232552199958
qLogNEHVI,27,60,0.7823533954157197,0.028716804473225135
qLogNEHVI,27,70,0.8017730342688272,0.024559302533567844
qLogNEHVI,27,80,0.8161620791740265,0.02228283707863739
qLogNEHVI,27,90,0.8274083130132904,0.018536112407254928
qLogNEHVI,27,100,0.8394037418781076,0.016303901545761442
qLogNEHVI,27,110,0.8466236965059897,0.015154506863088302
qLogNEHVI,27,120,0.8528066204309999,0.013577201689720786
qLogNEHVI,27,130,0.8584551809753841,0.011967089214447368
qLogNEHVI,27,140,0.8660921827826227,0.01123090551350521
qLogNEHVI,27,150,0.8691465354428328,0.01045785409037535
qLogNEHVI,27,160,0.8733661315622093,0.010124686139692448
qLogNEHVI,27,170,0.8771471478046299,0.008822129474370654
qLogNEHVI,27,180,0.8835539417993368,0.009622800684222258
qLogNEHVI,27,190,0.8790102038986256,0.008329484795256616
qLogNEHVI,27,200,0.8846890732378022,0.007864614831072755
qLogNEHVI,28,20,0.6802351835775038,0.05563069418587862
qLogNEHVI,28,30,0.7124352826026998,0.04731605995381186
qLogNEHVI,28,40,0.7415905330607963,0.039596453115633416
qLogNEHVI,28,50,0.7686564989172785,0.03338141604534194
qLogNEHVI,28,60,0.7878745741382228,0.02875025514423499
qLogNEHVI,28,70,0.7998812123339729,0.02453529068015803
qLogNEHVI,28,80,0.8194519104164516,0.022400931193129588
qLogNEHVI,28,90,0.8303486928823159,0.0183855363809845
qLogNEHVI,28,100,0.8413235770231685,0.016575961426344505
qLogNEHVI,28,110,0.85493949633745,0.01505905832395063
qLogNEHVI,28,120,0.8599658871821272,0.014150151525868439
qLogNEHVI,28,130,0.8638789862478573,0.01268278224880095
qLogNEHVI,28,140,0.8666396976070727,0.01173564517923465
qLogNEHVI,28,150,0.8764867743597119,0.011644123898211093
qLogNEHVI,28,160,0.8766349059925215,0.010372441998323196
qLogNEHVI,28,170,0.8811556314779417,0.008801764055257618
qLogNEHVI,28,180,0.8851944223862042,0.008557248588436562
qLogNEHVI,28,190,0.8857729378798441,0.008708444135739799
qLogNEHVI,28,200,0.8913185099446989,0.007816587868042223
qLogNEHVI,29,20,0.6775007432018221,0.0560572954297703
qLogNEHVI,29,30,0.7145214626217158,0.047863567595728254
qLogNEHVI,29,40,0.7414065072095642,0.039814868866441644
qLogNEHVI,29,50,0.7629761807232449,0.03366576401677028
qLogNEHVI,29,60,0.790179969691701,0.02874433607879515
qLogNEHVI,29,70,0.8013961657268169,0.025260888751099712
qLogNEHVI,29,80,0.8189845900064477,0.022205031798389414
qLogNEHVI,29,90,0.8328337943750737,0.019206634922049555
qLogNEHVI,29,100,0.8394339680684769,0.016381189500376158
qLogNEHVI,29,110,0.8477937212124272,0.015213531137124058
qLogNEHVI,29,120,0.8560467324764491,0.014014231480269056
qLogNEHVI,29,130,0.8636086802770391,0.011704476367447241
qLogNEHVI,29,140,0.8669137642697159,0.011636293208368167
qLogNEHVI,29,150,0.8735413068669317,0.0113906741275178
qLogNEHVI,29,160,0.8766980472423836,0.009735393541071806
qLogNEHVI,29,170,0.8773594874376823,0.010060665448239135
qLogNEHVI,29,180,0.8839327287827019,0.008487599822126005
qLogNEHVI,29,190,0.8861734517938765,0.00878311329803382
qLogNEHVI,29,200,0.8860720302276831,0.008836410735823192
qLogNEHVI,30,20,0.6775228847901896,0.056166857604124334
qLogNEHVI,30,30,0.714423461013996,0.04717326499406738
qLogNEHVI,30,40,0.7393758343094676,0.039737940719657465
qLogNEHVI,30,50,0.7685571733902725,0.03469154571632518
qLogNEHVI,30,60,0.7859369824537598,0.029075283269751014
qLogNEHVI,30,70,0.8029777590740069,0.02452144677735742
qLogNEHVI,30,80,0.8146411434453649,0.02265813895614946
qLogNEHVI,30,90,0.8316991205711748,0.01902793630097735
qLogNEHVI,30,100,0.8396033722218774,0.01675550840880695
qLogNEHVI,30,110,0.8527616749200716,0.014582685534163762
qLogNEHVI,30,120,0.8544464817559815,0.014010760030939795
qLogNEHVI,30,130,0.8650486545494595,0.012028803775500212
qLogNEHVI,30,140,0.8700096143191831,0.011134464391392204
qLogNEHVI,30,150,0.8746161872524059,0.011829393524491675
qLogNEHVI,30,160,0.8786096894618405,0.009418707181325144
qLogNEHVI,30,170,0.8791482976362428,0.008879882015088785
qLogNEHVI,30,180,0.8813188142052492,0.009745417100448857
qLogNEHVI,30,190,0.8861596770258517,0.008382175076486857
qLogNEHVI,30,200,0.8890287176215815,0.008181359855570176
MOMF,1,20,0.6822712747553791,0.05597373385764478
MOMF,1,30,0.7138070937844386,0.04742678894702686
MOMF,1,40,0.7435568294862804,0.039582891243485796
MOMF,1,50,0.7723926780492048,0.03278450516744591
MOMF,1,60,0.7880662466340582,0.028992949787573434
MOMF,1,70,0.809716341044216,0.024502227387432334
MOMF,1,80,0.8196848722414598,0.020791140869485716
MOMF,1,90,0.8294937633682569,0.018323149522625436
MOMF,1,100,0.8459823215488083,0.01564900820517556
MOMF,1,110,0.8546810890082465,0.01421753522333316
MOMF,1,120,0.8609935711980182,0.013313430866526092
MOMF,1,130,0.8627549191940025,0.013035133333950908
MOMF,1,140,0.8706143973771067,0.011693081492225775
MOMF,1,150,0.8748468566277217,0.009791189827066936
MOMF,1,160,0.876685152735939,0.010402670078825567
MOMF,1,170,0.8852348647787558,0.009248823434574747
MOMF,1,180,0.8830690893557555,0.00858981011249241
MOMF,1,190,0.8851576359535072,0.009449341456462734
MOMF,1,200,0.8891199593153521,0.008954697706570239
MOMF,2,20,0.6803405729334192,0.05542257479747285
MOMF,2,30,0.7164629977783673,0.046049221727619515
MOMF,2,40,0.7429838122286759,0.04017794445200247
MOMF,2,50,0.7681593903227549,0.03382390679389103
MOMF,2,60,0.7887583660218609,0.028021564708658204
MOMF,2,70,0.8079676222685425,0.024976240254854988
MOMF,2,80,0.8251054328173856,0.020576767948057025
MOMF,2,90,0.8319693680674758,0.0185187589030582
MOMF,2,100,0.8428121922394733,0.01656138982000047
MOMF,2,110,0.8546882023131834,0.015577001327047552
MOMF,2,120,0.8616533833541615,0.012802105818301521
MOMF,2,130,0.8647299729494359,0.011806783272916344
MOMF,2,140,0.8713172751497472,0.011044749054953593
MOMF,2,150,0.8777445582123977,0.010524209813326075
MOMF,2,160,0.8782308983114352,0.009799258349601105
MOMF,2,170,0.8798447608641868,0.01015685635025392
MOMF,2,180,0.882818599504514,0.009049694764866455
MOMF,2,190,0.8860516533765292,0.008314208523575124
MOMF,2,200,0.8876374394004117,0.007955757756799148
MOMF,3,20,0.6795177498947449,0.05520114748786576
MOMF,3,30,0.7171202404734243,0.047215995537310505
MOMF,3,40,0.7449469716545862,0.0401127946551219
MOMF,3,50,0.7711208825947684,0.03272229289407421
MOMF,3,60,0.7888765157760166,0.02766465266899208
MOMF,3,70,0.8108237542806819,0.024011649286537054
MOMF,3,80,0.8232754077840636,0.02081123769418775
MOMF,3,90,0.8341277038526844,0.017807624798357374
MOMF,3,100,0.8502039754296351,0.015574993009434395
MOMF,3,110,0.857820994774545,0.013868572336267544
MOMF,3,120,0.8599038961426393,0.012679942940546429
MOMF,3,130,0.8682455347851856,0.011965530620368956
MOMF,3,140,0.8725797492908534,0.011398510169593706
MOMF,3,150,0.8774156360133507,0.010408846425651224
MOMF,3,160,0.8819893181982951,0.009638641225144766
MOMF,3,170,0.8860920338339926,0.00990125200029476
MOMF,3,180,0.8901889258867173,0.008972200814131087
MOMF,3,190,0.8909908629154466,0.00818670561656228
MOMF,3,200,0.8886635494731515,0.007819709184306292
MOMF,4,20,0.6827703841408502,0.055339079423610646
MOMF,4,30,0.711559689889511,0.047204666267158295
MOMF,4,40,0.745012035973702,0.039094052101136145
MOMF,4,50,0.7663672451889524,0.033215488111623816
MOMF,4,60,0.7841392044530066,0.028500594426641598
MOMF,4,70,0.8011144434865954,0.024619187597257793
MOMF,4,80,0.8170898298391459,0.020347716542465935
MOMF,4,90,0.8232604751785431,0.01775788218998083
MOMF,4,100,0.8404016676733116,0.016404425934535442
MOMF,4,110,0.8470678959701572,0.014973414731945911
MOMF,4,120,0.8500138473859535,0.013294586106103935
MOMF,4,130,0.856834062977191,0.011845419770722019
MOMF,4,140,0.8672764887924878,0.010513817698680953
MOMF,4,150,0.8682976312750651,0.010807744427819625
MOMF,4,160,0.8718211256682004,0.0096806425382098
MOMF,4,170,0.8731904568248184,0.009009934837822175
MOMF,4,180,0.8771077094577739,0.008424302181914716
MOMF,4,190,0.8776831829826232,0.008207412539072131
MOMF,4,200,0.8823318842084906,0.008710419753469959
MOMF,5,20,0.6829912294026513,0.055708423871725955
MOMF,5,30,0.718417434385375,0.047397242817274206
MOMF,5,40,0.7435621024270664,0.0387701499244001
MOMF,5,50,0.7683759987130369,0.03281860675106601
MOMF,5,60,0.7916618570757183,0.027667702006085614
MOMF,5,70,0.8047971978163446,0.024174349594337362
MOMF,5,80,0.819327422737356,0.020491990393519573
MOMF,5,90,0.8296230141038641,0.017742716027394443
MOMF,5,100,0.8434979996603462,0.015622416629688851
MOMF,5,110,0.8493883368195867,0.015055840612091703
MOMF,5,120,0.8570856446391035,0.012511375115523075
MOMF,5,130,0.8609633438985621,0.011664729654183425
MOMF,5,140,0.8663182460474771,0.01060518369558908
MOMF,5,150,0.8716710855465992,0.011380526766395834
MOMF,5,160,0.8722819842403154,0.010051732902331696
MOMF,5,170,0.8820352287646209,0.009767703640969969
MOMF,5,180,0.8787074528911695,0.009029828681605907
MOMF,5,190,0.8825449569874615,0.009057680784445556
MOMF,5,200,0.8844313508081721,0.00889239739420421
MOMF,6,20,0.6832140404525582,0.05625658560356495
MOMF,6,30,0.7194880479879953,0.04637682594143243
MOMF,6,40,0.7492354977884168,0.03876780316347209
MOMF,6,50,0.771567231852683,0.03238585062110267
MOMF,6,60,0.7930981059346015,0.027876694580369652
MOMF,6,70,0.809363098741389,0.025254561337246857
MOMF,6,80,0.8234523922418648,0.02103996243269811
MOMF,6,90,0.8370988335873673,0.019060810838972264
MOMF,6,100,0.8479453797911735,0.016303788536214184
MOMF,6,110,0.8554763782324114,0.014352223707804798
MOMF,6,120,0.8635759983765564,0.013123878500436425
MOMF,6,130,0.8700210230720646,0.013504883653922084
MOMF,6,140,0.8762173837708589,0.011355005757300666
MOMF,6,150,0.8760379721634772,0.010165775996034555
MOMF,6,160,0.8809381972468305,0.009194069018808492
MOMF,6,170,0.8822739536240838,0.009398009432442933
MOMF,6,180,0.8846788516869212,0.00896711310912094
MOMF,6,190,0.893528483915684,0.009568532624007387
MOMF,6,200,0.8863402843318472,0.00811383688703711
MOMF,7,20,0.6841528656190475,0.05570382445173146
MOMF,7,30,0.7139975613664112,0.04641743080315436
MOMF,7,40,0.746021563828803,0.038945082712284626
MOMF,7,50,0.7670187617946778,0.033492467853749625
MOMF,7,60,0.7884148203172772,0.02770018457490955
MOMF,7,70,0.807915776244831,0.024060256587095777
MOMF,7,80,0.8171321744728116,0.02147962288589543
MOMF,7,90,0.8319690067181288,0.018557282074174494
MOMF,7,100,0.844241944171617,0.016574237153620924
MOMF,7,110,0.8498124320175379,0.014225992589793188
MOMF,7,120,0.8543373486835077,0.012680826408365783
MOMF,7,130,0.859435999589871,0.012084774897335964
MOMF,7,140,0.8659982871877538,0.010502302682992818
MOMF,7,150,0.8729307750135706,0.011776026025420081
MOMF,7,160,0.8732846778238534,0.009881117059063877
MOMF,7,170,0.8777287953929779,0.008915179142717588
MOMF,7,180,0.8773453219843617,0.009100852142686758
MOMF,7,190,0.877005987519839,0.008040778793249168
MOMF,7,200,0.8820613071128016,0.008534214272257368
MOMF,8,20,0.6786538782579817,0.05525202626222078
MOMF,8,30,0.715257709543962,0.04681689873132657
MOMF,8,40,0.7446426638879998,0.03972733836387897
MOMF,8,50,0.7630649855705766,0.03253319500376355
MOMF,8,60,0.7840767383315755,0.028008983919849385
MOMF,8,70,0.8018719129841775,0.023992310898818654
MOMF,8,80,0.8145337351832861,0.020354563615247352
MOMF,8,90,0.8272695507383236,0.017873467460041686
MOMF,8,100,0.836689992488501,0.01579650326265137
MOMF,8,110,0.8443578641270336,0.014593382551562915
MOMF,8,120,0.8517021366126561,0.014055786617256375
MOMF,8,130,0.8572201419879077,0.011681097436918982
MOMF,8,140,0.8591827317181677,0.010590049918154926
MOMF,8,150,0.8667375225591957,0.010776376382997804
MOMF,8,160,0.8684028743510096,0.009438314246745511
MOMF,8,170,0.8764472830665746,0.00960521483206606
MOMF,8,180,0.8755374390653824,0.00861125648187666
MOMF,8,190,0.8791648047922188,0.008245810404437481
MOMF,8,200,0.8816371946106133,0.008679795095469147
MOMF,9,20,0.6800346697484491,0.055530718085529444
MOMF,9,30,0.7171656198709786,0.046002919987090385
MOMF,9,40,0.7499816014660533,0.03914550573244022
MOMF,9,50,0.7711398958387662,0.03261334432635177
MOMF,9,60,0.791510303583863,0.02754326440150481
MOMF,9,70,0.809689333322419,0.024606291730455775
MOMF,9,80,0.8230558544297704,0.020533386057744008
MOMF,9,90,0.8402150252001054,0.01832159755133893
MOMF,9,100,0.8459150510461498,0.016936624964795144
MOMF,9,110,0.8552907674563816,0.015190078449666446
MOMF,9,120,0.8608210332643572,0.012610258564507773
MOMF,9,130,0.8669521963692646,0.012060982587130512
MOMF,9,140,0.8743779642197425,0.010471201941515918
MOMF,9,150,0.8776543667296927,0.010098858941325896
MOMF,9,160,0.8831740348395737,0.009215621209052569
MOMF,9,170,0.8859248966229715,0.010120877592191872
MOMF,9,180,0.8878069005205728,0.008807675488633633
MOMF,9,190,0.8854171512524726,0.008785749722942531
MOMF,9,200,0.8892070703139171,0.00912390858150143
MOMF,10,20,0.6842028006554364,0.05609892812403064
MOMF,10,30,0.7127966618957486,0.046819778478455296
MOMF,10,40,0.740997743201656,0.03853724448539482
MOMF,10,50,0.7676346810973348,0.033940260748379816
MOMF,10,60,0.7884682271077259,0.028457323011857757
MOMF,10,70,0.8001194937739801,0.02515591537246517
MOMF,10,80,0.816879182652699,0.020483918915140852
MOMF,10,90,0.8316948163750494,0.018443241225026094
MOMF,10,100,0.8451737738985265,0.015628317344747428
MOMF,10,110,0.8491368902319211,0.014465033069151246
MOMF,10,120,0.860318779271233,0.01255956386991985
MOMF,10,130,0.8626105437469977,0.012633312348184066
MOMF,10,140,0.864817785301598,0.011361427773338971
MOMF,10,150,0.8709411855774616,0.010341361631659232
MOMF,10,160,0.8750703175428897,0.010331754309940856
MOMF,10,170,0.8739269870947133,0.009793590915654873
MOMF,10,180,0.8830177813676864,0.008655502774737879
MOMF,10,190,0.8782347097487122,0.007958355788508365
MOMF,10,200,0.8836326509255812,0.008011565782953192
MOMF,11,20,0.6782705572326356,0.05576828454971969
MOMF,11,30,0.7151214878384106,0.04676173948010738
MOMF,11,40,0.7449857019405105,0.03851517767344504
MOMF,11,50,0.7660402873599624,0.032844416271389384
MOMF,11,60,0.7872116623205213,0.028123708181228824
MOMF,11,70,0.8023742452646845,0.02427560767617247
MOMF,11,80,0.8186486817035165,0.02084316554040532
MOMF,11,90,0.8257358618107777,0.017972919218843603
MOMF,11,100,0.8414798669608404,0.01572671704300275
MOMF,11,110,0.8476157532914185,0.014552423114359081
MOMF,11,120,0.8543485481099813,0.013684168451099437
MOMF,11,130,0.8614684186681637,0.012240873897623699
MOMF,11,140,0.8691772128221332,0.012013437071407186
MOMF,11,150,0.8692758032180913,0.010159647414989969
MOMF,11,160,0.8758377124825408,0.009749147828478482
MOMF,11,170,0.8799593502313294,0.008847668893644906
MOMF,11,180,0.8818246562490122,0.008969660954120823
MOMF,11,190,0.8824664653587994,0.008346806793000844
MOMF,11,200,0.8815768444123412,0.007773062895919927
MOMF,12,20,0.6833557150260722,0.05546183657380864
MOMF,12,30,0.7186188047490831,0.046582353818158416
MOMF,12,40,0.7446532052409948,0.03957790874868337
MOMF,12,50,0.7692961186727914,0.032784914423122966
MOMF,12,60,0.7908183553987681,0.028051683397678415
MOMF,12,70,0.8064297810480774,0.024243343131763507
MOMF,12,80,0.8210437435812405,0.020503192418286277
MOMF,12,90,0.8338669590552179,0.01888337127706784
MOMF,12,100,0.8425896036972775,0.017728167895691135
MOMF,12,110,0.8557280383593897,0.01412787116671519
MOMF,12,120,0.8587571630577882,0.013200566228411151
MOMF,12,130,0.8669361352881398,0.012099137199869077
MOMF,12,140,0.8728418675242782,0.010707899323942602
MOMF,12,150,0.8753866194151613,0.009753066715848002
MOMF,12,160,0.8808907855359096,0.010228578223344666
MOMF,12,170,0.8811485818424362,0.009469574997432405
MOMF,12,180,0.881575172609101,0.008747699757266062
MOMF,12,190,0.8855689973118657,0.007977232296682537
MOMF,12,200,0.887991996415911,0.00871958064434734
MOMF,13,20,0.678882891980154,0.056316512045795096
MOMF,13,30,0.7148118466110355,0.04593974767192426
MOMF,13,40,0.7409148285868498,0.03992055392620178
MOMF,13,50,0.7672145964745372,0.03333459508797825
MOMF,13,60,0.7838160713080766,0.02827105276242788
MOMF,13,70,0.804255014612358,0.02356671771398346
MOMF,13,80,0.8211507862516214,0.021033197256858437
MOMF,13,90,0.8247459495544187,0.01858021500586067
MOMF,13,100,0.8396515212336628,0.01574092123656757
MOMF,13,110,0.8464646310468291,0.014272325555652403
MOMF,13,120,0.8556492822042477,0.0139218517957453
MOMF,13,130,0.8608123524472212,0.011438434302272258
MOMF,13,140,0.8650245758734356,0.012215672985805852
MOMF,13,150,0.8666547030628206,0.009756130683611686
MOMF,13,160,0.8745970478776696,0.009585143223741
MOMF,13,170,0.875965089337128,0.008948083079782489
MOMF,13,180,0.8777361015357663,0.009152914368388531
MOMF,13,190,0.8780582190107904,0.008192379606478409
MOMF,13,200,0.8842591475802125,0.00790808048392237
MOMF,14,20,0.6795156862564156,0.05525675435470596
MOMF,14,30,0.7177994087535458,0.04739943809987756
MOMF,14,40,0.7467812471129069,0.03852679962928724
MOMF,14,50,0.7691775789072239,0.03280276602469254
MOMF,14,60,0.7925429127832687,0.028170522429628784
MOMF,14,70,0.8085162725746765,0.024995916701705586
MOMF,14,80,0.8253660683743875,0.021812745660199525
MOMF,14,90,0.8340030354823342,0.018724552872826754
MOMF,14,100,0.8487617036157259,0.015787133120586383
MOMF,14,110,0.8549605878841545,0.014782131007797605
MOMF,14,120,0.8605759779087038,0.013888383950133133
MOMF,14,130,0.868648988999937,0.011369601182461433
MOMF,14,140,0.8739020488405432,0.011635912794578632
MOMF,14,150,0.8772045201437491,0.010167005276243016
MOMF,14,160,0.884129158331022,0.010696557121296546
MOMF,14,170,0.8821620549059999,0.008816252301450974
MOMF,14,180,0.8858711768823281,0.009012818472092031
MOMF,14,190,0.8896946545814476,0.008354375280662988
MOMF,14,200,0.8896992640238617,0.009195105994946004
MOMF,15,20,0.6837589477027317,0.056126886234669174
MOMF,15,30,0.7173552505156,0.04610991920554066
MOMF,15,40,0.7438101624792056,0.04014831154779873
MOMF,15,50,0.7683182153411794,0.03297146710592975
MOMF,15,60,0.7887049912242413,0.027555115293762096
MOMF,15,70,0.8051149774231414,0.023676903917930637
MOMF,15,80,0.8207058595770212,0.020824191258377454
MOMF,15,90,0.8341048004831909,0.018038647708430968
MOMF,15,100,0.8434504791720178,0.016614841625271815
MOMF,15,110,0.8557554795195534,0.014238099942574035
MOMF,15,120,0.8565365780065626,0.013607812150693269
MOMF,15,130,0.8583945021599964,0.011642736187574118
MOMF,15,140,0.8669089262877911,0.011261021113144316
MOMF,15,150,0.86904266019843,0.011119021957713136
MOMF,15,160,0.8784579228967802,0.009791070524738954
MOMF,15,170,0.8784411539246592,0.01032385060878617
MOMF,15,180,0.8770566609089102,0.009072651184240903
MOMF,15,190,0.882092225981665,0.008042893513070236
MOMF,15,200,0.8811731515817953,0.008151697057167059
MOMF,16,20,0.6792542365110472,0.056510575522974324
MOMF,16,30,0.716684256418011,0.046215101175998384
MOMF,16,40,0.7409369328802385,0.0389004149790866
MOMF,16,50,0.7661213129005598,0.032738556816859256
MOMF,16,60,0.7925045776288915,0.02780186754740423
MOMF,16,70,0.8053090728585729,0.024032932197687498
MOMF,16,80,0.8192678252051713,0.02082324926681399
MOMF,16,90,0.8312910755906786,0.01829790946581227
MOMF,16,100,0.840259728660125,0.015997334303372076
MOMF,16,110,0.8474533542741478,0.01426338644147635
MOMF,16,120,0.8577647765654102,0.013911373010871564
MOMF,16,130,0.8616439716872704,0.012304846928461882
MOMF,16,140,0.8689796109524021,0.010569133487381852
MOMF,16,150,0.8687875493490945,0.01142882883571262
MOMF,16,160,0.8748527701597367,0.010491564944790607
MOMF,16,170,0.8764892374822965,0.009426136997559287
MOMF,16,180,0.8797131380507621,0.008393740736897073
MOMF,16,190,0.8833749413679437,0.008187682372071759
MOMF,16,200,0.8869671383447494,0.00770632922214474
MOMF,17,20,0.6802421458126836,0.05642820956530161
MOMF,17,30,0.7167966230541533,0.04650520321805205
MOMF,17,40,0.7423931277356093,0.039699148228625206
MOMF,17,50,0.7675512293453027,0.03249801609918419
MOMF,17,60,0.7903411986896759,0.0286299607624592
MOMF,17,70,0.8005340330894546,0.024640194357285566
MOMF,17,80,0.8155333121535318,0.020524061054197965
MOMF,17,90,0.8310756814225363,0.018899858209255754
MOMF,17,100,0.8436897344734419,0.016671192556407043
MOMF,17,110,0.848105432515583,0.014372547786907644
MOMF,17,120,0.8569375622096675,0.012605005505003979
MOMF,17,130,0.8618174360584748,0.011549105846105478
MOMF,17,140,0.8653342584166891,0.01082429281459204
MOMF,17,150,0.8640761411192848,0.010284998796719054
MOMF,17,160,0.8755892251273881,0.0105538601966065
MOMF,17,170,0.8782232395820595,0.008847925809590058
MOMF,17,180,0.8815666642071475,0.009046960135424692
MOMF,17,190,0.8812476137335289,0.009216729133431752
MOMF,17,200,0.8818644360983374,0.007938161924146675
MOMF,18,20,0.6825048082708595,0.05618553521779983
MOMF,18,30,0.7191604868170537,0.04607545074583198
MOMF,18,40,0.7461791473775338,0.039958861486603325
MOMF,18,50,0.7690547393490288,0.033469678617876586
MOMF,18,60,0.7888051356189341,0.02824661770803099
MOMF,18,70,0.8068158672116087,0.023596384129857914
MOMF,18,80,0.8212104173646675,0.020689613687541575
MOMF,18,90,0.8330040397664695,0.017757237225133702
MOMF,18,100,0.8421378491460294,0.01591567553188488
MOMF,18,110,0.8483759393044266,0.01399049190587233
MOMF,18,120,0.8605356666175765,0.01326222804861533
MOMF,18,130,0.8651280810734285,0.012620205866262
MOMF,18,140,0.8703956995012326,0.011047531692466167
MOMF,18,150,0.8772447009892954,0.009916532693559875
MOMF,18,160,0.8769033349792575,0.01102840250044305
MOMF,18,170,0.8833290568138572,0.010350537691656413
MOMF,18,180,0.8844595147838111,0.009081085258259573
MOMF,18,190,0.8836174620951234,0.008107869706964525
MOMF,18,200,0.8884873889985014,0.008053688971285798
MOMF,19,20,0.6800394845555775,0.05529949955286234
MOMF,19,30,0.7127088896184971,0.04734676685213738
MOMF,19,40,0.736627828409839,0.03858200962024589
MOMF,19,50,0.7692244406793399,0.03260347457559973
MOMF,19,60,0.7865214660681958,0.027548095933763957
MOMF,19,70,0.8017823162142443,0.023563178674527622
MOMF,19,80,0.8170845588264581,0.02090746642334281
MOMF,19,90,0.8255521496556419,0.018384435307836768
MOMF,19,100,0.8367050092506125,0.016782927770875186
MOMF,19,110,0.84770942597228,0.014856747821549355
MOMF,19,120,0.8520415893635063,0.013562894972793288
MOMF,19,130,0.860958664519644,0.011585509796392904
MOMF,19,140,0.8624120288400696,0.011009995663649474
MOMF,19,150,0.8686488651316121,0.009808354530114523
MOMF,19,160,0.875013220637355,0.010088090228834648
MOMF,19,170,0.8754760493140117,0.009513570628995561
MOMF,19,180,0.8763827857885396,0.01020490216897219
MOMF,19,190,0.8790209851051219,0.008056646326215453
MOMF,19,200,0.8797823615213478,0.00859345961276996
MOMF,20,20,0.6794835317707039,0.056376393176457915
MOMF,20,30,0.7159964424658548,0.046691250502625306
MOMF,20,40,0.7443530111159359,0.03847517811744315
MOMF,20,50,0.7665168388980697,0.033284290947934746
MOMF,20,60,0.7909796293174398,0.02834413451258589
MOMF,20,70,0.8078117971087247,0.023633896555176257
MOMF,20,80,0.820254280922978,0.021362410658797196
MOMF,20,90,0.8337620487158846,0.018659157700434956
MOMF,20,100,0.8431277575561886,0.016005574761116487
MOMF,20,110,0.8513256026325509,0.014005194348229616
MOMF,20,120,0.8577043257130361,0.012786381182899612
MOMF,20,130,0.8638741976303207,0.01219578553799493
MOMF,20,140,0.8701726282212707,0.012452451720466072
MOMF,20,150,0.8724806431418236,0.009820713859201248
MOMF,20,160,0.8779146554911346,0.009547685692197166
MOMF,20,170,0.8787247098128321,0.009126289703171923
MOMF,20,180,0.8871975117112054,0.008394547775091384
MOMF,20,190,0.884906966225077,0.008217238239920656
MOMF,20,200,0.888106479523578,0.008172789874665154
MOMF,21,20,0.6782080850236666,0.0557182028430263
MOMF,21,30,0.7146459491741837,0.04659201906593099
MOMF,21,40,0.7461198711446894,0.039490301292692195
MOMF,21,50,0.7669186361274234,0.03376607909074875
MOMF,21,60,0.7919996357683722,0.027626261757138233
MOMF,21,70,0.8029907977952311,0.02381568256603052
MOMF,21,80,0.8162932988955386,0.02065317071790434
MOMF,21,90,0.8342038129316609,0.01800616261288203
MOMF,21,100,0.8392881380320786,0.016200968703437207
MOMF,21,110,0.8479125404302731,0.016014256835183236
MOMF,21,120,0.8534689682021427,0.0138123610576521
MOMF,21,130,0.860196088917758,0.011621222216666154
MOMF,21,140,0.8635551271989095,0.01134363350752106
MOMF,21,150,0.8701839628384261,0.010385854586458354
MOMF,21,160,0.8721955091618967,0.009324388158052229
MOMF,21,170,0.878568481509386,0.009271801066934275
MOMF,21,180,0.8782994197961969,0.008544750547559352
MOMF,21,190,0.8810008046920731,0.008680493132911011
MOMF,21,200,0.8804919821175067,0.008417263147249414
MOMF,22,20,0.6802367205696527,0.05673632069270003
MOMF,22,30,0.7167463931744977,0.04731551720864461
MOMF,22,40,0.7457297688831782,0.03876812009637131
MOMF,22,50,0.7662171544049625,0.03255342056153533
MOMF,22,60,0.7929453815145946,0.027502756075270234
MOMF,22,70,0.8067589089196187,0.023636956827067696
MOMF,22,80,0.8246174576002084,0.021029476540795605
MOMF,22,90,0.8326630157058658,0.018058725214381077
MOMF,22,100,0.8426338160602805,0.016007607017629877
MOMF,22,110,0.8526626643773243,0.015041376232157176
MOMF,22,120,0.8637602624233555,0.012973853555032114
MOMF,22,130,0.8682687981457475,0.011450436561956354
MOMF,22,140,0.8724764216936935,0.011223579764943538
MOMF,22,150,0.8765918929645244,0.009887074964725847
MOMF,22,160,0.8752448569003834,0.009604451691204708
MOMF,22,170,0.8854666115365956,0.009630951259703828
MOMF,22,180,0.8861364677291367,0.008797114028125249
MOMF,22,190,0.8899858430945767,0.009307631427453729
MOMF,22,200,0.8905620890417881,0.008296268480051222
MOMF,23,20,0.6822807499395322,0.05646273395602624
MOMF,23,30,0.7188335403328674,0.04658432289149421
MOMF,23,40,0.7473677269073352,0.03972989963899651
MOMF,23,50,0.7722292986431243,0.03308531412436656
MOMF,23,60,0.7952746687754138,0.02750326473190085
MOMF,23,70,0.8092089941618712,0.023905364003273817
MOMF,23,80,0.8203538107997528,0.021667270957055385
MOMF,23,90,0.8384828330298768,0.018209495250535696
MOMF,23,100,0.8462223080367459,0.01635925560991698
MOMF,23,110,0.8529001350432177,0.0142591833131877
MOMF,23,120,0.861189597163961,0.012967695094782107
MOMF,23,130,0.8705833780449138,0.011651453725390433
MOMF,23,140,0.8748369526355343,0.012013642756578593
MOMF,23,150,0.8710257416789426,0.010455175663275416
MOMF,23,160,0.8775522136261699,0.010874411537595063
MOMF,23,170,0.8821637591356853,0.008706657359677211
MOMF,23,180,0.8839883644168696,0.009270377220754397
MOMF,23,190,0.8857227782791863,0.00841611865935529
MOMF,23,200,0.8901555414889398,0.009447453733150063
MOMF,24,20,0.683767825456385,0.055746437424503796
MOMF,24,30,0.7147802927744452,0.04600656954357644
MOMF,24,40,0.7424035519435049,0.03852647790731074
MOMF,24,50,0.7672106464764973,0.033364889400730444
MOMF,24,60,0.7885424171172783,0.02785616395468622
MOMF,24,70,0.80483185121535,0.02429139087756531
MOMF,24,80,0.8146454778824241,0.021039054173986146
MOMF,24,90,0.8311506174647405,0.018211004387944103
MOMF,24,100,0.8401164027588696,0.016680306235246738
MOMF,24,110,0.8479311739924646,0.015659405828232137
MOMF,24,120,0.8546228581132929,0.013174830919293008
MOMF,24,130,0.8562506794857482,0.012634101351784367
MOMF,24,140,0.8646387068302109,0.01080114947201324
MOMF,24,150,0.8688734018552658,0.01061328581277278
MOMF,24,160,0.8714883851600594,0.009319204236303526
MOMF,24,170,0.8755759444451716,0.009644486773711375
MOMF,24,180,0.87723400422849,0.00887788096780318
MOMF,24,190,0.8825927250264797,0.009121001253883166
MOMF,24,200,0.8826704678251595,0.008505090719894255
MOMF,25,20,0.6843704656566778,0.057221816021857407
MOMF,25,30,0.7147894850749745,0.04623167390239636
MOMF,25,40,0.7440154470199358,0.03922315057573128
MOMF,25,50,0.7688866918539901,0.03256333498892034
MOMF,25,60,0.7879558003686318,0.028833185837449565
MOMF,25,70,0.8073157004840137,0.024207967073965934
MOMF,25,80,0.8187157808025458,0.020735173417409394
MOMF,25,90,0.8311496739690047,0.01856492926745479
MOMF,25,100,0.8379116674250384,0.016253450546690494
MOMF,25,110,0.8492651284209414,0.014450576999761253
MOMF,25,120,0.860654992625264,0.01299968597799233
MOMF,25,130,0.8631776111395221,0.011939003141790493
MOMF,25,140,0.8695758112682441,0.011498344955754209
MOMF,25,150,0.8708548005131493,0.010269382186052903
MOMF,25,160,0.8735414600254362,0.009339463146696633
MOMF,25,170,0.877250337632166,0.009110915833159849
MOMF,25,180,0.8774562916572128,0.00885339227156009
MOMF,25,190,0.8861459473236805,0.0088046141740894
MOMF,25,200,0.8858795182817814,0.00791775845128589
MOMF,26,20,0.6795057668238801,0.05604817059188754
MOMF,26,30,0.7123763212723929,0.04622257968867433
MOMF,26,40,0.7416058329641727,0.03929777635991602
MOMF,26,50,0.7658657333313864,0.03400982258059507
MOMF,26,60,0.7878406486287504,0.02802705185533275
MOMF,26,70,0.7987582146936191,0.023540291981565462
MOMF,26,80,0.818519654700927,0.02051293299315134
MOMF,26,90,0.8256461046615674,0.018429920830518216
MOMF,26,100,0.8389322349516221,0.016454788687308434
MOMF,26,110,0.8492386170813518,0.014121369164517193
MOMF,26,120,0.8515818203491355,0.013045396805878628
MOMF,26,130,0.8589510211509388,0.012716657858620743
MOMF,26,140,0.8646840040496209,0.010493234198401095
MOMF,26,150,0.8626199314849904,0.010317271652066251
MOMF,26,160,0.8677398231576479,0.010243051888971526
MOMF,26,170,0.8710087942531304,0.008782346173401416
MOMF,26,180,0.8771229009613357,0.010351359793817206
MOMF,26,190,0.8759958707976475,0.008037647699596698
MOMF,26,200,0.8826919495731482,0.008151764751692776
MOMF,27,20,0.6808847711554622,0.05660052051213859
MOMF,27,30,0.7158597090306125,0.04643464580208275
MOMF,27,40,0.7452281774085595,0.038890177265040966
MOMF,27,50,0.7685417993771609,0.03249163028496252
MOMF,27,60,0.7917414397756876,0.027699175382902678
MOMF,27,70,0.8092287090228487,0.02381984801037028
MOMF,27,80,0.8198071291742268,0.02081441894297231
MOMF,27,90,0.8366234390000363,0.01849090257457814
MOMF,27,100,0.8460156590677486,0.016693536354041347
MOMF,27,110,0.854673770712536,0.014341424368088303
MOMF,27,120,0.8597759033465657,0.01312396572089503
MOMF,27,130,0.8636189614429645,0.012040637186697343
MOMF,27,140,0.8710588821806045,0.011912711403500195
MOMF,27,150,0.8759308609776867,0.009925590229871446
MOMF,27,160,0.8793982364360262,0.00990628621754597
MOMF,27,170,0.8833810559804055,0.008909426994861431
MOMF,27,180,0.8868894352132078,0.009087984483359934
MOMF,27,190,0.8843973277591887,0.008016570751130875
MOMF,27,200,0.8894857687779215,0.008272681057418494
MOMF,28,20,0.6861873641949935,0.05645293141812051
MOMF,28,30,0.714198850561627,0.04650766147249641
MOMF,28,40,0.7422590227350718,0.03932441433812408
MOMF,28,50,0.7678170284330027,0.03384642093705657
MOMF,28,60,0.7847639042890496,0.02871311404112887
MOMF,28,70,0.8081577646210878,0.023661989181431375
MOMF,28,80,0.8169698767599831,0.02063921009717301
MOMF,28,90,0.8338434340442908,0.018432087797262343
MOMF,28,100,0.8386817433296613,0.016237081337876345
MOMF,28,110,0.8473737697491115,0.014023181525395148
MOMF,28,120,0.854087586173503,0.012753573901151411
MOMF,28,130,0.8586855085965481,0.0114214379173914
MOMF,28,140,0.8627549684849679,0.010514155738702406
MOMF,28,150,0.8689691764481604,0.009962791724372214
MOMF,28,160,0.8698609288813911,0.009990784324423288
MOMF,28,170,0.8756664479104157,0.008671114259246814
MOMF,28,180,0.8753427258493389,0.008433117537726041
MOMF,28,190,0.8782469387484068,0.008352981489784963
MOMF,28,200,0.8814641530843069,0.008489647068497407
MOMF,29,20,0.6792862631648362,0.05528875961003784
MOMF,29,30,0.7162373288520578,0.04743554831694867
MOMF,29,40,0.744861165040928,0.038643723034451155
MOMF,29,50,0.7679954253285127,0.03306269645100377
MOMF,29,60,0.7908950244769949,0.027909112856321645
MOMF,29,70,0.8021328833143262,0.024345703599924398
MOMF,29,80,0.8208976407672914,0.021842227473459423
MOMF,29,90,0.8310006577055297,0.017894439682134982
MOMF,29,100,0.8452869005051897,0.015600225758500813
MOMF,29,110,0.8530272493137917,0.01548474135604742
MOMF,29,120,0.8584976867791039,0.01316907822559355
MOMF,29,130,0.8645149179127573,0.012031908607087116
MOMF,29,140,0.8731217972471902,0.010761918441244023
MOMF,29,150,0.8740470766393544,0.009958712252461005
MOMF,29,160,0.8808535438713155,0.009886443491117695
MOMF,29,170,0.8838485590777909,0.008754030880807874
MOMF,29,180,0.8870396603098999,0.008670896641511596
MOMF,29,190,0.8882952355344359,0.008915024806237442
MOMF,29,200,0.8928196190731877,0.008351928593583935
MOMF,30,20,0.6802926475130706,0.05689724601144764
MOMF,30,30,0.7125835312158081,0.04624227451808381
MOMF,30,40,0.7432327693421918,0.03890628012635963
MOMF,30,50,0.7674452580157889,0.03294205175254618
MOMF,30,60,0.7818827261527325,0.02766326818266354
MOMF,30,70,0.8020409462566264,0.024391876874689106
MOMF,30,80,0.8137288232983475,0.02054590629730967
MOMF,30,90,0.8278735942135556,0.01771870239215801
MOMF,30,100,0.8357943287857073,0.015867321506841347
MOMF,30,110,0.8427673693465423,0.0145998147294254
MOMF,30,120,0.8545480203981664,0.013175314181193868
MOMF,30,130,0.8578528781970242,0.012780823917622542
MOMF,30,140,0.8648155903175274,0.01125888923118197
MOMF,30,150,0.8679671376619309,0.010145828280189562
MOMF,30,160,0.8738027034351422,0.009719190365063706
MOMF,30,170,0.8753561629786903,0.009677882895962409
MOMF,30,180,0.8756225293605587,0.008914024767111398
MOMF,30,190,0.8795096463971094,0.008064649626648022
MOMF,30,200,0.8821155208469804,0.007958153065526528
PHSEA,1,20,0.6762939600632472,0.05753068510786534
PHSEA,1,30,0.7067857348069834,0.049539161592489264
PHSEA,1,40,0.7348232672419712,0.042418584991869866
PHSEA,1,50,0.7550907331329101,0.03691569284671273
PHSEA,1,60,0.7737657674132722,0.031116853670790656
PHSEA,1,70,0.7872284278139544,0.027819621481566106
PHSEA,1,80,0.8057376991008415,0.023970675633134736
PHSEA,1,90,0.815141174188604,0.02220834316742127
PHSEA,1,100,0.8260254157992847,0.019150112682205254
PHSEA,1,110,0.8348269880308202,0.0171425016244664
PHSEA,1,120,0.8443731890914082,0.01634097904363909
PHSEA,1,130,0.8516084510986355,0.014026166271504449
PHSEA,1,140,0.8593114223523157,0.01302203631070877
PHSEA,1,150,0.8598304897141653,0.011774438516410595
PHSEA,1,160,0.8627204872591703,0.01160654672190072
PHSEA,1,170,0.8697499898080994,0.011655983548950338
PHSEA,1,180,0.8683715124695638,0.00991598396356281
PHSEA,1,190,0.8758983396707039,0.009873942972630547
PHSEA,1,200,0.8763282929810987,0.009508954808290076
PHSEA,2,20,0.6771586345508614,0.057022094535219205
PHSEA,2,30,0.707432607682402,0.048754870379784904
PHSEA,2,40,0.7329890029339007,0.04201915255327353
PHSEA,2,50,0.7569762240853515,0.03724755112725561
PHSEA,2,60,0.7778996663349967,0.03242470259107142
PHSEA,2,70,0.7920516855066062,0.027727740948886928
PHSEA,2,80,0.8066605523921512,0.024532465606950448
PHSEA,2,90,0.8186875493075387,0.021612504954271135
PHSEA,2,100,0.8310056251792648,0.01896804601179593
PHSEA,2,110,0.8392935901582871,0.017277014063154204
PHSEA,2,120,0.8453959233446936,0.015299136199071481
PHSEA,2,130,0.8545849811877052,0.014289868599081365
PHSEA,2,140,0.860841216665428,0.014100443168273311
PHSEA,2,150,0.8644362956298943,0.01259795323401402
PHSEA,2,160,0.8697932845643556,0.01165851280483323
PHSEA,2,170,0.8699752731951063,0.010455487778051836
PHSEA,2,180,0.8780958769545342,0.010550021436418084
PHSEA,2,190,0.88016031171151,0.009466556693642388
PHSEA,2,200,0.8789490398945062,0.010276816395247112
PHSEA,3,20,0.6756689481244501,0.05709456111913955
PHSEA,3,30,0.7034509699091506,0.04879815666231749
PHSEA,3,40,0.7291662844394902,0.041747993967383504
PHSEA,3,50,0.7480779070013287,0.03604138041166485
PHSEA,3,60,0.772312786264622,0.0317846701052253
PHSEA,3,70,0.7866277242337159,0.027356437983018244
PHSEA,3,80,0.7999609836572861,0.024360549140985264
PHSEA,3,90,0.8152089641718663,0.022046691822652974
PHSEA,3,100,0.8215378820401723,0.018902527377418724
PHSEA,3,110,0.830740208350545,0.017596262654558676
PHSEA,3,120,0.8378280647173024,0.015599875792184376
PHSEA,3,130,0.8404675832405389,0.013754851652495093
PHSEA,3,140,0.8503055901768085,0.013074747167104273
PHSEA,3,150,0.8559086467746927,0.011805079178583198
PHSEA,3,160,0.855388342071674,0.011101557230462515
PHSEA,3,170,0.8597298927982943,0.010734742867333983
PHSEA,3,180,0.8642834350825054,0.010892488115109119
PHSEA,3,190,0.8720771353053146,0.00950673791250724
PHSEA,3,200,0.8680426304753907,0.009751871272236722
PHSEA,4,20,0.6718693209552253,0.05814674393675188
PHSEA,4,30,0.7032123775496177,0.049266296154711474
PHSEA,4,40,0.7282733149664935,0.04251108183603685
PHSEA,4,50,0.752224287938653,0.03752701622025723
PHSEA,4,60,0.7696347005923938,0.031504271426896616
PHSEA,4,70,0.7823864242726148,0.02727163939827739
PHSEA,4,80,0.7996980466705893,0.024268686543485914
PHSEA,4,90,0.8122888139996289,0.021055341668568758
PHSEA,4,100,0.8208916665866147,0.020028758768774732
PHSEA,4,110,0.8315379915154374,0.01693803494541974
PHSEA,4,120,0.8410576570451767,0.01526602020415843
PHSEA,4,130,0.8453346316263433,0.014479597742511773
PHSEA,4,140,0.8486011811977509,0.012768011538891464
PHSEA,4,150,0.8578502429911797,0.012518462775713352
PHSEA,4,160,0.8606063383502357,0.011369161769912081
PHSEA,4,170,0.8640616988376232,0.01276940127187781
PHSEA,4,180,0.86789848400407,0.010127526537174067
PHSEA,4,190,0.8675528314922442,0.009282392333743913
PHSEA,4,200,0.8690954688610499,0.01003459033023017
PHSEA,5,20,0.678050487461771,0.058312329699969814
PHSEA,5,30,0.708161321317142,0.05007606364341543
PHSEA,5,40,0.7304274874085085,0.041846392048947405
PHSEA,5,50,0.7538988309394485,0.03598464094669331
PHSEA,5,60,0.768892864689684,0.031502788860270456
PHSEA,5,70,0.7874139648097909,0.02736887506047517
PHSEA,5,80,0.8005479130907024,0.024682258045926546
PHSEA,5,90,0.8152136298589904,0.022224108308929017
PHSEA,5,100,0.826629129177886,0.018832737571963812
PHSEA,5,110,0.8353485836391089,0.017021133718708746
PHSEA,5,120,0.8434137965064843,0.01590331230108791
PHSEA,5,130,0.8511169459216816,0.014527927997875518
PHSEA,5,140,0.8544833660166746,0.012729636223235146
PHSEA,5,150,0.8604153622375624,0.01170976380925445
PHSEA,5,160,0.8625876552502055,0.012077946569765933
PHSEA,5,170,0.8693544628328268,0.010628502300023825
PHSEA,5,180,0.8733131007808176,0.010067472208973182
PHSEA,5,190,0.8736510955052103,0.009650847999087006
PHSEA,5,200,0.8745292238901253,0.00976946042025552
PHSEA,6,20,0.67624066791703,0.05762915129691502
PHSEA,6,30,0.7067632181780349,0.0491627572929899
PHSEA,6,40,0.7321849160055097,0.041929391366628176
PHSEA,6,50,0.752167729151339,0.036261918839202545
PHSEA,6,60,0.7718838238149562,0.032014538785267665
PHSEA,6,70,0.7842720603032777,0.027929528418515037
PHSEA,6,80,0.8056919781067738,0.024204495053990912
PHSEA,6,90,0.8154890420784747,0.02148324524863445
PHSEA,6,100,0.8262165204510866,0.01881491461116361
PHSEA,6,110,0.8360661595566588,0.017062526699477016
PHSEA,6,120,0.8411841657175023,0.01580473308924901
PHSEA,6,130,0.8484528925283534,0.01395300487626755
PHSEA,6,140,0.855241599568819,0.012629452200589215
PHSEA,6,150,0.85842301532296,0.012668610418753747
PHSEA,6,160,0.8620906118972588,0.011318497603554491
PHSEA,6,170,0.8689694324111072,0.01029732392064967
PHSEA,6,180,0.8737977016001,0.011273821832588269
PHSEA,6,190,0.8697342880321414,0.010234965039913993
PHSEA,6,200,0.874541072576929,0.009500666986141038
PHSEA,7,20,0.6777310582456854,0.0571734748262788
PHSEA,7,30,0.7082651349068343,0.05041255225841185
PHSEA,7,40,0.7316771512266864,0.0421541943659163
PHSEA,7,50,0.7549555403428192,0.037412458012291226
PHSEA,7,60,0.7745451990807778,0.03248433142693332
PHSEA,7,70,0.7936214124639245,0.027443056901373507
PHSEA,7,80,0.8052245762167496,0.024608149960581235
PHSEA,7,90,0.8197195534753375,0.021422721108805505
PHSEA,7,100,0.8267578367717356,0.01950900283903821
PHSEA,7,110,0.8383649679526514,0.01739141405049704
PHSEA,7,120,0.8447173481035631,0.015337332719617866
PHSEA,7,130,0.8513076046814957,0.014309398307967972
PHSEA,7,140,0.8582255133695411,0.013089379869430219
PHSEA,7,150,0.8628645108611158,0.0123859202227203
PHSEA,7,160,0.8667141624013921,0.011236530967022573
PHSEA,7,170,0.871096973306982,0.01158157842515025
PHSEA,7,180,0.8710702874652181,0.010971277058582387
PHSEA,7,190,0.8715595045016999,0.010306276920713382
PHSEA,7,200,0.8766519721324004,0.010334200647987402
PHSEA,8,20,0.6750158653317097,0.05798404530760818
PHSEA,8,30,0.7071420245026918,0.04952834998408236
PHSEA,8,40,0.7317788949835747,0.042307117617923336
PHSEA,8,50,0.7522019692408808,0.03612907683486522
PHSEA,8,60,0.7685682462128753,0.03199413814474853
PHSEA,8,70,0.785852513153285,0.027386911204716823
PHSEA,8,80,0.800130407520443,0.02408079302234549
PHSEA,8,90,0.8168444761162371,0.0210354062243855
PHSEA,8,100,0.8265636687306382,0.019861939955663505
PHSEA,8,110,0.8316742699085147,0.01670169735294428
PHSEA,8,120,0.8441820733207668,0.01543000356908029
PHSEA,8,130,0.8471862007379779,0.013915695836887326
PHSEA,8,140,0.8563687454434408,0.013131875758699826
PHSEA,8,150,0.8590319195135752,0.012713365905755893
PHSEA,8,160,0.8646514242115751,0.01146054438227938
PHSEA,8,170,0.8666835862812208,0.011027752864248931
PHSEA,8,180,0.869373310213766,0.009898866665405615
PHSEA,8,190,0.8745100753475699,0.009364155351020396
PHSEA,8,200,0.8728502690103942,0.009272571294780796
PHSEA,9,20,0.6749437769157594,0.0579196056448334
PHSEA,9,30,0.7043524447028195,0.049297172303740956
PHSEA,9,40,0.7267854617354179,0.041880633171168684
PHSEA,9,50,0.7516173221278457,0.03682962956156864
PHSEA,9,60,0.7732219908870717,0.031408361489592695
PHSEA,9,70,0.7846263724143318,0.027335998126167653
PHSEA,9,80,0.8040774691978403,0.025121226472895726
PHSEA,9,90,0.8164094599999778,0.020963644737424753
PHSEA,9,100,0.8247941106318523,0.01935825381878698
PHSEA,9,110,0.8327123506344959,0.016761367740199377
PHSEA,9,120,0.8417285306841694,0.015262268818350763
PHSEA,9,130,0.8485001504767592,0.014332637262034613
PHSEA,9,140,0.8589921602702776,0.012802964751124217
PHSEA,9,150,0.8583332471926428,0.012905072585302303
PHSEA,9,160,0.8659090661854649,0.012167395867176299
PHSEA,9,170,0.8646475442955531,0.010636291330510647
PHSEA,9,180,0.8721689965964958,0.009995541442325657
PHSEA,9,190,0.8713903027151958,0.01059712653252427
PHSEA,9,200,0.874794843481828,0.01070339837405996
PHSEA,10,20,0.6748854855289846,0.05753764729076188
PHSEA,10,30,0.707873763340426,0.04878198328743128
PHSEA,10,40,0.7331404755854797,0.0422105437632908
PHSEA,10,50,0.7529075951430803,0.036287172815061594
PHSEA,10,60,0.7718865835052529,0.03129182615310977
PHSEA,10,70,0.7921068718875879,0.029091146844967657
PHSEA,10,80,0.8031877837621426,0.024269910049717514
PHSEA,10,90,0.8127651769728114,0.021741793381628297
PHSEA,10,100,0.8261389080373708,0.018888463171271512
PHSEA,10,110,0.8378379707049434,0.016970766929370662
PHSEA,10,120,0.841694509959541,0.01626233686598172
PHSEA,10,130,0.8457860816133697,0.014246537250138256
PHSEA,10,140,0.8534791162579163,0.012824596826829219
PHSEA,10,150,0.8600356548426309,0.012713946833283741
PHSEA,10,160,0.8662787478686963,0.011181893494903259
PHSEA,10,170,0.8690229029158275,0.01118265974758964
PHSEA,10,180,0.870180745972766,0.01014106011937886
PHSEA,10,190,0.8730948990644161,0.010632207372030474
PHSEA,10,200,0.8775772141216093,0.008978535293066194
PHSEA,11,20,0.6805199521890483,0.05720926939057338
PHSEA,11,30,0.7076851199489743,0.05142109745236127
PHSEA,11,40,0.7335250170199542,0.042215213781233045
PHSEA,11,50,0.7597915936049107,0.036085419144420976
PHSEA,11,60,0.7769394403293649,0.03147594925308879
PHSEA,11,70,0.7936544538093481,0.027576551742446793
PHSEA,11,80,0.8111623242410976,0.023875949204463447
PHSEA,11,90,0.8183700022740914,0.02105445005497878
PHSEA,11,100,0.8317375796725925,0.01929315666805284
PHSEA,11,110,0.8419798870526954,0.018743524303828613
PHSEA,11,120,0.8529091998204102,0.015299401305267447
PHSEA,11,130,0.8571027263682627,0.01428433090405655
PHSEA,11,140,0.8673609215114256,0.012795259872358458
PHSEA,11,150,0.8685164664849877,0.011742625384925303
PHSEA,11,160,0.8709938814982052,0.01238926907521914
PHSEA,11,170,0.8750451707182014,0.010543080006092779
PHSEA,11,180,0.8791456599872531,0.009788451532775475
PHSEA,11,190,0.8820283597189372,0.01021099201197476
PHSEA,11,200,0.8818085989439928,0.009224530855591589
PHSEA,12,20,0.6747746067571299,0.058600999475251624
PHSEA,12,30,0.7088142828905614,0.04868342674180042
PHSEA,12,40,0.73273481180447,0.04229672126388902
PHSEA,12,50,0.7520205089403684,0.03670240426725643
PHSEA,12,60,0.7706819352759156,0.03155053380507552
PHSEA,12,70,0.792339422433191,0.027482316143561947
PHSEA,12,80,0.8023301639685863,0.024214726610994858
PHSEA,12,90,0.8155796956902813,0.02130491081550593
PHSEA,12,100,0.8268358586497148,0.0186806905247796
PHSEA,12,110,0.8342034419140503,0.017842867878897526
PHSEA,12,120,0.8429265264999077,0.01602263494398458
PHSEA,12,130,0.8468577925981945,0.013899592757646611
PHSEA,12,140,0.8556385607129193,0.01339731251412269
PHSEA,12,150,0.8622407634830104,0.01188345314212249
PHSEA,12,160,0.8626956554456148,0.011248185376243372
PHSEA,12,170,0.8639700345824544,0.0107402654682104
PHSEA,12,180,0.8712686503389593,0.010049630850918497
PHSEA,12,190,0.8745194172577025,0.009940108524969158
PHSEA,12,200,0.876819473838566,0.009018303536590139
PHSEA,13,20,0.6775414704807022,0.05837229143950293
PHSEA,13,30,0.7033017476539654,0.04886739815433241
PHSEA,13,40,0.7318391724671452,0.043191002240863315
PHSEA,13,50,0.7553474668679226,0.037252464366732706
PHSEA,13,60,0.7729450137096845,0.0316425829805399
PHSEA,13,70,0.7913926840103285,0.02771297824405604
PHSEA,13,80,0.8037521874979424,0.024124918289754438
PHSEA,13,90,0.8172153392320035,0.02161286344405708
PHSEA,13,100,0.8249801215756569,0.018883967684091046
PHSEA,13,110,0.8370333636954604,0.01701790549021132
PHSEA,13,120,0.8408809935908206,0.01641016264543436
PHSEA,13,130,0.8520300174883387,0.014141338090272187
PHSEA,13,140,0.8574309845779234,0.01394218769547954
PHSEA,13,150,0.8608304184182409,0.012154775590646896
PHSEA,13,160,0.8672994474282832,0.012394505495745183
PHSEA,13,170,0.8659036304065744,0.010688305678843086
PHSEA,13,180,0.8711887645269545,0.011020707715002047
PHSEA,13,190,0.8780789204443876,0.009415038521122139
PHSEA,13,200,0.8776601684184082,0.010332011090242154
PHSEA,14,20,0.6745864975282327,0.05807105128260491
PHSEA,14,30,0.7072561372478094,0.04900563707653065
PHSEA,14,40,0.7284164427599585,0.042608567036721154
PHSEA,14,50,0.7567385846299057,0.03687745991412081
PHSEA,14,60,0.7711553717628107,0.03113169053621243
PHSEA,14,70,0.7896099112320776,0.027093645256340365
PHSEA,14,80,0.7996807983422461,0.024446453518931575
PHSEA,14,90,0.8188798532617658,0.02221028652022433
PHSEA,14,100,0.8240507377051001,0.019646295861796663
PHSEA,14,110,0.8370327645729748,0.01693649312086221
PHSEA,14,120,0.8405668701219554,0.016165700864033874
PHSEA,14,130,0.8454761220723984,0.013955216369967426
PHSEA,14,140,0.8539951758088504,0.01318803701424989
PHSEA,14,150,0.8613034444668763,0.01171382794042024
PHSEA,14,160,0.8655883130916396,0.011260550898040381
PHSEA,14,170,0.8702101517996325,0.012339391660590695
PHSEA,14,180,0.8721680053651014,0.010257512308030335
PHSEA,14,190,0.8771066928325325,0.009622508050561487
PHSEA,14,200,0.8761787753292446,0.009499387020936657
PHSEA,15,20,0.6720871623128387,0.05740624617205818
PHSEA,15,30,0.700687886977889,0.04918795371069187
PHSEA,15,40,0.7273061349822846,0.041821098317818384
PHSEA,15,50,0.754069964328014,0.0366902001765265
PHSEA,15,60,0.7734824897550763,0.032375159323151395
PHSEA,15,70,0.7878976391107578,0.027362135776126454
PHSEA,15,80,0.8033834051062694,0.02375016818645698
PHSEA,15,90,0.8132217609707981,0.021302583568750536
PHSEA,15,100,0.8230002080893964,0.019051456614094023
PHSEA,15,110,0.8359838828320758,0.018018785136851626
PHSEA,15,120,0.8403265798037135,0.015680100400550914
PHSEA,15,130,0.8471984736728102,0.015343127445123663
PHSEA,15,140,0.8558377348831312,0.013456605797529749
PHSEA,15,150,0.8554156912526465,0.012448098343784414
PHSEA,15,160,0.8600664256220925,0.01179765529688405
PHSEA,15,170,0.8646058281053336,0.010406619629780327
PHSEA,15,180,0.8725443032375083,0.009854827137756771
PHSEA,15,190,0.8694655473264895,0.010106159004204794
PHSEA,15,200,0.8763119918137565,0.008920644811254699
PHSEA,16,20,0.6713330838045706,0.058245274837894254
PHSEA,16,30,0.7050215311199078,0.04868391160729245
PHSEA,16,40,0.7350795044423619,0.041976346839573776
PHSEA,16,50,0.7533423144402818,0.03612456201828346
PHSEA,16,60,0.7767618907507152,0.03127508515728169
PHSEA,16,70,0.7903195004048711,0.028294852627987078
PHSEA,16,80,0.803899926544408,0.023793189457170457
PHSEA,16,90,0.8182367176371386,0.021688016244489943
PHSEA,16,100,0.8275587376036134,0.01882160685722968
PHSEA,16,110,0.8366072205242674,0.016712698564620956
PHSEA,16,120,0.8401834750078534,0.015192293464756975
PHSEA,16,130,0.84895534503766,0.014478028483915264
PHSEA,16,140,0.8543008334015846,0.012823914905410764
PHSEA,16,150,0.8615623720529695,0.011762336526243868
PHSEA,16,160,0.8646452566741528,0.011336790860112264
PHSEA,16,170,0.8705415785880242,0.010299261426802691
PHSEA,16,180,0.8698971213463724,0.010863603630418515
PHSEA,16,190,0.8740949661139391,0.009498461609262866
PHSEA,16,200,0.8748210935786046,0.009077609381634336
PHSEA,17,20,0.6731713272722815,0.05819141509346134
PHSEA,17,30,0.7036291439257593,0.048996724748220734
PHSEA,17,40,0.7304849904873654,0.04239698401509
PHSEA,17,50,0.7539282032262302,0.03695816241339639
PHSEA,17,60,0.7718614413783247,0.03220315684097506
PHSEA,17,70,0.7881479979564617,0.027548196750817742
PHSEA,17,80,0.803006266736809,0.023771023305031693
PHSEA,17,90,0.8160879673701557,0.021310939797961004
PHSEA,17,100,0.8243679663195066,0.01922087792399931
PHSEA,17,110,0.8360304127927518,0.0184534276978217
PHSEA,17,120,0.8440384140708737,0.01559943132764167
PHSEA,17,130,0.8497488876560915,0.01436402859744525
PHSEA,17,140,0.8526250938077834,0.013384064233827764
PHSEA,17,150,0.8597160180919752,0.012768787181600433
PHSEA,17,160,0.8623543437681686,0.011382528524039528
PHSEA,17,170,0.8694345863123341,0.01070722571890102
PHSEA,17,180,0.870715493646567,0.010232696297502331
PHSEA,17,190,0.8720112931726255,0.010196843057374044
PHSEA,17,200,0.8733358050895447,0.00896313524760962
PHSEA,18,20,0.673771618858253,0.05786579597814474
PHSEA,18,30,0.7032121442051587,0.0492924857821853
PHSEA,18,40,0.7317743023501059,0.04208357988607131
PHSEA,18,50,0.7572760968037717,0.03725961393592928
PHSEA,18,60,0.7715363138228604,0.03152124383523952
PHSEA,18,70,0.7899135134199925,0.028427616511649535
PHSEA,18,80,0.8050211079514631,0.024220788398861864
PHSEA,18,90,0.8153579458342166,0.021791174050386174
PHSEA,18,100,0.831954950483908,0.01915307935504716
PHSEA,18,110,0.8362312713878355,0.01820432063027756
PHSEA,18,120,0.8424689952196243,0.015622767958994314
PHSEA,18,130,0.8545614123540034,0.014366722149073516
PHSEA,18,140,0.854772683240034,0.012981172044450597
PHSEA,18,150,0.8636642008724109,0.011791678368744896
PHSEA,18,160,0.8629951114688335,0.012424843538283414
PHSEA,18,170,0.8709616866835369,0.010602577307096664
PHSEA,18,180,0.8718420972445506,0.009748633884535155
PHSEA,18,190,0.8759578584075222,0.009443276942145152
PHSEA,18,200,0.8768245285520317,0.009229122335929723
PHSEA,19,20,0.6733423395487752,0.057208560521129555
PHSEA,19,30,0.7013540998763553,0.04926580122620732
PHSEA,19,40,0.7307115588020803,0.04270867459505892
PHSEA,19,50,0.7504325206366957,0.036628232807247994
PHSEA,19,60,0.7702270097736073,0.03139204319246277
PHSEA,19,70,0.7904723893033543,0.02785212614365837
PHSEA,19,80,0.8037109222662506,0.023873883726179053
PHSEA,19,90,0.8162536307218446,0.021612834260920866
PHSEA,19,100,0.8256133039900938,0.019549261437321528
PHSEA,19,110,0.833971213908229,0.01671842411846598
PHSEA,19,120,0.8409539738749083,0.016406644300368325
PHSEA,19,130,0.8476365863289482,0.014040881641116684
PHSEA,19,140,0.854697866330745,0.013227297054298665
PHSEA,19,150,0.8616425376359603,0.013289547423763877
PHSEA,19,160,0.8621623058187433,0.011205705993479345
PHSEA,19,170,0.8653658364423924,0.010505121041645712
PHSEA,19,180,0.8717455100887943,0.011052451142794621
PHSEA,19,190,0.8718012411868696,0.00971855398557389
PHSEA,19,200,0.8784629089324725,0.009453212152223143
PHSEA,20,20,0.6778694113996363,0.05795997678720829
PHSEA,20,30,0.706537081148474,0.05009210523849009
PHSEA,20,40,0.7339371301015466,0.04195543423069041
PHSEA,20,50,0.7577173247397562,0.0367396224623284
PHSEA,20,60,0.7753409583371546,0.031553980376991364
PHSEA,20,70,0.7899137661781681,0.027103304166809016
PHSEA,20,80,0.8103804947082349,0.023752413169928304
PHSEA,20,90,0.8225951349733064,0.021465249739377513
PHSEA,20,100,0.8318012680717084,0.01879397364778933
PHSEA,20,110,0.8382224653593809,0.016918399055914655
PHSEA,20,120,0.8494827651656057,0.01602295767954065
PHSEA,20,130,0.8552781452941911,0.015229977655505364
PHSEA,20,140,0.8621079510259699,0.013276145675941372
PHSEA,20,150,0.86703875734152,0.012426537206093321
PHSEA,20,160,0.872521284185055,0.010949191816546354
PHSEA,20,170,0.8728132484864952,0.010499975492930346
PHSEA,20,180,0.8788140695082404,0.010742834474777469
PHSEA,20,190,0.8840260087423605,0.010161112856351457
PHSEA,20,200,0.8843434477131911,0.009690645099220985
PHSEA,21,20,0.6760453263216172,0.057724852562177395
PHSEA,21,30,0.7071979551843953,0.04942124044356892
PHSEA,21,40,0.7325638959018875,0.04193357108031266
PHSEA,21,50,0.7548738701212332,0.036362665174905835
PHSEA,21,60,0.7743544384804483,0.03197341344708313
PHSEA,21,70,0.788123872170487,0.02780155113523047
PHSEA,21,80,0.8053908902649687,0.023827808262616393
PHSEA,21,90,0.8117026059695875,0.02146341812567693
PHSEA,21,100,0.8307136837315844,0.01928456475328066
PHSEA,21,110,0.8377213444404277,0.01698218191122643
PHSEA,21,120,0.8422609925304309,0.016531549809285024
PHSEA,21,130,0.8459870240861308,0.014974891303890646
PHSEA,21,140,0.851776631794215,0.01262282983505648
PHSEA,21,150,0.8590294675338846,0.011961665319013501
PHSEA,21,160,0.8663853590623879,0.012226687440450733
PHSEA,21,170,0.8665513999149403,0.010341326802109314
PHSEA,21,180,0.8707071666780756,0.010196108847555507
PHSEA,21,190,0.8750198907316445,0.009652976492022942
PHSEA,21,200,0.8765251753482953,0.009332244070315307
PHSEA,22,20,0.6751985332692527,0.05747894346561456
PHSEA,22,30,0.7011701510188941,0.04866777764035384
PHSEA,22,40,0.734323910266559,0.04198404738402716
PHSEA,22,50,0.7553955776795657,0.03649529767111704
PHSEA,22,60,0.7739155741951378,0.03160425276768241
PHSEA,22,70,0.7891656613445988,0.027263277459305235
PHSEA,22,80,0.8029507368729621,0.024918221026329408
PHSEA,22,90,0.8130097296830828,0.022287075878573936
PHSEA,22,100,0.829490959732427,0.01903641511156535
PHSEA,22,110,0.8361707795351488,0.017483990245355033
PHSEA,22,120,0.8394399483675427,0.015167078987214429
PHSEA,22,130,0.8513852719996924,0.014303605862122678
PHSEA,22,140,0.8511545305451561,0.012800046083255984
PHSEA,22,150,0.8563119733360028,0.01228423150324077
PHSEA,22,160,0.8656174455625334,0.011736108959661123
PHSEA,22,170,0.865688877009401,0.010265006425789957
PHSEA,22,180,0.8691660316118645,0.010263873392259842
PHSEA,22,190,0.8689659388492594,0.010168769518956775
PHSEA,22,200,0.8729111746519645,0.009383190997515813
PHSEA,23,20,0.6744150776384895,0.057344694079328073
PHSEA,23,30,0.7039766828976871,0.04885156731946181
PHSEA,23,40,0.7294987748508917,0.0426446282727263
PHSEA,23,50,0.7538101551415995,0.037366255693584774
PHSEA,23,60,0.7727476184088485,0.031588327417445404
PHSEA,23,70,0.7899196513047775,0.027442788429446304
PHSEA,23,80,0.8021669471268076,0.024537257532104745
PHSEA,23,90,0.818363619264175,0.022814446399677616
PHSEA,23,100,0.8252881650130368,0.019215711669299716
PHSEA,23,110,0.8308385218527669,0.0175587039386035
PHSEA,23,120,0.8434028285160442,0.01544570776295669
PHSEA,23,130,0.8483501839841395,0.015541138977326998
PHSEA,23,140,0.8580042050410487,0.012837209626412495
PHSEA,23,150,0.8593176345576022,0.011898454573326287
PHSEA,23,160,0.8617562417014619,0.011253778140650521
PHSEA,23,170,0.8680973055259259,0.010733739576919383
PHSEA,23,180,0.8718580364868357,0.011349080281350742
PHSEA,23,190,0.869049689953399,0.009739161609436725
PHSEA,23,200,0.8751580012971001,0.00960701745468305
PHSEA,24,20,0.6727801920043511,0.05741100839569797
PHSEA,24,30,0.7030909972961292,0.049516864663654604
PHSEA,24,40,0.7295730034397178,0.04251039210709728
PHSEA,24,50,0.7528343808849379,0.03747550332588929
PHSEA,24,60,0.7736384030203216,0.031343425345589294
PHSEA,24,70,0.7834838488268783,0.029271460105434008
PHSEA,24,80,0.8001554074559617,0.024333053220738324
PHSEA,24,90,0.8171796270079477,0.021624724752282564
PHSEA,24,100,0.8262984668244918,0.019341053265773577
PHSEA,24,110,0.8322731286917798,0.017244992508422916
PHSEA,24,120,0.8395285324604146,0.01584673590590025
PHSEA,24,130,0.8467355549414314,0.01429367287478587
PHSEA,24,140,0.8490462306097364,0.01344590958160499
PHSEA,24,150,0.8612446590151716,0.012624150384656068
PHSEA,24,160,0.8607163171388357,0.011079674237001135
PHSEA,24,170,0.8654038430392048,0.010860266593786408
PHSEA,24,180,0.8729724758178254,0.009986374180757283
PHSEA,24,190,0.8731166779754138,0.009306368398444275
PHSEA,24,200,0.8752883149634392,0.010473162343222249
PHSEA,25,20,0.676062378966578,0.05790755993212277
PHSEA,25,30,0.7068862102758222,0.050091747749851305
PHSEA,25,40,0.7316150992826713,0.04247835726257102
PHSEA,25,50,0.752287583850132,0.03648240467294315
PHSEA,25,60,0.7698868593774059,0.031758853926928246
PHSEA,25,70,0.7904641955662258,0.027986083547669877
PHSEA,25,80,0.8026300123083411,0.025057657415950535
PHSEA,25,90,0.816319303026226,0.02119366813626295
PHSEA,25,100,0.8241107250487981,0.019486667879556895
PHSEA,25,110,0.8360268607504158,0.016902816257746936
PHSEA,25,120,0.8384488352712454,0.015539197321819796
PHSEA,25,130,0.848516878065788,0.014127672973474979
PHSEA,25,140,0.8500900799889616,0.012618800504042824
PHSEA,25,150,0.8606640534477744,0.011814391126781568
PHSEA,25,160,0.8646826006297965,0.011141030200773379
PHSEA,25,170,0.8682493966377421,0.01042074602675827
PHSEA,25,180,0.8740041123534562,0.009798028868408925
PHSEA,25,190,0.8726020186435308,0.010142237332490622
PHSEA,25,200,0.8785185509171521,0.009433200974113012
PHSEA,26,20,0.6728351974275669,0.05777732041202494
PHSEA,26,30,0.7043448707439417,0.049713996310872095
PHSEA,26,40,0.7306988167814915,0.04243851901861238
PHSEA,26,50,0.7531857206936614,0.03596790853287877
PHSEA,26,60,0.7722878505131506,0.03172912501223261
PHSEA,26,70,0.7899809328151799,0.027608541629350673
PHSEA,26,80,0.8017775476625526,0.024936506157855837
PHSEA,26,90,0.8133529443510569,0.021060148928194123
PHSEA,26,100,0.8248355364807525,0.02023992563756959
PHSEA,26,110,0.832131131331578,0.017363839248200032
PHSEA,26,120,0.8389945030674825,0.015522894334358195
PHSEA,26,130,0.8434585440231105,0.013828912614448598
PHSEA,26,140,0.8546707319002643,0.013399340822340518
PHSEA,26,150,0.8555711887835581,0.011981686025454423
PHSEA,26,160,0.8631248584266387,0.011781380024228075
PHSEA,26,170,0.8664054218272359,0.011022902123199922
PHSEA,26,180,0.8701481440516406,0.009944592421206414
PHSEA,26,190,0.8728468746824912,0.010501659371412031
PHSEA,26,200,0.874630252233849,0.009814776553884581
PHSEA,27,20,0.6746558493719049,0.05722512036197007
PHSEA,27,30,0.7050955220578116,0.04892075274063167
PHSEA,27,40,0.7321728518612493,0.04211382961724213
PHSEA,27,50,0.7519551633476539,0.03659212909129578
PHSEA,27,60,0.7711498556323102,0.031909703047101654
PHSEA,27,70,0.7866601785055594,0.027354047239307237
PHSEA,27,80,0.805077957831768,0.02440996960488337
PHSEA,27,90,0.8117458341353742,0.02150458803508599
PHSEA,27,100,0.8216342859523129,0.01954795222949246
PHSEA,27,110,0.8334971370815347,0.01776335406740995
PHSEA,27,120,0.8396302733746573,0.01549063320686875
PHSEA,27,130,0.8448423548780158,0.013742635528228709
PHSEA,27,140,0.8522729661697152,0.013005393103086366
PHSEA,27,150,0.8558411832763567,0.012501038899042806
PHSEA,27,160,0.8619758139588818,0.01131093391562572
PHSEA,27,170,0.8652623282652329,0.0107212035091494
PHSEA,27,180,0.8691675570851048,0.00983598617330878
PHSEA,27,190,0.8702597435201259,0.009716396390431519
PHSEA,27,200,0.8733607988153125,0.009151934382312968
PHSEA,28,20,0.6777276507394886,0.05734186773554448
PHSEA,28,30,0.7068495409827631,0.04935510040600875
PHSEA,28,40,0.731661300469644,0.04193058061337056
PHSEA,28,50,0.7550283470826754,0.03643674262930388
PHSEA,28,60,0.7754226838745,0.031870311538200545
PHSEA,28,70,0.7964949312357872,0.028091683020405864
PHSEA,28,80,0.8052462269308546,0.023833222951765255
PHSEA,28,90,0.8196102831469616,0.021729924979311272
PHSEA,28,100,0.8307777764144049,0.019990140255615223
PHSEA,28,110,0.8368683070654075,0.01775953375161427
PHSEA,28,120,0.8466798355573759,0.015117532243061855
PHSEA,28,130,0.8547526365050655,0.014060624587100473
PHSEA,28,140,0.857643798534965,0.01370526836365833
PHSEA,28,150,0.8618234988266038,0.012585078746270588
PHSEA,28,160,0.8711619553495794,0.01102810250918327
PHSEA,28,170,0.8703213948918233,0.011888682176111855
PHSEA,28,180,0.8728188125715993,0.010526467768552658
PHSEA,28,190,0.8796137639359328,0.009578007593895661
PHSEA,28,200,0.8834454217196459,0.009370038965214387
PHSEA,29,20,0.6788740009879072,0.057288449650430104
PHSEA,29,30,0.706089369153076,0.04870864222641543
PHSEA,29,40,0.7290815389870738,0.041728709973168215
PHSEA,29,50,0.7561196376657275,0.03656983594958117
PHSEA,29,60,0.7761396629914732,0.032387066546352
PHSEA,29,70,0.789603014932593,0.027311906508048857
PHSEA,29,80,0.8060419233148102,0.023934917772030464
PHSEA,29,90,0.8205106061360445,0.021870215351633658
PHSEA,29,100,0.8248909571820925,0.018944479829632526
PHSEA,29,110,0.8390299618271168,0.01703443723725751
PHSEA,29,120,0.8454356587834997,0.016006291701514994
PHSEA,29,130,0.8540212366551964,0.014450851237518086
PHSEA,29,140,0.8606217275989023,0.013424264628430028
PHSEA,29,150,0.8597825598373134,0.011721189706038379
PHSEA,29,160,0.8709795317159905,0.011759593106436105
PHSEA,29,170,0.8677745287531927,0.01063933567142632
PHSEA,29,180,0.8745286526350994,0.010031732255923912
PHSEA,29,190,0.8793322744480814,0.009618413378438852
PHSEA,29,200,0.8802849300092799,0.008993738736920817
PHSEA,30,20,0.6721165027506688,0.05757094507871278
PHSEA,30,30,0.6999159817412147,0.04946977615432292
PHSEA,30,40,0.727098569004998,0.0425096828493016
PHSEA,30,50,0.7516947402843439,0.03642346406065021
PHSEA,30,60,0.772541060394108,0.03196544111255884
PHSEA,30,70,0.7896993347605055,0.02790743190020299
PHSEA,30,80,0.7979621986606001,0.024033136831881
PHSEA,30,90,0.8113024177459556,0.021265195596339933
PHSEA,30,100,0.8261225930715203,0.019045745612606583
PHSEA,30,110,0.836913696246559,0.017249452998503216
PHSEA,30,120,0.8435068520973019,0.015333660607248703
PHSEA,30,130,0.8479812198127705,0.013787743417225353
PHSEA,30,140,0.8527345475393384,0.014010017426241504
PHSEA,30,150,0.8594713652182553,0.013303132216550792
PHSEA,30,160,0.8618306074016101,0.011159436383691785
PHSEA,30,170,0.8649677086858388,0.010495279205471022
PHSEA,30,180,0.8689886312250021,0.010238638898384415
PHSEA,30,190,0.8739865014362578,0.009993350228899257
PHSEA,30,200,0.8732514628932461,0.009022322826176007
MSAEA-DM,1,20,0.674835881024918,0.058301342113390685
MSAEA-DM,1,30,0.7005508594241945,0.05040760444137258
MSAEA-DM,1,40,0.7257690760359992,0.0434805870738932
MSAEA-DM,1,50,0.7447339887841153,0.03863511173486174
MSAEA-DM,1,60,0.765135901594656,0.03333924037777504
MSAEA-DM,1,70,0.7816258233186792,0.03132970970533162
MSAEA-DM,1,80,0.7964425054352325,0.027757386885710337
MSAEA-DM,1,90,0.8090250703322622,0.023146708570034476
MSAEA-DM,1,100,0.8166342303705361,0.020789899204018598
MSAEA-DM,1,110,0.8258988045862125,0.019461427237709886
MSAEA-DM,1,120,0.8304192333891852,0.01687938962109208
MSAEA-DM,1,130,0.8400693168229058,0.015911485242387446
MSAEA-DM,1,140,0.8451455147808711,0.01442473896403642
MSAEA-DM,1,150,0.853390991960577,0.013334854414658853
MSAEA-DM,1,160,0.8571297692032138,0.012347973414158634
MSAEA-DM,1,170,0.8596403051176648,0.01166027885505824
MSAEA-DM,1,180,0.8638565393043228,0.01080778360163871
MSAEA-DM,1,190,0.8635512054348576,0.011196351410891096
MSAEA-DM,1,200,0.8666568894585569,0.010410795295062166
MSAEA-DM,2,20,0.6708891599295023,0.0584238313491857
MSAEA-DM,2,30,0.6997512659128121,0.051622920381351384
MSAEA-DM,2,40,0.7229547887727458,0.043704080738452764
MSAEA-DM,2,50,0.7442717885980692,0.038020881764302274
MSAEA-DM,2,60,0.7625980341599148,0.033346249117581855
MSAEA-DM,2,70,0.7795700682269977,0.030459026813138643
MSAEA-DM,2,80,0.7936364190495147,0.0254983041403367
MSAEA-DM,2,90,0.8069375615264878,0.024280618854091506
MSAEA-DM,2,100,0.8119878520973416,0.020457795611778056
MSAEA-DM,2,110,0.8209667568152637,0.01978211065428864
MSAEA-DM,2,120,0.8308455276031996,0.01712995977866329
MSAEA-DM,2,130,0.8354986280917313,0.015651708991639597
MSAEA-DM,2,140,0.8401857119190703,0.014125396523912523
MSAEA-DM,2,150,0.8494891028903845,0.013085894022889826
MSAEA-DM,2,160,0.8531347994621962,0.012642860224423957
MSAEA-DM,2,170,0.8568474177983123,0.012156261675827902
MSAEA-DM,2,180,0.859284899096082,0.011990592119266959
MSAEA-DM,2,190,0.8678138386721038,0.010501070658552391
MSAEA-DM,2,200,0.867208021712852,0.00990680139461854
MSAEA-DM,3,20,0.6694929586037179,0.05832952312181734
MSAEA-DM,3,30,0.7023096471704061,0.05068311312351
MSAEA-DM,3,40,0.7197805125958469,0.04338610908530286
MSAEA-DM,3,50,0.742357301577994,0.03793348843455426
MSAEA-DM,3,60,0.7620048327751314,0.03354568449297964
MSAEA-DM,3,70,0.7794258217663254,0.029163810909056263
MSAEA-DM,3,80,0.7911517067362823,0.026789663994612006
MSAEA-DM,3,90,0.8019433890556548,0.02359947919407322
MSAEA-DM,3,100,0.811277273157413,0.020366741577157302
MSAEA-DM,3,110,0.8281195634979577,0.01839338250321757
MSAEA-DM,3,120,0.8345606195842642,0.01728281970482345
MSAEA-DM,3,130,0.8385867544225797,0.015935455525247458
MSAEA-DM,3,140,0.8407786743312095,0.013970557073418115
MSAEA-DM,3,150,0.8472531547472191,0.014136011087380575
MSAEA-DM,3,160,0.8493643289417798,0.012600836116452267
MSAEA-DM,3,170,0.8555591184700915,0.011759084606344384
MSAEA-DM,3,180,0.8621682764376036,0.01086983740747453
MSAEA-DM,3,190,0.8645047719798141,0.012034994859688843
MSAEA-DM,3,200,0.8626550925488216,0.010868509099496427
MSAEA-DM,4,20,0.6704642333210543,0.05842455179490332
MSAEA-DM,4,30,0.6998878590891545,0.050901142635260445
MSAEA-DM,4,40,0.7240895693862592,0.043926945527868744
MSAEA-DM,4,50,0.7448658879301748,0.03866140081349212
MSAEA-DM,4,60,0.7581070560191842,0.03331750167208338
MSAEA-DM,4,70,0.7776038892141545,0.03128731636946231
MSAEA-DM,4,80,0.790294729799075,0.025492516245008874
MSAEA-DM,4,90,0.8061004867825102,0.023857154904776884
MSAEA-DM,4,100,0.8165418827861107,0.020367181530451663
MSAEA-DM,4,110,0.8229869528443793,0.019216569527535598
MSAEA-DM,4,120,0.8300041750094204,0.01691751221997345
MSAEA-DM,4,130,0.8388726497164541,0.015183102617529632
MSAEA-DM,4,140,0.841668605080502,0.014364020119502163
MSAEA-DM,4,150,0.8469703198276862,0.013637477408008952
MSAEA-DM,4,160,0.8519726314571276,0.013010472065221533
MSAEA-DM,4,170,0.8548415939339395,0.011435946878095852
MSAEA-DM,4,180,0.8606231661165783,0.012075067779424443
MSAEA-DM,4,190,0.8625994178009065,0.010293489619430761
MSAEA-DM,4,200,0.8615432643519896,0.009817779905969281
MSAEA-DM,5,20,0.6730551482313349,0.05826539158539659
MSAEA-DM,5,30,0.7012157535553124,0.05003089133999782
MSAEA-DM,5,40,0.723766308607879,0.043666502716132406
MSAEA-DM,5,50,0.7500643289456589,0.037666974928308096
MSAEA-DM,5,60,0.7656892208304968,0.033870632542638245
MSAEA-DM,5,70,0.7841796119818831,0.02949800278902478
MSAEA-DM,5,80,0.7975689078552678,0.02581958458470846
MSAEA-DM,5,90,0.8048704361764196,0.022807583278826024
MSAEA-DM,5,100,0.8202831536755304,0.020265981041087067
MSAEA-DM,5,110,0.8289113893564845,0.019300652610419744
MSAEA-DM,5,120,0.8331563882901656,0.017607270843840873
MSAEA-DM,5,130,0.8411070244562278,0.01644762355702846
MSAEA-DM,5,140,0.8484565535309709,0.014744920866562755
MSAEA-DM,5,150,0.8516367626379575,0.013619232074305338
MSAEA-DM,5,160,0.8584807057361961,0.012204820406695256
MSAEA-DM,5,170,0.8627660140489671,0.01167481879544647
MSAEA-DM,5,180,0.8651546658826623,0.012152666605620224
MSAEA-DM,5,190,0.867343403476379,0.01156504658658602
MSAEA-DM,5,200,0.8700222992916842,0.010939436086155425
MSAEA-DM,6,20,0.67076446349099,0.05828206236954051
MSAEA-DM,6,30,0.6978491833176788,0.05059894174439112
MSAEA-DM,6,40,0.7230250697889583,0.04454865507271623
MSAEA-DM,6,50,0.742253657271767,0.03803029125502046
MSAEA-DM,6,60,0.7630102651102436,0.03370835746764076
MSAEA-DM,6,70,0.7785634931169344,0.02912525986023836
MSAEA-DM,6,80,0.7879213030008602,0.026158959868842507
MSAEA-DM,6,90,0.7996948617073226,0.02265853720885016
MSAEA-DM,6,100,0.8126864277240483,0.020629400576655063
MSAEA-DM,6,110,0.821452750692627,0.018434411410140645
MSAEA-DM,6,120,0.8247935634089621,0.016814435566558456
MSAEA-DM,6,130,0.8305627145106488,0.01538645385621807
MSAEA-DM,6,140,0.8427243134322556,0.014091277429078628
MSAEA-DM,6,150,0.8422383555706697,0.014267432920755005
MSAEA-DM,6,160,0.8473131727692901,0.012901017932461158
MSAEA-DM,6,170,0.8515333555615049,0.011424744733144374
MSAEA-DM,6,180,0.8577089895659429,0.011029302506762716
MSAEA-DM,6,190,0.8576330958809487,0.010509161656367266
MSAEA-DM,6,200,0.8613918955821661,0.010614343707318447
MSAEA-DM,7,20,0.675436850357016,0.05910803921125049
MSAEA-DM,7,30,0.7008462705770295,0.05111143290566946
MSAEA-DM,7,40,0.725959103787529,0.04458775796256199
MSAEA-DM,7,50,0.7459146288806193,0.03902018619118603
MSAEA-DM,7,60,0.7652408547656625,0.03329651205020078
MSAEA-DM,7,70,0.7829371798124891,0.02920977160036283
MSAEA-DM,7,80,0.7933085825553013,0.02630326778526546
MSAEA-DM,7,90,0.8079598248409533,0.022763918004998718
MSAEA-DM,7,100,0.8159840171631235,0.0204019544732039
MSAEA-DM,7,110,0.8247055974665326,0.01967272068369917
MSAEA-DM,7,120,0.8324094512400713,0.016691063188294903
MSAEA-DM,7,130,0.8428284906670069,0.015200303508492644
MSAEA-DM,7,140,0.8489350110661777,0.014742965594811043
MSAEA-DM,7,150,0.8492612050498779,0.013432171718405737
MSAEA-DM,7,160,0.8555978090316467,0.012097361897493053
MSAEA-DM,7,170,0.8602614372589612,0.013474935778690696
MSAEA-DM,7,180,0.8645652205770521,0.010860405362600257
MSAEA-DM,7,190,0.8683195731745176,0.011098357933994173
MSAEA-DM,7,200,0.8693595513935509,0.010688440109175192
MSAEA-DM,8,20,0.6739062032386116,0.0581016816229327
MSAEA-DM,8,30,0.7023557776472411,0.05024960234499887
MSAEA-DM,8,40,0.7240706144134457,0.043779028352575244
MSAEA-DM,8,50,0.7499133485035583,0.038299854220838835
MSAEA-DM,8,60,0.7670374288325836,0.03310155256473047
MSAEA-DM,8,70,0.7797712064359653,0.028949335914688512
MSAEA-DM,8,80,0.7993349464571452,0.02587618626235802
MSAEA-DM,8,90,0.8077994571900012,0.023229804725231697
MSAEA-DM,8,100,0.8214548905664358,0.021081084487897844
MSAEA-DM,8,110,0.8253102851717681,0.019613972014024088
MSAEA-DM,8,120,0.8328185952427529,0.0181850615079848
MSAEA-DM,8,130,0.8414917375387202,0.016070364373284546
MSAEA-DM,8,140,0.848297911687498,0.014141997673993248
MSAEA-DM,8,150,0.857234521017686,0.01380247675834697
MSAEA-DM,8,160,0.8555448223331434,0.013018893987361304
MSAEA-DM,8,170,0.8609792546454503,0.011574168543082087
MSAEA-DM,8,180,0.8647464312460328,0.011660470634216928
MSAEA-DM,8,190,0.8676683547915952,0.011209503570704387
MSAEA-DM,8,200,0.8663926924270133,0.010480972570787858
MSAEA-DM,9,20,0.6676891977476738,0.05841830250370953
MSAEA-DM,9,30,0.6983551883778665,0.050891006916006676
MSAEA-DM,9,40,0.7231061339989268,0.04482010891816069
MSAEA-DM,9,50,0.741587451362034,0.038701232155366985
MSAEA-DM,9,60,0.7582607493366242,0.033649599651901306
MSAEA-DM,9,70,0.7760383881665894,0.029231374833890923
MSAEA-DM,9,80,0.7930324786185632,0.025794059415663328
MSAEA-DM,9,90,0.8012056490496537,0.02359979123397859
MSAEA-DM,9,100,0.8117547677284791,0.020680882869899983
MSAEA-DM,9,110,0.8228580279143198,0.018481342225469426
MSAEA-DM,9,120,0.8306721446817925,0.01761033298077308
MSAEA-DM,9,130,0.8350727196479304,0.015386805644243523
MSAEA-DM,9,140,0.8417339697976504,0.014357668643680415
MSAEA-DM,9,150,0.8477361867897183,0.012905362936205556
MSAEA-DM,9,160,0.851427425796717,0.012779522450800503
MSAEA-DM,9,170,0.8522317272643668,0.011499440639020014
MSAEA-DM,9,180,0.8558851782409881,0.011229256867042249
MSAEA-DM,9,190,0.8579735423828927,0.01051110192643983
MSAEA-DM,9,200,0.8622351664030276,0.010472606334911164
MSAEA-DM,10,20,0.6756250622998824,0.05829483548570377
MSAEA-DM,10,30,0.7003334720702268,0.05015602118084777
MSAEA-DM,10,40,0.7262503260027864,0.04386185694504412
MSAEA-DM,10,50,0.7489183445727113,0.038943364298166284
MSAEA-DM,10,60,0.7586573430315042,0.033274091793037745
MSAEA-DM,10,70,0.7811880865972494,0.02895506225046663
MSAEA-DM,10,80,0.7924544368992802,0.02698526233462484
MSAEA-DM,10,90,0.8027073157972836,0.023411197834857355
MSAEA-DM,10,100,0.8178848884620747,0.02053757796158699
MSAEA-DM,10,110,0.8234012586555608,0.01870439967796545
MSAEA-DM,10,120,0.8301906641951028,0.01723090770099084
MSAEA-DM,10,130,0.837084515866823,0.016021844605359936
MSAEA-DM,10,140,0.8420933148944263,0.014960074137799241
MSAEA-DM,10,150,0.8459332093767926,0.014562506296936447
MSAEA-DM,10,160,0.8546541957088493,0.013050258854610265
MSAEA-DM,10,170,0.8567956484644348,0.011479079365211874
MSAEA-DM,10,180,0.8619523281355296,0.011303213008807135
MSAEA-DM,10,190,0.859028236915807,0.011388921668311533
MSAEA-DM,10,200,0.8667347759051067,0.010110267272988712
MSAEA-DM,11,20,0.6722799425886755,0.058844309486094294
MSAEA-DM,11,30,0.6998024891763855,0.0504533209661674
MSAEA-DM,11,40,0.72302902918817,0.043410827813709564
MSAEA-DM,11,50,0.7434008506331207,0.037795975902759085
MSAEA-DM,11,60,0.7634547804274445,0.03419418338220722
MSAEA-DM,11,70,0.7814734604198844,0.030213330943325983
MSAEA-DM,11,80,0.7940190841474407,0.026979028336003217
MSAEA-DM,11,90,0.8029474851447501,0.02282959411909419
MSAEA-DM,11,100,0.816848189938974,0.02107170959510455
MSAEA-DM,11,110,0.8227299056219542,0.018825553974291073
MSAEA-DM,11,120,0.8285812102598873,0.017014359704873853
MSAEA-DM,11,130,0.8348950628339449,0.015140595258806969
MSAEA-DM,11,140,0.8398507979367005,0.014113866845917094
MSAEA-DM,11,150,0.8475162384613963,0.013175882244826962
MSAEA-DM,11,160,0.8510946366261778,0.012146702192192351
MSAEA-DM,11,170,0.8534610970030735,0.012024783173532885
MSAEA-DM,11,180,0.8588265456145915,0.01128708585159303
MSAEA-DM,11,190,0.8643756825752217,0.012307161487575258
MSAEA-DM,11,200,0.8643210263993815,0.010385629700445723
MSAEA-DM,12,20,0.6756402237528419,0.05855566469973215
MSAEA-DM,12,30,0.703744875709459,0.05022216306239434
MSAEA-DM,12,40,0.7279060817671051,0.04477114966215998
MSAEA-DM,12,50,0.7521414694656895,0.03828355431546475
MSAEA-DM,12,60,0.7676899372369,0.033321806410079216
MSAEA-DM,12,70,0.7857396111549467,0.029124541910448182
MSAEA-DM,12,80,0.7997515112210768,0.026307630489066498
MSAEA-DM,12,90,0.8107698227031256,0.022709592336246608
MSAEA-DM,12,100,0.8209726525720226,0.02053715161107633
MSAEA-DM,12,110,0.8290569501250998,0.0182418225007121
MSAEA-DM,12,120,0.8400251619047556,0.018578429387943657
MSAEA-DM,12,130,0.8472947006567001,0.015178931756814317
MSAEA-DM,12,140,0.8539729410514189,0.014311092420812601
MSAEA-DM,12,150,0.8543680230062767,0.01302361833692672
MSAEA-DM,12,160,0.8631687198696146,0.013264120705314575
MSAEA-DM,12,170,0.869781836656363,0.01192731862253168
MSAEA-DM,12,180,0.8695354073678456,0.01120196683041703
MSAEA-DM,12,190,0.8697184261345972,0.01112128782284916
MSAEA-DM,12,200,0.8759782427674793,0.010105997315354272
MSAEA-DM,13,20,0.6728144378899381,0.058099952969165265
MSAEA-DM,13,30,0.7044103351208411,0.050354966423605506
MSAEA-DM,13,40,0.7285139939384258,0.04361773016452649
MSAEA-DM,13,50,0.7548316841301285,0.03826992649179892
MSAEA-DM,13,60,0.7685280882225629,0.03344021529032912
MSAEA-DM,13,70,0.7821659134367337,0.029553860578511972
MSAEA-DM,13,80,0.7982438250741175,0.026360240172528308
MSAEA-DM,13,90,0.8097963664560167,0.023320732922847667
MSAEA-DM,13,100,0.8202600789889899,0.020566410422565285
MSAEA-DM,13,110,0.8288666204086212,0.018439884457110103
MSAEA-DM,13,120,0.8392349662412182,0.01683064326206689
MSAEA-DM,13,130,0.8451297328922608,0.015335650557220366
MSAEA-DM,13,140,0.8496560951213881,0.015073135781075489
MSAEA-DM,13,150,0.8569508320937342,0.013616597374928655
MSAEA-DM,13,160,0.8624269730000774,0.012201718406467667
MSAEA-DM,13,170,0.8640285576305924,0.011720996305831677
MSAEA-DM,13,180,0.868344986394741,0.01096965183647952
MSAEA-DM,13,190,0.8714984722763675,0.011284564639071511
MSAEA-DM,13,200,0.8750346777195948,0.010815756989982364
MSAEA-DM,14,20,0.6725445149593692,0.05874446038004042
MSAEA-DM,14,30,0.6989663865160681,0.050900702096910846
MSAEA-DM,14,40,0.7273645142565565,0.04462721868061942
MSAEA-DM,14,50,0.745735893423545,0.03949140863328935
MSAEA-DM,14,60,0.7611010734516814,0.03429003016375249
MSAEA-DM,14,70,0.7774770215186935,0.02986243367510588
MSAEA-DM,14,80,0.7945412083177467,0.02629582654969491
MSAEA-DM,14,90,0.8039015288262858,0.02433981245896326
MSAEA-DM,14,100,0.8119129687111674,0.02092892848575959
MSAEA-DM,14,110,0.8254258325039991,0.018611124466022318
MSAEA-DM,14,120,0.8279406082055831,0.01703974452209251
MSAEA-DM,14,130,0.8359300134334059,0.015797977425325686
MSAEA-DM,14,140,0.8378765280918308,0.01417887221811466
MSAEA-DM,14,150,0.8475181341249582,0.013794244255850506
MSAEA-DM,14,160,0.8546442204612493,0.012544379646079901
MSAEA-DM,14,170,0.8531736147673215,0.011961387635434997
MSAEA-DM,14,180,0.858024882276155,0.01154014685960131
MSAEA-DM,14,190,0.8629362573005941,0.011067804376755155
MSAEA-DM,14,200,0.8645538144469287,0.010444224600516062
MSAEA-DM,15,20,0.671315352268396,0.05864557488072992
MSAEA-DM,15,30,0.7034096324565178,0.05065501018121351
MSAEA-DM,15,40,0.7306313838882363,0.04339968073701828
MSAEA-DM,15,50,0.7505288954068374,0.038380028252594685
MSAEA-DM,15,60,0.7716158301250234,0.034167968717148875
MSAEA-DM,15,70,0.7821300178702936,0.029385351877618187
MSAEA-DM,15,80,0.7987671904177293,0.02605920456294068
MSAEA-DM,15,90,0.8088330881615434,0.023458070847261214
MSAEA-DM,15,100,0.8205319213828324,0.02047296336847049
MSAEA-DM,15,110,0.8300357011895787,0.019499582872218046
MSAEA-DM,15,120,0.8358100877490673,0.01683211878594897
MSAEA-DM,15,130,0.846018785204153,0.016447394499335452
MSAEA-DM,15,140,0.8491182818901105,0.014161625398696403
MSAEA-DM,15,150,0.8586316458150297,0.013276324526832325
MSAEA-DM,15,160,0.8610543682558641,0.012612571955260343
MSAEA-DM,15,170,0.8695927015291235,0.01187077037031005
MSAEA-DM,15,180,0.8681582431244718,0.011710495748270405
MSAEA-DM,15,190,0.8747919723969764,0.011292073543663513
MSAEA-DM,15,200,0.8740108458650464,0.010502793463897224
MSAEA-DM,16,20,0.6735769786136574,0.058715019158077
MSAEA-DM,16,30,0.6964909241782863,0.051639947514810575
MSAEA-DM,16,40,0.7253552316931234,0.043930291386398285
MSAEA-DM,16,50,0.7474152953290104,0.038679690198982736
MSAEA-DM,16,60,0.765675811749312,0.03355915096429489
MSAEA-DM,16,70,0.7792654137890789,0.02908188824870908
MSAEA-DM,16,80,0.7937556642741666,0.025747280696351956
MSAEA-DM,16,90,0.8031557594239026,0.02303914968705145
MSAEA-DM,16,100,0.8185218064562407,0.0211198746957112
MSAEA-DM,16,110,0.8233564674708947,0.01890670481715329
MSAEA-DM,16,120,0.8346267152001323,0.01827660728960457
MSAEA-DM,16,130,0.8395425205981685,0.015472342243989618
MSAEA-DM,16,140,0.8441866823977263,0.014152920403719967
MSAEA-DM,16,150,0.8487146987658679,0.012920019518943147
MSAEA-DM,16,160,0.8542940487681475,0.013025954782250524
MSAEA-DM,16,170,0.8557374214698575,0.012079744498696714
MSAEA-DM,16,180,0.8634521173742513,0.011618562897300474
MSAEA-DM,16,190,0.8667854993020263,0.010448780412528667
MSAEA-DM,16,200,0.8674639496051163,0.010009138802093736
MSAEA-DM,17,20,0.6703164356973851,0.05892164952665038
MSAEA-DM,17,30,0.6959322950561473,0.050191739958012065
MSAEA-DM,17,40,0.721198086812967,0.04348050451948025
MSAEA-DM,17,50,0.7408337854489686,0.038491722825776696
MSAEA-DM,17,60,0.7605891982896904,0.0334623508734647
MSAEA-DM,17,70,0.7835522980761386,0.030364457436434542
MSAEA-DM,17,80,0.7875740484995889,0.02594754701997941
MSAEA-DM,17,90,0.8024901887933976,0.02310665835199169
MSAEA-DM,17,100,0.8113254355533216,0.021931241109288832
MSAEA-DM,17,110,0.8206947820778777,0.01840530224859806
MSAEA-DM,17,120,0.8341001028845569,0.017569890944911813
MSAEA-DM,17,130,0.8379730852098491,0.0156546176227556
MSAEA-DM,17,140,0.8388707433993331,0.014855946720803748
MSAEA-DM,17,150,0.8446580635762311,0.012915443772637931
MSAEA-DM,17,160,0.8495754424078057,0.012456159216992897
MSAEA-DM,17,170,0.8564044073591941,0.011639186263494281
MSAEA-DM,17,180,0.8588088180654437,0.011110500675983088
MSAEA-DM,17,190,0.8621030248444542,0.011214104636753871
MSAEA-DM,17,200,0.8632532822373323,0.011104276797948643
MSAEA-DM,18,20,0.6756277394643816,0.05829767010434786
MSAEA-DM,18,30,0.7012972819767167,0.05007570372244303
MSAEA-DM,18,40,0.727478962631148,0.04371435609168484
MSAEA-DM,18,50,0.7458337530097451,0.03853633996642382
MSAEA-DM,18,60,0.7637029146613398,0.03318921670225938
MSAEA-DM,18,70,0.779550160261909,0.02917878290695997
MSAEA-DM,18,80,0.7933773325210484,0.02566313470973967
MSAEA-DM,18,90,0.805255050484844,0.02388632343237164
MSAEA-DM,18,100,0.8137459157059459,0.02036885584739642
MSAEA-DM,18,110,0.8271474476180315,0.01944088576975345
MSAEA-DM,18,120,0.833850652613003,0.016923021272958697
MSAEA-DM,18,130,0.8380922523312395,0.015375831433633287
MSAEA-DM,18,140,0.8426437015279148,0.014420256843101772
MSAEA-DM,18,150,0.8483137167680272,0.01361592886530795
MSAEA-DM,18,160,0.8541961797830391,0.012920316724088367
MSAEA-DM,18,170,0.8562396278564331,0.01184012212003481
MSAEA-DM,18,180,0.8631204675133913,0.011874667836255215
MSAEA-DM,18,190,0.8622610677887377,0.011158539020675113
MSAEA-DM,18,200,0.8673885231533748,0.010816570269064506
MSAEA-DM,19,20,0.6732785621234784,0.05896169682118172
MSAEA-DM,19,30,0.7028202087980403,0.05006612961482053
MSAEA-DM,19,40,0.7191816754242428,0.043899313562302866
MSAEA-DM,19,50,0.7443071283016532,0.038022082284112094
MSAEA-DM,19,60,0.7610857121420895,0.03287558493008774
MSAEA-DM,19,70,0.7820046010575563,0.029260099952354117
MSAEA-DM,19,80,0.7927092629577744,0.02561537474445053
MSAEA-DM,19,90,0.8012105313073834,0.02326158725860134
MSAEA-DM,19,100,0.8148906336508005,0.020450157831597593
MSAEA-DM,19,110,0.8249513114024583,0.01865661400377067
MSAEA-DM,19,120,0.8309078976009978,0.016939910310541404
MSAEA-DM,19,130,0.8342731370737198,0.015776512153129044
MSAEA-DM,19,140,0.8426153475146214,0.014166447311007831
MSAEA-DM,19,150,0.8531631886820625,0.013874288130484556
MSAEA-DM,19,160,0.8553751241325303,0.01363340448807646
MSAEA-DM,19,170,0.8553176281981307,0.011737835646995704
MSAEA-DM,19,180,0.8580374992768757,0.01215654488084267
MSAEA-DM,19,190,0.8584375428933441,0.011594951352856195
MSAEA-DM,19,200,0.8633155696720394,0.01001332627057934
MSAEA-DM,20,20,0.6744378819699759,0.05840110575259625
MSAEA-DM,20,30,0.7022105139088808,0.051288209355341896
MSAEA-DM,20,40,0.7293638459367411,0.04342798737408928
MSAEA-DM,20,50,0.7494977500135105,0.03850144698427863
MSAEA-DM,20,60,0.7687770990773238,0.03444955939552851
MSAEA-DM,20,70,0.782133414631193,0.029840948106462074
MSAEA-DM,20,80,0.7978944738299233,0.026042449356112714
MSAEA-DM,20,90,0.8093125606463613,0.022688346315176557
MSAEA-DM,20,100,0.8180872888763654,0.020624876973146584
MSAEA-DM,20,110,0.8274408365715495,0.018656773911817286
MSAEA-DM,20,120,0.8344292516274588,0.01662836074506347
MSAEA-DM,20,130,0.8428386577656269,0.015138243068582422
MSAEA-DM,20,140,0.8505011186378898,0.015265301656091914
MSAEA-DM,20,150,0.8542305100374668,0.01447367562839963
MSAEA-DM,20,160,0.8589895166558863,0.012164539772738512
MSAEA-DM,20,170,0.8627642543006028,0.012116151030625985
MSAEA-DM,20,180,0.8657683224882325,0.011254883953785454
MSAEA-DM,20,190,0.8674871144363594,0.010323917601310031
MSAEA-DM,20,200,0.8669385628733538,0.01049905375170954
MSAEA-DM,21,20,0.672021516656681,0.058606787391381546
MSAEA-DM,21,30,0.6990425178737388,0.05061000832566155
MSAEA-DM,21,40,0.727907446611244,0.04384170607973497
MSAEA-DM,21,50,0.7455465271218401,0.03962802754126508
MSAEA-DM,21,60,0.7643088541030636,0.03335876366688002
MSAEA-DM,21,70,0.7803508863860886,0.028904876626057358
MSAEA-DM,21,80,0.7946349654981733,0.026254156394382454
MSAEA-DM,21,90,0.8085080108556113,0.02410808457235591
MSAEA-DM,21,100,0.8180743502394427,0.02071682571262286
MSAEA-DM,21,110,0.827081819279001,0.0185464892450692
MSAEA-DM,21,120,0.8320090637972791,0.01657454901690557
MSAEA-DM,21,130,0.8409549758749767,0.016811910551748348
MSAEA-DM,21,140,0.8443661835810595,0.013999405463405654
MSAEA-DM,21,150,0.8499745455992076,0.013323308134767915
MSAEA-DM,21,160,0.8571281649343795,0.012585215850438272
MSAEA-DM,21,170,0.8573786936565608,0.011444821063829744
MSAEA-DM,21,180,0.8673383765452545,0.011253496133747399
MSAEA-DM,21,190,0.8658016712434939,0.010482715594746506
MSAEA-DM,21,200,0.8676891039878648,0.00985734888509221
MSAEA-DM,22,20,0.6725303744602162,0.05864219196022418
MSAEA-DM,22,30,0.700161416695808,0.050234148148166125
MSAEA-DM,22,40,0.7243228922376401,0.04373291601278757
MSAEA-DM,22,50,0.7464082368497342,0.037681809445495956
MSAEA-DM,22,60,0.7675813833727133,0.032914909192678206
MSAEA-DM,22,70,0.7787521968767523,0.02928034624238164
MSAEA-DM,22,80,0.7939588585894543,0.025567093839083656
MSAEA-DM,22,90,0.8042837173442197,0.022651164327370292
MSAEA-DM,22,100,0.8177903287030823,0.020642249670614676
MSAEA-DM,22,110,0.8225574155569484,0.018541334787809432
MSAEA-DM,22,120,0.8352438436820363,0.016731382643354942
MSAEA-DM,22,130,0.8399990062442546,0.01652722800945412
MSAEA-DM,22,140,0.8462480399307979,0.014856510344543772
MSAEA-DM,22,150,0.8491026297381484,0.013204818599960652
MSAEA-DM,22,160,0.856812682431222,0.01295571239383447
MSAEA-DM,22,170,0.8558658175435118,0.011751169417412558
MSAEA-DM,22,180,0.8592074501222934,0.011520404258868706
MSAEA-DM,22,190,0.8617468320424749,0.011417741122792303
MSAEA-DM,22,200,0.8688739417270583,0.010281281945679675
MSAEA-DM,23,20,0.669951094954599,0.05851556702962952
MSAEA-DM,23,30,0.7025528491393274,0.05108642197885272
MSAEA-DM,23,40,0.7246680613977999,0.044282861716253966
MSAEA-DM,23,50,0.7466586131318282,0.03816833916965802
MSAEA-DM,23,60,0.7627429257886761,0.03297409463969864
MSAEA-DM,23,70,0.7783252548538041,0.02911675068980019
MSAEA-DM,23,80,0.7934077975176512,0.026180558854731372
MSAEA-DM,23,90,0.8065995505689132,0.02409124510185441
MSAEA-DM,23,100,0.8165231542321086,0.020753237055952046
MSAEA-DM,23,110,0.8289880807451183,0.01897162810824791
MSAEA-DM,23,120,0.8321018833959348,0.016660951150563347
MSAEA-DM,23,130,0.8411562549711505,0.016520943905772967
MSAEA-DM,23,140,0.8462518675842905,0.015813331967387823
MSAEA-DM,23,150,0.8543594125956686,0.01306755931373387
MSAEA-DM,23,160,0.8567510805311097,0.012426852786317971
MSAEA-DM,23,170,0.8583487980388596,0.011502642122580625
MSAEA-DM,23,180,0.8605371600451767,0.011152201571002027
MSAEA-DM,23,190,0.8613802565223032,0.010373780060011889
MSAEA-DM,23,200,0.867626752811143,0.010881867329705131
MSAEA-DM,24,20,0.6705747207387653,0.0584782200614254
MSAEA-DM,24,30,0.700256619408661,0.05108983960952811
MSAEA-DM,24,40,0.7272183948714301,0.04342037622629721
MSAEA-DM,24,50,0.7431804626295682,0.037824232710885926
MSAEA-DM,24,60,0.7674992279794601,0.034184811692243335
MSAEA-DM,24,70,0.7844258402060293,0.02964008375998518
MSAEA-DM,24,80,0.7925709368570154,0.026724965768860933
MSAEA-DM,24,90,0.8133405512524703,0.022790553665422705
MSAEA-DM,24,100,0.818812114194001,0.020747307601092644
MSAEA-DM,24,110,0.8311180119204674,0.01875088240744276
MSAEA-DM,24,120,0.8380906488397132,0.016892511665096036
MSAEA-DM,24,130,0.8436058928598241,0.01675234699869594
MSAEA-DM,24,140,0.8504547598104156,0.014822809960955283
MSAEA-DM,24,150,0.8561005240129291,0.013726645162552956
MSAEA-DM,24,160,0.8627064102396144,0.012789253933131777
MSAEA-DM,24,170,0.8671424408197391,0.011621430812393519
MSAEA-DM,24,180,0.8653360449674645,0.011739104969407065
MSAEA-DM,24,190,0.8721772557883716,0.010677189295522159
MSAEA-DM,24,200,0.8744697051526247,0.009957376099164321
MSAEA-DM,25,20,0.6737068607255229,0.058054591991251056
MSAEA-DM,25,30,0.7013824396899414,0.05148842209105787
MSAEA-DM,25,40,0.7271762315332956,0.043645379458752
MSAEA-DM,25,50,0.7483240272248685,0.03820935011033668
MSAEA-DM,25,60,0.763753474167964,0.03397362199870614
MSAEA-DM,25,70,0.7837836372201277,0.029625041548720893
MSAEA-DM,25,80,0.7981846973200779,0.025678861897504655
MSAEA-DM,25,90,0.8103934957628627,0.023293931482226162
MSAEA-DM,25,100,0.8216687383019611,0.022118655940656005
MSAEA-DM,25,110,0.825904411812855,0.018502551504109687
MSAEA-DM,25,120,0.8342339722794929,0.016705117209926772
MSAEA-DM,25,130,0.8428741661953287,0.015699020882167902
MSAEA-DM,25,140,0.8486009988301513,0.014109857224217533
MSAEA-DM,25,150,0.8575442985520694,0.014083106492068526
MSAEA-DM,25,160,0.8594703534036137,0.013380657637824898
MSAEA-DM,25,170,0.8662220520621755,0.011798960077536485
MSAEA-DM,25,180,0.8664915517838017,0.011915779049066452
MSAEA-DM,25,190,0.8676559311432227,0.010210879376419395
MSAEA-DM,25,200,0.8715334503350813,0.011085626994118523
MSAEA-DM,26,20,0.671320736182915,0.05859321158378763
MSAEA-DM,26,30,0.7007186171220093,0.050745773159727864
MSAEA-DM,26,40,0.7243092280350705,0.04380722341301137
MSAEA-DM,26,50,0.7462419623363878,0.03907742751345646
MSAEA-DM,26,60,0.7624126630817287,0.03366100142274458
MSAEA-DM,26,70,0.778073574464958,0.029954966900739146
MSAEA-DM,26,80,0.796406119702586,0.02679766365147949
MSAEA-DM,26,90,0.8077754087993556,0.024360941600171354
MSAEA-DM,26,100,0.8106267073124811,0.02067336690418742
MSAEA-DM,26,110,0.8257344890690017,0.018554424269929586
MSAEA-DM,26,120,0.8335260015821173,0.016796733115367255
MSAEA-DM,26,130,0.838614844354124,0.015684657301890892
MSAEA-DM,26,140,0.8436289200166943,0.015022099530834266
MSAEA-DM,26,150,0.8509708784227652,0.01293332155103263
MSAEA-DM,26,160,0.8537801569719842,0.012637045097605616
MSAEA-DM,26,170,0.8577455920035849,0.011629247437760254
MSAEA-DM,26,180,0.8597225425872104,0.011862847519045684
MSAEA-DM,26,190,0.8639525561855399,0.010339930336601591
MSAEA-DM,26,200,0.8684999740450767,0.010213390820611429
MSAEA-DM,27,20,0.6747840528568358,0.059467451662108345
MSAEA-DM,27,30,0.6979821225886816,0.050038036364301826
MSAEA-DM,27,40,0.7277116707718095,0.043469319774022894
MSAEA-DM,27,50,0.7454507688363818,0.03807695437744387
MSAEA-DM,27,60,0.766633800167933,0.032875433227346165
MSAEA-DM,27,70,0.7823116063837965,0.029804037654321082
MSAEA-DM,27,80,0.7909055754683134,0.02598410620670896
MSAEA-DM,27,90,0.8043711147881694,0.022946453653174503
MSAEA-DM,27,100,0.8156131547822204,0.02053818928258129
MSAEA-DM,27,110,0.8206965657752562,0.01926017098700944
MSAEA-DM,27,120,0.8301811799677983,0.016599726583446373
MSAEA-DM,27,130,0.8386889673356694,0.016248478618964144
MSAEA-DM,27,140,0.8448452557089031,0.01441578366908021
MSAEA-DM,27,150,0.8472867792510766,0.013963419871427102
MSAEA-DM,27,160,0.8534830978146606,0.012202497017086896
MSAEA-DM,27,170,0.8611973582213831,0.011340938016343649
MSAEA-DM,27,180,0.8627651153689212,0.01113126491655295
MSAEA-DM,27,190,0.8617219265218192,0.010511720792865196
MSAEA-DM,27,200,0.8698753233211689,0.010005809840131642
MSAEA-DM,28,20,0.6732086407718366,0.05943412519916422
MSAEA-DM,28,30,0.699564941574504,0.05047536993148066
MSAEA-DM,28,40,0.7261268445943551,0.043963581156327716
MSAEA-DM,28,50,0.747979906226306,0.03858212127525444
MSAEA-DM,28,60,0.766897075009459,0.033092049179756146
MSAEA-DM,28,70,0.7849799055869434,0.029289386196989307
MSAEA-DM,28,80,0.7942293363346782,0.026483244850844707
MSAEA-DM,28,90,0.805676442887003,0.022740214304786135
MSAEA-DM,28,100,0.8143636938854149,0.020277949083127925
MSAEA-DM,28,110,0.824211764835918,0.01892775718796362
MSAEA-DM,28,120,0.8330820038042414,0.016652173606977416
MSAEA-DM,28,130,0.8434744406118824,0.016481911974986812
MSAEA-DM,28,140,0.8421571977699928,0.015481758748518506
MSAEA-DM,28,150,0.8534507667780966,0.013392398914298222
MSAEA-DM,28,160,0.8551044619010995,0.013905599711329233
MSAEA-DM,28,170,0.8587614300293951,0.01255087517354688
MSAEA-DM,28,180,0.8611987685838471,0.010854791602781572
MSAEA-DM,28,190,0.8652497010827347,0.010556352633722173
MSAEA-DM,28,200,0.8644675710872957,0.01052798757988061
MSAEA-DM,29,20,0.6725945404600663,0.05927673393333619
MSAEA-DM,29,30,0.7007252790118019,0.05154253474391136
MSAEA-DM,29,40,0.7229136448978969,0.04472366834295971
MSAEA-DM,29,50,0.7439012319937613,0.03801686469859518
MSAEA-DM,29,60,0.7555440431237749,0.03300623539428452
MSAEA-DM,29,70,0.7806385700185393,0.028913843004538343
MSAEA-DM,29,80,0.7913251871766483,0.025889958357446122
MSAEA-DM,29,90,0.8058244818783141,0.023089188811842198
MSAEA-DM,29,100,0.8105618907639525,0.02080769015606321
MSAEA-DM,29,110,0.8227351943739015,0.01843348689974126
MSAEA-DM,29,120,0.8276929415750459,0.018947731900897092
MSAEA-DM,29,130,0.8349515542861421,0.015477697394671208
MSAEA-DM,29,140,0.8417220952339171,0.014831813762154136
MSAEA-DM,29,150,0.8468719313058187,0.013027884402222379
MSAEA-DM,29,160,0.8525816927959201,0.013063700927925942
MSAEA-DM,29,170,0.8550555882074309,0.011708045374587774
MSAEA-DM,29,180,0.8560010583544267,0.010730327844742857
MSAEA-DM,29,190,0.8620066765207763,0.010585167672334132
MSAEA-DM,29,200,0.8639955221655331,0.010742056030894197
MSAEA-DM,30,20,0.672405878730253,0.05842576421914009
MSAEA-DM,30,30,0.701658598821972,0.05052341221850923
MSAEA-DM,30,40,0.7252576357694797,0.04359268665793968
MSAEA-DM,30,50,0.7503258855885858,0.03827468672271427
MSAEA-DM,30,60,0.7635910653112554,0.03340882229838908
MSAEA-DM,30,70,0.782254071971991,0.02934639283573994
MSAEA-DM,30,80,0.791935670809585,0.025943471949440095
MSAEA-DM,30,90,0.8103034914499561,0.022779991494102
MSAEA-DM,30,100,0.8166908470975706,0.020617292633223636
MSAEA-DM,30,110,0.8259779362328622,0.018778014921357063
MSAEA-DM,30,120,0.8357913816440072,0.01714551776578198
MSAEA-DM,30,130,0.8396450740248497,0.016435271512102383
MSAEA-DM,30,140,0.8462784634330668,0.014432927459882765
MSAEA-DM,30,150,0.8550142143168877,0.014132151859336525
MSAEA-DM,30,160,0.8576770352027824,0.012271037772270472
MSAEA-DM,30,170,0.8597915322105932,0.011786197340877453
MSAEA-DM,30,180,0.8620264488377979,0.010794677254843687
MSAEA-DM,30,190,0.8660385156411806,0.010864834753573456
MSAEA-DM,30,200,0.870376928282384,0.010431822374082876
AS-SMEA,1,20,0.6762616359737562,0.05750081700997548
AS-SMEA,1,30,0.7050253823106919,0.050185154459152545
AS-SMEA,1,40,0.7294403598240191,0.043982124295412504
AS-SMEA,1,50,0.7496463586280754,0.03803392159695872
AS-SMEA,1,60,0.7711489697425244,0.0319209329089929
AS-SMEA,1,70,0.7848194868535326,0.02881223747437833
AS-SMEA,1,80,0.8025027229226682,0.024420682261377273
AS-SMEA,1,90,0.8127255635999991,0.02191833502453809
AS-SMEA,1,100,0.8242420129029107,0.01907500392605161
AS-SMEA,1,110,0.829309957532614,0.018036661185791975
AS-SMEA,1,120,0.8435053307522689,0.01583809633557088
AS-SMEA,1,130,0.8443545333109236,0.01413009093371125
AS-SMEA,1,140,0.8524096400613216,0.01348363679875155
AS-SMEA,1,150,0.858431396098782,0.012193093088497552
AS-SMEA,1,160,0.8624037321605399,0.011353269669146356
AS-SMEA,1,170,0.8682683665622406,0.011630083327396257
AS-SMEA,1,180,0.8656928092405294,0.010930265613003766
AS-SMEA,1,190,0.8763714809682132,0.010246641118385667
AS-SMEA,1,200,0.871938956665323,0.00955155799838907
AS-SMEA,2,20,0.6726647019355579,0.058202070683109466
AS-SMEA,2,30,0.7029276267276382,0.04922209556645591
AS-SMEA,2,40,0.7229356797096159,0.043082056179928975
AS-SMEA,2,50,0.7494884332581871,0.03671990606538867
AS-SMEA,2,60,0.767841043955707,0.03222753310389292
AS-SMEA,2,70,0.7823316158669118,0.027968961516511393
AS-SMEA,2,80,0.7962374993947483,0.025572437984798288
AS-SMEA,2,90,0.8075958468849471,0.02241955190369928
AS-SMEA,2,100,0.8186122750493289,0.019431017773749094
AS-SMEA,2,110,0.8258155798111281,0.017865412406246232
AS-SMEA,2,120,0.8363785744130737,0.015861084520383765
AS-SMEA,2,130,0.8410963071378081,0.014639459942903017
AS-SMEA,2,140,0.8420452812997431,0.0130165241115789
AS-SMEA,2,150,0.8500223247768889,0.012322052273679563
AS-SMEA,2,160,0.8551722597442724,0.011419470806889119
AS-SMEA,2,170,0.8576500796843484,0.011622565604435626
AS-SMEA,2,180,0.8598897575620013,0.011114274589854468
AS-SMEA,2,190,0.8648563683032482,0.00974437843557227
AS-SMEA,2,200,0.8630666643972258,0.010508451124803607
AS-SMEA,3,20,0.6746165697234331,0.05791678883510761
AS-SMEA,3,30,0.7029649726713721,0.049805406377657145
AS-SMEA,3,40,0.7300447327059681,0.04238474701218337
AS-SMEA,3,50,0.752290271371383,0.03695684956697979
AS-SMEA,3,60,0.7668185887767941,0.032535256207630175
AS-SMEA,3,70,0.785608330732573,0.0276038788924265
AS-SMEA,3,80,0.7999706155162915,0.02440449205872645
AS-SMEA,3,90,0.8135441247532736,0.02244435664722051
AS-SMEA,3,100,0.8204875581549971,0.019470759224073958
AS-SMEA,3,110,0.8298468148367282,0.017832635684356286
AS-SMEA,3,120,0.8374074020504011,0.015951715047626696
AS-SMEA,3,130,0.8436670056958754,0.014999536951675864
AS-SMEA,3,140,0.8539745935718858,0.013616640334899361
AS-SMEA,3,150,0.8567743442259751,0.014180992540869821
AS-SMEA,3,160,0.8566072379031553,0.012527605769867774
AS-SMEA,3,170,0.8612693441146421,0.011332949522907051
AS-SMEA,3,180,0.8621664857368906,0.010290683109826485
AS-SMEA,3,190,0.8695714564528504,0.009568096947842948
AS-SMEA,3,200,0.8701965238630571,0.009802050943307484
AS-SMEA,4,20,0.6739557409660463,0.05832994972801207
AS-SMEA,4,30,0.70518846333931,0.049951645989130426
AS-SMEA,4,40,0.7291204295185146,0.042425863053956896
AS-SMEA,4,50,0.7520581404155042,0.037169828637785035
AS-SMEA,4,60,0.7704258495319636,0.03257647787826841
AS-SMEA,4,70,0.7911816864779362,0.027854985859580957
AS-SMEA,4,80,0.7980473737861384,0.024852538858822
AS-SMEA,4,90,0.8157510099591243,0.021615517176582364
AS-SMEA,4,100,0.8280602864902332,0.020146319941134052
AS-SMEA,4,110,0.8358113342865306,0.017601773345441604
AS-SMEA,4,120,0.8472422034787583,0.016407675643191233
AS-SMEA,4,130,0.8493599969267402,0.014474114873864545
AS-SMEA,4,140,0.8591723458972533,0.013282890665643672
AS-SMEA,4,150,0.8600885229701036,0.012199127078619998
AS-SMEA,4,160,0.8648002638219173,0.011863598364500752
AS-SMEA,4,170,0.8700933895497733,0.011846600010054931
AS-SMEA,4,180,0.8707385342686597,0.010645084144122364
AS-SMEA,4,190,0.8758944277775091,0.011110974124573228
AS-SMEA,4,200,0.8781598711901275,0.009468426241349014
AS-SMEA,5,20,0.6716457180444785,0.05815233511058771
AS-SMEA,5,30,0.7013521684533361,0.05114842978954103
AS-SMEA,5,40,0.7278345535803119,0.04244960020318237
AS-SMEA,5,50,0.7501777598267346,0.037442697692406636
AS-SMEA,5,60,0.7652563406078443,0.03201935320282137
AS-SMEA,5,70,0.7882782032321641,0.02826891787801634
AS-SMEA,5,80,0.799396616029806,0.024424528192884095
AS-SMEA,5,90,0.8116311119153404,0.021499221996269424
AS-SMEA,5,100,0.8230473412154747,0.019695084419911645
AS-SMEA,5,110,0.8289823925991904,0.017831261144896304
AS-SMEA,5,120,0.8377204919523209,0.015663770703772797
AS-SMEA,5,130,0.8445328772503284,0.014541998586321483
AS-SMEA,5,140,0.850389584422001,0.013017401894549974
AS-SMEA,5,150,0.8533188869480498,0.01292882310577392
AS-SMEA,5,160,0.8586502349036321,0.012366422485445266
AS-SMEA,5,170,0.8639126496406021,0.011056126649857723
AS-SMEA,5,180,0.8713649506383802,0.010773382170279707
AS-SMEA,5,190,0.8684419546644101,0.009670679345894528
AS-SMEA,5,200,0.8716008878236162,0.009177124582180134
AS-SMEA,6,20,0.6742376298942903,0.05773424971530816
AS-SMEA,6,30,0.7023441518923169,0.04922146712736895
AS-SMEA,6,40,0.7296957294360364,0.04225766044719211
AS-SMEA,6,50,0.7511527780966137,0.0366946956045016
AS-SMEA,6,60,0.7723963187686538,0.03178689916618101
AS-SMEA,6,70,0.7841916884707488,0.027951016569210316
AS-SMEA,6,80,0.8012707885534951,0.02430942334849472
AS-SMEA,6,90,0.8072385448685009,0.021451419005539565
AS-SMEA,6,100,0.8206907278557461,0.019317705766888103
AS-SMEA,6,110,0.8299747779128679,0.018009947633972956
AS-SMEA,6,120,0.8399596218970854,0.016970595417710246
AS-SMEA,6,130,0.845926234469947,0.014527966143896025
AS-SMEA,6,140,0.8525284816102308,0.013897706866255
AS-SMEA,6,150,0.8579534553657823,0.012029842253701946
AS-SMEA,6,160,0.8631459153512958,0.011970228712155112
AS-SMEA,6,170,0.868015445438363,0.011121151166635933
AS-SMEA,6,180,0.867035930507583,0.011236581486510798
AS-SMEA,6,190,0.87001608340889,0.00994086549474066
AS-SMEA,6,200,0.8739495356385311,0.009631550833362836
AS-SMEA,7,20,0.6739634989984431,0.05845954505715348
AS-SMEA,7,30,0.704240689352279,0.04995061531398287
AS-SMEA,7,40,0.7273174029776003,0.04265409763752947
AS-SMEA,7,50,0.7500696686903878,0.036900188911867964
AS-SMEA,7,60,0.7720306339778458,0.032115938353138675
AS-SMEA,7,70,0.7866778932237771,0.028841000227181116
AS-SMEA,7,80,0.7999741925837041,0.02434802246725217
AS-SMEA,7,90,0.8144159955153136,0.02175000659681408
AS-SMEA,7,100,0.8227229457109306,0.019748757871619397
AS-SMEA,7,110,0.8335468314744444,0.01720173415020919
AS-SMEA,7,120,0.8402414955458938,0.016222929789161098
AS-SMEA,7,130,0.8469766274586441,0.015239235325231233
AS-SMEA,7,140,0.8526373402710711,0.013496071481753033
AS-SMEA,7,150,0.8539061529972906,0.012437471646152764
AS-SMEA,7,160,0.8640948202207395,0.01176197990554721
AS-SMEA,7,170,0.8641323011417971,0.010829403801079813
AS-SMEA,7,180,0.8669554376698801,0.011131253968339253
AS-SMEA,7,190,0.8702375152754199,0.010296305273367837
AS-SMEA,7,200,0.8702323152369675,0.01007753239704369
AS-SMEA,8,20,0.6747705677358994,0.05803678134585532
AS-SMEA,8,30,0.7012555235469877,0.049156233329480964
AS-SMEA,8,40,0.7284926129626341,0.043058444611217495
AS-SMEA,8,50,0.7512533948175519,0.0373623929049722
AS-SMEA,8,60,0.7668813105911846,0.03178195375372415
AS-SMEA,8,70,0.7874794779443939,0.0281514096381492
AS-SMEA,8,80,0.7900063772185912,0.02461758883781945
AS-SMEA,8,90,0.8107280941041648,0.022598929935466083
AS-SMEA,8,100,0.8204724412049044,0.020203282724294336
AS-SMEA,8,110,0.8286531679913467,0.017315265432720946
AS-SMEA,8,120,0.8354958761793796,0.016586715925033593
AS-SMEA,8,130,0.844128349654344,0.014832473722877843
AS-SMEA,8,140,0.8443929441891003,0.012983117597567784
AS-SMEA,8,150,0.8528528305915762,0.013582634835924918
AS-SMEA,8,160,0.8545618909312114,0.011368119912427354
AS-SMEA,8,170,0.8622962156707973,0.010843198398409677
AS-SMEA,8,180,0.8667866612125343,0.010329843018347254
AS-SMEA,8,190,0.8675142694608493,0.009958623687858577
AS-SMEA,8,200,0.8703538911765981,0.010340212378293908
AS-SMEA,9,20,0.6764040531474154,0.05834687964914742
AS-SMEA,9,30,0.7032333266770951,0.04995946251173752
AS-SMEA,9,40,0.7302107663127198,0.042806688627123626
AS-SMEA,9,50,0.7498381111792748,0.03734326529343694
AS-SMEA,9,60,0.7696378252704388,0.03210887127346718
AS-SMEA,9,70,0.7828482100747429,0.028181437026538372
AS-SMEA,9,80,0.8014944909637036,0.025485982744056584
AS-SMEA,9,90,0.8087307182174021,0.02222366739587394
AS-SMEA,9,100,0.8170604710748128,0.020185370113980524
AS-SMEA,9,110,0.8323603063866948,0.01745617245218222
AS-SMEA,9,120,0.8378757792494764,0.016555491714428293
AS-SMEA,9,130,0.8445211447071675,0.014180399680117849
AS-SMEA,9,140,0.8495898456019904,0.013073883105352445
AS-SMEA,9,150,0.8482566744941437,0.013460050911554455
AS-SMEA,9,160,0.8552995505086397,0.011371358122024139
AS-SMEA,9,170,0.8592081031259243,0.011737589967186773
AS-SMEA,9,180,0.8603828829254445,0.010429738005060472
AS-SMEA,9,190,0.8647507622348727,0.009753190773288742
AS-SMEA,9,200,0.8711274099719142,0.010427523231790773
AS-SMEA,10,20,0.6776115322762333,0.05751079240445276
AS-SMEA,10,30,0.7050255985445957,0.04986221520730754
AS-SMEA,10,40,0.7297880944338357,0.04296204718321057
AS-SMEA,10,50,0.7476623417121693,0.037943045968553975
AS-SMEA,10,60,0.7678748253266316,0.03258332117657972
AS-SMEA,10,70,0.7896442908858728,0.02778327953477961
AS-SMEA,10,80,0.7977663019062865,0.024607309668672955
AS-SMEA,10,90,0.8102655430802792,0.021877128917057544
AS-SMEA,10,100,0.8207645146151641,0.019418106039561383
AS-SMEA,10,110,0.8288792019922104,0.0189149249237301
AS-SMEA,10,120,0.8378547446514474,0.01572581906681642
AS-SMEA,10,130,0.8439090518808174,0.015051867405999201
AS-SMEA,10,140,0.8509122474027166,0.01383171963904246
AS-SMEA,10,150,0.8541358104053448,0.012277717758960516
AS-SMEA,10,160,0.8564239112659768,0.011828354566493431
AS-SMEA,10,170,0.8598340781926408,0.010766948741096443
AS-SMEA,10,180,0.8675761214228186,0.01025420294103785
AS-SMEA,10,190,0.8702636707045978,0.009722132609034394
AS-SMEA,10,200,0.8716238098675849,0.009466358804069886
AS-SMEA,11,20,0.6738560714571387,0.058250133051513886
AS-SMEA,11,30,0.7050451252581208,0.049316593592701276
AS-SMEA,11,40,0.7280570579576016,0.04219774067822155
AS-SMEA,11,50,0.7502076820987558,0.03775075839453757
AS-SMEA,11,60,0.7727003345321769,0.03294581672986047
AS-SMEA,11,70,0.7899352722869016,0.028897233113841746
AS-SMEA,11,80,0.799120927236028,0.02502466432127122
AS-SMEA,11,90,0.8098778839036834,0.021905149700760098
AS-SMEA,11,100,0.821108243163206,0.020171012047713967
AS-SMEA,11,110,0.8340441765408089,0.018280240201157306
AS-SMEA,11,120,0.8362826334814287,0.015923129398465186
AS-SMEA,11,130,0.846561183825951,0.014650039676408008
AS-SMEA,11,140,0.8520594192576914,0.014864749127267131
AS-SMEA,11,150,0.8562505440922376,0.012088278415502309
AS-SMEA,11,160,0.862139659308428,0.011456009532402672
AS-SMEA,11,170,0.863214459689343,0.010625604495386073
AS-SMEA,11,180,0.8709601326417848,0.010058279182744443
AS-SMEA,11,190,0.8689483053005811,0.009824876648976043
AS-SMEA,11,200,0.8737163506799436,0.010551850662774897
AS-SMEA,12,20,0.6765780879516519,0.05742793758575034
AS-SMEA,12,30,0.707592565077377,0.04935726504076628
AS-SMEA,12,40,0.7304093573321306,0.04276097747122207
AS-SMEA,12,50,0.7532694192132464,0.03684997498475944
AS-SMEA,12,60,0.7752310461666931,0.0324236239719925
AS-SMEA,12,70,0.786043034087092,0.028107325736361544
AS-SMEA,12,80,0.7989334796866603,0.024607703628307494
AS-SMEA,12,90,0.8161776577000608,0.02193560562324013
AS-SMEA,12,100,0.8299350642682054,0.019863475903025958
AS-SMEA,12,110,0.8350665804949361,0.01837665693362143
AS-SMEA,12,120,0.8455737031919628,0.016319891293723354
AS-SMEA,12,130,0.8494698234400695,0.014271143503153743
AS-SMEA,12,140,0.8508377920507662,0.013617706334134757
AS-SMEA,12,150,0.8582768378322099,0.013123138688356382
AS-SMEA,12,160,0.8606767851276402,0.012836877516541136
AS-SMEA,12,170,0.8673907684631973,0.010676942664163577
AS-SMEA,12,180,0.8685579741021088,0.010298081043568092
AS-SMEA,12,190,0.87183542984395,0.010236013871352732
AS-SMEA,12,200,0.8751424812957148,0.009282149137690137
AS-SMEA,13,20,0.6749273029100755,0.05790834786503532
AS-SMEA,13,30,0.7077660786915553,0.04955604075892566
AS-SMEA,13,40,0.7270609422393146,0.042705590229668716
AS-SMEA,13,50,0.7531706284029778,0.037158410388432636
AS-SMEA,13,60,0.7677843423071167,0.03161171464853457
AS-SMEA,13,70,0.7846275002358192,0.028498560080650482
AS-SMEA,13,80,0.7985820416022507,0.024901277040195832
AS-SMEA,13,90,0.8135128617817357,0.02270665016317409
AS-SMEA,13,100,0.8205447196190843,0.019506518222704182
AS-SMEA,13,110,0.8322746240718495,0.018096793777226866
AS-SMEA,13,120,0.8416655077874304,0.016832105633565683
AS-SMEA,13,130,0.8455750986428486,0.014308654759018154
AS-SMEA,13,140,0.8506233102690264,0.013219648449560414
AS-SMEA,13,150,0.8575475377890962,0.012984408776968702
AS-SMEA,13,160,0.8620499088318081,0.011240160246432313
AS-SMEA,13,170,0.8674102981713256,0.011385040390955026
AS-SMEA,13,180,0.8665223829055305,0.010343825834115054
AS-SMEA,13,190,0.8699989970814634,0.009866245527809505
AS-SMEA,13,200,0.8740869026608606,0.009488904352168185
AS-SMEA,14,20,0.6792674286573416,0.05817334895497288
AS-SMEA,14,30,0.7055348170818798,0.04955953129505471
AS-SMEA,14,40,0.728237185829218,0.04219808784558949
AS-SMEA,14,50,0.7498142053725787,0.03674520353007525
AS-SMEA,14,60,0.7740219241783436,0.03252846721588479
AS-SMEA,14,70,0.7864652320019915,0.02797483875665984
AS-SMEA,14,80,0.8038140123069311,0.024413193025291074
AS-SMEA,14,90,0.8182846039748765,0.022426375141356907
AS-SMEA,14,100,0.827482971881916,0.019178764826700005
AS-SMEA,14,110,0.8387795659669574,0.017825355789999966
AS-SMEA,14,120,0.8454320028048954,0.016853787441180004
AS-SMEA,14,130,0.8459483798676549,0.014237175364653363
AS-SMEA,14,140,0.8535048272056797,0.013281454406101104
AS-SMEA,14,150,0.8576985669664855,0.01325330720850625
AS-SMEA,14,160,0.8641480274775886,0.011451718429331117
AS-SMEA,14,170,0.867184828161273,0.011367814134422055
AS-SMEA,14,180,0.8723791511304838,0.010954191450065402
AS-SMEA,14,190,0.8738597058605451,0.009680360131127202
AS-SMEA,14,200,0.8740827532741664,0.010014275044849558
AS-SMEA,15,20,0.6729081651966974,0.05799067646284437
AS-SMEA,15,30,0.7035812800542908,0.04931580927364017
AS-SMEA,15,40,0.7285456716739623,0.04238666139924578
AS-SMEA,15,50,0.7490181861242998,0.03728178934857402
AS-SMEA,15,60,0.7681494325153516,0.03247805837910863
AS-SMEA,15,70,0.7838481777980577,0.028556184366543412
AS-SMEA,15,80,0.7953493526973843,0.024514707330673232
AS-SMEA,15,90,0.8121626821208577,0.02219655702966644
AS-SMEA,15,100,0.8213666807124826,0.01912962674855321
AS-SMEA,15,110,0.8292141390053028,0.017631228246842844
AS-SMEA,15,120,0.8380877880962764,0.01623422742790108
AS-SMEA,15,130,0.8435627998104532,0.014980080712787745
AS-SMEA,15,140,0.8492889427781616,0.013738159107196488
AS-SMEA,15,150,0.856325873857566,0.013877626122067747
AS-SMEA,15,160,0.863655511989428,0.012248045489637727
AS-SMEA,15,170,0.8629991572562506,0.01115665996688705
AS-SMEA,15,180,0.8684082043582989,0.011247805819297784
AS-SMEA,15,190,0.8667282669212897,0.01038238113697732
AS-SMEA,15,200,0.8713745733270327,0.010028862337799848
AS-SMEA,16,20,0.674840327761256,0.0580900317061903
AS-SMEA,16,30,0.7054926400029488,0.04936454571344177
AS-SMEA,16,40,0.7290513951906469,0.04219811267746531
AS-SMEA,16,50,0.7566603989292662,0.036580649597205306
AS-SMEA,16,60,0.7724460016607365,0.03161295602196427
AS-SMEA,16,70,0.792504607885865,0.029364390173953477
AS-SMEA,16,80,0.8059380119040738,0.025890403633529426
AS-SMEA,16,90,0.8191484805006819,0.021725383850149778
AS-SMEA,16,100,0.8300109335384942,0.020100413209551502
AS-SMEA,16,110,0.8381952416108771,0.017990682079223632
AS-SMEA,16,120,0.8462369616089416,0.015714774690330495
AS-SMEA,16,130,0.8530577308857432,0.014573395750008818
AS-SMEA,16,140,0.8598665435374566,0.014017508746746087
AS-SMEA,16,150,0.8637748145693861,0.012304692710162409
AS-SMEA,16,160,0.8692092885314333,0.01150627879040509
AS-SMEA,16,170,0.8673195647007181,0.01153370379845287
AS-SMEA,16,180,0.8754943708340022,0.011211224543207885
AS-SMEA,16,190,0.8792579732181222,0.009883292217568127
AS-SMEA,16,200,0.8783291851474555,0.009502651354437744
AS-SMEA,17,20,0.6774761476849203,0.05791200122763804
AS-SMEA,17,30,0.7039431942334499,0.04999137018057998
AS-SMEA,17,40,0.7288764905822411,0.04271552355435844
AS-SMEA,17,50,0.7528121804513725,0.037140494629092906
AS-SMEA,17,60,0.7699151129658868,0.031961222942937476
AS-SMEA,17,70,0.7862517249574279,0.02765634721168719
AS-SMEA,17,80,0.8054472157322141,0.02429529458031385
AS-SMEA,17,90,0.813952589975097,0.021523166638940522
AS-SMEA,17,100,0.8283835121769114,0.019344688245801676
AS-SMEA,17,110,0.838799307362924,0.017183539604654966
AS-SMEA,17,120,0.8362476504329853,0.015596483427931048
AS-SMEA,17,130,0.8459620184213341,0.014582447846176537
AS-SMEA,17,140,0.8523571226097465,0.014136996453323556
AS-SMEA,17,150,0.8603490139291395,0.012644592882803427
AS-SMEA,17,160,0.8596332541907079,0.011462798939997718
AS-SMEA,17,170,0.8645450783983308,0.010854491436901582
AS-SMEA,17,180,0.8683319743677437,0.010221289373884416
AS-SMEA,17,190,0.8745841088771525,0.009726131090364073
AS-SMEA,17,200,0.873121935212005,0.009246011292811563
AS-SMEA,18,20,0.6733942416853688,0.05765892108426666
AS-SMEA,18,30,0.7054324449499203,0.049993870530838716
AS-SMEA,18,40,0.7287175687625946,0.04223270736614925
AS-SMEA,18,50,0.7538638535821048,0.03771746710763152
AS-SMEA,18,60,0.7691726476373589,0.03245620612515866
AS-SMEA,18,70,0.786963392835861,0.02895630144525825
AS-SMEA,18,80,0.8020030953042987,0.0253574304220113
AS-SMEA,18,90,0.8118777777072721,0.022730403150721782
AS-SMEA,18,100,0.8242001952361803,0.020207396446437605
AS-SMEA,18,110,0.8352094584734434,0.017551774680650774
AS-SMEA,18,120,0.8435818200638383,0.015835429421253166
AS-SMEA,18,130,0.8490208548127028,0.014906483416163484
AS-SMEA,18,140,0.8528880130868218,0.014036501527798432
AS-SMEA,18,150,0.8613359668210453,0.012057232784752821
AS-SMEA,18,160,0.8617612535763113,0.011673324472306882
AS-SMEA,18,170,0.8657267473301363,0.010584664829971892
AS-SMEA,18,180,0.8689431082381343,0.011613092673490977
AS-SMEA,18,190,0.8700235710049267,0.010675977881208262
AS-SMEA,18,200,0.8770119106005235,0.009973722088311935
AS-SMEA,19,20,0.6742597875886376,0.057482279803516896
AS-SMEA,19,30,0.7051334118007255,0.04974076764726217
AS-SMEA,19,40,0.7323570277012492,0.042235733381845504
AS-SMEA,19,50,0.754743071273031,0.03734807208616807
AS-SMEA,19,60,0.7718141524973374,0.03195764717651625
AS-SMEA,19,70,0.7897157849479088,0.02821511437815096
AS-SMEA,19,80,0.8016297298427234,0.024690852078395373
AS-SMEA,19,90,0.8161496161340396,0.021609106354407444
AS-SMEA,19,100,0.827917092912215,0.02006987070341228
AS-SMEA,19,110,0.836325560386009,0.018110584661119637
AS-SMEA,19,120,0.8439099702928666,0.016585125812126088
AS-SMEA,19,130,0.8493274939281961,0.01506301714703215
AS-SMEA,19,140,0.8541105614680329,0.014796630619896178
AS-SMEA,19,150,0.8608240928014872,0.014338444523351652
AS-SMEA,19,160,0.8674534116864547,0.012113009726043308
AS-SMEA,19,170,0.8721789944806105,0.010808252823159352
AS-SMEA,19,180,0.8690432111184794,0.010132737348303172
AS-SMEA,19,190,0.8702733760310222,0.011142857104368286
AS-SMEA,19,200,0.8783434998499262,0.009232064597951384
AS-SMEA,20,20,0.6760075652540766,0.05753303557181438
AS-SMEA,20,30,0.6984054307877943,0.049426153014649574
AS-SMEA,20,40,0.7275718964144844,0.042442271996758124
AS-SMEA,20,50,0.7487293449953807,0.03649585606192861
AS-SMEA,20,60,0.7699427117445332,0.032125295884569575
AS-SMEA,20,70,0.7827786661209404,0.027710917798007734
AS-SMEA,20,80,0.7951096081015083,0.02450053225989327
AS-SMEA,20,90,0.807468605260869,0.021590912246967135
AS-SMEA,20,100,0.814484146960333,0.020298371996472785
AS-SMEA,20,110,0.8263437555556301,0.018463243530560444
AS-SMEA,20,120,0.8336871928969423,0.015608333929413057
AS-SMEA,20,130,0.8405016280752835,0.015074421993751398
AS-SMEA,20,140,0.8504018363159016,0.013201144017475451
AS-SMEA,20,150,0.8476620297352241,0.012667173598074084
AS-SMEA,20,160,0.8566459374080235,0.011454214143907591
AS-SMEA,20,170,0.8560200253129276,0.010805429122526739
AS-SMEA,20,180,0.8633182564947475,0.011123285410438265
AS-SMEA,20,190,0.867790171487433,0.009762512999435398
AS-SMEA,20,200,0.8698688930387165,0.010064954585280153
AS-SMEA,21,20,0.6740426912753508,0.05751786111191397
AS-SMEA,21,30,0.7080747158061046,0.05035068550211898
AS-SMEA,21,40,0.7282027936568326,0.04238673120055795
AS-SMEA,21,50,0.7544494189489273,0.036848198916564316
AS-SMEA,21,60,0.7732667982652585,0.032306929517366134
AS-SMEA,21,70,0.7892658276822639,0.029149985189450542
AS-SMEA,21,80,0.7983873000473726,0.02465547858029405
AS-SMEA,21,90,0.815018461272962,0.021699997512310217
AS-SMEA,21,100,0.8248862446804212,0.01950476242728283
AS-SMEA,21,110,0.8323863420997826,0.017199885994302305
AS-SMEA,21,120,0.8395999219496222,0.016439788558373976
AS-SMEA,21,130,0.8505522846067434,0.01556777386938826
AS-SMEA,21,140,0.8572967854174689,0.01321136700431817
AS-SMEA,21,150,0.8609928024769261,0.012375642247185206
AS-SMEA,21,160,0.8638063744025296,0.011368756746835554
AS-SMEA,21,170,0.8661978641010539,0.011071538963894853
AS-SMEA,21,180,0.8739192218232582,0.011556315903990082
AS-SMEA,21,190,0.8735120798912799,0.009583022097956665
AS-SMEA,21,200,0.8755094932628993,0.009416350762523883
AS-SMEA,22,20,0.6752214493254125,0.05869082022869798
AS-SMEA,22,30,0.7027643105788468,0.05026685760903102
AS-SMEA,22,40,0.7291078167008522,0.04238207683266697
AS-SMEA,22,50,0.7525695524590381,0.037722286058003936
AS-SMEA,22,60,0.7696875321515466,0.03176701334713997
AS-SMEA,22,70,0.7887075437471995,0.028180898464570867
AS-SMEA,22,80,0.8009426958637891,0.025485182176335434
AS-SMEA,22,90,0.8123702051983703,0.022717567454489603
AS-SMEA,22,100,0.8202156950662569,0.019252047163376976
AS-SMEA,22,110,0.8337192324099717,0.018072796669312167
AS-SMEA,22,120,0.8396122049868054,0.0163142016568178
AS-SMEA,22,130,0.8504463376209134,0.014883577745002454
AS-SMEA,22,140,0.8506796224386751,0.013054957518486779
AS-SMEA,22,150,0.8577412194602047,0.012307084442516202
AS-SMEA,22,160,0.8593764392656168,0.011781320644983967
AS-SMEA,22,170,0.864209101903526,0.011072729840899203
AS-SMEA,22,180,0.8673133069405299,0.010663568553503172
AS-SMEA,22,190,0.8719744286028637,0.010125987421516734
AS-SMEA,22,200,0.8739376441739614,0.01022494507917082
AS-SMEA,23,20,0.6737241735408925,0.058010331692817135
AS-SMEA,23,30,0.7040689542112328,0.049083705857158204
AS-SMEA,23,40,0.7307116321344777,0.04306540990081294
AS-SMEA,23,50,0.7526152844722498,0.0364975833066719
AS-SMEA,23,60,0.7717818901251642,0.03194880554388817
AS-SMEA,23,70,0.7892093177963658,0.028864547667026903
AS-SMEA,23,80,0.8034728250753752,0.024612230078122462
AS-SMEA,23,90,0.816392350719146,0.021739851855020722
AS-SMEA,23,100,0.82542241150749,0.019301165250518098
AS-SMEA,23,110,0.8348526090932145,0.018202695977325004
AS-SMEA,23,120,0.842076936391224,0.01567760019712214
AS-SMEA,23,130,0.8496731531405511,0.015048809555249499
AS-SMEA,23,140,0.8549412431620758,0.013717207257403276
AS-SMEA,23,150,0.8618366393088753,0.012807547045811328
AS-SMEA,23,160,0.8633332839646852,0.01127724051116672
AS-SMEA,23,170,0.8683150860963447,0.011902619266708263
AS-SMEA,23,180,0.8697555520233535,0.01001119151911307
AS-SMEA,23,190,0.873519909365314,0.0097491583967308
AS-SMEA,23,200,0.8768037906772405,0.010339488609826104
AS-SMEA,24,20,0.6712983953970484,0.05789295661786006
AS-SMEA,24,30,0.7006212918801985,0.049109399900063695
AS-SMEA,24,40,0.7218103475685675,0.04305478172744052
AS-SMEA,24,50,0.7468402337815907,0.036726731572814704
AS-SMEA,24,60,0.7632507696148142,0.03261637309652449
AS-SMEA,24,70,0.7800923935125378,0.027863711142430612
AS-SMEA,24,80,0.79497383726901,0.024922833832679046
AS-SMEA,24,90,0.8037707719050313,0.02171621990914951
AS-SMEA,24,100,0.8156395245267221,0.019259733251407556
AS-SMEA,24,110,0.8272218337754109,0.017636002824304425
AS-SMEA,24,120,0.8285684767998163,0.015680211696480744
AS-SMEA,24,130,0.8377627388592123,0.014167340027215479
AS-SMEA,24,140,0.8439746902660019,0.013508701411325364
AS-SMEA,24,150,0.8520478021329447,0.012637048430784536
AS-SMEA,24,160,0.8518838666179784,0.011494986060971567
AS-SMEA,24,170,0.8587053763849883,0.012052459005980964
AS-SMEA,24,180,0.8575860901435726,0.01021690219258237
AS-SMEA,24,190,0.8614155333374168,0.009809044027330852
AS-SMEA,24,200,0.8630882500375863,0.009978442215031469
AS-SMEA,25,20,0.6738654495164248,0.05799350589786
AS-SMEA,25,30,0.7042877396515204,0.04969896750452228
AS-SMEA,25,40,0.7309462846013601,0.04330331264321429
AS-SMEA,25,50,0.7496542333044437,0.037002892528531256
AS-SMEA,25,60,0.7731657569640464,0.03299282651688719
AS-SMEA,25,70,0.7840446316696151,0.02809413052106155
AS-SMEA,25,80,0.8025818027809855,0.025629596120849422
AS-SMEA,25,90,0.8135626264380903,0.022552591583732094
AS-SMEA,25,100,0.8225081970619335,0.01913321359919907
AS-SMEA,25,110,0.8371083192098167,0.017217379121528893
AS-SMEA,25,120,0.8394738260566758,0.015968201995501943
AS-SMEA,25,130,0.8512918599914684,0.01449882310261891
AS-SMEA,25,140,0.8530551089150775,0.013353564037537272
AS-SMEA,25,150,0.8604132431229602,0.012084721474620379
AS-SMEA,25,160,0.8647128103581934,0.011334964696589974
AS-SMEA,25,170,0.8678975764767779,0.010680568809864645
AS-SMEA,25,180,0.8684935069220803,0.010269026456374196
AS-SMEA,25,190,0.872165072050963,0.009906247345201081
AS-SMEA,25,200,0.8753191538703521,0.009902370493531565
AS-SMEA,26,20,0.674661133611994,0.057684352322672126
AS-SMEA,26,30,0.7008269035235672,0.05022709111581899
AS-SMEA,26,40,0.7294453052434102,0.04259699112672975
AS-SMEA,26,50,0.7494235383268137,0.03692772317716697
AS-SMEA,26,60,0.7635232085578074,0.03229411806430412
AS-SMEA,26,70,0.782085325509498,0.02801864387658122
AS-SMEA,26,80,0.7983352382279664,0.02611852571061298
AS-SMEA,26,90,0.8097476586670022,0.022565861205304495
AS-SMEA,26,100,0.8180715549267855,0.019111290356441733
AS-SMEA,26,110,0.8284909393930314,0.017856968714718098
AS-SMEA,26,120,0.8341505883295663,0.01561584259685022
AS-SMEA,26,130,0.8402917950653538,0.015238623147462016
AS-SMEA,26,140,0.8477209277705566,0.014260303938419337
AS-SMEA,26,150,0.8519482632648004,0.012246747169095688
AS-SMEA,26,160,0.8557902374837487,0.011900489073709605
AS-SMEA,26,170,0.8620203048360741,0.01076219635896402
AS-SMEA,26,180,0.8638804503829285,0.010043402521876129
AS-SMEA,26,190,0.864677209675827,0.01028587041592268
AS-SMEA,26,200,0.8661457312566109,0.009921460596808531
AS-SMEA,27,20,0.6739635217586839,0.05731740224124148
AS-SMEA,27,30,0.704889647543023,0.049468199393219815
AS-SMEA,27,40,0.727786196293953,0.042806035822090534
AS-SMEA,27,50,0.7445556695336952,0.03749059931092292
AS-SMEA,27,60,0.7698488184728504,0.032333174504963404
AS-SMEA,27,70,0.7776028437675586,0.027788302786280302
AS-SMEA,27,80,0.7954616235833462,0.024712501390190263
AS-SMEA,27,90,0.8124261885246763,0.02189314395543262
AS-SMEA,27,100,0.8179548118837344,0.019562190187173315
AS-SMEA,27,110,0.8251020578254284,0.01785755988693286
AS-SMEA,27,120,0.8332558323816857,0.01603304376764296
AS-SMEA,27,130,0.8423626567268321,0.014270979587045584
AS-SMEA,27,140,0.8490172579079432,0.01383007685020438
AS-SMEA,27,150,0.85370077737191,0.01234962886673511
AS-SMEA,27,160,0.8556416949274204,0.011668680242853878
AS-SMEA,27,170,0.8596772218066449,0.010615297598077248
AS-SMEA,27,180,0.8608850857121239,0.01025066525839312
AS-SMEA,27,190,0.8653694764162422,0.010163688888795964
AS-SMEA,27,200,0.8668529447899638,0.009430204466040034
AS-SMEA,28,20,0.6746444457508864,0.057616762594759584
AS-SMEA,28,30,0.7021223949998067,0.04989612698445537
AS-SMEA,28,40,0.7235291698302087,0.042193865630027264
AS-SMEA,28,50,0.7484271918610902,0.036497445100089586
AS-SMEA,28,60,0.764052334306634,0.032577746204252016
AS-SMEA,28,70,0.7810815719296555,0.029305289776992653
AS-SMEA,28,80,0.7981542838400064,0.024733750127213124
AS-SMEA,28,90,0.8079222406492804,0.02181823449556393
AS-SMEA,28,100,0.8182496483965702,0.019516362216577484
AS-SMEA,28,110,0.8237136552199814,0.017392169465182364
AS-SMEA,28,120,0.8305782609539331,0.01617773667752627
AS-SMEA,28,130,0.8379519297812897,0.015332552793900247
AS-SMEA,28,140,0.8444211155302797,0.01328757995712973
AS-SMEA,28,150,0.8508062654398011,0.012126431358119983
AS-SMEA,28,160,0.8545671155584592,0.011720560565556995
AS-SMEA,28,170,0.8574082121900226,0.011419376836296805
AS-SMEA,28,180,0.8636475371170189,0.01089994719175505
AS-SMEA,28,190,0.8623206415525141,0.011109830118218898
AS-SMEA,28,200,0.8637282382446565,0.009157117397069571
AS-SMEA,29,20,0.6743829499249013,0.05755217311704673
AS-SMEA,29,30,0.7065230011823274,0.049716046943220495
AS-SMEA,29,40,0.7325078791111214,0.04295360373480722
AS-SMEA,29,50,0.7528100310750426,0.0368696571855652
AS-SMEA,29,60,0.7691867017807549,0.031661298447484526
AS-SMEA,29,70,0.7858107416371897,0.027659724965206134
AS-SMEA,29,80,0.8014418933069668,0.02430076864739398
AS-SMEA,29,90,0.8132103095763702,0.022575694818561594
AS-SMEA,29,100,0.823356908173558,0.020250096077530286
AS-SMEA,29,110,0.8368198033995412,0.01787120980593471
AS-SMEA,29,120,0.8425207188793813,0.01598258138941872
AS-SMEA,29,130,0.8449066099915408,0.014418690892562295
AS-SMEA,29,140,0.8512778835061781,0.01302099536436877
AS-SMEA,29,150,0.8559741233999842,0.01247899825646711
AS-SMEA,29,160,0.8580225755392278,0.012413570613878573
AS-SMEA,29,170,0.862229631912602,0.011255700187127182
AS-SMEA,29,180,0.8691541039772293,0.010156272648461947
AS-SMEA,29,190,0.8685376371365349,0.010509010581818847
AS-SMEA,29,200,0.8746672271440865,0.009515011977241288
AS-SMEA,30,20,0.679552108044826,0.05750159681699423
AS-SMEA,30,30,0.7022455074145992,0.0494987791907761
AS-SMEA,30,40,0.7275541746197077,0.04220658969932779
AS-SMEA,30,50,0.7530573078439882,0.037020236185459326
AS-SMEA,30,60,0.7663199992408654,0.03249199230324292
AS-SMEA,30,70,0.7854723375095365,0.02866007676587529
AS-SMEA,30,80,0.8013173723080156,0.025758635144711495
AS-SMEA,30,90,0.8133051576604511,0.02161099799707086
AS-SMEA,30,100,0.8221208774905951,0.019847672863554766
AS-SMEA,30,110,0.8290611236400107,0.017664745354594995
AS-SMEA,30,120,0.8400743104394416,0.017169060217835104
AS-SMEA,30,130,0.8447614772685221,0.014302740360799296
AS-SMEA,30,140,0.8524197396712642,0.01369793061278819
AS-SMEA,30,150,0.857427036351624,0.013408026968533307
AS-SMEA,30,160,0.8627721013549758,0.011836629447017018
AS-SMEA,30,170,0.8629044386228446,0.010730876233135999
AS-SMEA,30,180,0.8662447501289648,0.01060700057700697
AS-SMEA,30,190,0.872724541135446,0.009950137066200734
AS-SMEA,30,200,0.8723412763669296,0.010607336214626954
B2 direct screening,1,20,0.6693724272602012,0.05937791237297678
B2 direct screening,1,30,0.6950858976946023,0.051616937434308605
B2 direct screening,1,40,0.7164592298176881,0.04555785142700887
B2 direct screening,1,50,0.733506392934438,0.039681945173266064
B2 direct screening,1,60,0.7546889450289329,0.03549845453405187
B2 direct screening,1,70,0.7656354421430591,0.032198725807669006
B2 direct screening,1,80,0.7778973117181188,0.027714966350293593
B2 direct screening,1,90,0.7888058981955652,0.02495017095429681
B2 direct screening,1,100,0.8024655782111599,0.022316767378884023
B2 direct screening,1,110,0.8104950105021417,0.021376985358693715
B2 direct screening,1,120,0.8166703681160671,0.0185701895874799
B2 direct screening,1,130,0.8222290051867494,0.018826491722274186
B2 direct screening,1,140,0.8283797601330348,0.016091020617305638
B2 direct screening,1,150,0.8315237105345274,0.015155350021773824
B2 direct screening,1,160,0.8404631260855574,0.014024062036425415
B2 direct screening,1,170,0.843076523398897,0.013490749276604876
B2 direct screening,1,180,0.8454531149233323,0.012008524444298934
B2 direct screening,1,190,0.8510931684068871,0.01179778579237933
B2 direct screening,1,200,0.8549877172544256,0.010877832175618326
B2 direct screening,2,20,0.6714537738585509,0.05996175206430263
B2 direct screening,2,30,0.6958555811409584,0.0516317720453783
B2 direct screening,2,40,0.7146858699500653,0.04539649936149018
B2 direct screening,2,50,0.7352004130443952,0.039728582988879095
B2 direct screening,2,60,0.7555219375985783,0.035098512906330114
B2 direct screening,2,70,0.7684834717884393,0.031237253476317953
B2 direct screening,2,80,0.7862047990696168,0.027631618140589835
B2 direct screening,2,90,0.7903731161357936,0.025095215227626897
B2 direct screening,2,100,0.8045770641789631,0.023632304616610936
B2 direct screening,2,110,0.8117750601515933,0.02156131921274184
B2 direct screening,2,120,0.8197107118112965,0.019089061597985253
B2 direct screening,2,130,0.8274616340526971,0.01705520282853478
B2 direct screening,2,140,0.8347016942058318,0.01570892133717284
B2 direct screening,2,150,0.8391477692514603,0.014548495653616038
B2 direct screening,2,160,0.84538644057082,0.013933667628391601
B2 direct screening,2,170,0.8499020363736682,0.013395874778685597
B2 direct screening,2,180,0.8532311177167617,0.011981905448451171
B2 direct screening,2,190,0.8568283943439482,0.01293814805238804
B2 direct screening,2,200,0.8568559275996444,0.01223525500882986
B2 direct screening,3,20,0.6688289026886333,0.059291290762183424
B2 direct screening,3,30,0.6955477261836019,0.05217216485675498
B2 direct screening,3,40,0.7188504151236214,0.04548315503689203
B2 direct screening,3,50,0.7403824911882597,0.03989974044251814
B2 direct screening,3,60,0.7539855887914134,0.035322665513529014
B2 direct screening,3,70,0.7722864240123518,0.03249059474049429
B2 direct screening,3,80,0.7854677058942735,0.02853045251741576
B2 direct screening,3,90,0.7982746019684266,0.0248502978863789
B2 direct screening,3,100,0.8056325693572269,0.022428986885738057
B2 direct screening,3,110,0.816065083945065,0.021138234446258067
B2 direct screening,3,120,0.8214657827726783,0.01846320645204887
B2 direct screening,3,130,0.8331837513133715,0.016922775721175395
B2 direct screening,3,140,0.8358094985518362,0.015762260437362535
B2 direct screening,3,150,0.8406684056689196,0.01525527009916035
B2 direct screening,3,160,0.846862517512783,0.013705918809735542
B2 direct screening,3,170,0.8501486170803901,0.01301309316827132
B2 direct screening,3,180,0.8523066823501185,0.01266888038043375
B2 direct screening,3,190,0.8573054610164597,0.0119697042777118
B2 direct screening,3,200,0.864166371280328,0.012132929643829327
B2 direct screening,4,20,0.6744616583686766,0.05987157805190848
B2 direct screening,4,30,0.6960520689948593,0.05202041277875341
B2 direct screening,4,40,0.7176348822640058,0.046419107312173115
B2 direct screening,4,50,0.7394402187479425,0.040237619170013374
B2 direct screening,4,60,0.7612866176388443,0.03535906722377252
B2 direct screening,4,70,0.7724956881767282,0.03128056667593952
B2 direct screening,4,80,0.7856526565371015,0.02828643095164625
B2 direct screening,4,90,0.7991384552150117,0.02498425713088739
B2 direct screening,4,100,0.8083482880272133,0.02227218334768994
B2 direct screening,4,110,0.817916771242574,0.020374389627611577
B2 direct screening,4,120,0.8212863956224677,0.018384818063463305
B2 direct screening,4,130,0.8304784189844457,0.01776709801386405
B2 direct screening,4,140,0.8406884944772199,0.01641164974466074
B2 direct screening,4,150,0.8469678547781091,0.014635449706879283
B2 direct screening,4,160,0.8507039108598896,0.013898960950780234
B2 direct screening,4,170,0.8553015489694642,0.012934345611533088
B2 direct screening,4,180,0.855119009210118,0.012650285099933463
B2 direct screening,4,190,0.8633410850756812,0.01140303653234635
B2 direct screening,4,200,0.8648292720927878,0.011370569069262705
B2 direct screening,5,20,0.6674626621676002,0.05937184564367507
B2 direct screening,5,30,0.6951623512350651,0.052095889841672634
B2 direct screening,5,40,0.7146687453089315,0.045515536838227774
B2 direct screening,5,50,0.7369295920697042,0.0409540402349128
B2 direct screening,5,60,0.7545743141289231,0.03539914570716859
B2 direct screening,5,70,0.7693018117119197,0.03130838527483217
B2 direct screening,5,80,0.775691977954949,0.027751920113423468
B2 direct screening,5,90,0.7916759645489435,0.025674381468435745
B2 direct screening,5,100,0.8007102297965716,0.02243087417375054
B2 direct screening,5,110,0.8124816657517893,0.02083216239068002
B2 direct screening,5,120,0.8193730990952595,0.020065160139434636
B2 direct screening,5,130,0.8272703264172471,0.01702206932193214
B2 direct screening,5,140,0.8262109644701892,0.016674471302352115
B2 direct screening,5,150,0.8324466173387755,0.01547918637719977
B2 direct screening,5,160,0.8432050259009283,0.01437417154447472
B2 direct screening,5,170,0.845692850135818,0.013206486827046959
B2 direct screening,5,180,0.8462087523574657,0.012394849581210792
B2 direct screening,5,190,0.8507800266175028,0.011676271184885434
B2 direct screening,5,200,0.8522986316689523,0.01119941106895509
B2 direct screening,6,20,0.6679036428973947,0.05933492431093971
B2 direct screening,6,30,0.6890270240832488,0.051738423729121005
B2 direct screening,6,40,0.7177111814537182,0.0454576875413919
B2 direct screening,6,50,0.734119966120291,0.04040003567626141
B2 direct screening,6,60,0.7522989866666596,0.03589522600424169
B2 direct screening,6,70,0.7684132950732689,0.031071590238435753
B2 direct screening,6,80,0.7815004106466298,0.027895517389698192
B2 direct screening,6,90,0.7928357300159847,0.025056628375824137
B2 direct screening,6,100,0.8025905722878206,0.02242175403631816
B2 direct screening,6,110,0.8108035235186016,0.02032199698225593
B2 direct screening,6,120,0.8145162839677281,0.01867131107217955
B2 direct screening,6,130,0.8241613981718708,0.0169848122315915
B2 direct screening,6,140,0.8305992848210662,0.01620607518169787
B2 direct screening,6,150,0.8347994611575134,0.01710976107934296
B2 direct screening,6,160,0.8402788521980481,0.01341012481445061
B2 direct screening,6,170,0.8431664926727495,0.012995261868927
B2 direct screening,6,180,0.8451484487655018,0.01291978190652843
B2 direct screening,6,190,0.8528491312769488,0.011549958460175981
B2 direct screening,6,200,0.8555391411281531,0.011473308144880437
B2 direct screening,7,20,0.6662872649393534,0.060670762625198466
B2 direct screening,7,30,0.692825698130069,0.05158871219970544
B2 direct screening,7,40,0.7147019695603023,0.04580704732710123
B2 direct screening,7,50,0.7341184850053104,0.040558924437976526
B2 direct screening,7,60,0.7552433708603361,0.03562642300145598
B2 direct screening,7,70,0.7682164864737298,0.03226529802815925
B2 direct screening,7,80,0.7789388492423107,0.027945471343958344
B2 direct screening,7,90,0.797900072976894,0.02479527382358202
B2 direct screening,7,100,0.8025336812857613,0.022232508248119155
B2 direct screening,7,110,0.8113287573731118,0.021175920208239007
B2 direct screening,7,120,0.8185623234696094,0.018685007840149113
B2 direct screening,7,130,0.8248193152375561,0.017594890901673352
B2 direct screening,7,140,0.8317674089061767,0.0165342426846454
B2 direct screening,7,150,0.8386400144308426,0.015192660547925629
B2 direct screening,7,160,0.8417337073219113,0.013639023150750284
B2 direct screening,7,170,0.8459119039888536,0.014390114196998085
B2 direct screening,7,180,0.8479002873589931,0.012213112885654789
B2 direct screening,7,190,0.8510712147108629,0.011339418722517437
B2 direct screening,7,200,0.8558753385101066,0.010846361476788403
B2 direct screening,8,20,0.6694609353975977,0.059956033925167566
B2 direct screening,8,30,0.6957285027462614,0.05297602189637522
B2 direct screening,8,40,0.723461609957336,0.04551203927594145
B2 direct screening,8,50,0.740517197771281,0.0402067742141208
B2 direct screening,8,60,0.7599881499672771,0.03694893879817207
B2 direct screening,8,70,0.7742894975526573,0.03159446388764191
B2 direct screening,8,80,0.7843554092883627,0.028612583960579856
B2 direct screening,8,90,0.7933410143610949,0.024834493638459323
B2 direct screening,8,100,0.8064887770904519,0.022680554789471803
B2 direct screening,8,110,0.8196131585942061,0.020651190412768097
B2 direct screening,8,120,0.824889011583852,0.01835217209660754
B2 direct screening,8,130,0.8283989920772621,0.01705332467252681
B2 direct screening,8,140,0.8374140016243441,0.01600411662986119
B2 direct screening,8,150,0.8450451835571613,0.01643360943931866
B2 direct screening,8,160,0.8494170756390919,0.014203300272615309
B2 direct screening,8,170,0.8519744401496377,0.012943494123779585
B2 direct screening,8,180,0.8571462111052418,0.012649370631933625
B2 direct screening,8,190,0.8563356986599062,0.011829705711477956
B2 direct screening,8,200,0.8611820662375254,0.011714797100319559
B2 direct screening,9,20,0.6664104942537382,0.0593670981789658
B2 direct screening,9,30,0.6908144092190415,0.052146954820064616
B2 direct screening,9,40,0.718173891685582,0.04586559288581627
B2 direct screening,9,50,0.7351918036136535,0.0406808262622398
B2 direct screening,9,60,0.7519733405205219,0.03612492008346139
B2 direct screening,9,70,0.7653080711335913,0.03175740251421418
B2 direct screening,9,80,0.7756408899046022,0.027655565211002778
B2 direct screening,9,90,0.7892290369388963,0.02514726579314196
B2 direct screening,9,100,0.7993554472802689,0.02302539715505175
B2 direct screening,9,110,0.8093187743573936,0.020674661755136846
B2 direct screening,9,120,0.816571723372533,0.019279893362349643
B2 direct screening,9,130,0.8244341586767581,0.017241934567306497
B2 direct screening,9,140,0.8305429402858173,0.01657020755669074
B2 direct screening,9,150,0.8309224461395918,0.014885340603360254
B2 direct screening,9,160,0.8394422826609743,0.01376456729595205
B2 direct screening,9,170,0.840569282289075,0.013350048800825038
B2 direct screening,9,180,0.8432345008736732,0.013081991217595394
B2 direct screening,9,190,0.8467186497938113,0.011851390154736866
B2 direct screening,9,200,0.8531166510755416,0.011798384452732435
B2 direct screening,10,20,0.6704043705290911,0.0591495337112581
B2 direct screening,10,30,0.6955047499569654,0.051528980452826084
B2 direct screening,10,40,0.7188508465400749,0.045156878125890164
B2 direct screening,10,50,0.738771516681238,0.04064320576994664
B2 direct screening,10,60,0.7568122719501477,0.03507001443373187
B2 direct screening,10,70,0.7726407018781046,0.031049078339355926
B2 direct screening,10,80,0.783774696600748,0.027809764289924002
B2 direct screening,10,90,0.7980534662344789,0.02478776166591496
B2 direct screening,10,100,0.8103173258087217,0.022254434897900886
B2 direct screening,10,110,0.8198570951462772,0.020351026646143182
B2 direct screening,10,120,0.8271799711997146,0.019220385989059723
B2 direct screening,10,130,0.8344943130896134,0.01793052424233663
B2 direct screening,10,140,0.835443794062668,0.01593171806535247
B2 direct screening,10,150,0.843073842211242,0.01547301059696483
B2 direct screening,10,160,0.851131031968938,0.013499170538155417
B2 direct screening,10,170,0.853516847781238,0.014404713146888628
B2 direct screening,10,180,0.8565239365630547,0.011895501534763412
B2 direct screening,10,190,0.8591955341881855,0.01139484422760389
B2 direct screening,10,200,0.8630672693817969,0.011514599029453393
B2 direct screening,11,20,0.6669369625960428,0.059542777233430544
B2 direct screening,11,30,0.6929428429651996,0.05192144617610729
B2 direct screening,11,40,0.7169123288880844,0.04571966798245769
B2 direct screening,11,50,0.7376004929209246,0.0398070089628035
B2 direct screening,11,60,0.752370778127139,0.03567996687159642
B2 direct screening,11,70,0.7691968333513205,0.031037035548354578
B2 direct screening,11,80,0.7796617790056682,0.028648168117723097
B2 direct screening,11,90,0.7918898689828509,0.025239965584529456
B2 direct screening,11,100,0.7995098436297339,0.022521756867702167
B2 direct screening,11,110,0.811452515790142,0.020924788203827403
B2 direct screening,11,120,0.8191668993365511,0.018702681505145105
B2 direct screening,11,130,0.8313284216326947,0.017440221859621616
B2 direct screening,11,140,0.8310201670294497,0.01621259756855494
B2 direct screening,11,150,0.8342575186884884,0.014742403205393965
B2 direct screening,11,160,0.8445999035620609,0.014631429175394672
B2 direct screening,11,170,0.8448583318649093,0.013327794181636252
B2 direct screening,11,180,0.8488322501816759,0.012359590956181244
B2 direct screening,11,190,0.8510179841339024,0.01225753606284652
B2 direct screening,11,200,0.8525445576496221,0.011771853050859685
B2 direct screening,12,20,0.6723285376513549,0.05912452435356875
B2 direct screening,12,30,0.6972441300127616,0.05312494661371766
B2 direct screening,12,40,0.7170591630764519,0.04615355186145603
B2 direct screening,12,50,0.7374383929193704,0.0399394737704824
B2 direct screening,12,60,0.7539562689595036,0.035179160161351884
B2 direct screening,12,70,0.76861601045781,0.031070630507212125
B2 direct screening,12,80,0.7828291066614539,0.028358198269751205
B2 direct screening,12,90,0.7926058407840615,0.025532019184486367
B2 direct screening,12,100,0.8055060832001999,0.02384319827177348
B2 direct screening,12,110,0.8129037942258873,0.020305904988985452
B2 direct screening,12,120,0.8232476484759271,0.01988329440522898
B2 direct screening,12,130,0.8276848335361828,0.017434664970100926
B2 direct screening,12,140,0.8361528343429263,0.015691151151925476
B2 direct screening,12,150,0.8403627575065267,0.014628547418738194
B2 direct screening,12,160,0.8440760172482334,0.01345149257361055
B2 direct screening,12,170,0.8490175416903578,0.013012521503692533
B2 direct screening,12,180,0.8505379144142409,0.012031228984369991
B2 direct screening,12,190,0.852428560992592,0.011346873466064911
B2 direct screening,12,200,0.856455778531299,0.011292324273880924
B2 direct screening,13,20,0.6692939345762489,0.05929525965185698
B2 direct screening,13,30,0.6937414127077505,0.05202947877407659
B2 direct screening,13,40,0.7168277743416563,0.04522199235207984
B2 direct screening,13,50,0.7422318708544758,0.040849928443943036
B2 direct screening,13,60,0.7574607126192999,0.03578550583784652
B2 direct screening,13,70,0.7714405270215305,0.032179837659935144
B2 direct screening,13,80,0.7820833198340049,0.029068324220202245
B2 direct screening,13,90,0.7916043203917198,0.02504992628729006
B2 direct screening,13,100,0.8091260148409074,0.022424918714199524
B2 direct screening,13,110,0.8138774430393928,0.020449044958245854
B2 direct screening,13,120,0.8243339253763385,0.01927446880733556
B2 direct screening,13,130,0.8285873372721855,0.01708604678970548
B2 direct screening,13,140,0.8382338052593772,0.017119621540033478
B2 direct screening,13,150,0.8435436844604963,0.015136937555103551
B2 direct screening,13,160,0.8433320153084519,0.014266302710432863
B2 direct screening,13,170,0.8527459701230133,0.013673875274650055
B2 direct screening,13,180,0.8517161517107988,0.01216006635356972
B2 direct screening,13,190,0.8600423282483438,0.011795098686953007
B2 direct screening,13,200,0.8603391721127034,0.012170914382796362
B2 direct screening,14,20,0.672951727339737,0.059433476631395664
B2 direct screening,14,30,0.6945639908940945,0.051550838426584256
B2 direct screening,14,40,0.7177588588981503,0.04573269923087868
B2 direct screening,14,50,0.7362981070931426,0.040143669068000896
B2 direct screening,14,60,0.7523821005876821,0.035424983682572596
B2 direct screening,14,70,0.7643397563405733,0.03217297067141746
B2 direct screening,14,80,0.7831890793704976,0.02791398193354742
B2 direct screening,14,90,0.7928879617899142,0.026079244914105626
B2 direct screening,14,100,0.8075822924107998,0.023136104192744866
B2 direct screening,14,110,0.8139936410679725,0.020188705405247167
B2 direct screening,14,120,0.8190834845496376,0.019440463001507903
B2 direct screening,14,130,0.825891916666879,0.017453747348162216
B2 direct screening,14,140,0.8334510589765304,0.016393201917282756
B2 direct screening,14,150,0.8384981429713233,0.014366149166000031
B2 direct screening,14,160,0.8438166639209185,0.013411842275838972
B2 direct screening,14,170,0.8485096208621051,0.012763621610366512
B2 direct screening,14,180,0.8471281156142418,0.013690264537318128
B2 direct screening,14,190,0.8583464334484563,0.011308984681862099
B2 direct screening,14,200,0.8573971300616614,0.011173158718519607
B2 direct screening,15,20,0.6743103049445933,0.05916303550745086
B2 direct screening,15,30,0.6970589987262208,0.05229227979823607
B2 direct screening,15,40,0.7179453990945421,0.04615293653322423
B2 direct screening,15,50,0.7351559493395063,0.040067885761366544
B2 direct screening,15,60,0.7559792318209771,0.035356716579579506
B2 direct screening,15,70,0.7719248853127055,0.03125899711875114
B2 direct screening,15,80,0.7894086593071168,0.028451209534424825
B2 direct screening,15,90,0.7954739754292831,0.02611900337826812
B2 direct screening,15,100,0.8062475980746141,0.02241097074062106
B2 direct screening,15,110,0.8151554003337371,0.020121718148986233
B2 direct screening,15,120,0.8235531667563853,0.018723614572896667
B2 direct screening,15,130,0.830752105913396,0.018143100648507864
B2 direct screening,15,140,0.8385307112157199,0.015480659108657382
B2 direct screening,15,150,0.840880963232579,0.015300172906783451
B2 direct screening,15,160,0.8462034866193628,0.013637162129185167
B2 direct screening,15,170,0.8492327581983317,0.014395800095481956
B2 direct screening,15,180,0.8555140972169836,0.012416342612728615
B2 direct screening,15,190,0.85575653287798,0.011837416155613503
B2 direct screening,15,200,0.8607915266103653,0.01139427953053038
B2 direct screening,16,20,0.6676197755622928,0.05911549300161167
B2 direct screening,16,30,0.6953557911982108,0.05169379359679485
B2 direct screening,16,40,0.7197191187640247,0.04584332354663541
B2 direct screening,16,50,0.7362605754018363,0.03986616328252289
B2 direct screening,16,60,0.7491135384100339,0.03524941543199606
B2 direct screening,16,70,0.7686027696936868,0.03160604828716329
B2 direct screening,16,80,0.7827383635726866,0.028696343628617078
B2 direct screening,16,90,0.7947186075860146,0.024946383070445995
B2 direct screening,16,100,0.802811915934394,0.023752278962775653
B2 direct screening,16,110,0.8117214003292262,0.020736955838859768
B2 direct screening,16,120,0.8188431799257474,0.01974364553536239
B2 direct screening,16,130,0.8268107169571026,0.01747720640257371
B2 direct screening,16,140,0.8286733389170692,0.015938848795930733
B2 direct screening,16,150,0.8401583621760579,0.014582741971506842
B2 direct screening,16,160,0.8403535288797302,0.0140464540807501
B2 direct screening,16,170,0.8464668663018371,0.013291283512558367
B2 direct screening,16,180,0.8513470253601527,0.012131460808307536
B2 direct screening,16,190,0.8510564187104736,0.011283217990978974
B2 direct screening,16,200,0.852827208171084,0.013166346672023132
B2 direct screening,17,20,0.6694328569488729,0.05959088334423337
B2 direct screening,17,30,0.6976968100366912,0.05224382433826929
B2 direct screening,17,40,0.7200206017881422,0.04515354512446432
B2 direct screening,17,50,0.7405380564110048,0.041009712382940204
B2 direct screening,17,60,0.7567995486496215,0.03680064018164543
B2 direct screening,17,70,0.777807641990769,0.0312596715806499
B2 direct screening,17,80,0.7865537586654304,0.028810877530957124
B2 direct screening,17,90,0.800415095945589,0.025089592074760726
B2 direct screening,17,100,0.8114261074442399,0.0224255859932062
B2 direct screening,17,110,0.8178359574235781,0.020831558894763975
B2 direct screening,17,120,0.8277303601200838,0.018997926451306664
B2 direct screening,17,130,0.8332585950346127,0.01743775457791551
B2 direct screening,17,140,0.8355592239758624,0.015478391715622293
B2 direct screening,17,150,0.8481348453810956,0.014723276642234518
B2 direct screening,17,160,0.8532674496479192,0.01415764218532541
B2 direct screening,17,170,0.850111525306363,0.012798659828941893
B2 direct screening,17,180,0.856009336470266,0.01216715253523609
B2 direct screening,17,190,0.8658647077504524,0.011283838048166276
B2 direct screening,17,200,0.864770837396976,0.011735097140373773
B2 direct screening,18,20,0.6670182634375592,0.060210920202959456
B2 direct screening,18,30,0.6954911381364254,0.052276464310311306
B2 direct screening,18,40,0.7144847996267251,0.04511734067352802
B2 direct screening,18,50,0.7342515790011682,0.040061199999488394
B2 direct screening,18,60,0.7519348474899267,0.03564524190200701
B2 direct screening,18,70,0.7676213675006371,0.03173864349677513
B2 direct screening,18,80,0.7777776639412085,0.028217563104882756
B2 direct screening,18,90,0.7926717150439408,0.02537859047557185
B2 direct screening,18,100,0.8020800040232914,0.024232917527521144
B2 direct screening,18,110,0.8100740810936783,0.02044362321690676
B2 direct screening,18,120,0.8175082517290747,0.018346423837926205
B2 direct screening,18,130,0.8271993811513924,0.016986416212665428
B2 direct screening,18,140,0.8327161457705539,0.015806526697502692
B2 direct screening,18,150,0.8363622121174548,0.015402223012010507
B2 direct screening,18,160,0.8400835576179785,0.01371520205824312
B2 direct screening,18,170,0.8469907175054279,0.012584677164114759
B2 direct screening,18,180,0.8433164195554904,0.012344924665381852
B2 direct screening,18,190,0.8468526081430005,0.012416656113293439
B2 direct screening,18,200,0.8559766375870703,0.010998117369435926
B2 direct screening,19,20,0.670253160693055,0.06022361745318762
B2 direct screening,19,30,0.6974160582332632,0.05268581347279212
B2 direct screening,19,40,0.7186901841387622,0.04666333783683476
B2 direct screening,19,50,0.7373355682940265,0.04042376076079526
B2 direct screening,19,60,0.752966894308539,0.03560666681037291
B2 direct screening,19,70,0.7744388801865617,0.031174123340795765
B2 direct screening,19,80,0.7846151101509912,0.02788627634451238
B2 direct screening,19,90,0.7935403061984136,0.02506906081431491
B2 direct screening,19,100,0.8075223007205384,0.0226133851238725
B2 direct screening,19,110,0.8189115692651383,0.020564244622497757
B2 direct screening,19,120,0.8259657397779794,0.01861736166610521
B2 direct screening,19,130,0.8284479917551218,0.01683368749656986
B2 direct screening,19,140,0.8390761919312224,0.01602951650047977
B2 direct screening,19,150,0.8420477277895775,0.0156641677435213
B2 direct screening,19,160,0.8478682861012848,0.013769096896419756
B2 direct screening,19,170,0.8474617085117732,0.01290856661971385
B2 direct screening,19,180,0.8534173710431395,0.012731258942576904
B2 direct screening,19,190,0.8566858653283325,0.01135792547854759
B2 direct screening,19,200,0.8601042279034067,0.010776137338008694
B2 direct screening,20,20,0.6730423943321205,0.05978888017650453
B2 direct screening,20,30,0.6938091419518023,0.05382605079627555
B2 direct screening,20,40,0.722307843129671,0.04614816462805723
B2 direct screening,20,50,0.7391486077015973,0.04075044269740824
B2 direct screening,20,60,0.7550692461383297,0.03578141751463921
B2 direct screening,20,70,0.7701452905965664,0.0318148632833862
B2 direct screening,20,80,0.7828981163520147,0.028081938936007286
B2 direct screening,20,90,0.7976488609485679,0.02616992905104625
B2 direct screening,20,100,0.8042800730420734,0.022372765914723942
B2 direct screening,20,110,0.8108885826171169,0.020579362382285665
B2 direct screening,20,120,0.8223941070417062,0.018440102847450696
B2 direct screening,20,130,0.8300430264524237,0.01693182131990609
B2 direct screening,20,140,0.8343709983921718,0.01592396581510957
B2 direct screening,20,150,0.8402164688847003,0.014732129326630967
B2 direct screening,20,160,0.845272736966844,0.014638741189376218
B2 direct screening,20,170,0.8494337801298397,0.014295298583437381
B2 direct screening,20,180,0.8531218607279448,0.011988158835776216
B2 direct screening,20,190,0.8591119960211753,0.012084819794187636
B2 direct screening,20,200,0.8590563291899416,0.010774316284673844
B2 direct screening,21,20,0.6747806628370618,0.05992072173437492
B2 direct screening,21,30,0.6948319419818864,0.052561827800717185
B2 direct screening,21,40,0.7171578724266201,0.045521487237758805
B2 direct screening,21,50,0.7380012035301022,0.040737884951721225
B2 direct screening,21,60,0.7570917819586216,0.035316433660072886
B2 direct screening,21,70,0.7723793759415107,0.03207499765382765
B2 direct screening,21,80,0.7885745793065521,0.028826504177474722
B2 direct screening,21,90,0.801463054166702,0.025202360916063947
B2 direct screening,21,100,0.8083779706659292,0.022330497165943937
B2 direct screening,21,110,0.8185661385839088,0.02055103547851767
B2 direct screening,21,120,0.8244435340908641,0.018585747725884776
B2 direct screening,21,130,0.8353566079914964,0.017649403961391856
B2 direct screening,21,140,0.8400236596498524,0.01613529764491847
B2 direct screening,21,150,0.8449048617511214,0.014557462002558634
B2 direct screening,21,160,0.8504921165371562,0.014109800403255388
B2 direct screening,21,170,0.851753062893051,0.01269542162189666
B2 direct screening,21,180,0.8540696156164646,0.01226949639824847
B2 direct screening,21,190,0.856715459586098,0.011303244173143774
B2 direct screening,21,200,0.8605155771784181,0.011554488012133528
B2 direct screening,22,20,0.6696678950768269,0.05936452218033662
B2 direct screening,22,30,0.6933703741109972,0.05342312899516854
B2 direct screening,22,40,0.7179942385627499,0.04601550841927623
B2 direct screening,22,50,0.739097989079409,0.03992348617309092
B2 direct screening,22,60,0.7560165847470158,0.03599750476754619
B2 direct screening,22,70,0.7710331781136658,0.031046695753364748
B2 direct screening,22,80,0.7855430396668088,0.027650281253163836
B2 direct screening,22,90,0.7965098629318024,0.024808759956225154
B2 direct screening,22,100,0.8076178349236889,0.022852619267500485
B2 direct screening,22,110,0.8184680900635498,0.02074738484075042
B2 direct screening,22,120,0.8243404837623061,0.01879703621355769
B2 direct screening,22,130,0.8376999965457752,0.017763945010925382
B2 direct screening,22,140,0.8384717301226813,0.016357590209363886
B2 direct screening,22,150,0.8448428264052182,0.01446774856805557
B2 direct screening,22,160,0.8470605608796007,0.014133639690804356
B2 direct screening,22,170,0.8551518416610963,0.0135013271522265
B2 direct screening,22,180,0.8549549542288637,0.013498838024149673
B2 direct screening,22,190,0.8563494410114523,0.012071970797931712
B2 direct screening,22,200,0.8591603201745333,0.010974620510322003
B2 direct screening,23,20,0.670034454123496,0.05982832154206352
B2 direct screening,23,30,0.6928202658505799,0.05201950535846844
B2 direct screening,23,40,0.7153960124072674,0.0461346252465269
B2 direct screening,23,50,0.7396052845166385,0.04077473897494023
B2 direct screening,23,60,0.7536645077994968,0.035211870273973614
B2 direct screening,23,70,0.7665198458678542,0.03173475042975764
B2 direct screening,23,80,0.7805200650925229,0.02916354562762145
B2 direct screening,23,90,0.7952267061299012,0.02527476380977686
B2 direct screening,23,100,0.8044758773371805,0.02280742692371032
B2 direct screening,23,110,0.8141384377754952,0.020238485558157417
B2 direct screening,23,120,0.8177673151352026,0.018652416337374755
B2 direct screening,23,130,0.8277816992487698,0.017778102169894488
B2 direct screening,23,140,0.8330595733906743,0.016672433398679888
B2 direct screening,23,150,0.8366254835381483,0.01535925717178199
B2 direct screening,23,160,0.8412379528280758,0.014089309707798597
B2 direct screening,23,170,0.8444713869369096,0.012939235119944275
B2 direct screening,23,180,0.8506392090480092,0.012038433591180508
B2 direct screening,23,190,0.8533216113307008,0.012467105246224302
B2 direct screening,23,200,0.8579343603681886,0.011229628771590134
B2 direct screening,24,20,0.6695299959351237,0.05994427276508479
B2 direct screening,24,30,0.6933365136305467,0.05176959212665145
B2 direct screening,24,40,0.716773524736511,0.045647175536404155
B2 direct screening,24,50,0.7382125592151747,0.0409395903450074
B2 direct screening,24,60,0.7481148098563779,0.03533626443677564
B2 direct screening,24,70,0.7715224678777475,0.03236544952991332
B2 direct screening,24,80,0.7814818575760093,0.02808056700811768
B2 direct screening,24,90,0.7903810530432774,0.02574026757183798
B2 direct screening,24,100,0.8039706476728908,0.02305663698380815
B2 direct screening,24,110,0.8066339006332748,0.020781480205374268
B2 direct screening,24,120,0.8237092141835194,0.018804609540756356
B2 direct screening,24,130,0.8269835432570914,0.017666420547047527
B2 direct screening,24,140,0.8328447978210983,0.01556314514217763
B2 direct screening,24,150,0.8401208960088277,0.014872084195939963
B2 direct screening,24,160,0.8415666071651817,0.014077893042468578
B2 direct screening,24,170,0.844445078134488,0.012713317337356157
B2 direct screening,24,180,0.8496490505721986,0.013047176908434724
B2 direct screening,24,190,0.855947123032398,0.011946243651216914
B2 direct screening,24,200,0.853597559541559,0.01091563168818508
B2 direct screening,25,20,0.6721877898955472,0.059183947927393565
B2 direct screening,25,30,0.6973033416786563,0.05159787585188492
B2 direct screening,25,40,0.7192426506843282,0.04704098236798801
B2 direct screening,25,50,0.741474349122851,0.040314418700454
B2 direct screening,25,60,0.755164384926079,0.036000919282574775
B2 direct screening,25,70,0.7701956825496057,0.031352813932009636
B2 direct screening,25,80,0.7865858555682963,0.028365553155701995
B2 direct screening,25,90,0.797151471837285,0.02495724517931879
B2 direct screening,25,100,0.8083125343468001,0.022806110484684165
B2 direct screening,25,110,0.8219800574536457,0.021573225704220655
B2 direct screening,25,120,0.8250907687906862,0.018340631145695233
B2 direct screening,25,130,0.838748483780855,0.017229666006451174
B2 direct screening,25,140,0.8399877200964104,0.015597892875690297
B2 direct screening,25,150,0.8483681627987141,0.014540258089195669
B2 direct screening,25,160,0.847168148352476,0.013981841486731546
B2 direct screening,25,170,0.8541701981156333,0.01299916967159328
B2 direct screening,25,180,0.8590539054438674,0.012192178783471749
B2 direct screening,25,190,0.8636342493206354,0.011958235964567791
B2 direct screening,25,200,0.8649925842176132,0.011443445568638612
B2 direct screening,26,20,0.6705161196269449,0.0593652630123891
B2 direct screening,26,30,0.6963921899579006,0.05213022982105857
B2 direct screening,26,40,0.717910055066102,0.0452203448798001
B2 direct screening,26,50,0.7391550898551735,0.0406097141650668
B2 direct screening,26,60,0.7527962170755408,0.03558632871253587
B2 direct screening,26,70,0.7719687674496273,0.031006543044476243
B2 direct screening,26,80,0.7848520655016372,0.02798948796416056
B2 direct screening,26,90,0.8026369046475005,0.0250478753327535
B2 direct screening,26,100,0.8118784159504969,0.02282764789067664
B2 direct screening,26,110,0.8182900418317158,0.02060523819416613
B2 direct screening,26,120,0.8276058929991202,0.019364121698195166
B2 direct screening,26,130,0.8342524843256977,0.01684861216776431
B2 direct screening,26,140,0.8391292373236251,0.016542786804381066
B2 direct screening,26,150,0.8416394829902223,0.014661155119994
B2 direct screening,26,160,0.8467024759605756,0.013697323314694202
B2 direct screening,26,170,0.8563900058095566,0.012847810309585789
B2 direct screening,26,180,0.8596263531187119,0.011950413981592294
B2 direct screening,26,190,0.8572093596604486,0.012067200174377018
B2 direct screening,26,200,0.8629981208344487,0.011427705591522187
B2 direct screening,27,20,0.6717753234537724,0.06081714061608044
B2 direct screening,27,30,0.694363249957418,0.0529056654427544
B2 direct screening,27,40,0.7203515114166535,0.047373363944848874
B2 direct screening,27,50,0.7360717101850073,0.03971054494817106
B2 direct screening,27,60,0.755215242493529,0.03509644419667849
B2 direct screening,27,70,0.7698800653508989,0.032162771258660426
B2 direct screening,27,80,0.782648612138033,0.02805606119086719
B2 direct screening,27,90,0.7933264892939765,0.026305593350113166
B2 direct screening,27,100,0.8047542097096144,0.023357249480312838
B2 direct screening,27,110,0.8113506171084349,0.021525163441277095
B2 direct screening,27,120,0.8189527053438159,0.019066406610723483
B2 direct screening,27,130,0.8280975566442688,0.01746992970555515
B2 direct screening,27,140,0.8337536208468196,0.01564172045420195
B2 direct screening,27,150,0.8372823670209811,0.015615570784396479
B2 direct screening,27,160,0.8427395624907738,0.013957691127961415
B2 direct screening,27,170,0.8484123232105039,0.012600454143277377
B2 direct screening,27,180,0.8470649344532692,0.01280492692006009
B2 direct screening,27,190,0.8550509923891968,0.011758955010908971
B2 direct screening,27,200,0.8517461450515672,0.011004265505421256
B2 direct screening,28,20,0.6721255091443274,0.05966072126576269
B2 direct screening,28,30,0.6936732182472543,0.051660255681160026
B2 direct screening,28,40,0.7206980297624731,0.0457894233882423
B2 direct screening,28,50,0.7367225939661919,0.039720612930085615
B2 direct screening,28,60,0.7538551424278931,0.03591353365188493
B2 direct screening,28,70,0.7669277842945827,0.03152393236421641
B2 direct screening,28,80,0.7830953159337397,0.028214092225258957
B2 direct screening,28,90,0.7947401498005483,0.025088443598631282
B2 direct screening,28,100,0.8055635303690835,0.02323783547298014
B2 direct screening,28,110,0.8160200259139416,0.021008071579577868
B2 direct screening,28,120,0.8216138435933983,0.018607551912166377
B2 direct screening,28,130,0.8315217004914022,0.017681951357321066
B2 direct screening,28,140,0.8351483197481647,0.016472918845194244
B2 direct screening,28,150,0.838038104041357,0.015077050764108067
B2 direct screening,28,160,0.8440124799536005,0.01394614144443819
B2 direct screening,28,170,0.8469111485855548,0.01452469443423393
B2 direct screening,28,180,0.8514302630149303,0.012493988021798297
B2 direct screening,28,190,0.8554550259198338,0.012046446772751043
B2 direct screening,28,200,0.8597543268905565,0.010998770370241611
B2 direct screening,29,20,0.6716382857996968,0.059567966388556104
B2 direct screening,29,30,0.6951377945077133,0.05312420281399882
B2 direct screening,29,40,0.7237798019141307,0.046291838524017886
B2 direct screening,29,50,0.740793031084171,0.04008210510743804
B2 direct screening,29,60,0.7568598546445671,0.03621377057451957
B2 direct screening,29,70,0.7718321398321747,0.032012424503904006
B2 direct screening,29,80,0.7811688485214379,0.028604686725984884
B2 direct screening,29,90,0.7972223916211026,0.02498018252551211
B2 direct screening,29,100,0.8053393654161471,0.022266142768334413
B2 direct screening,29,110,0.8139700274458211,0.021823660158466242
B2 direct screening,29,120,0.8197718033222421,0.020069552545723936
B2 direct screening,29,130,0.8329915605966709,0.017279564496253976
B2 direct screening,29,140,0.8364515365025623,0.016310387193433768
B2 direct screening,29,150,0.8419520937547542,0.01521140909833042
B2 direct screening,29,160,0.8497449505304222,0.014055875183670108
B2 direct screening,29,170,0.8501925521094783,0.013784062124473967
B2 direct screening,29,180,0.8544828096520686,0.012131973720497374
B2 direct screening,29,190,0.8575804604368811,0.012581350974392584
B2 direct screening,29,200,0.8625147169170716,0.012061785421157272
B2 direct screening,30,20,0.6696952688062509,0.05983524883850317
B2 direct screening,30,30,0.6949019491751429,0.05241550856505777
B2 direct screening,30,40,0.7197336081483583,0.045513107813046766
B2 direct screening,30,50,0.7366292810738784,0.039651123019895006
B2 direct screening,30,60,0.7557026772641598,0.0351577599210124
B2 direct screening,30,70,0.7704353059901057,0.031273464414440164
B2 direct screening,30,80,0.7842254460569444,0.028139071179288114
B2 direct screening,30,90,0.7918416053185606,0.025116659222772918
B2 direct screening,30,100,0.8012607957768277,0.02265926606122805
B2 direct screening,30,110,0.8118668126960412,0.021268868991861253
B2 direct screening,30,120,0.8197027755106367,0.01951946645376111
B2 direct screening,30,130,0.8282269967576094,0.017122580499529853
B2 direct screening,30,140,0.8308055091504858,0.016307489557228425
B2 direct screening,30,150,0.8366157863671285,0.016257748791635974
B2 direct screening,30,160,0.8444401948328231,0.014830841880597617
B2 direct screening,30,170,0.8459481425281918,0.013081420338130485
B2 direct screening,30,180,0.851162498366125,0.012411657088927835
B2 direct screening,30,190,0.8534892462516578,0.012734418797306827
B2 direct screening,30,200,0.8603954156828291,0.011424371216089663
Original MF-BCL-SAEA,1,20,0.6690930246242165,0.05963077763595072
Original MF-BCL-SAEA,1,30,0.695851133079034,0.052275921948738674
Original MF-BCL-SAEA,1,40,0.717110595796989,0.046352806427967845
Original MF-BCL-SAEA,1,50,0.7374781633466977,0.039962158181598983
Original MF-BCL-SAEA,1,60,0.7550528245066825,0.03525137816351169
Original MF-BCL-SAEA,1,70,0.7708719378962934,0.03259496199757134
Original MF-BCL-SAEA,1,80,0.7838475526464594,0.02836363289442303
Original MF-BCL-SAEA,1,90,0.7959079832836381,0.024835154833725087
Original MF-BCL-SAEA,1,100,0.8031926013113512,0.02271525085480046
Original MF-BCL-SAEA,1,110,0.8125453763640049,0.020349208267743932
Original MF-BCL-SAEA,1,120,0.819415704518953,0.018552728812305
Original MF-BCL-SAEA,1,130,0.823909435759716,0.017116853724508597
Original MF-BCL-SAEA,1,140,0.8347945123441263,0.016064370796208743
Original MF-BCL-SAEA,1,150,0.8350038792699971,0.01487589257737458
Original MF-BCL-SAEA,1,160,0.8441484002592071,0.013720535596459563
Original MF-BCL-SAEA,1,170,0.8453336985319193,0.013518744387226223
Original MF-BCL-SAEA,1,180,0.8525583971705853,0.01319768267999152
Original MF-BCL-SAEA,1,190,0.8518053815424139,0.01271811490551705
Original MF-BCL-SAEA,1,200,0.8535794733668447,0.011420263953262406
Original MF-BCL-SAEA,2,20,0.6689686365205444,0.060633239043051845
Original MF-BCL-SAEA,2,30,0.696430340323026,0.0523667856941889
Original MF-BCL-SAEA,2,40,0.7181256751790176,0.045518137192519126
Original MF-BCL-SAEA,2,50,0.7363077904060266,0.04035840737492339
Original MF-BCL-SAEA,2,60,0.7550730176750018,0.03516408791018573
Original MF-BCL-SAEA,2,70,0.7686784079452769,0.03107256688370727
Original MF-BCL-SAEA,2,80,0.782306672029287,0.027635637363205314
Original MF-BCL-SAEA,2,90,0.7914483161832772,0.024727304502451884
Original MF-BCL-SAEA,2,100,0.8021907752602265,0.022728559487638127
Original MF-BCL-SAEA,2,110,0.8099915744019421,0.020999598691282307
Original MF-BCL-SAEA,2,120,0.8187398553760554,0.01846174449488292
Original MF-BCL-SAEA,2,130,0.8263221429057893,0.017524709758232983
Original MF-BCL-SAEA,2,140,0.8291225367229001,0.01789991787183874
Original MF-BCL-SAEA,2,150,0.8372836710379502,0.015134132990913662
Original MF-BCL-SAEA,2,160,0.8442918258089784,0.015185063552239237
Original MF-BCL-SAEA,2,170,0.8459962963624348,0.013433363172806485
Original MF-BCL-SAEA,2,180,0.8490987918362171,0.012812211234125079
Original MF-BCL-SAEA,2,190,0.8511506551598539,0.011916383245745052
Original MF-BCL-SAEA,2,200,0.8562417473031029,0.011538799892279517
Original MF-BCL-SAEA,3,20,0.6696877882152895,0.05982844263087616
Original MF-BCL-SAEA,3,30,0.695401800301506,0.051828826315506935
Original MF-BCL-SAEA,3,40,0.7161914624826651,0.04630730095220696
Original MF-BCL-SAEA,3,50,0.7367076468213628,0.03968980372388911
Original MF-BCL-SAEA,3,60,0.7529743302317804,0.035828520070613296
Original MF-BCL-SAEA,3,70,0.7684339725654032,0.03283735191467096
Original MF-BCL-SAEA,3,80,0.7796297002751783,0.027664950922913174
Original MF-BCL-SAEA,3,90,0.7937015535052726,0.026438839071892487
Original MF-BCL-SAEA,3,100,0.8002335757332114,0.022489130364673725
Original MF-BCL-SAEA,3,110,0.8083946974847241,0.020218201525785014
Original MF-BCL-SAEA,3,120,0.817432350763619,0.019112287914399305
Original MF-BCL-SAEA,3,130,0.8248745994306158,0.019063810071673126
Original MF-BCL-SAEA,3,140,0.8306296532425788,0.015750158765100383
Original MF-BCL-SAEA,3,150,0.8301461958048639,0.015758581655650493
Original MF-BCL-SAEA,3,160,0.8377914113432225,0.014544025390068731
Original MF-BCL-SAEA,3,170,0.8445647726106885,0.013602799916995272
Original MF-BCL-SAEA,3,180,0.8473174559446899,0.012248250022140039
Original MF-BCL-SAEA,3,190,0.8467112799098975,0.012108408879327332
Original MF-BCL-SAEA,3,200,0.8557123951637533,0.011462550732797588
Original MF-BCL-SAEA,4,20,0.6721801385680667,0.059614344668350604
Original MF-BCL-SAEA,4,30,0.6957032640531488,0.05244207399478226
Original MF-BCL-SAEA,4,40,0.7178580800590381,0.04579083860980734
Original MF-BCL-SAEA,4,50,0.7400615550730164,0.040576077070255276
Original MF-BCL-SAEA,4,60,0.7529833033664398,0.03554828521228685
Original MF-BCL-SAEA,4,70,0.7687173129821341,0.032712390387955155
Original MF-BCL-SAEA,4,80,0.7808824570363287,0.02810767710944222
Original MF-BCL-SAEA,4,90,0.7939790670611709,0.024938864526126654
Original MF-BCL-SAEA,4,100,0.799588485858623,0.02233075376357152
Original MF-BCL-SAEA,4,110,0.8128547266126915,0.021377077247957618
Original MF-BCL-SAEA,4,120,0.8190919834671214,0.01933106301416277
Original MF-BCL-SAEA,4,130,0.8242682555782254,0.01726310732960687
Original MF-BCL-SAEA,4,140,0.8299547598060414,0.01667752262106223
Original MF-BCL-SAEA,4,150,0.8343121190161743,0.015567655343292956
Original MF-BCL-SAEA,4,160,0.8450021285303316,0.014004026321016405
Original MF-BCL-SAEA,4,170,0.8458417355704385,0.01389111324991631
Original MF-BCL-SAEA,4,180,0.8489674941375117,0.012326808730167218
Original MF-BCL-SAEA,4,190,0.8513936994133517,0.012348617950562427
Original MF-BCL-SAEA,4,200,0.8565106141769734,0.012082938008114445
Original MF-BCL-SAEA,5,20,0.673127725669097,0.05956675287127602
Original MF-BCL-SAEA,5,30,0.6905943948871294,0.05204186751094358
Original MF-BCL-SAEA,5,40,0.7141171973217838,0.045354842214099036
Original MF-BCL-SAEA,5,50,0.7372529397809402,0.041101180010898575
Original MF-BCL-SAEA,5,60,0.7557529456738494,0.03502183369704783
Original MF-BCL-SAEA,5,70,0.7702216373977256,0.031677825162913696
Original MF-BCL-SAEA,5,80,0.7874479772509325,0.02856623461742084
Original MF-BCL-SAEA,5,90,0.7929329569281874,0.02507014446411959
Original MF-BCL-SAEA,5,100,0.8059105496695366,0.02284873277768424
Original MF-BCL-SAEA,5,110,0.8149535017594942,0.02052736018701791
Original MF-BCL-SAEA,5,120,0.8235794954217159,0.018567329612843988
Original MF-BCL-SAEA,5,130,0.8282138794277083,0.01804974715625081
Original MF-BCL-SAEA,5,140,0.8352625232904388,0.01576714218880972
Original MF-BCL-SAEA,5,150,0.8371362594675612,0.015505884466205886
Original MF-BCL-SAEA,5,160,0.8420068904995436,0.014059924587629549
Original MF-BCL-SAEA,5,170,0.8460934236279686,0.012842738196529039
Original MF-BCL-SAEA,5,180,0.8498923189673527,0.01318465893475947
Original MF-BCL-SAEA,5,190,0.85390804039522,0.011736952101929784
Original MF-BCL-SAEA,5,200,0.858403775122488,0.011933531954882505
Original MF-BCL-SAEA,6,20,0.6729568729272162,0.06011774324039231
Original MF-BCL-SAEA,6,30,0.6931578277359715,0.05231525171070068
Original MF-BCL-SAEA,6,40,0.7174011025108212,0.0453073391333002
Original MF-BCL-SAEA,6,50,0.7367982180098495,0.040944839756186395
Original MF-BCL-SAEA,6,60,0.7538932108087102,0.036037265483499406
Original MF-BCL-SAEA,6,70,0.7687484321318712,0.03216295977119189
Original MF-BCL-SAEA,6,80,0.7818590027041874,0.02765697610947093
Original MF-BCL-SAEA,6,90,0.7893752456426861,0.025109771507561055
Original MF-BCL-SAEA,6,100,0.8017832587061471,0.022274013938114397
Original MF-BCL-SAEA,6,110,0.8095668564007145,0.020318952403398805
Original MF-BCL-SAEA,6,120,0.8216844280678288,0.019388137398479735
Original MF-BCL-SAEA,6,130,0.8265717670380901,0.01791295635505894
Original MF-BCL-SAEA,6,140,0.8298380169620079,0.015899080387542265
Original MF-BCL-SAEA,6,150,0.8345608983949965,0.016222513900008718
Original MF-BCL-SAEA,6,160,0.8413660880212093,0.013833299390523857
Original MF-BCL-SAEA,6,170,0.8431170490980554,0.013720234164917165
Original MF-BCL-SAEA,6,180,0.8472448405107477,0.01391330720268648
Original MF-BCL-SAEA,6,190,0.849395168671706,0.011616226253786433
Original MF-BCL-SAEA,6,200,0.8545396676768563,0.012362973406093958
Original MF-BCL-SAEA,7,20,0.6648585478633597,0.059645211413194246
Original MF-BCL-SAEA,7,30,0.6954493843142288,0.051768781397852216
Original MF-BCL-SAEA,7,40,0.7199156629769956,0.04527352768872576
Original MF-BCL-SAEA,7,50,0.735376226562078,0.03988304349886445
Original MF-BCL-SAEA,7,60,0.7488995864580539,0.03584025989703611
Original MF-BCL-SAEA,7,70,0.7705536948740594,0.03165772287494476
Original MF-BCL-SAEA,7,80,0.7819380669281456,0.02768650302568722
Original MF-BCL-SAEA,7,90,0.7961956195982685,0.02533451781800808
Original MF-BCL-SAEA,7,100,0.8021131611852548,0.022562845397866182
Original MF-BCL-SAEA,7,110,0.8093988758702184,0.021664278096463062
Original MF-BCL-SAEA,7,120,0.8180362879732793,0.019243560239482798
Original MF-BCL-SAEA,7,130,0.8263331354430188,0.016964080926396004
Original MF-BCL-SAEA,7,140,0.8335504210156568,0.016185320579369007
Original MF-BCL-SAEA,7,150,0.8332570584880976,0.014876519747884903
Original MF-BCL-SAEA,7,160,0.8403190396793081,0.013912249847168082
Original MF-BCL-SAEA,7,170,0.8461333968469702,0.013075693140961785
Original MF-BCL-SAEA,7,180,0.8492341461550498,0.012414875595832112
Original MF-BCL-SAEA,7,190,0.8481747976514734,0.011950031652405917
Original MF-BCL-SAEA,7,200,0.8475631181869774,0.011949114102734379
Original MF-BCL-SAEA,8,20,0.6691502624870416,0.060644113270344926
Original MF-BCL-SAEA,8,30,0.6958919946632265,0.052409557238144326
Original MF-BCL-SAEA,8,40,0.7145134891394357,0.04552767375383835
Original MF-BCL-SAEA,8,50,0.7368341568277774,0.041076693135700795
Original MF-BCL-SAEA,8,60,0.756059245909822,0.03508359028520188
Original MF-BCL-SAEA,8,70,0.7672782320345088,0.031090842984384793
Original MF-BCL-SAEA,8,80,0.7778819481487591,0.028009807488186985
Original MF-BCL-SAEA,8,90,0.7926661196782521,0.026304607593463817
Original MF-BCL-SAEA,8,100,0.8023097236327921,0.02267313271906068
Original MF-BCL-SAEA,8,110,0.8076055763244043,0.02132133071630734
Original MF-BCL-SAEA,8,120,0.8149904860356882,0.018588665827523297
Original MF-BCL-SAEA,8,130,0.823364353988383,0.01766216849813542
Original MF-BCL-SAEA,8,140,0.8328344965727915,0.017127640283980866
Original MF-BCL-SAEA,8,150,0.838040921818091,0.015583635003608844
Original MF-BCL-SAEA,8,160,0.8433936026055876,0.013894815819848146
Original MF-BCL-SAEA,8,170,0.8442416996285127,0.014042980467029368
Original MF-BCL-SAEA,8,180,0.8490825274012092,0.012390046304856748
Original MF-BCL-SAEA,8,190,0.8505639604885122,0.011959011802821936
Original MF-BCL-SAEA,8,200,0.850840784258866,0.011220863063044068
Original MF-BCL-SAEA,9,20,0.6702707417781769,0.059454079310346436
Original MF-BCL-SAEA,9,30,0.6913469025624669,0.051734239176620296
Original MF-BCL-SAEA,9,40,0.7196229198407088,0.04602033506244299
Original MF-BCL-SAEA,9,50,0.7397992639293448,0.040762733264777085
Original MF-BCL-SAEA,9,60,0.755134094280191,0.03519839930941224
Original MF-BCL-SAEA,9,70,0.7649222373406649,0.03152694124080471
Original MF-BCL-SAEA,9,80,0.7804166124045551,0.029139189780975256
Original MF-BCL-SAEA,9,90,0.7960815728316427,0.026170408738567987
Original MF-BCL-SAEA,9,100,0.8043284830419144,0.02277484720239087
Original MF-BCL-SAEA,9,110,0.8067177482922668,0.02082783660337612
Original MF-BCL-SAEA,9,120,0.815905871143217,0.01909726353317075
Original MF-BCL-SAEA,9,130,0.825378352123522,0.017037206489943404
Original MF-BCL-SAEA,9,140,0.8352152756604374,0.016347573608432035
Original MF-BCL-SAEA,9,150,0.8351672001224221,0.015694500578741485
Original MF-BCL-SAEA,9,160,0.8394084429240829,0.01488293409776707
Original MF-BCL-SAEA,9,170,0.8442983594968949,0.013372094844510518
Original MF-BCL-SAEA,9,180,0.848879666159088,0.013331012060616982
Original MF-BCL-SAEA,9,190,0.8523860911784573,0.012512490193586894
Original MF-BCL-SAEA,9,200,0.8518481501334928,0.012080112460006155
Original MF-BCL-SAEA,10,20,0.6658236955866262,0.059524638043832095
Original MF-BCL-SAEA,10,30,0.6946429629055288,0.051807276393303486
Original MF-BCL-SAEA,10,40,0.71982827860769,0.04604621231296431
Original MF-BCL-SAEA,10,50,0.7389734624770501,0.03970127596627756
Original MF-BCL-SAEA,10,60,0.7541863513861853,0.035834110522306534
Original MF-BCL-SAEA,10,70,0.769433829369544,0.031501015955601605
Original MF-BCL-SAEA,10,80,0.7824081886923587,0.027753436017818715
Original MF-BCL-SAEA,10,90,0.7944247876552204,0.02473823883320843
Original MF-BCL-SAEA,10,100,0.8014578180455538,0.023130107405528018
Original MF-BCL-SAEA,10,110,0.8128056077186768,0.020267662483816586
Original MF-BCL-SAEA,10,120,0.817765106667195,0.019642022894623697
Original MF-BCL-SAEA,10,130,0.8326577219517443,0.017178953035940612
Original MF-BCL-SAEA,10,140,0.8318155306671866,0.016014821661881156
Original MF-BCL-SAEA,10,150,0.8394083309093552,0.015363844613447381
Original MF-BCL-SAEA,10,160,0.8407138953652596,0.013837426796719416
Original MF-BCL-SAEA,10,170,0.8489282321672358,0.013573421242634274
Original MF-BCL-SAEA,10,180,0.8510159006500255,0.012656183326132794
Original MF-BCL-SAEA,10,190,0.8581399076494579,0.011916591790529991
Original MF-BCL-SAEA,10,200,0.8544199161208795,0.011881329927546647
Original MF-BCL-SAEA,11,20,0.6657042958335642,0.059906266633628
Original MF-BCL-SAEA,11,30,0.6934094094164306,0.051790963822941086
Original MF-BCL-SAEA,11,40,0.7144963714794396,0.045868627511864386
Original MF-BCL-SAEA,11,50,0.7344470239311686,0.040289276377005453
Original MF-BCL-SAEA,11,60,0.7513065707356232,0.035385613273772785
Original MF-BCL-SAEA,11,70,0.7675161065834532,0.03109050993758264
Original MF-BCL-SAEA,11,80,0.7773194605980449,0.027838218125559564
Original MF-BCL-SAEA,11,90,0.78590662654229,0.026060965923321546
Original MF-BCL-SAEA,11,100,0.7970998414599955,0.022263866788164936
Original MF-BCL-SAEA,11,110,0.8098236841036637,0.02026404771303744
Original MF-BCL-SAEA,11,120,0.814530471970201,0.01866833984683187
Original MF-BCL-SAEA,11,130,0.8216400960774807,0.018416575675412158
Original MF-BCL-SAEA,11,140,0.8299717405731618,0.015856903898886075
Original MF-BCL-SAEA,11,150,0.8268695245797076,0.015319999141331225
Original MF-BCL-SAEA,11,160,0.8364950406305369,0.015012491014023762
Original MF-BCL-SAEA,11,170,0.8380320581313524,0.01410174264165902
Original MF-BCL-SAEA,11,180,0.8426864590301412,0.012606913411940146
Original MF-BCL-SAEA,11,190,0.8481085695579865,0.011625676381380581
Original MF-BCL-SAEA,11,200,0.8477234060145209,0.01135181921904424
Original MF-BCL-SAEA,12,20,0.668728748343133,0.05948387525431237
Original MF-BCL-SAEA,12,30,0.6953447978905126,0.05244262164714976
Original MF-BCL-SAEA,12,40,0.7123996519078365,0.04557520673623674
Original MF-BCL-SAEA,12,50,0.7332100203749545,0.04067190957819368
Original MF-BCL-SAEA,12,60,0.7498767702114728,0.03590601804926143
Original MF-BCL-SAEA,12,70,0.7664331189089563,0.03181956935410577
Original MF-BCL-SAEA,12,80,0.7756413368993677,0.02831394791451967
Original MF-BCL-SAEA,12,90,0.7899958427084594,0.02530912984461798
Original MF-BCL-SAEA,12,100,0.8034841928432702,0.02292958061870887
Original MF-BCL-SAEA,12,110,0.8075461875345697,0.020462269865028537
Original MF-BCL-SAEA,12,120,0.8142960899714246,0.018680553842010332
Original MF-BCL-SAEA,12,130,0.8204708189328107,0.018499387113187823
Original MF-BCL-SAEA,12,140,0.825341861901506,0.015609621852746444
Original MF-BCL-SAEA,12,150,0.8351088757823565,0.014615927860616613
Original MF-BCL-SAEA,12,160,0.8319445781230663,0.015402866886163899
Original MF-BCL-SAEA,12,170,0.84002020318941,0.013781335125998107
Original MF-BCL-SAEA,12,180,0.8451469416753145,0.013596035899996983
Original MF-BCL-SAEA,12,190,0.8451160908011196,0.012025432746843385
Original MF-BCL-SAEA,12,200,0.8462914812509089,0.011127462635144882
Original MF-BCL-SAEA,13,20,0.6696250162016836,0.060397415785664384
Original MF-BCL-SAEA,13,30,0.6984255379606644,0.052143511335832955
Original MF-BCL-SAEA,13,40,0.7150583376730889,0.04589665408180512
Original MF-BCL-SAEA,13,50,0.73647906432807,0.03991659964671249
Original MF-BCL-SAEA,13,60,0.755751462329646,0.03499246086530722
Original MF-BCL-SAEA,13,70,0.7733004861976499,0.03161794179191447
Original MF-BCL-SAEA,13,80,0.7849942302819809,0.028037297110074237
Original MF-BCL-SAEA,13,90,0.7905942923407614,0.025267685759614456
Original MF-BCL-SAEA,13,100,0.8021015541957197,0.02359963831536344
Original MF-BCL-SAEA,13,110,0.8150577777634018,0.021082923165111827
Original MF-BCL-SAEA,13,120,0.8240288672603697,0.019510360144157107
Original MF-BCL-SAEA,13,130,0.8280029582526055,0.01764396347878795
Original MF-BCL-SAEA,13,140,0.8306128837873108,0.015800321689908643
Original MF-BCL-SAEA,13,150,0.8416547530813231,0.014572117369167392
Original MF-BCL-SAEA,13,160,0.8429611062373006,0.014650045269203398
Original MF-BCL-SAEA,13,170,0.8461400648403234,0.013470690091763106
Original MF-BCL-SAEA,13,180,0.8470188467203374,0.012789792196804395
Original MF-BCL-SAEA,13,190,0.8542616581025608,0.013349566944789905
Original MF-BCL-SAEA,13,200,0.8589942346938723,0.011247154287204606
Original MF-BCL-SAEA,14,20,0.6668230923502444,0.06118463943394155
Original MF-BCL-SAEA,14,30,0.6933226760849954,0.052506615903076446
Original MF-BCL-SAEA,14,40,0.71427694420709,0.045267766800480266
Original MF-BCL-SAEA,14,50,0.7361573336154859,0.04046143776674337
Original MF-BCL-SAEA,14,60,0.754077411461099,0.035539717391644576
Original MF-BCL-SAEA,14,70,0.770515631457889,0.03184535377573407
Original MF-BCL-SAEA,14,80,0.7818382869810139,0.02839819640573706
Original MF-BCL-SAEA,14,90,0.7925641257021737,0.025828758916811318
Original MF-BCL-SAEA,14,100,0.801598785501206,0.022654024869329055
Original MF-BCL-SAEA,14,110,0.8144383994076826,0.020389184206129913
Original MF-BCL-SAEA,14,120,0.8192813580593074,0.018721433813386285
Original MF-BCL-SAEA,14,130,0.8260759202199336,0.0170530814550339
Original MF-BCL-SAEA,14,140,0.8322526082759603,0.015613131766678723
Original MF-BCL-SAEA,14,150,0.8364123322708478,0.014569983680383217
Original MF-BCL-SAEA,14,160,0.8417023683529453,0.014672794042636602
Original MF-BCL-SAEA,14,170,0.8437541429610768,0.014035586365698391
Original MF-BCL-SAEA,14,180,0.8493952169784439,0.012776254671695818
Original MF-BCL-SAEA,14,190,0.8511841313442158,0.011969719821702595
Original MF-BCL-SAEA,14,200,0.8547034406820483,0.011142899110825976
Original MF-BCL-SAEA,15,20,0.6710476249244155,0.060406332578508304
Original MF-BCL-SAEA,15,30,0.6969003892761445,0.05204690438374207
Original MF-BCL-SAEA,15,40,0.7215600094451773,0.04659522225599041
Original MF-BCL-SAEA,15,50,0.7383984425702889,0.04020425260310285
Original MF-BCL-SAEA,15,60,0.7515572077385003,0.036002923257835065
Original MF-BCL-SAEA,15,70,0.7700661262292556,0.03155848697865443
Original MF-BCL-SAEA,15,80,0.7832243550117957,0.027841867738349863
Original MF-BCL-SAEA,15,90,0.798333157845346,0.025659742422663594
Original MF-BCL-SAEA,15,100,0.8027680063595133,0.023910319614061315
Original MF-BCL-SAEA,15,110,0.814344143275978,0.02063973686819697
Original MF-BCL-SAEA,15,120,0.823206964010854,0.01985311419685637
Original MF-BCL-SAEA,15,130,0.8304487442905627,0.017748588318150384
Original MF-BCL-SAEA,15,140,0.8328365116465891,0.015902368988201982
Original MF-BCL-SAEA,15,150,0.8384939723033337,0.015549010158644279
Original MF-BCL-SAEA,15,160,0.8386133929749662,0.014224187480208091
Original MF-BCL-SAEA,15,170,0.8469278218701304,0.012998855456365328
Original MF-BCL-SAEA,15,180,0.8528080439969287,0.013497409344647385
Original MF-BCL-SAEA,15,190,0.853115880933205,0.01355217829078795
Original MF-BCL-SAEA,15,200,0.8555780374905504,0.011850167100522757
Original MF-BCL-SAEA,16,20,0.6714818336464174,0.06000621478738582
Original MF-BCL-SAEA,16,30,0.7006735833549261,0.05205662086655015
Original MF-BCL-SAEA,16,40,0.7225651165456465,0.045236408266452144
Original MF-BCL-SAEA,16,50,0.7386640024639796,0.04067195316086389
Original MF-BCL-SAEA,16,60,0.7568946897119426,0.035043741762154135
Original MF-BCL-SAEA,16,70,0.7741097134010068,0.03159498025072682
Original MF-BCL-SAEA,16,80,0.7844205451978051,0.027592595120646046
Original MF-BCL-SAEA,16,90,0.7963792092416678,0.025232134384312047
Original MF-BCL-SAEA,16,100,0.8071656996085202,0.02289732718615121
Original MF-BCL-SAEA,16,110,0.8166271561250612,0.02060915885365811
Original MF-BCL-SAEA,16,120,0.8266383032307126,0.01891546169710746
Original MF-BCL-SAEA,16,130,0.8291249385070737,0.017278805192931852
Original MF-BCL-SAEA,16,140,0.8378861469756141,0.017007792534884086
Original MF-BCL-SAEA,16,150,0.8425374167002285,0.015093364912949509
Original MF-BCL-SAEA,16,160,0.8514273226576615,0.015350196782050178
Original MF-BCL-SAEA,16,170,0.8524402962627073,0.012946296551908812
Original MF-BCL-SAEA,16,180,0.8552749747314989,0.012636899758473593
Original MF-BCL-SAEA,16,190,0.8562551403236166,0.012662155802520069
Original MF-BCL-SAEA,16,200,0.8604010996582463,0.011778131962500948
Original MF-BCL-SAEA,17,20,0.6698644458794121,0.06101955568714729
Original MF-BCL-SAEA,17,30,0.6944485766307186,0.054258277903959734
Original MF-BCL-SAEA,17,40,0.7199608348504601,0.045787409984468896
Original MF-BCL-SAEA,17,50,0.7368556841302784,0.03973968514987235
Original MF-BCL-SAEA,17,60,0.7562776040893521,0.03505717904699449
Original MF-BCL-SAEA,17,70,0.7674498576617946,0.03193445228774327
Original MF-BCL-SAEA,17,80,0.7844311939433091,0.029697187532757893
Original MF-BCL-SAEA,17,90,0.7976975937651688,0.025063715171880697
Original MF-BCL-SAEA,17,100,0.8086365520557907,0.02270235916658512
Original MF-BCL-SAEA,17,110,0.816182982841235,0.02067870636032205
Original MF-BCL-SAEA,17,120,0.8251185736933213,0.01860441285139563
Original MF-BCL-SAEA,17,130,0.8322527218932193,0.01725261492085585
Original MF-BCL-SAEA,17,140,0.8386290316535323,0.01579210013840005
Original MF-BCL-SAEA,17,150,0.8425262396482996,0.015297067218624208
Original MF-BCL-SAEA,17,160,0.8470841105580756,0.014204628901402045
Original MF-BCL-SAEA,17,170,0.853259686498073,0.01292567029846853
Original MF-BCL-SAEA,17,180,0.8537267611956982,0.012309293599180747
Original MF-BCL-SAEA,17,190,0.8557464617647599,0.011702221502194925
Original MF-BCL-SAEA,17,200,0.8607847692490458,0.011797390024426199
Original MF-BCL-SAEA,18,20,0.6693407229736161,0.059573935168630264
Original MF-BCL-SAEA,18,30,0.6918483884089619,0.05317452330706923
Original MF-BCL-SAEA,18,40,0.7164952350924045,0.045381735558651576
Original MF-BCL-SAEA,18,50,0.7358753234724518,0.04030045709271862
Original MF-BCL-SAEA,18,60,0.7527020616255922,0.03555479408021985
Original MF-BCL-SAEA,18,70,0.7679207074938974,0.03311164253619548
Original MF-BCL-SAEA,18,80,0.780519280635652,0.027905656385062715
Original MF-BCL-SAEA,18,90,0.7922688754674269,0.02511543438193737
Original MF-BCL-SAEA,18,100,0.80102444881876,0.02306398604619731
Original MF-BCL-SAEA,18,110,0.8089701768887693,0.020281883838975362
Original MF-BCL-SAEA,18,120,0.8217278517800485,0.019168705547625845
Original MF-BCL-SAEA,18,130,0.8210770001725608,0.01753820818278458
Original MF-BCL-SAEA,18,140,0.8296501159481496,0.01652180136182995
Original MF-BCL-SAEA,18,150,0.8350780902271282,0.015041549001213869
Original MF-BCL-SAEA,18,160,0.8397636967403781,0.01385914867987677
Original MF-BCL-SAEA,18,170,0.8441685665142484,0.014406245726570864
Original MF-BCL-SAEA,18,180,0.8513680842404148,0.012389953055951758
Original MF-BCL-SAEA,18,190,0.853261739288691,0.012526312670555175
Original MF-BCL-SAEA,18,200,0.852001394791352,0.011265312163756458
Original MF-BCL-SAEA,19,20,0.6692833729311596,0.05987583383398
Original MF-BCL-SAEA,19,30,0.6961373879834589,0.05181983101995589
Original MF-BCL-SAEA,19,40,0.7171305649448126,0.045883733975106304
Original MF-BCL-SAEA,19,50,0.7387870820289707,0.04074906188995102
Original MF-BCL-SAEA,19,60,0.751857348028165,0.035038384505251326
Original MF-BCL-SAEA,19,70,0.7704778049150341,0.031136950624051286
Original MF-BCL-SAEA,19,80,0.780859938236029,0.028617911069947023
Original MF-BCL-SAEA,19,90,0.7934532427048321,0.02536351874022958
Original MF-BCL-SAEA,19,100,0.8035866811778788,0.023238600800413376
Original MF-BCL-SAEA,19,110,0.813273736491435,0.021414009760321595
Original MF-BCL-SAEA,19,120,0.822353994880017,0.01851356728886339
Original MF-BCL-SAEA,19,130,0.8290883081740177,0.017787434395690183
Original MF-BCL-SAEA,19,140,0.8345754171382598,0.01596217707384258
Original MF-BCL-SAEA,19,150,0.8387382379304228,0.014992866575397017
Original MF-BCL-SAEA,19,160,0.841411589290632,0.014044470674379566
Original MF-BCL-SAEA,19,170,0.844421712523949,0.013042062063998848
Original MF-BCL-SAEA,19,180,0.8450694666163819,0.012306359399059675
Original MF-BCL-SAEA,19,190,0.8551162578400432,0.013289044969816166
Original MF-BCL-SAEA,19,200,0.8575435556090342,0.012221871973187411
Original MF-BCL-SAEA,20,20,0.667546019998018,0.05996251757630369
Original MF-BCL-SAEA,20,30,0.6928411894634806,0.05211326203170173
Original MF-BCL-SAEA,20,40,0.7166368866570363,0.045544054478806405
Original MF-BCL-SAEA,20,50,0.7354299364303621,0.04022716443633846
Original MF-BCL-SAEA,20,60,0.7529560171042247,0.03548892320177377
Original MF-BCL-SAEA,20,70,0.7681155890687827,0.031067538296351144
Original MF-BCL-SAEA,20,80,0.7800613794006148,0.028715951590442244
Original MF-BCL-SAEA,20,90,0.7949012133457429,0.024958419866185043
Original MF-BCL-SAEA,20,100,0.8063060408032775,0.022326468983040842
Original MF-BCL-SAEA,20,110,0.8106822714993209,0.020680180365119656
Original MF-BCL-SAEA,20,120,0.8185319262077128,0.019334035736942062
Original MF-BCL-SAEA,20,130,0.8235582468277324,0.017554284895698886
Original MF-BCL-SAEA,20,140,0.83342049119388,0.016372330435989558
Original MF-BCL-SAEA,20,150,0.8371232216745345,0.014892471290637636
Original MF-BCL-SAEA,20,160,0.8449430841097422,0.014614799024320443
Original MF-BCL-SAEA,20,170,0.8455393369239198,0.013042004787284686
Original MF-BCL-SAEA,20,180,0.8499832757139728,0.013040018216531316
Original MF-BCL-SAEA,20,190,0.8516055149643642,0.011584901174611912
Original MF-BCL-SAEA,20,200,0.853023132330681,0.011131470425822642
Original MF-BCL-SAEA,21,20,0.6727081841619627,0.05943818776336595
Original MF-BCL-SAEA,21,30,0.6987508851527031,0.05179137000133276
Original MF-BCL-SAEA,21,40,0.7172799228708227,0.045451210775897234
Original MF-BCL-SAEA,21,50,0.7349997147276537,0.04027589562276334
Original MF-BCL-SAEA,21,60,0.7536037887707757,0.03618050890887243
Original MF-BCL-SAEA,21,70,0.7647499925629446,0.03147580187553206
Original MF-BCL-SAEA,21,80,0.7786109376443082,0.028218569387359754
Original MF-BCL-SAEA,21,90,0.7895275396083282,0.026003679213061705
Original MF-BCL-SAEA,21,100,0.8043707004096314,0.022932730704260655
Original MF-BCL-SAEA,21,110,0.8076959982814188,0.020989145972608644
Original MF-BCL-SAEA,21,120,0.8123313206960222,0.018716578111818528
Original MF-BCL-SAEA,21,130,0.8212369656934692,0.016916831446330403
Original MF-BCL-SAEA,21,140,0.8279793314346757,0.016326804360022377
Original MF-BCL-SAEA,21,150,0.8346090032206372,0.014589427828109442
Original MF-BCL-SAEA,21,160,0.8396992138392072,0.01460380127860126
Original MF-BCL-SAEA,21,170,0.8412913269706929,0.012910260104426675
Original MF-BCL-SAEA,21,180,0.8430915179239644,0.01230708657367582
Original MF-BCL-SAEA,21,190,0.8502239566496594,0.011587321892149172
Original MF-BCL-SAEA,21,200,0.8521346005467979,0.011583798727479014
Original MF-BCL-SAEA,22,20,0.671829308653054,0.059611024159990665
Original MF-BCL-SAEA,22,30,0.6949139431123931,0.052277932902969296
Original MF-BCL-SAEA,22,40,0.7208521992537086,0.04585442197187359
Original MF-BCL-SAEA,22,50,0.7383489417621801,0.03978661007980479
Original MF-BCL-SAEA,22,60,0.7560337085964752,0.0362640101035597
Original MF-BCL-SAEA,22,70,0.7735466436560233,0.03241531141795593
Original MF-BCL-SAEA,22,80,0.7842203804313561,0.028854954200395386
Original MF-BCL-SAEA,22,90,0.796241357127706,0.025664031588285147
Original MF-BCL-SAEA,22,100,0.8089377268668979,0.02346599023507637
Original MF-BCL-SAEA,22,110,0.8147164705997367,0.020222563419413107
Original MF-BCL-SAEA,22,120,0.8223966773011077,0.01908184389978898
Original MF-BCL-SAEA,22,130,0.8278623445081756,0.01718481222694898
Original MF-BCL-SAEA,22,140,0.8357354128138773,0.016233470889223754
Original MF-BCL-SAEA,22,150,0.8398731809762882,0.015099355863960419
Original MF-BCL-SAEA,22,160,0.8425866345335186,0.013891119606640412
Original MF-BCL-SAEA,22,170,0.8467731034882513,0.013567102339654588
Original MF-BCL-SAEA,22,180,0.8547623480367054,0.012148464687009098
Original MF-BCL-SAEA,22,190,0.8537723406751294,0.011864854439361363
Original MF-BCL-SAEA,22,200,0.8544094413468226,0.011392409959900483
Original MF-BCL-SAEA,23,20,0.6701117097963817,0.05946339373125094
Original MF-BCL-SAEA,23,30,0.6973687935890851,0.05187827114640191
Original MF-BCL-SAEA,23,40,0.7173985946854259,0.04557149933556717
Original MF-BCL-SAEA,23,50,0.7397367292262116,0.03990553988010935
Original MF-BCL-SAEA,23,60,0.758479844039193,0.035021530785244566
Original MF-BCL-SAEA,23,70,0.7676109759799299,0.031927711075214735
Original MF-BCL-SAEA,23,80,0.7836957033901485,0.027874975737422293
Original MF-BCL-SAEA,23,90,0.793940550745057,0.024991471861339494
Original MF-BCL-SAEA,23,100,0.8096594586573177,0.02314762806485308
Original MF-BCL-SAEA,23,110,0.8136765645785207,0.02025804478748587
Original MF-BCL-SAEA,23,120,0.8208987453758974,0.019403107117198115
Original MF-BCL-SAEA,23,130,0.8262726288299787,0.01840107256014287
Original MF-BCL-SAEA,23,140,0.8320400962724875,0.016164599959774754
Original MF-BCL-SAEA,23,150,0.8401099219744973,0.015332445306335575
Original MF-BCL-SAEA,23,160,0.8441588126150381,0.013758465380116634
Original MF-BCL-SAEA,23,170,0.8477281917438128,0.013428813497208189
Original MF-BCL-SAEA,23,180,0.8493929098380388,0.012160522236520687
Original MF-BCL-SAEA,23,190,0.8558425494310781,0.012253358431906185
Original MF-BCL-SAEA,23,200,0.8576120266468692,0.012803849783547016
Original MF-BCL-SAEA,24,20,0.6660039754108515,0.05948012159940552
Original MF-BCL-SAEA,24,30,0.697181996768146,0.0519010892188682
Original MF-BCL-SAEA,24,40,0.7202411441147656,0.046805619364506584
Original MF-BCL-SAEA,24,50,0.7391707809068989,0.04121553296954832
Original MF-BCL-SAEA,24,60,0.7571011803869756,0.03611145144404517
Original MF-BCL-SAEA,24,70,0.7701176642882144,0.031145173745860358
Original MF-BCL-SAEA,24,80,0.7876253295149755,0.027718453630292218
Original MF-BCL-SAEA,24,90,0.7989108277932475,0.02526585036157948
Original MF-BCL-SAEA,24,100,0.8052377724276697,0.022771585337277387
Original MF-BCL-SAEA,24,110,0.819064952569416,0.020842343180545793
Original MF-BCL-SAEA,24,120,0.8274712787365262,0.02005480165051199
Original MF-BCL-SAEA,24,130,0.8323085263538488,0.01759671424066503
Original MF-BCL-SAEA,24,140,0.8332887404985468,0.01627715858667217
Original MF-BCL-SAEA,24,150,0.8422286177759125,0.015410183302683
Original MF-BCL-SAEA,24,160,0.8440048423830872,0.013842859970358739
Original MF-BCL-SAEA,24,170,0.849463602164618,0.012947584262318282
Original MF-BCL-SAEA,24,180,0.8525042694712346,0.01299789845026614
Original MF-BCL-SAEA,24,190,0.8600403411824468,0.012662212525037686
Original MF-BCL-SAEA,24,200,0.8599192950015174,0.011776956009170489
Original MF-BCL-SAEA,25,20,0.6683045170572328,0.05938987279006724
Original MF-BCL-SAEA,25,30,0.6973517607724962,0.05213837179126105
Original MF-BCL-SAEA,25,40,0.7198357688454807,0.04523113661115731
Original MF-BCL-SAEA,25,50,0.7369606434586433,0.04140268537163154
Original MF-BCL-SAEA,25,60,0.7588397775823786,0.03563277188968582
Original MF-BCL-SAEA,25,70,0.771729617946494,0.031131903416560434
Original MF-BCL-SAEA,25,80,0.782575401678231,0.027753181155545908
Original MF-BCL-SAEA,25,90,0.792395752821963,0.0254229977085813
Original MF-BCL-SAEA,25,100,0.8043919603294917,0.02268014176986782
Original MF-BCL-SAEA,25,110,0.8139353845633782,0.02034465061270554
Original MF-BCL-SAEA,25,120,0.8214182873200156,0.019429331798214246
Original MF-BCL-SAEA,25,130,0.8305585117132819,0.017531776209304677
Original MF-BCL-SAEA,25,140,0.832061381946724,0.016357033194602077
Original MF-BCL-SAEA,25,150,0.8408991117934731,0.014693155398964295
Original MF-BCL-SAEA,25,160,0.8395430148199449,0.01401343299245002
Original MF-BCL-SAEA,25,170,0.8441740190119071,0.01364849924083919
Original MF-BCL-SAEA,25,180,0.8498458715336438,0.013284772082893614
Original MF-BCL-SAEA,25,190,0.8560362473295233,0.011895460019954104
Original MF-BCL-SAEA,25,200,0.85268729018066,0.01132442485514242
Original MF-BCL-SAEA,26,20,0.6694677343291361,0.06034455730677905
Original MF-BCL-SAEA,26,30,0.6942015941384563,0.05217024449427816
Original MF-BCL-SAEA,26,40,0.7190308642485321,0.04656292921470395
Original MF-BCL-SAEA,26,50,0.7363025888054999,0.04046907879706854
Original MF-BCL-SAEA,26,60,0.7559617101058483,0.035773313611381204
Original MF-BCL-SAEA,26,70,0.7702618380585904,0.0319861162458308
Original MF-BCL-SAEA,26,80,0.7818584849751141,0.027963691929843545
Original MF-BCL-SAEA,26,90,0.7911025583823564,0.024946839033431756
Original MF-BCL-SAEA,26,100,0.8061944718001274,0.02339159799526448
Original MF-BCL-SAEA,26,110,0.8111989033365922,0.021440879301261553
Original MF-BCL-SAEA,26,120,0.8231395982536137,0.01865418852002145
Original MF-BCL-SAEA,26,130,0.8265748020212976,0.0171694598737385
Original MF-BCL-SAEA,26,140,0.8318949286792138,0.017120654635284102
Original MF-BCL-SAEA,26,150,0.8382487953195717,0.01504056537721517
Original MF-BCL-SAEA,26,160,0.8418881089638843,0.014901283089211442
Original MF-BCL-SAEA,26,170,0.8482115739327674,0.01329128949998209
Original MF-BCL-SAEA,26,180,0.8479189405449866,0.012666781852951517
Original MF-BCL-SAEA,26,190,0.8495656609069752,0.01183799013117794
Original MF-BCL-SAEA,26,200,0.8563955307707138,0.01199465980332643
Original MF-BCL-SAEA,27,20,0.673415115750941,0.06009438411606211
Original MF-BCL-SAEA,27,30,0.6961855337083348,0.05288331872630641
Original MF-BCL-SAEA,27,40,0.7180424750784341,0.04525224410591628
Original MF-BCL-SAEA,27,50,0.7359939530851664,0.039772390158809776
Original MF-BCL-SAEA,27,60,0.751665978257756,0.03586870152151797
Original MF-BCL-SAEA,27,70,0.7681353797479636,0.031558722530145966
Original MF-BCL-SAEA,27,80,0.7813829913795869,0.02796803798837712
Original MF-BCL-SAEA,27,90,0.7950027746771671,0.025182061803976745
Original MF-BCL-SAEA,27,100,0.8033787985982587,0.02319386244443996
Original MF-BCL-SAEA,27,110,0.8113266054460391,0.020289602246032146
Original MF-BCL-SAEA,27,120,0.8202150295927031,0.018584025290683495
Original MF-BCL-SAEA,27,130,0.8278007354508835,0.016994088665536807
Original MF-BCL-SAEA,27,140,0.8358099118746664,0.015815407394096783
Original MF-BCL-SAEA,27,150,0.8414795580713404,0.015215584689977213
Original MF-BCL-SAEA,27,160,0.8441361019323592,0.013931513509547787
Original MF-BCL-SAEA,27,170,0.8465655876961706,0.014424952540506677
Original MF-BCL-SAEA,27,180,0.8496833389173809,0.013453814373048524
Original MF-BCL-SAEA,27,190,0.8505635689013934,0.01203866587238942
Original MF-BCL-SAEA,27,200,0.8543865312960273,0.011270800674808215
Original MF-BCL-SAEA,28,20,0.6692430338801606,0.06064896420597688
Original MF-BCL-SAEA,28,30,0.698351910794005,0.05250827024421144
Original MF-BCL-SAEA,28,40,0.7172392736091919,0.04549152562363552
Original MF-BCL-SAEA,28,50,0.7322999647324131,0.04109905929839803
Original MF-BCL-SAEA,28,60,0.7543697051509417,0.03539779103163903
Original MF-BCL-SAEA,28,70,0.7710270695452804,0.031822094031229
Original MF-BCL-SAEA,28,80,0.7818757450615579,0.028101150795224236
Original MF-BCL-SAEA,28,90,0.7876955300638285,0.025495758656288357
Original MF-BCL-SAEA,28,100,0.8038254339500766,0.022455393887607252
Original MF-BCL-SAEA,28,110,0.8113821654884144,0.020653837124589968
Original MF-BCL-SAEA,28,120,0.8209875243496919,0.019086895136757945
Original MF-BCL-SAEA,28,130,0.8273100589998318,0.018031351272554626
Original MF-BCL-SAEA,28,140,0.8315840281443759,0.016917363042752022
Original MF-BCL-SAEA,28,150,0.8349900056871271,0.01610745776379385
Original MF-BCL-SAEA,28,160,0.8416833806962808,0.014646914110528484
Original MF-BCL-SAEA,28,170,0.8434417256987232,0.013211708501517056
Original MF-BCL-SAEA,28,180,0.8495904602839385,0.0131125915615146
Original MF-BCL-SAEA,28,190,0.8493607072902181,0.012888997043494959
Original MF-BCL-SAEA,28,200,0.8597309115455283,0.011461950843496502
Original MF-BCL-SAEA,29,20,0.6707049423755095,0.05955864224845638
Original MF-BCL-SAEA,29,30,0.6993162920036708,0.05256928910094792
Original MF-BCL-SAEA,29,40,0.7167702886478075,0.045750857928083095
Original MF-BCL-SAEA,29,50,0.7361774124459013,0.039879220443911026
Original MF-BCL-SAEA,29,60,0.7542232124766227,0.035397579899968855
Original MF-BCL-SAEA,29,70,0.7664700456603176,0.031648232074134246
Original MF-BCL-SAEA,29,80,0.7821854215885534,0.02954956370384899
Original MF-BCL-SAEA,29,90,0.7948754041365964,0.026310425139449464
Original MF-BCL-SAEA,29,100,0.8041311678529467,0.02236048728440806
Original MF-BCL-SAEA,29,110,0.8141053685144884,0.020707879886610506
Original MF-BCL-SAEA,29,120,0.8178882320984626,0.01877770802965265
Original MF-BCL-SAEA,29,130,0.8258751578435777,0.017618964739170052
Original MF-BCL-SAEA,29,140,0.83407104472279,0.015644148288503912
Original MF-BCL-SAEA,29,150,0.836059512150727,0.014880017467590968
Original MF-BCL-SAEA,29,160,0.8395558752435156,0.0141491103784386
Original MF-BCL-SAEA,29,170,0.8403730552491385,0.013851823471477731
Original MF-BCL-SAEA,29,180,0.8490966919499654,0.01339120578048917
Original MF-BCL-SAEA,29,190,0.8521045198246141,0.012324626901902676
Original MF-BCL-SAEA,29,200,0.8525454209199315,0.011460009238667692
Original MF-BCL-SAEA,30,20,0.6704356395633045,0.059372360831528415
Original MF-BCL-SAEA,30,30,0.6886114300561276,0.05368850258945091
Original MF-BCL-SAEA,30,40,0.7153126188753294,0.04548950792751012
Original MF-BCL-SAEA,30,50,0.7326892438562579,0.0408206107191994
Original MF-BCL-SAEA,30,60,0.747461929490622,0.03515669993633645
Original MF-BCL-SAEA,30,70,0.7632571703075423,0.03213449008899375
Original MF-BCL-SAEA,30,80,0.7762086543269372,0.02921496643226896
Original MF-BCL-SAEA,30,90,0.7866119725797455,0.025864887986654383
Original MF-BCL-SAEA,30,100,0.7940534053284719,0.022429241044368237
Original MF-BCL-SAEA,30,110,0.8044676076108062,0.020543367587447882
Original MF-BCL-SAEA,30,120,0.8108177702864009,0.018615832667320666
Original MF-BCL-SAEA,30,130,0.8180486148051006,0.017088441323056484
Original MF-BCL-SAEA,30,140,0.8218980666702066,0.01561191681394973
Original MF-BCL-SAEA,30,150,0.8298016602219427,0.0158199525678728
Original MF-BCL-SAEA,30,160,0.8327231463215359,0.013910532459037664
Original MF-BCL-SAEA,30,170,0.8379297304190719,0.013757353028682438
Original MF-BCL-SAEA,30,180,0.8380413256850046,0.0131032241009721
Original MF-BCL-SAEA,30,190,0.8404371214474217,0.01286057170790461
Original MF-BCL-SAEA,30,200,0.8464792538621215,0.011420843758990594
ParEGO-GP,1,20,0.6666583377081963,0.062322260615677305
ParEGO-GP,1,30,0.6849474642804838,0.05482668573764509
ParEGO-GP,1,40,0.7026360302178013,0.04876653624660338
ParEGO-GP,1,50,0.7189491627718844,0.043727802991173265
ParEGO-GP,1,60,0.7364876955680848,0.039261715682968844
ParEGO-GP,1,70,0.7471845134337114,0.035774070712293195
ParEGO-GP,1,80,0.7639694503175226,0.032535120480912734
ParEGO-GP,1,90,0.7680716029479047,0.02957215667369522
ParEGO-GP,1,100,0.7817890320976952,0.027043040932692834
ParEGO-GP,1,110,0.7877365025433283,0.02456295004720455
ParEGO-GP,1,120,0.7954319892646098,0.022503293810686054
ParEGO-GP,1,130,0.8025198005528369,0.020684562887304903
ParEGO-GP,1,140,0.8086548533632296,0.019652321732518047
ParEGO-GP,1,150,0.812944116362121,0.018491013330058242
ParEGO-GP,1,160,0.8163869744878087,0.01758408436483233
ParEGO-GP,1,170,0.8191460748683104,0.016256417655490112
ParEGO-GP,1,180,0.8258926644452594,0.015744529730494478
ParEGO-GP,1,190,0.8322325378818024,0.015095380482040325
ParEGO-GP,1,200,0.8310655276433622,0.014606560685805814
ParEGO-GP,2,20,0.6626835227850733,0.06220613420935072
ParEGO-GP,2,30,0.6889224352369108,0.05650648563382056
ParEGO-GP,2,40,0.7085702502032069,0.0503974183017131
ParEGO-GP,2,50,0.7240890751056314,0.04410542663391037
ParEGO-GP,2,60,0.7409761964705848,0.04049556028652722
ParEGO-GP,2,70,0.7526057529400574,0.0353110835870479
ParEGO-GP,2,80,0.7630436069498331,0.03174188120161595
ParEGO-GP,2,90,0.7720460770562326,0.029050425413086316
ParEGO-GP,2,100,0.786883233821453,0.026612565129351937
ParEGO-GP,2,110,0.7914237515626147,0.024512792186888687
ParEGO-GP,2,120,0.7963496334822944,0.02295716382392586
ParEGO-GP,2,130,0.8060282663410909,0.020570942060796824
ParEGO-GP,2,140,0.8124787222942725,0.020006913823070682
ParEGO-GP,2,150,0.8154063555170958,0.017913521937288738
ParEGO-GP,2,160,0.8279295992245026,0.01819728464412624
ParEGO-GP,2,170,0.8312301106400818,0.015962251199588464
ParEGO-GP,2,180,0.8285752401258034,0.01591541628680078
ParEGO-GP,2,190,0.8362244756485907,0.015098368553190982
ParEGO-GP,2,200,0.8356781315244719,0.014688795401955689
ParEGO-GP,3,20,0.6689202646123773,0.06280515000104007
ParEGO-GP,3,30,0.6849147932795641,0.05511232983615899
ParEGO-GP,3,40,0.7061720638008905,0.04914494788974545
ParEGO-GP,3,50,0.7222083503297125,0.04423901026934338
ParEGO-GP,3,60,0.7368694344071637,0.03952934678380915
ParEGO-GP,3,70,0.7474399276457154,0.03546506417608029
ParEGO-GP,3,80,0.7604808188638756,0.03262686382147203
ParEGO-GP,3,90,0.7701944134474672,0.028897781480472732
ParEGO-GP,3,100,0.7787719362547114,0.027726499097643322
ParEGO-GP,3,110,0.7880257444413821,0.024936527946676546
ParEGO-GP,3,120,0.797057781465422,0.023051944334498836
ParEGO-GP,3,130,0.8019667531602221,0.020706436666694174
ParEGO-GP,3,140,0.8074370097284896,0.019418194943163054
ParEGO-GP,3,150,0.813004568093487,0.018562178636881435
ParEGO-GP,3,160,0.8197240824452471,0.016866826703927106
ParEGO-GP,3,170,0.8219121131330699,0.0157984689336786
ParEGO-GP,3,180,0.826251517719274,0.01504224821727403
ParEGO-GP,3,190,0.8279917427367256,0.014700238137706498
ParEGO-GP,3,200,0.8314437982459632,0.0141712865135848
ParEGO-GP,4,20,0.6617980358359858,0.06405813253869135
ParEGO-GP,4,30,0.6852754916876224,0.05567352297643189
ParEGO-GP,4,40,0.7030556405199178,0.04887382142879555
ParEGO-GP,4,50,0.7205639001957405,0.04364222492180469
ParEGO-GP,4,60,0.7342359653313076,0.04006979370850893
ParEGO-GP,4,70,0.7453010630952003,0.0360717766019056
ParEGO-GP,4,80,0.7618329509376546,0.03195587709069317
ParEGO-GP,4,90,0.7709481790484651,0.029151064150415337
ParEGO-GP,4,100,0.7807202777088038,0.02708829379859775
ParEGO-GP,4,110,0.7894961141122941,0.024881988373366068
ParEGO-GP,4,120,0.79278638758316,0.022982710003690135
ParEGO-GP,4,130,0.8013671940334453,0.02086163454785923
ParEGO-GP,4,140,0.8081188462602819,0.01933142110179965
ParEGO-GP,4,150,0.8080205954479334,0.01847421705591751
ParEGO-GP,4,160,0.8145580706280946,0.01708624611005321
ParEGO-GP,4,170,0.8181053482457935,0.016268541931955104
ParEGO-GP,4,180,0.8210835428318985,0.0153564905519163
ParEGO-GP,4,190,0.8276161460478668,0.01528756035239893
ParEGO-GP,4,200,0.8282098894539327,0.014548572868668796
ParEGO-GP,5,20,0.6629139123258185,0.06172928693838956
ParEGO-GP,5,30,0.6848761992193717,0.054911590150342304
ParEGO-GP,5,40,0.7067942662793386,0.049228376585485865
ParEGO-GP,5,50,0.7249790922627757,0.04369979342654413
ParEGO-GP,5,60,0.7377569328162494,0.039500669082353765
ParEGO-GP,5,70,0.7495528708865083,0.03603572909022955
ParEGO-GP,5,80,0.7612722301298622,0.03212107702790697
ParEGO-GP,5,90,0.7678837610523073,0.02922967046184232
ParEGO-GP,5,100,0.7801322298464262,0.027046628689385163
ParEGO-GP,5,110,0.7894616023683402,0.024100302750904086
ParEGO-GP,5,120,0.7978688847243313,0.022175658745903323
ParEGO-GP,5,130,0.8025364105655125,0.02074171763661388
ParEGO-GP,5,140,0.809345580928422,0.01963099762444154
ParEGO-GP,5,150,0.8143243715939729,0.017987208693103423
ParEGO-GP,5,160,0.8193386118202315,0.01815760940252319
ParEGO-GP,5,170,0.8229137035546121,0.016087765735684195
ParEGO-GP,5,180,0.8258549480173304,0.015145461160150156
ParEGO-GP,5,190,0.8320317576964593,0.014955739561325182
ParEGO-GP,5,200,0.8353436222989709,0.013973169078947514
ParEGO-GP,6,20,0.666431536525675,0.06233656725555085
ParEGO-GP,6,30,0.6814992950346153,0.055064110482590654
ParEGO-GP,6,40,0.7072070738338638,0.05027037168012267
ParEGO-GP,6,50,0.723117824229975,0.04488957923454899
ParEGO-GP,6,60,0.7376835061074339,0.03929340645780267
ParEGO-GP,6,70,0.7507356248367489,0.035994757906435006
ParEGO-GP,6,80,0.7615520006737522,0.03198597327728262
ParEGO-GP,6,90,0.7743251467509745,0.03013591977745926
ParEGO-GP,6,100,0.7824652475659969,0.027055993299289628
ParEGO-GP,6,110,0.7876746642625572,0.024503801319656824
ParEGO-GP,6,120,0.797091268902267,0.022724218542008057
ParEGO-GP,6,130,0.805174565621955,0.021245897888464302
ParEGO-GP,6,140,0.8109439914653624,0.019657906270846414
ParEGO-GP,6,150,0.8119480380639367,0.017810193176326285
ParEGO-GP,6,160,0.8145318794929097,0.0168072609379123
ParEGO-GP,6,170,0.8246511060103275,0.015890190943160697
ParEGO-GP,6,180,0.8249632845569698,0.015013232783442541
ParEGO-GP,6,190,0.8315809897178345,0.014534929082174112
ParEGO-GP,6,200,0.8344525094808364,0.014095463762648357
ParEGO-GP,7,20,0.6637638129223917,0.06201427915407938
ParEGO-GP,7,30,0.6856131072461111,0.05523672333259181
ParEGO-GP,7,40,0.7078383100262928,0.04876641586224179
ParEGO-GP,7,50,0.7199801804745839,0.043910164878131014
ParEGO-GP,7,60,0.7411186019285195,0.03936483218281924
ParEGO-GP,7,70,0.7527296000262603,0.035742012083282086
ParEGO-GP,7,80,0.7629062180978992,0.032605069529791864
ParEGO-GP,7,90,0.7720379547014391,0.03015904440680445
ParEGO-GP,7,100,0.7847317690724029,0.026484735163822732
ParEGO-GP,7,110,0.7937115505947798,0.025213393538957525
ParEGO-GP,7,120,0.8005928684769458,0.02294335136051896
ParEGO-GP,7,130,0.8098754583810567,0.021636303486566616
ParEGO-GP,7,140,0.8154075637225842,0.020012758527103443
ParEGO-GP,7,150,0.817297568273526,0.01801833162541635
ParEGO-GP,7,160,0.8205274347152072,0.01795852899867885
ParEGO-GP,7,170,0.8267918565195658,0.016310328037482485
ParEGO-GP,7,180,0.8317322393069905,0.015095467566569036
ParEGO-GP,7,190,0.8371451894843628,0.014380993080170094
ParEGO-GP,7,200,0.8398730369980139,0.014035573572704962
ParEGO-GP,8,20,0.6643141559286597,0.06233044091308871
ParEGO-GP,8,30,0.6870118144861855,0.0554592650680521
ParEGO-GP,8,40,0.7027479983925445,0.0492883376700824
ParEGO-GP,8,50,0.7209089282680418,0.044253625587963065
ParEGO-GP,8,60,0.7328837569312838,0.03966898458690911
ParEGO-GP,8,70,0.7503018498275863,0.03607384172528648
ParEGO-GP,8,80,0.7564227615281564,0.03251951178347521
ParEGO-GP,8,90,0.769179943270135,0.029281460869243995
ParEGO-GP,8,100,0.7787334404096355,0.026427475594496742
ParEGO-GP,8,110,0.7855794912637806,0.024298778152206633
ParEGO-GP,8,120,0.7949620619330918,0.023835520853618515
ParEGO-GP,8,130,0.8035049555058073,0.02059945873579303
ParEGO-GP,8,140,0.8092414528865661,0.020292096587360538
ParEGO-GP,8,150,0.8129854822386792,0.018883981938119777
ParEGO-GP,8,160,0.8186132814032612,0.01727562573782576
ParEGO-GP,8,170,0.820043637135206,0.016359591604676253
ParEGO-GP,8,180,0.8260642667051189,0.015509622969418746
ParEGO-GP,8,190,0.8283860973772745,0.016238613536516008
ParEGO-GP,8,200,0.8321490718219141,0.01460289383544324
ParEGO-GP,9,20,0.6606931309717781,0.06275298930471164
ParEGO-GP,9,30,0.687678381349359,0.05529257158717063
ParEGO-GP,9,40,0.7042157007943337,0.04882731540674682
ParEGO-GP,9,50,0.7257308077758624,0.04465293520000416
ParEGO-GP,9,60,0.7313190580573834,0.039041927664920366
ParEGO-GP,9,70,0.7510341308439938,0.036247059450061285
ParEGO-GP,9,80,0.7602752115476735,0.03216278079763927
ParEGO-GP,9,90,0.771239500378171,0.029273235670521203
ParEGO-GP,9,100,0.7830814427006798,0.02637193079536575
ParEGO-GP,9,110,0.7893535579389129,0.025567931544597494
ParEGO-GP,9,120,0.7982914978436483,0.022326505970128613
ParEGO-GP,9,130,0.802696933501258,0.020990006702378047
ParEGO-GP,9,140,0.8059538525200325,0.019314438170716385
ParEGO-GP,9,150,0.8098203961813569,0.018995428829672166
ParEGO-GP,9,160,0.8143932577617017,0.018446808959699124
ParEGO-GP,9,170,0.8232727694536367,0.016588105099940735
ParEGO-GP,9,180,0.8249152877429003,0.015872675794223304
ParEGO-GP,9,190,0.8259492212755869,0.015318755139038099
ParEGO-GP,9,200,0.8311158586100856,0.014449018023238284
ParEGO-GP,10,20,0.6617825904482082,0.06208515382148515
ParEGO-GP,10,30,0.6863201630438588,0.0558114585677403
ParEGO-GP,10,40,0.7076153637538687,0.049058986131481803
ParEGO-GP,10,50,0.7241818779215615,0.0436471703109236
ParEGO-GP,10,60,0.7394230050626657,0.03992005655376934
ParEGO-GP,10,70,0.7520355127307297,0.03536350256703414
ParEGO-GP,10,80,0.7660769760123661,0.03187549874607744
ParEGO-GP,10,90,0.7750950659826893,0.030319873852508047
ParEGO-GP,10,100,0.7847474936490555,0.026401267796273227
ParEGO-GP,10,110,0.7916914543602951,0.024468828245656844
ParEGO-GP,10,120,0.8035856109614031,0.0223603962903902
ParEGO-GP,10,130,0.8014239742894579,0.02114708386127541
ParEGO-GP,10,140,0.8123201676226828,0.019783909407011666
ParEGO-GP,10,150,0.8173124395036342,0.01821915316035241
ParEGO-GP,10,160,0.8208157626784591,0.01750656627721694
ParEGO-GP,10,170,0.8240913404428752,0.016240734301947755
ParEGO-GP,10,180,0.8250812480568964,0.01587302915791261
ParEGO-GP,10,190,0.8310566213486268,0.014682735408703499
ParEGO-GP,10,200,0.8361903589677948,0.014452608023577469
ParEGO-GP,11,20,0.6634435044877846,0.06185105910463642
ParEGO-GP,11,30,0.6815715417421241,0.05637836305038847
ParEGO-GP,11,40,0.70297437098494,0.04969432357958071
ParEGO-GP,11,50,0.7154099786643117,0.04428060045517545
ParEGO-GP,11,60,0.7363247538801929,0.03937874582902986
ParEGO-GP,11,70,0.7478162527031209,0.03647031844323743
ParEGO-GP,11,80,0.7544323613184281,0.031747115411908056
ParEGO-GP,11,90,0.7697794209183471,0.03025092007518473
ParEGO-GP,11,100,0.7760289474617715,0.026337961526422125
ParEGO-GP,11,110,0.7865131743291742,0.02444698284140542
ParEGO-GP,11,120,0.7910109294252489,0.022563286227138546
ParEGO-GP,11,130,0.7995773238811834,0.022311807633474914
ParEGO-GP,11,140,0.8059241619610802,0.019466788730855583
ParEGO-GP,11,150,0.8102767914175812,0.020176457433889385
ParEGO-GP,11,160,0.8150355071184464,0.01688220285896037
ParEGO-GP,11,170,0.8221198945551171,0.01697510369153096
ParEGO-GP,11,180,0.8220880785130815,0.015094177941873146
ParEGO-GP,11,190,0.8242445319102031,0.015254236950782457
ParEGO-GP,11,200,0.8265441128014609,0.014236906464097646
ParEGO-GP,12,20,0.6621352964385295,0.06234016579339091
ParEGO-GP,12,30,0.6861802076001114,0.055247068150218195
ParEGO-GP,12,40,0.7017018645391621,0.04897360664751584
ParEGO-GP,12,50,0.7232978314653452,0.043574183746825326
ParEGO-GP,12,60,0.7342268843714528,0.039567558847252354
ParEGO-GP,12,70,0.7500377541892611,0.03676720644246653
ParEGO-GP,12,80,0.7628602579618136,0.033297559512248505
ParEGO-GP,12,90,0.775557789659452,0.030279077786505754
ParEGO-GP,12,100,0.7858536718911106,0.026801371926733368
ParEGO-GP,12,110,0.7909894168864211,0.025562864630837748
ParEGO-GP,12,120,0.800457396663674,0.023297322641837117
ParEGO-GP,12,130,0.8031522655816743,0.02155343376860941
ParEGO-GP,12,140,0.8101067762037386,0.019657329491395464
ParEGO-GP,12,150,0.8174371032450207,0.018481446887445623
ParEGO-GP,12,160,0.8240676281408844,0.01737269860947764
ParEGO-GP,12,170,0.8227418278065552,0.01674876787191756
ParEGO-GP,12,180,0.8298487776010217,0.015662163633504297
ParEGO-GP,12,190,0.8277286103047156,0.015205851981123942
ParEGO-GP,12,200,0.8330274472234346,0.01391864900185168
ParEGO-GP,13,20,0.6627464365958597,0.06199430318047129
ParEGO-GP,13,30,0.6810789006953339,0.056456045868708005
ParEGO-GP,13,40,0.7086728569262735,0.04888396380144769
ParEGO-GP,13,50,0.7187708495147026,0.04588697421251004
ParEGO-GP,13,60,0.7348225830130692,0.03905931370407218
ParEGO-GP,13,70,0.7481176313031321,0.03550348052411201
ParEGO-GP,13,80,0.7613152193914375,0.033414296568430056
ParEGO-GP,13,90,0.7754347750854673,0.029681062956014307
ParEGO-GP,13,100,0.7825289176709085,0.026466853305811954
ParEGO-GP,13,110,0.7937432488781416,0.025250397957060394
ParEGO-GP,13,120,0.7945699153669441,0.02228244601520718
ParEGO-GP,13,130,0.8055683574449837,0.021059012983504054
ParEGO-GP,13,140,0.8102426014993429,0.019699587743229375
ParEGO-GP,13,150,0.8091462100301959,0.018396030166094993
ParEGO-GP,13,160,0.8188296711422952,0.01673746209923722
ParEGO-GP,13,170,0.8249108257543096,0.01588451569937884
ParEGO-GP,13,180,0.8282874644157117,0.015125999849801326
ParEGO-GP,13,190,0.8299538428025086,0.014463344630029578
ParEGO-GP,13,200,0.8339669702802905,0.014301498799807903
ParEGO-GP,14,20,0.6649596086070989,0.062175401092637715
ParEGO-GP,14,30,0.6829416447680711,0.055952865356706044
ParEGO-GP,14,40,0.7017507100174786,0.05103261098502654
ParEGO-GP,14,50,0.718070153754944,0.04440744592830591
ParEGO-GP,14,60,0.7326799139314052,0.040305795811246756
ParEGO-GP,14,70,0.7477697356171338,0.03581173469861663
ParEGO-GP,14,80,0.7581228389634307,0.03204327615316024
ParEGO-GP,14,90,0.7687200171391487,0.029491799010515938
ParEGO-GP,14,100,0.7770031365988581,0.026427878323946618
ParEGO-GP,14,110,0.7894213594640349,0.02450738639383368
ParEGO-GP,14,120,0.7957759332287191,0.02244455779824353
ParEGO-GP,14,130,0.803827554414391,0.02070147662265564
ParEGO-GP,14,140,0.8083137494731235,0.02020928175970685
ParEGO-GP,14,150,0.8140377950958538,0.01845534486701062
ParEGO-GP,14,160,0.8170531166563509,0.018050355494768563
ParEGO-GP,14,170,0.8229828615258884,0.016024121451235076
ParEGO-GP,14,180,0.8265392437229783,0.01574236788313675
ParEGO-GP,14,190,0.8272566262962224,0.016226254263106702
ParEGO-GP,14,200,0.8295391116928895,0.01399322220927431
ParEGO-GP,15,20,0.6628169074325622,0.0623895815571286
ParEGO-GP,15,30,0.6841603102759117,0.055468824765539965
ParEGO-GP,15,40,0.7026195513612941,0.04895142807546637
ParEGO-GP,15,50,0.7189799313995527,0.04362001441613537
ParEGO-GP,15,60,0.734953152774718,0.03963995151374896
ParEGO-GP,15,70,0.7459639388433758,0.03558587122258919
ParEGO-GP,15,80,0.7578018878021582,0.03199976792703295
ParEGO-GP,15,90,0.7709722494961111,0.029159744468791226
ParEGO-GP,15,100,0.7809052009991151,0.02752408654250954
ParEGO-GP,15,110,0.7865719740134839,0.02451285068069504
ParEGO-GP,15,120,0.797111155343096,0.02225445652086304
ParEGO-GP,15,130,0.7971012907979956,0.02156007227857973
ParEGO-GP,15,140,0.8088789277444661,0.019701368112596578
ParEGO-GP,15,150,0.8092016099062651,0.018497620928715888
ParEGO-GP,15,160,0.816517655495376,0.01810631307814975
ParEGO-GP,15,170,0.8181510033612854,0.01739222605407398
ParEGO-GP,15,180,0.8216406551591188,0.015449359555367127
ParEGO-GP,15,190,0.8266370610251215,0.014876297945426824
ParEGO-GP,15,200,0.8280288734274888,0.014552650084873683
ParEGO-GP,16,20,0.6658221972088219,0.06178597871140334
ParEGO-GP,16,30,0.6868127990980264,0.05519821562889503
ParEGO-GP,16,40,0.7048030784593444,0.04976398123059537
ParEGO-GP,16,50,0.721643940608643,0.043722991335501
ParEGO-GP,16,60,0.7295817285533346,0.039801986469182135
ParEGO-GP,16,70,0.7472456919430206,0.03598394297058938
ParEGO-GP,16,80,0.7557022464893335,0.03196183270617537
ParEGO-GP,16,90,0.7702756568371034,0.029043040664822897
ParEGO-GP,16,100,0.7770063422808688,0.027123225162901655
ParEGO-GP,16,110,0.7891199474151225,0.024605637135460497
ParEGO-GP,16,120,0.7908537494172967,0.02312920240980473
ParEGO-GP,16,130,0.7982070453012584,0.02203417414615012
ParEGO-GP,16,140,0.8021790962141232,0.019412708533951
ParEGO-GP,16,150,0.811033878041386,0.017832027207263006
ParEGO-GP,16,160,0.8155406765460342,0.01743468712664438
ParEGO-GP,16,170,0.8158157846358008,0.01665599526457871
ParEGO-GP,16,180,0.818906737355016,0.015778628897063357
ParEGO-GP,16,190,0.8259606867306996,0.014926844291452905
ParEGO-GP,16,200,0.8281312206744037,0.013782662807739841
ParEGO-GP,17,20,0.6609523281541483,0.06233102058173866
ParEGO-GP,17,30,0.6830902094437524,0.056081876078064835
ParEGO-GP,17,40,0.7047657472553123,0.04994694114933192
ParEGO-GP,17,50,0.7238733223372847,0.04407493883016224
ParEGO-GP,17,60,0.738101592364557,0.039136505108683106
ParEGO-GP,17,70,0.7503186030945892,0.03521041359178504
ParEGO-GP,17,80,0.7579176818468184,0.0329909075574957
ParEGO-GP,17,90,0.7711355292862749,0.030361129592665063
ParEGO-GP,17,100,0.7777647937776215,0.026809077349348356
ParEGO-GP,17,110,0.7895353805678083,0.024878428467653143
ParEGO-GP,17,120,0.795476227444833,0.02223247929815004
ParEGO-GP,17,130,0.807049924622029,0.020796503267254064
ParEGO-GP,17,140,0.8084532085097288,0.019354877810972622
ParEGO-GP,17,150,0.8120486928730387,0.01963703775906809
ParEGO-GP,17,160,0.819038952915895,0.016931815317375948
ParEGO-GP,17,170,0.8254952678462365,0.016281734206756094
ParEGO-GP,17,180,0.82609203426354,0.016443742756749983
ParEGO-GP,17,190,0.8307083493261134,0.014847317209341022
ParEGO-GP,17,200,0.8321546540929093,0.013824268665093183
ParEGO-GP,18,20,0.6634325239192326,0.06229882849928231
ParEGO-GP,18,30,0.6870669027527732,0.05490851815163326
ParEGO-GP,18,40,0.7037766347975414,0.04954738975985951
ParEGO-GP,18,50,0.7203601261466972,0.04509984216646919
ParEGO-GP,18,60,0.7382098983182128,0.03942479382301094
ParEGO-GP,18,70,0.7485362280783607,0.03640295779941884
ParEGO-GP,18,80,0.7610359615868821,0.03190530466652704
ParEGO-GP,18,90,0.7731899176618791,0.02940448097674085
ParEGO-GP,18,100,0.7797385599163212,0.02708268295850373
ParEGO-GP,18,110,0.7911192026859947,0.024265616272952675
ParEGO-GP,18,120,0.8003870750930018,0.022790924136715112
ParEGO-GP,18,130,0.8016068164499776,0.02188535497130605
ParEGO-GP,18,140,0.8076974775748395,0.019456401577889516
ParEGO-GP,18,150,0.8143725965845183,0.01819280191044829
ParEGO-GP,18,160,0.8175574104182284,0.017602616461301963
ParEGO-GP,18,170,0.8242816323923718,0.015843258103279176
ParEGO-GP,18,180,0.8257850763700977,0.015259196507159945
ParEGO-GP,18,190,0.8297326205284205,0.014767090110513935
ParEGO-GP,18,200,0.8323221781879502,0.01374184947077992
ParEGO-GP,19,20,0.6659693701912505,0.06272533015433904
ParEGO-GP,19,30,0.6881502803246466,0.055168233415492464
ParEGO-GP,19,40,0.7048266768818405,0.04947641773150684
ParEGO-GP,19,50,0.7221430929030556,0.0438010357965759
ParEGO-GP,19,60,0.7381151975938192,0.03947724835091458
ParEGO-GP,19,70,0.747668861110688,0.03560461465064465
ParEGO-GP,19,80,0.7603771000567022,0.03184546180908177
ParEGO-GP,19,90,0.775660238861222,0.029674632000461554
ParEGO-GP,19,100,0.7825380235675676,0.026448895634599946
ParEGO-GP,19,110,0.7887928951297813,0.02523665224177788
ParEGO-GP,19,120,0.7951881523136202,0.0226243736082123
ParEGO-GP,19,130,0.8019737987710389,0.020827115932303696
ParEGO-GP,19,140,0.8076794695887151,0.019560907013282818
ParEGO-GP,19,150,0.8145797493165517,0.018203179579923047
ParEGO-GP,19,160,0.8193303651153667,0.01751643458005319
ParEGO-GP,19,170,0.8232200899875763,0.01665611062917227
ParEGO-GP,19,180,0.8304543459330427,0.015073322626779977
ParEGO-GP,19,190,0.8289741836998674,0.014675179273627752
ParEGO-GP,19,200,0.8363983080819316,0.014848755790061839
ParEGO-GP,20,20,0.6627015866966266,0.0621847881493477
ParEGO-GP,20,30,0.686107967533483,0.054854064768792274
ParEGO-GP,20,40,0.7039052610389662,0.04939400240727738
ParEGO-GP,20,50,0.7267817158269777,0.04424234549123472
ParEGO-GP,20,60,0.7383466634612087,0.03963206734390952
ParEGO-GP,20,70,0.7522338957998889,0.03633022624109274
ParEGO-GP,20,80,0.7608075169475139,0.032381005598431954
ParEGO-GP,20,90,0.7743464629022088,0.02940523713634907
ParEGO-GP,20,100,0.7836383507204315,0.026312481584995183
ParEGO-GP,20,110,0.7888293117694605,0.024488635482235045
ParEGO-GP,20,120,0.8008440971110345,0.02223689535253401
ParEGO-GP,20,130,0.8045402941480113,0.02080618078467231
ParEGO-GP,20,140,0.8120081435334261,0.019290365667770565
ParEGO-GP,20,150,0.8147609168508287,0.01854355430390205
ParEGO-GP,20,160,0.8234841241441527,0.017177420678409626
ParEGO-GP,20,170,0.8228227521915888,0.016558197161533117
ParEGO-GP,20,180,0.8267736418144939,0.01648554269375652
ParEGO-GP,20,190,0.8335789312041669,0.014292860144459312
ParEGO-GP,20,200,0.837070457041174,0.014554702560319259
ParEGO-GP,21,20,0.6627615647768591,0.06236691447530707
ParEGO-GP,21,30,0.6868644907866153,0.055768756993006076
ParEGO-GP,21,40,0.7014493736376014,0.049474335852498975
ParEGO-GP,21,50,0.7232254990202183,0.04380112530714065
ParEGO-GP,21,60,0.7375522416781228,0.04025515036270915
ParEGO-GP,21,70,0.7524586720300032,0.03542686523806395
ParEGO-GP,21,80,0.7630991298943376,0.03330321704147153
ParEGO-GP,21,90,0.7769473894098673,0.028962391403999983
ParEGO-GP,21,100,0.7882563271350189,0.026749735242917023
ParEGO-GP,21,110,0.79200723369661,0.025793220429857922
ParEGO-GP,21,120,0.8006327560650417,0.022826615107840544
ParEGO-GP,21,130,0.809167625790021,0.021876775882176056
ParEGO-GP,21,140,0.8141307187750692,0.019072089342866572
ParEGO-GP,21,150,0.8216324691538822,0.017844575827448195
ParEGO-GP,21,160,0.8215015863041274,0.01750941077653618
ParEGO-GP,21,170,0.8246973778163429,0.016283287595489724
ParEGO-GP,21,180,0.8265383377710209,0.015131781235888332
ParEGO-GP,21,190,0.8328631025425367,0.01455428307348099
ParEGO-GP,21,200,0.8373806073287128,0.0136815808939645
ParEGO-GP,22,20,0.6635418352303286,0.06257388702366819
ParEGO-GP,22,30,0.683299212598468,0.0549631611030158
ParEGO-GP,22,40,0.7026472884112854,0.049860503334135074
ParEGO-GP,22,50,0.718533604865515,0.04376629316664201
ParEGO-GP,22,60,0.7327485163476696,0.03939224725658083
ParEGO-GP,22,70,0.7453276006160852,0.03577456830038129
ParEGO-GP,22,80,0.7612268133569,0.03226421899363783
ParEGO-GP,22,90,0.7720736549749191,0.029763441540125123
ParEGO-GP,22,100,0.7799487449519056,0.02674790176065937
ParEGO-GP,22,110,0.784480086592837,0.024484069764439335
ParEGO-GP,22,120,0.7911450535096658,0.022825254573463453
ParEGO-GP,22,130,0.8013152169317416,0.021133643757499418
ParEGO-GP,22,140,0.8050381135039872,0.01939374675237352
ParEGO-GP,22,150,0.8120368086561577,0.01848746681520347
ParEGO-GP,22,160,0.8167185323893595,0.017124855673108945
ParEGO-GP,22,170,0.8186381356101945,0.017126645568013202
ParEGO-GP,22,180,0.8277461542378289,0.016119134865242205
ParEGO-GP,22,190,0.8236315723236389,0.015718928882264425
ParEGO-GP,22,200,0.8303819999814459,0.01420461899055322
ParEGO-GP,23,20,0.6624818442925513,0.06191752036605132
ParEGO-GP,23,30,0.6839067911859396,0.055032374807173275
ParEGO-GP,23,40,0.7077482397567687,0.04918533830931519
ParEGO-GP,23,50,0.7236548848126764,0.044508784929783635
ParEGO-GP,23,60,0.7334125952025873,0.039398273840504316
ParEGO-GP,23,70,0.7533179005456925,0.03587010984439061
ParEGO-GP,23,80,0.7608611876467717,0.03191778778741968
ParEGO-GP,23,90,0.769773077109167,0.029357884959560057
ParEGO-GP,23,100,0.7842926737212718,0.027372771685429405
ParEGO-GP,23,110,0.7919538979076424,0.02460752357567009
ParEGO-GP,23,120,0.7972193720432055,0.02358940521512959
ParEGO-GP,23,130,0.8021888165726576,0.02129508269804325
ParEGO-GP,23,140,0.8133083294340145,0.019690446576004078
ParEGO-GP,23,150,0.8120020253223992,0.018162286649383966
ParEGO-GP,23,160,0.8170234701920168,0.017669048026755084
ParEGO-GP,23,170,0.8256800788130765,0.01592454637777176
ParEGO-GP,23,180,0.8256054189747886,0.015973285804157192
ParEGO-GP,23,190,0.8291024019784161,0.015207603102224465
ParEGO-GP,23,200,0.8321092698009823,0.014217855283026045
ParEGO-GP,24,20,0.6624774701273771,0.06327618889769919
ParEGO-GP,24,30,0.6876873011737068,0.05482701194158801
ParEGO-GP,24,40,0.7020551317284285,0.049028657679039224
ParEGO-GP,24,50,0.7239833597643539,0.04446288120668284
ParEGO-GP,24,60,0.7319327929335301,0.03917626907466695
ParEGO-GP,24,70,0.750652862046255,0.03536634327941968
ParEGO-GP,24,80,0.7627403915282955,0.03251128722921988
ParEGO-GP,24,90,0.770027518427643,0.029146405573524183
ParEGO-GP,24,100,0.781112609302689,0.026631409080473147
ParEGO-GP,24,110,0.7913824677557894,0.02537426005913579
ParEGO-GP,24,120,0.7997539247887552,0.02301084265649876
ParEGO-GP,24,130,0.8017813325291548,0.020797030033164045
ParEGO-GP,24,140,0.8104104898791957,0.019816845735269463
ParEGO-GP,24,150,0.8130342678852541,0.017806297863039222
ParEGO-GP,24,160,0.8180490572501952,0.017361224789107385
ParEGO-GP,24,170,0.8230429844571735,0.016941148315216852
ParEGO-GP,24,180,0.8260167162012941,0.01565565237503035
ParEGO-GP,24,190,0.8306654095301963,0.015316670576866191
ParEGO-GP,24,200,0.8339827303089903,0.014435545620597835
ParEGO-GP,25,20,0.663077887008285,0.06178750062000394
ParEGO-GP,25,30,0.687119475582646,0.05531681608652657
ParEGO-GP,25,40,0.7060562859734095,0.049571255178870094
ParEGO-GP,25,50,0.7219053285754912,0.04433343365421387
ParEGO-GP,25,60,0.7375117554367984,0.03976814601058185
ParEGO-GP,25,70,0.7458215038331908,0.03571400526736446
ParEGO-GP,25,80,0.760303639431744,0.033053171451329744
ParEGO-GP,25,90,0.7746466942991177,0.02907668267632301
ParEGO-GP,25,100,0.783400678945437,0.026949310261423283
ParEGO-GP,25,110,0.7887729845449547,0.025039324701937263
ParEGO-GP,25,120,0.7982049475880766,0.022611880698486422
ParEGO-GP,25,130,0.8035719880736979,0.020509999472920103
ParEGO-GP,25,140,0.8079485350418714,0.020236501515678657
ParEGO-GP,25,150,0.8134363290909292,0.0181440232214296
ParEGO-GP,25,160,0.8171478758618319,0.01682929429300935
ParEGO-GP,25,170,0.8189337907211769,0.016003136220450503
ParEGO-GP,25,180,0.8261629787579106,0.016207608036285
ParEGO-GP,25,190,0.8302374411257701,0.014294190931009075
ParEGO-GP,25,200,0.8327209600321677,0.01442765295103092
ParEGO-GP,26,20,0.6641208323137128,0.061739819474580744
ParEGO-GP,26,30,0.6847185973085291,0.05512870199743861
ParEGO-GP,26,40,0.7059245412469431,0.04891888838020271
ParEGO-GP,26,50,0.7183528850816088,0.04446554873677388
ParEGO-GP,26,60,0.7384378403627246,0.04022448976646749
ParEGO-GP,26,70,0.7503459016953206,0.03635019675917808
ParEGO-GP,26,80,0.760429581243561,0.03255425416481002
ParEGO-GP,26,90,0.7714747112948928,0.029036726407823368
ParEGO-GP,26,100,0.7850075517092777,0.02679729478915045
ParEGO-GP,26,110,0.7868705317224571,0.024227843703215277
ParEGO-GP,26,120,0.7944489545427467,0.022926575995407438
ParEGO-GP,26,130,0.801521244174781,0.020581946597284635
ParEGO-GP,26,140,0.8056959872152701,0.020082733412106514
ParEGO-GP,26,150,0.8126324707675985,0.018651337916224673
ParEGO-GP,26,160,0.8145032410609528,0.01694223613539639
ParEGO-GP,26,170,0.8253750197548557,0.017063911684226503
ParEGO-GP,26,180,0.8265262777456871,0.015357326289652074
ParEGO-GP,26,190,0.8256942576288536,0.015181474036177364
ParEGO-GP,26,200,0.8246993024323066,0.014258952715824053
ParEGO-GP,27,20,0.6603295431694393,0.0626728194132788
ParEGO-GP,27,30,0.6842643050829382,0.05521692139663222
ParEGO-GP,27,40,0.6979223156561052,0.04919773506095599
ParEGO-GP,27,50,0.7181037129544078,0.04386033664926076
ParEGO-GP,27,60,0.7309860178934691,0.04052380127497076
ParEGO-GP,27,70,0.7469911272293569,0.03521513554454146
ParEGO-GP,27,80,0.7580243074083799,0.03202365412489599
ParEGO-GP,27,90,0.7658950614136969,0.029100723231054147
ParEGO-GP,27,100,0.7786310248328311,0.027277105132678264
ParEGO-GP,27,110,0.7806235386611229,0.024299861594647035
ParEGO-GP,27,120,0.7874892918479208,0.022804330667878688
ParEGO-GP,27,130,0.7975914387063244,0.021399083786254908
ParEGO-GP,27,140,0.8019860034952871,0.019207097320695057
ParEGO-GP,27,150,0.808869856747124,0.018087891200283753
ParEGO-GP,27,160,0.8129271554962444,0.018059686697927797
ParEGO-GP,27,170,0.814890214879061,0.01599990735522078
ParEGO-GP,27,180,0.8207471050844105,0.015545649929224121
ParEGO-GP,27,190,0.8184925951435187,0.014781318986186988
ParEGO-GP,27,200,0.824613317046525,0.014003324962579403
ParEGO-GP,28,20,0.6607797846483282,0.06231751524157947
ParEGO-GP,28,30,0.6877317145997099,0.05570980874293933
ParEGO-GP,28,40,0.7055905813275227,0.04955993605416384
ParEGO-GP,28,50,0.7232144377570959,0.04470820261038765
ParEGO-GP,28,60,0.7390979182296115,0.03945773835129975
ParEGO-GP,28,70,0.7509585014325459,0.03619926086437488
ParEGO-GP,28,80,0.7645514936139097,0.031816438541285005
ParEGO-GP,28,90,0.7713493759935263,0.029473150689922657
ParEGO-GP,28,100,0.7829499181115878,0.027995017966288144
ParEGO-GP,28,110,0.7935084647386157,0.0240424865705567
ParEGO-GP,28,120,0.800960655879661,0.02236006383365685
ParEGO-GP,28,130,0.8039278461407864,0.02105569160893404
ParEGO-GP,28,140,0.8119490332569752,0.019355207062627087
ParEGO-GP,28,150,0.8152531273740578,0.0186712275843704
ParEGO-GP,28,160,0.8186907846941521,0.018250573970634745
ParEGO-GP,28,170,0.822927113302124,0.016651456809434993
ParEGO-GP,28,180,0.8313560524971703,0.016486229473275982
ParEGO-GP,28,190,0.8303593478336418,0.014358569530540481
ParEGO-GP,28,200,0.8350250229584387,0.01407406859461081
ParEGO-GP,29,20,0.6621934000424438,0.06188476228608231
ParEGO-GP,29,30,0.688555630234821,0.05481624970718364
ParEGO-GP,29,40,0.703290983714364,0.04915892195817428
ParEGO-GP,29,50,0.7227202220701774,0.04355060136631494
ParEGO-GP,29,60,0.737078288321886,0.039503009907453215
ParEGO-GP,29,70,0.7484204803270886,0.03516216784563672
ParEGO-GP,29,80,0.7629013282573631,0.03266495040989893
ParEGO-GP,29,90,0.7761634244340266,0.028949593338751682
ParEGO-GP,29,100,0.7822895865070882,0.026980936572032984
ParEGO-GP,29,110,0.7890517520462109,0.025186563679665562
ParEGO-GP,29,120,0.7973374763567087,0.022505454772019276
ParEGO-GP,29,130,0.8099654054892671,0.020798313897596277
ParEGO-GP,29,140,0.8130766676489785,0.019613417839896733
ParEGO-GP,29,150,0.8191745427023115,0.01843011637471249
ParEGO-GP,29,160,0.821091681938268,0.017290899000102288
ParEGO-GP,29,170,0.8246268778378748,0.015992160535029522
ParEGO-GP,29,180,0.8280157068694732,0.015127743362493486
ParEGO-GP,29,190,0.8300809820762983,0.014560502054656095
ParEGO-GP,29,200,0.8358886248170856,0.014627751574854802
ParEGO-GP,30,20,0.6654587578379279,0.06205885295179071
ParEGO-GP,30,30,0.6872082910436712,0.055319996754447695
ParEGO-GP,30,40,0.7039774009232843,0.049372843577085414
ParEGO-GP,30,50,0.7231929067098861,0.04433168955081994
ParEGO-GP,30,60,0.7383661282735333,0.03971070353474152
ParEGO-GP,30,70,0.749517340412642,0.03552595866952257
ParEGO-GP,30,80,0.762105464359179,0.03221230906739082
ParEGO-GP,30,90,0.7723061223136127,0.02916454964696948
ParEGO-GP,30,100,0.7844206547206182,0.02658331760062873
ParEGO-GP,30,110,0.7890524244834396,0.02556040415188135
ParEGO-GP,30,120,0.796154034530984,0.022496956788172148
ParEGO-GP,30,130,0.8011877894320614,0.02112091062320649
ParEGO-GP,30,140,0.80976311613827,0.019280294417135798
ParEGO-GP,30,150,0.8140930326220486,0.018058086522221854
ParEGO-GP,30,160,0.8194692854420565,0.01705837695977784
ParEGO-GP,30,170,0.8191327812095868,0.01640560000643229
ParEGO-GP,30,180,0.828727077653597,0.016388503595589098
ParEGO-GP,30,190,0.8291141231276823,0.01511720027123599
ParEGO-GP,30,200,0.8313755188737199,0.013772135552029698
