task,seed,method,normalized_HV,IGD_plus,HF_calls_to_90pct_oracle_HV,feasible_fraction,solver_failure_fraction,shape_error,specific_blocking_force_mN_g,peak_stress_ratio,wall_time_h,HF_budget
M1 nominal helix,1,Frank-WT MF-PIRN,0.931392218192097,0.0035563678299303926,110,0.9631035016875753,0.02145359277118769,0.05054009829425554,34.43765596117734,0.654657007510204,12.848409600070353,200
M1 nominal helix,2,Frank-WT MF-PIRN,0.9298042590490362,0.005356991292596782,105,0.9470954903435164,0.03519178268861002,0.05175209388243701,36.23430543464904,0.5776991998172366,13.489310713618096,200
M1 nominal helix,3,Frank-WT MF-PIRN,0.9280540185731989,0.0033998789981488286,98,0.936256794426998,0.035686627727407286,0.05996113843596751,31.663211035806626,0.6276795561695803,12.05428585386613,200
M1 nominal helix,4,Frank-WT MF-PIRN,0.9240049824624272,0.005004066923616543,111,0.9274455702030033,0.02629039848763236,0.05940206614767989,33.580830885503836,0.6087499192377048,12.148039395000957,200
M1 nominal helix,5,Frank-WT MF-PIRN,0.9338657888259428,0.003973570846834893,106,0.9316137586747129,0.028198785649489713,0.058897166973442674,39.176326949982005,0.6169921730793595,13.228444135975733,200
M1 nominal helix,6,Frank-WT MF-PIRN,0.9312744823505891,0.00435412546747518,108,0.9173887180116151,0.02051298849273173,0.05842915278672301,35.61711370850738,0.625647514931101,12.669019148228152,200
M1 nominal helix,7,Frank-WT MF-PIRN,0.9268679922807485,0.004578487852284161,103,0.942030022674191,0.025186867066928197,0.054221486054994404,35.400169308510236,0.6334959299612644,12.082389548349278,200
M1 nominal helix,8,Frank-WT MF-PIRN,0.9328407151120126,0.004130028677292327,105,0.9189053142452275,0.03660597174041731,0.043476988339377694,35.31598525576454,0.6597005519483156,11.264018322758043,200
M1 nominal helix,9,Frank-WT MF-PIRN,0.9217716351616883,0.004225889195095005,116,0.9496554931017961,0.03215800563840253,0.061300826582116955,34.579339292796384,0.639459248192208,12.540627687462052,200
M1 nominal helix,10,Frank-WT MF-PIRN,0.9250495145815582,0.0035288990394845305,106,0.9369539735758631,0.024902313339861905,0.057130192267331625,37.52280482962013,0.6249042656647537,11.365131010000923,200
M1 nominal helix,11,Frank-WT MF-PIRN,0.9305580386499506,0.0045451055921257935,101,0.94828429759906,0.036080629669784904,0.059598184573192166,38.0505242701744,0.6607788015107599,13.944559068067742,200
M1 nominal helix,12,Frank-WT MF-PIRN,0.9294269084946754,0.004602197078132067,108,0.9322216632316702,0.03627569521338461,0.04945625117928866,34.38857722209316,0.6079695207035263,11.250765815433727,200
M1 nominal helix,13,Frank-WT MF-PIRN,0.9243431965880919,0.004424618393413462,102,0.9541841379399304,0.03456636457280985,0.05367314525482568,34.52390542914337,0.5959321654275469,13.405365462066639,200
M1 nominal helix,14,Frank-WT MF-PIRN,0.9226660381886489,0.003953716261863714,107,0.9298430422880891,0.028896567226928526,0.05158677350973582,35.827052745884,0.6254207309228168,13.08239705898343,200
M1 nominal helix,15,Frank-WT MF-PIRN,0.9304876811878817,0.003928187661984058,103,0.9450940814788,0.032229056704210966,0.05206973223832424,33.1696520488749,0.5611480732999935,12.45027830341907,200
M1 nominal helix,16,Frank-WT MF-PIRN,0.924205584530804,0.004150683115459698,102,0.941802097482238,0.015690518945595013,0.060927762799172766,35.11862376767425,0.5982496734026128,12.045698613401598,200
M1 nominal helix,17,Frank-WT MF-PIRN,0.9385109418356962,0.0035371870297446046,108,0.9411509864489704,0.022568763143062744,0.044394905254195524,36.388779658661115,0.6377316465470985,12.079474036924358,200
M1 nominal helix,18,Frank-WT MF-PIRN,0.9275331136741574,0.004782783509947669,102,0.9444909810525334,0.03579165450470274,0.0603858610420918,36.38319784461082,0.6299369692280248,10.65911801374595,200
M1 nominal helix,19,Frank-WT MF-PIRN,0.9321676563375487,0.00407791822965748,100,0.9657736611062987,0.03760106093030076,0.049707431040185636,35.42874256740068,0.582077216141698,12.317259549356407,200
M1 nominal helix,20,Frank-WT MF-PIRN,0.9225797757239157,0.004530480727721492,110,0.947134753054758,0.03065488070380169,0.05710339759186518,32.52831473363586,0.6203432477858847,11.79994794871945,200
M1 nominal helix,21,Frank-WT MF-PIRN,0.9293320122934543,0.003990354770656409,99,0.9333971346893822,0.03216813453955176,0.0590983244922276,37.79371270836226,0.6385035771617598,12.374875300169487,200
M1 nominal helix,22,Frank-WT MF-PIRN,0.9267195504495541,0.005507949744228696,109,0.9698566032010758,0.034820787444523243,0.06473064710118165,36.15057102585499,0.5895563248497713,12.453707598175523,200
M1 nominal helix,23,Frank-WT MF-PIRN,0.9270628529217331,0.003717911068527836,108,0.9646346451796235,0.03202051907416374,0.05555520979936704,36.275850214625805,0.6516950888808317,11.675314743584954,200
M1 nominal helix,24,Frank-WT MF-PIRN,0.926082866202857,0.004800307354458273,98,0.9620248068026316,0.03288614449339049,0.06726891776538349,35.27587110356879,0.667400436522386,13.757006066815224,200
M1 nominal helix,25,Frank-WT MF-PIRN,0.9348857743067444,0.00452353064482098,103,0.9633035635387234,0.01429977770446073,0.03640909159244102,37.955898959226005,0.5961342779799697,13.015110918747864,200
M1 nominal helix,26,Frank-WT MF-PIRN,0.9272028887901075,0.0037109733119816395,101,0.931998797304288,0.04615233957244347,0.05764871017311053,36.39679144967243,0.628186601812804,11.694680280572847,200
M1 nominal helix,27,Frank-WT MF-PIRN,0.9341982151657753,0.003488432954291226,99,0.9457527356933152,0.04526890060742292,0.0633770881512385,37.898901039658995,0.5923926510930907,11.567492533299147,200
M1 nominal helix,28,Frank-WT MF-PIRN,0.9211102865242609,0.005474335324996783,105,0.944113587954925,0.030993269215619696,0.059005569122677196,36.3841579755866,0.6394467970348188,13.12681049944631,200
M1 nominal helix,29,Frank-WT MF-PIRN,0.9258237562007702,0.004314043134704563,111,0.9673697167384913,0.024363236194847846,0.04704461793296759,35.30937919895362,0.6423393572567492,11.6100020097466,200
M1 nominal helix,30,Frank-WT MF-PIRN,0.9327492168506228,0.0034429444978730916,96,0.9235876414582508,0.029065152694531356,0.04743306083172063,35.81653071588357,0.6679478579549871,13.880043647570021,200
M1 nominal helix,1,MF-HVKG,0.8945482526681093,0.008459402026451332,151,0.8968927561704405,0.03794494419044138,0.0652985660357438,33.50013816073624,0.6708901736529029,17.174109934055476,200
M1 nominal helix,2,MF-HVKG,0.901404568924929,0.007629780359838904,138,0.9046780629615713,0.04436977269788807,0.0703779219168081,32.05580229917348,0.6183499624521559,19.484550954721605,200
M1 nominal helix,3,MF-HVKG,0.8953816109515875,0.009916675711670675,146,0.9074778669026232,0.04592492950829008,0.05288471596465295,34.29763246659353,0.6198204915299641,18.50160513726718,200
M1 nominal helix,4,MF-HVKG,0.8945032361583429,0.009435093057584058,145,0.9193412153975603,0.05085644688926988,0.06850233064083978,34.712255720712385,0.6625840303202447,17.10637368806277,200
M1 nominal helix,5,MF-HVKG,0.8967362020515919,0.009742390740676402,165,0.9000769339222074,0.05247553717439122,0.06925503235945307,35.814917529939194,0.638184973878759,18.227589478201832,200
M1 nominal helix,6,MF-HVKG,0.9083384324648798,0.006352174460927694,153,0.9005171718975509,0.05574041185450319,0.06277701787463777,34.07206195315951,0.640335039212094,17.30513872733412,200
M1 nominal helix,7,MF-HVKG,0.9055271916354689,0.009268024964544161,142,0.9012446576221623,0.04091146720608339,0.0659708500181984,35.080812073647245,0.6155194064028857,18.251399775883534,200
M1 nominal helix,8,MF-HVKG,0.9009548929707232,0.010314393381118444,147,0.9048886924225338,0.049756087823189916,0.056294125383088714,34.028866259077404,0.672855795269087,19.854304141029736,200
M1 nominal helix,9,MF-HVKG,0.8941751635697237,0.009389643630595869,147,0.9188102875070909,0.03219712086923281,0.06762303845541831,34.016219894485715,0.6056998402624371,18.258960544293448,200
M1 nominal helix,10,MF-HVKG,0.8986877995813226,0.008919701121429143,153,0.9149210472198734,0.05098929275759131,0.06487931512702437,33.57526980193222,0.6230781096645568,18.702506028392023,200
M1 nominal helix,11,MF-HVKG,0.8959638033302696,0.006950783933260422,150,0.893648890782821,0.04323032450038682,0.06598930141738589,32.36620758157915,0.6053184617417348,17.343863264513146,200
M1 nominal helix,12,MF-HVKG,0.9111567398313739,0.009619532318906531,138,0.9059155651105376,0.04674161622291121,0.063429333757594,32.2521644605001,0.6343221932967534,18.328529653384443,200
M1 nominal helix,13,MF-HVKG,0.8956680089788188,0.006884170415735661,143,0.8925549431477757,0.0481471105158051,0.054565777846732076,34.17077908911086,0.6033223045333103,16.242123867079158,200
M1 nominal helix,14,MF-HVKG,0.8987311137397893,0.007458135900918261,150,0.9049455806847104,0.052078191172564486,0.0581973984332276,32.855080013967005,0.6074302097814063,18.004914266507026,200
M1 nominal helix,15,MF-HVKG,0.8981036900857935,0.00914039439542402,145,0.9033279508926509,0.06073911176413274,0.06759074197865989,34.128456310566534,0.6239527597420157,19.215472471923263,200
M1 nominal helix,16,MF-HVKG,0.8960288321537532,0.007595409356671245,160,0.8945270460766481,0.04317571998641903,0.05261108805996788,32.104968224572886,0.6588279432753164,18.057634571571782,200
M1 nominal helix,17,MF-HVKG,0.9034091491376642,0.007891367352359789,149,0.9184768296808076,0.05107993784080227,0.0554828378192449,33.04801520240968,0.6505457255514991,17.62694934885035,200
M1 nominal helix,18,MF-HVKG,0.9021579479016052,0.008268219072818632,148,0.9194744328146667,0.03319552093722407,0.06253034548544294,34.79577940679828,0.6723862971764624,18.11795993848928,200
M1 nominal helix,19,MF-HVKG,0.9064618337967973,0.007419948703872894,138,0.8853935535643905,0.05172502499505505,0.06261601286613352,34.29764360603023,0.6360922479979523,18.051518612550232,200
M1 nominal helix,20,MF-HVKG,0.8888377828668292,0.009301330389349254,151,0.9078232395850003,0.04742834625192077,0.07394718789193964,33.66657928125714,0.6685636800027501,17.550008726905734,200
M1 nominal helix,21,MF-HVKG,0.9019307707109386,0.008061233318460528,153,0.9021060364213466,0.044648497146704616,0.06713210798892316,32.33762224355528,0.6590074306829071,17.79840555810205,200
M1 nominal helix,22,MF-HVKG,0.8875090172400105,0.007496337378876493,147,0.8959201819148094,0.054563928509977266,0.07353017196741692,31.17754878800582,0.6349441672803849,17.979342482152177,200
M1 nominal helix,23,MF-HVKG,0.8930052570566672,0.009086369451323463,154,0.9215924935013113,0.04964747847667374,0.07117434736336269,35.17798105113912,0.6795560600840111,18.388807654230078,200
M1 nominal helix,24,MF-HVKG,0.9028110768148806,0.009734261694937421,156,0.8987074053221519,0.028396546838608597,0.0737241118173253,33.16553607786488,0.6188325768937061,18.027045328656357,200
M1 nominal helix,25,MF-HVKG,0.8988611962904702,0.008626923308189533,150,0.9075049036548498,0.03812918498259789,0.0686038953309632,34.05318086308555,0.6246825845273082,18.75725492205362,200
M1 nominal helix,26,MF-HVKG,0.8982368023506472,0.009311308790862276,139,0.8981180901399807,0.04450248137898576,0.07329207406096949,35.748306992790376,0.6383240456962949,18.9912964138445,200
M1 nominal helix,27,MF-HVKG,0.8997742468463756,0.00878405454366572,142,0.9317895047815091,0.053708164856661245,0.06800588612368891,36.07211806517505,0.6439543418094609,18.50928230051414,200
M1 nominal helix,28,MF-HVKG,0.8971305243842164,0.009003830106456185,151,0.9111399368383969,0.04432188775906843,0.061147266625708706,36.1319625891878,0.6734839632014652,17.160045175561866,200
M1 nominal helix,29,MF-HVKG,0.8896919983410736,0.007741403171479657,149,0.8914490633989227,0.0466771975621331,0.06902202322743066,34.41045978201647,0.6379820847199383,18.412688389628364,200
M1 nominal helix,30,MF-HVKG,0.909586941274512,0.007768767887231487,148,0.9165177857250507,0.03603691310604552,0.062287855444958184,34.26905307571253,0.6026359222196624,18.62985435696527,200
M1 nominal helix,1,qLogNEHVI,0.8967316416554391,0.009202522774156209,168,0.9046246190207295,0.06019632905281222,0.06386211285017127,35.39090812765835,0.6007818514696703,19.353344538147258,200
M1 nominal helix,2,qLogNEHVI,0.9016240654862288,0.009330847266292831,159,0.8866705646511379,0.05008938554486478,0.0723583384660442,34.12359142593545,0.6381367959913167,17.695313778157715,200
M1 nominal helix,3,qLogNEHVI,0.8962308726490119,0.009789925672184226,163,0.8810586497517513,0.0416972684542275,0.0696836954947529,33.68618379413869,0.6784888638868772,19.1616450395882,200
M1 nominal helix,4,qLogNEHVI,0.8933426732283968,0.008823177702340014,162,0.8921149806217311,0.062056091893536995,0.06160254612046531,36.15398035935298,0.6180106656578642,19.88370377633747,200
M1 nominal helix,5,qLogNEHVI,0.8907460189854566,0.008711388708371667,160,0.8957432610555482,0.04490461345871794,0.07197137297374814,34.4694176214069,0.6844383700553741,18.781490376961035,200
M1 nominal helix,6,qLogNEHVI,0.8949198757287704,0.008783041338108897,153,0.8953219190752881,0.05344872112216449,0.06633638054472848,33.992531865979345,0.6066160731959165,19.530765511336046,200
M1 nominal helix,7,qLogNEHVI,0.8943714432864526,0.010013517987371594,161,0.8746495243072853,0.03602049830441896,0.06501607130459554,36.78366455124985,0.6362356313399864,18.982251267460338,200
M1 nominal helix,8,qLogNEHVI,0.9020477329832083,0.009045396293467626,165,0.8923671630108625,0.05069806239566082,0.05935871475170894,35.843420390871636,0.6482195291032413,20.233677672158624,200
M1 nominal helix,9,qLogNEHVI,0.8959815442499899,0.006919697991922872,146,0.9081114130185882,0.04680623281274575,0.06634244868986738,33.91687850716662,0.6187482026333855,19.557502153122677,200
M1 nominal helix,10,qLogNEHVI,0.8976319676223244,0.008589783171916998,159,0.9069962460129236,0.06288113851364477,0.06867228651837765,35.33586874988722,0.6653810997986209,19.637055925695584,200
M1 nominal helix,11,qLogNEHVI,0.8978163735548139,0.010051366187564536,159,0.9067748795194255,0.06369218739083353,0.0697594453220689,32.99083581053311,0.668756902086087,19.46186472765573,200
M1 nominal helix,12,qLogNEHVI,0.890100961579371,0.011757382396845697,146,0.8694081492129664,0.06741110791805591,0.07072457821025141,32.89656636441311,0.696948892091718,18.437844896795664,200
M1 nominal helix,13,qLogNEHVI,0.8880942097654105,0.010589696669900287,160,0.920115517912296,0.05612272355555995,0.06045788882103482,32.31678978833289,0.6709603912186907,20.307289311145272,200
M1 nominal helix,14,qLogNEHVI,0.8945587178574561,0.008637216560464267,159,0.9164963539523229,0.06340093776030288,0.06201559974072237,31.739135902944692,0.6368808697345577,18.584839464151315,200
M1 nominal helix,15,qLogNEHVI,0.9013785623508628,0.008425750302727622,154,0.9085907413779732,0.047522425083741326,0.07319957065562982,33.86715466868184,0.6306266877806067,18.600961526738594,200
M1 nominal helix,16,qLogNEHVI,0.9020716235460718,0.008602634091209763,152,0.8966280173490189,0.05053392038366798,0.06042630040390757,36.72185700471607,0.6451624836565136,20.231651128110833,200
M1 nominal helix,17,qLogNEHVI,0.8967311235304793,0.009037963875297662,166,0.9004634004075948,0.053040112495079665,0.059893334590024036,32.6698570476915,0.6219900138419521,19.62066268341732,200
M1 nominal helix,18,qLogNEHVI,0.8913526634391652,0.00927860712356071,156,0.9029888323808252,0.04813315837056582,0.056164697278621015,31.68445115123093,0.6508234270386097,19.453532839924573,200
M1 nominal helix,19,qLogNEHVI,0.8897849143375957,0.009433960450543353,153,0.9004005045487129,0.04568375813963553,0.06305484746044918,32.28052481023226,0.5889331304235027,18.399353626918206,200
M1 nominal helix,20,qLogNEHVI,0.8946627082281404,0.008236959881233408,154,0.9245248987726665,0.05891516354840312,0.0542799346052087,31.208867978510753,0.6373692723538703,18.170515504329614,200
M1 nominal helix,21,qLogNEHVI,0.9004031310247352,0.009689414656256093,161,0.9157710344701081,0.04467997678437121,0.06903543285391026,33.52210360143179,0.6739484006167632,19.16211747480468,200
M1 nominal helix,22,qLogNEHVI,0.8983124995575479,0.010473667666563944,156,0.9149240202640272,0.0518925429821395,0.05937496622630129,35.08589207292249,0.6324860467738956,18.901381758314212,200
M1 nominal helix,23,qLogNEHVI,0.8972761664123384,0.00870054926168846,161,0.897795600179559,0.051347793600301,0.06070907318427474,35.80970791245422,0.6579912969028575,19.372834910154733,200
M1 nominal helix,24,qLogNEHVI,0.8933275785207934,0.010925797438223611,152,0.9075053598445241,0.04896208630120264,0.06256066394122323,35.41553890433858,0.6300116839600417,19.192358641725452,200
M1 nominal helix,25,qLogNEHVI,0.8928336079890211,0.007050816052875391,161,0.9319602019272504,0.06108734733241017,0.07119297465235891,33.011307660920394,0.6501177394089603,19.761479809760147,200
M1 nominal helix,26,qLogNEHVI,0.8942936403897738,0.009550289956262586,157,0.8878258782705593,0.06128856601214663,0.06125656244809996,33.98411460340713,0.6145123377669515,18.523003738515335,200
M1 nominal helix,27,qLogNEHVI,0.8962134466725485,0.008270587818391448,157,0.9013080346096031,0.04602540844993329,0.06236612803595851,33.91526844910139,0.6505832553924218,20.340164854430014,200
M1 nominal helix,28,qLogNEHVI,0.8942644598321796,0.010083338985103624,166,0.8969589008044833,0.04424590321138594,0.0651472501582221,35.529090078671366,0.6393900054148804,19.301456040562627,200
M1 nominal helix,29,qLogNEHVI,0.8907333278526273,0.008965065776472481,152,0.8970628645818675,0.04924825751196225,0.07921913161161964,34.782178594926926,0.639109370242678,18.493007903862996,200
M1 nominal helix,30,qLogNEHVI,0.9036501660244601,0.008990672496715136,162,0.9100580202830347,0.04823762897655625,0.06173595007439675,34.29830331301238,0.6384867583793554,19.97360262125346,200
M1 nominal helix,1,MOMF,0.880562003506881,0.008785482429779844,155,0.9029830427074304,0.05930693788942683,0.07710148312961296,33.08338149407173,0.6203632185237736,18.323849460452333,200
M1 nominal helix,2,MOMF,0.8945855490240457,0.010548338197097893,151,0.8940161759188511,0.04698466110473811,0.06389709859831645,31.68272515737032,0.5956887280409631,19.17193847795524,200
M1 nominal helix,3,MOMF,0.8850730513746096,0.011028862175913584,145,0.9005781832427168,0.040813508783843086,0.0695613446381945,36.46671855206858,0.6423838726444232,18.04995579456123,200
M1 nominal helix,4,MOMF,0.8963161803223954,0.00874147847741586,143,0.9319453288962006,0.05136097408536294,0.05764148224347024,32.61920492442257,0.6172210927172949,19.132610479894097,200
M1 nominal helix,5,MOMF,0.8904020577149738,0.0092183121393236,146,0.9202619062736772,0.0536461126715381,0.07413082739188204,32.55282877648162,0.6458559857953123,18.34392889676983,200
M1 nominal helix,6,MOMF,0.8880505737657375,0.010680011474520423,151,0.8886675977646097,0.05554844614689406,0.06270893190090962,33.975797124415216,0.7012721287478394,16.545873629637057,200
M1 nominal helix,7,MOMF,0.8802576691093287,0.010479286883400288,157,0.8911578031649546,0.06018689264515706,0.07200450872349617,34.04592998449793,0.6880223005665058,16.98971520386264,200
M1 nominal helix,8,MOMF,0.9012022789537104,0.010435744672134324,149,0.907023631970571,0.056148818675288356,0.07467110418912963,34.65474155767167,0.5930607849637015,18.13762950012224,200
M1 nominal helix,9,MOMF,0.8877135491233117,0.008655429015925835,144,0.8758460283159943,0.048778061863807114,0.06901786815482282,33.468879958209826,0.6207271317142287,16.7471539112253,200
M1 nominal helix,10,MOMF,0.9003065920993153,0.009664953120954865,141,0.9104425254687668,0.049056922736659854,0.06475300687167826,36.30172166724057,0.6610443705223538,16.53835818775364,200
M1 nominal helix,11,MOMF,0.8889753504907169,0.010621242977486641,146,0.8968283891324083,0.04461578995565667,0.06379452216260181,34.16474517551464,0.6472578112362246,18.227318846916617,200
M1 nominal helix,12,MOMF,0.8943568223269852,0.010180109793026389,146,0.8910780484263725,0.05067817819059311,0.0652775221161028,32.018048476879486,0.6473342571852495,17.19280172865865,200
M1 nominal helix,13,MOMF,0.8806997137123078,0.009849762170506746,139,0.884783953810743,0.04568806982207824,0.06494907456626672,31.654136538832688,0.6310895812653563,18.770299006333786,200
M1 nominal helix,14,MOMF,0.8901936382142343,0.010681623098309143,138,0.8922998338345605,0.04737198117262918,0.06674889290097362,34.53654097379634,0.6537004487095359,17.74579141107805,200
M1 nominal helix,15,MOMF,0.8932919992203466,0.010029626329754874,149,0.9106210501625144,0.04756575862384673,0.06598945721319432,35.20819634097276,0.6207669574799831,17.58304966611375,200
M1 nominal helix,16,MOMF,0.8837522856270774,0.009724006716728515,131,0.8879487665467831,0.05032712133941934,0.06650755794591753,30.334207591282095,0.6893679471607127,17.07530112623783,200
M1 nominal helix,17,MOMF,0.9029971311059731,0.009107870709165695,144,0.8755411046134255,0.052276090550170455,0.06148937756209204,34.932899430309696,0.6405213046915416,18.21927159271931,200
M1 nominal helix,18,MOMF,0.8874673024578976,0.009858364712209295,145,0.9047929605595408,0.04285903722318507,0.05679770436824871,35.756663188789744,0.6333033419710475,17.12688383950949,200
M1 nominal helix,19,MOMF,0.8918506286566344,0.009152791646235666,153,0.9155884885620263,0.046971116557924956,0.06406302079509843,33.20880610958966,0.6570645521225544,17.76064070621365,200
M1 nominal helix,20,MOMF,0.8913613848824525,0.009075687055643345,143,0.9101104149986199,0.04326007111514852,0.07776435775957226,36.69255807573854,0.630716736084573,19.696792201835674,200
M1 nominal helix,21,MOMF,0.8934257754066288,0.011062729529756043,149,0.898762777316268,0.037560132309749195,0.06653086827297831,34.946057640231714,0.644368553334352,18.296888436120103,200
M1 nominal helix,22,MOMF,0.8863142150551979,0.0085599278177998,141,0.8885449860418826,0.049683482323589184,0.062327177506426946,34.82940765011838,0.630029285222524,18.67278104076052,200
M1 nominal helix,23,MOMF,0.883501584010122,0.011611563215883055,148,0.912963478227014,0.04489951332209913,0.07484224087337055,33.9488593225482,0.6541680372116223,17.96428861632895,200
M1 nominal helix,24,MOMF,0.8849734330690869,0.009276689914879446,155,0.8764885310357531,0.04030845358748861,0.07317662590744631,33.14523031335437,0.6583444521672607,17.0395701269718,200
M1 nominal helix,25,MOMF,0.8841308377535511,0.009492356913267948,151,0.8886889036391457,0.04844880515804581,0.07717670257777519,31.401472687110306,0.6223532752067267,17.40155533514167,200
M1 nominal helix,26,MOMF,0.8851647852415104,0.010036785569484698,149,0.8968941674780458,0.03665662610412821,0.07790176260291326,33.50672938702908,0.6489796992914656,17.00511735856766,200
M1 nominal helix,27,MOMF,0.886914868629366,0.009943452069222716,148,0.882160941464966,0.04326071912088126,0.06011735004354559,30.309618537146893,0.6350853942162327,18.579129601897435,200
M1 nominal helix,28,MOMF,0.8960885484356493,0.009145296997832031,148,0.8883354989208694,0.06392279902056074,0.05722989570634909,34.7317704741669,0.6095329339593468,18.460777370683008,200
M1 nominal helix,29,MOMF,0.8922369898575909,0.009421383586429327,147,0.9022528321964983,0.03238864594520441,0.07907883419117474,30.907489589185005,0.6508060728690365,16.9683465462255,200
M1 nominal helix,30,MOMF,0.8997278543653184,0.008141161770974365,145,0.891940948942278,0.05138564126552043,0.0601832603414404,32.14969010805306,0.6102034787714258,16.52600487732704,200
M1 nominal helix,1,PHSEA,0.8942600851699162,0.009387029814113415,161,0.9394650593573437,0.05059235181627235,0.07567419378917394,35.60454553588672,0.676397100659736,19.035580676832456,200
M1 nominal helix,2,PHSEA,0.8784073113218355,0.014042031430068012,169,0.9133437432737157,0.04632086227069129,0.06734158352906706,34.77808090383022,0.6678226132899749,18.685537494856497,200
M1 nominal helix,3,PHSEA,0.8825641108385793,0.009675633338682172,162,0.9083656153102804,0.04929113823352131,0.07881176996838343,31.670724868459903,0.6635412864336069,18.720576988366556,200
M1 nominal helix,4,PHSEA,0.879575888597217,0.009059029092102997,172,0.8941598539294314,0.03927522599398211,0.07938543817787627,32.16125888244026,0.628680960415324,17.918015619099577,200
M1 nominal helix,5,PHSEA,0.8879198454549859,0.011732921478110853,180,0.9295068724276824,0.03895892469140738,0.0636646347007433,36.18734429101638,0.6402343433688825,18.037013194721286,200
M1 nominal helix,6,PHSEA,0.8824987341446098,0.014880618342636816,174,0.9094359429452328,0.043672386205830735,0.07225767334968312,35.394461507690785,0.613287493721123,19.602738190339323,200
M1 nominal helix,7,PHSEA,0.899711284439607,0.010663671154329465,170,0.9132243391136768,0.04225124605090389,0.06172187426425617,34.80781704026844,0.6625907264385885,17.94615544862763,200
M1 nominal helix,8,PHSEA,0.8972394796083792,0.012203732878071347,161,0.9228751264873741,0.040643064467277334,0.06326946252278662,35.449443364234654,0.6522130901775361,18.07313725282704,200
M1 nominal helix,9,PHSEA,0.8842229084106789,0.011001501034036023,171,0.9138561264720858,0.05111379406118499,0.06358234115313494,31.496896058196185,0.6246971343325528,17.256284268148146,200
M1 nominal helix,10,PHSEA,0.8833623861830414,0.011548814104421887,161,0.9057357061211015,0.05857396076380965,0.06454028961882938,30.625682619130995,0.6550803818648145,19.290116938508564,200
M1 nominal helix,11,PHSEA,0.8867352758726782,0.008763759546418238,172,0.9244030885804208,0.031583196000744246,0.06488411624203705,29.90903525025796,0.6346439663227728,18.49350992957077,200
M1 nominal helix,12,PHSEA,0.8816088250786503,0.010798540580104505,157,0.8880993444008444,0.051595530655558164,0.07224111207737004,33.23965950844498,0.6555052834833304,19.375669299588683,200
M1 nominal helix,13,PHSEA,0.8899474135961939,0.011284922752523636,160,0.9211594309544032,0.03526031133506528,0.07110529489866162,31.865144161429367,0.6628065314686498,18.481270874846267,200
M1 nominal helix,14,PHSEA,0.8899500400100882,0.011793575896620043,168,0.9171681167285034,0.04755597574374974,0.08025361787658195,34.67251713578106,0.6370946753774924,18.467780463140414,200
M1 nominal helix,15,PHSEA,0.8894394357924756,0.010133337915953602,176,0.9231704238086039,0.0531494648760735,0.08084037523697016,35.115297195480686,0.6210213169015195,19.208642201486395,200
M1 nominal helix,16,PHSEA,0.8816051656858735,0.010111078882202971,169,0.91948496275088,0.03609804508857095,0.0659931038962719,35.99163166589424,0.6165409547092401,18.19108879441801,200
M1 nominal helix,17,PHSEA,0.8785952112938731,0.010131380664691885,167,0.931489032745108,0.038097653633590044,0.07855042826657867,32.65839506873119,0.6413121777693799,18.016415981154207,200
M1 nominal helix,18,PHSEA,0.8895786903620647,0.011487271782017546,159,0.8984380422766161,0.04776024529028875,0.0714433827998969,33.14546552581556,0.6232546013611764,20.487147243351853,200
M1 nominal helix,19,PHSEA,0.8824793782791356,0.010104412330915472,172,0.8989489913328476,0.051662405528839654,0.07589187253536235,32.989043567714305,0.6469966486187881,18.641653993913398,200
M1 nominal helix,20,PHSEA,0.8815226612531369,0.011608708684656088,168,0.9075526531471848,0.0539365200680552,0.07158700238660078,33.51876996576974,0.6201539320723455,18.71639315514921,200
M1 nominal helix,21,PHSEA,0.8868061750187235,0.011424284593403203,170,0.8954572901224488,0.039614934100249403,0.07239721263713553,32.26732519842654,0.6745241518127757,19.930028179131302,200
M1 nominal helix,22,PHSEA,0.8883772971359666,0.010252549484993228,170,0.9059200762152424,0.0510980745344299,0.07318079865761222,34.232883876806625,0.6382899532392131,18.907045409777094,200
M1 nominal helix,23,PHSEA,0.8828153170509122,0.010895750170426283,167,0.9160796369508734,0.046551027253009955,0.07065827099615046,33.26514098563936,0.647579258895088,18.57024981748075,200
M1 nominal helix,24,PHSEA,0.8793172216212063,0.013067730701781804,174,0.9225654454623664,0.04485382513476853,0.06586755534589639,31.125170652605995,0.6424094441049453,18.875647670393445,200
M1 nominal helix,25,PHSEA,0.885731188683194,0.011240299134430445,159,0.9371400056887096,0.03075173307939253,0.06836234539451391,34.35150975178054,0.6659750564727013,19.377342080396737,200
M1 nominal helix,26,PHSEA,0.8868759742668942,0.01098366756685856,165,0.9112454519595976,0.0477665915759877,0.06511609017051222,33.96101676773702,0.6503323136659304,18.835008098298115,200
M1 nominal helix,27,PHSEA,0.8754952847427026,0.011143117387208612,165,0.928790824206806,0.04794455194732499,0.06729390156066133,33.801464351414154,0.6689121883043172,18.712060126098603,200
M1 nominal helix,28,PHSEA,0.8785701436036526,0.011856775372651248,162,0.8935618864263988,0.03479000274794195,0.06715534438808816,30.777175166611567,0.6927726706672594,19.161140073356115,200
M1 nominal helix,29,PHSEA,0.8784987438148811,0.011095588633340021,164,0.9156862201466602,0.042892410492647214,0.07337497209343131,33.385612646800844,0.5946514465910084,18.54565820598062,200
M1 nominal helix,30,PHSEA,0.8991900860860491,0.006923602298808925,167,0.9415824038166468,0.05108179873098679,0.06527378706452347,31.5297451864835,0.5930198909989883,17.607005523364776,200
M1 nominal helix,1,MSAEA-DM,0.8830430425754963,0.01187500016346631,166,0.897398675420299,0.05001424919559727,0.07655188117858489,31.562619899108427,0.657848184522624,18.99531059368312,200
M1 nominal helix,2,MSAEA-DM,0.8781558254821769,0.010940904106241076,177,0.889753339636293,0.05799828587214145,0.07349369715054921,33.089054713795704,0.6585923427265946,20.275499764742147,200
M1 nominal helix,3,MSAEA-DM,0.8785170890911238,0.011710008121105562,190,0.8823033614967897,0.06188972991077872,0.06979342290352246,31.170761870296495,0.6464753051364814,20.957421366185677,200
M1 nominal helix,4,MSAEA-DM,0.882752087720545,0.011552301193108757,170,0.8918400382396018,0.06713833713988827,0.06728184695558705,30.71248053703625,0.6745117090909843,18.583854145645933,200
M1 nominal helix,5,MSAEA-DM,0.8688974481673807,0.011614708299954842,169,0.8959435029363759,0.06867186816881567,0.06694434396637527,32.39724912942711,0.6568039983881889,19.91848660750152,200
M1 nominal helix,6,MSAEA-DM,0.8678419497653894,0.011420443288794236,171,0.8776723687446413,0.046513205118300864,0.07600607133044285,31.517023938223833,0.631432995828404,19.351260052914668,200
M1 nominal helix,7,MSAEA-DM,0.8712204170249385,0.011520885740271125,164,0.8723399315008615,0.06086113895186777,0.07514402244965059,28.113641088894042,0.6508375197735011,19.038083410343567,200
M1 nominal helix,8,MSAEA-DM,0.866823532831646,0.013446020909927343,186,0.8970090280253,0.06352086468602668,0.0674192661409875,32.74748813390611,0.6605277158504681,21.039495025600665,200
M1 nominal helix,9,MSAEA-DM,0.8707518288392418,0.01056229064166792,176,0.8825280717315436,0.058711873216592686,0.0696888806355372,33.13480630187373,0.6709382371321758,20.265080603313685,200
M1 nominal helix,10,MSAEA-DM,0.8799878547297596,0.011600983555907688,175,0.8908333924210405,0.06045512138069892,0.0686071435892148,30.03078506283975,0.6830042553748705,18.774124094053676,200
M1 nominal helix,11,MSAEA-DM,0.8797593840954323,0.012345544156439165,176,0.9135975758266559,0.06615833423036586,0.06904609151492742,31.92394339389566,0.6338188935760387,20.44791326132278,200
M1 nominal helix,12,MSAEA-DM,0.8856396081971205,0.01127314899263609,176,0.8801167453863806,0.051095232725819444,0.06556083441130237,34.752576614267404,0.6256750994406474,19.678556686224113,200
M1 nominal helix,13,MSAEA-DM,0.8642150914218835,0.014635996107317861,169,0.8947364578737124,0.062294558078268024,0.08287012531502425,32.18370108741856,0.6679515447416661,20.661660456095856,200
M1 nominal helix,14,MSAEA-DM,0.88136499967714,0.009167793255798317,176,0.8924078694380634,0.052571450172686905,0.08094593065307278,32.37599136684063,0.6550945476321895,21.179681428646347,200
M1 nominal helix,15,MSAEA-DM,0.8809186858082095,0.010210252010997112,184,0.8777249885753429,0.05456773671873674,0.07289056646695986,34.25458288055557,0.6852756900564584,19.30223652916768,200
M1 nominal helix,16,MSAEA-DM,0.8766214951129089,0.010356266308784334,172,0.8912512151503962,0.057233605022555895,0.08155673366919126,32.718794425337734,0.6692757285436703,19.10732848587084,200
M1 nominal helix,17,MSAEA-DM,0.8870422457183471,0.013279222545560446,160,0.8817303462284177,0.06267474741894766,0.0714494068242912,31.65560007249855,0.6506961615715172,20.1995254465109,200
M1 nominal helix,18,MSAEA-DM,0.8752846616569043,0.012744596343957559,168,0.9068178103802521,0.0667743912953121,0.06422900299363642,33.24804803544679,0.6555777357653189,19.511994959916187,200
M1 nominal helix,19,MSAEA-DM,0.8778885918651931,0.009094360922299474,180,0.883345187606706,0.05798606805235133,0.07617207288205287,35.75227712533342,0.6249819815353868,20.041070578166284,200
M1 nominal helix,20,MSAEA-DM,0.8757364307943719,0.009355353541618178,179,0.8701153036542086,0.05960421019620164,0.07035410699481962,31.536500885998308,0.6658048846693051,18.35394414562783,200
M1 nominal helix,21,MSAEA-DM,0.8796021756498813,0.011389410093158926,173,0.9004929424577633,0.05488688212092145,0.07114340177561446,34.554697394551994,0.588543811303261,19.380201120328753,200
M1 nominal helix,22,MSAEA-DM,0.8655455877034222,0.012202616593941505,178,0.8560833051584475,0.07207015233359597,0.08428482338745254,30.90004643370776,0.6466287287067934,20.671362845053274,200
M1 nominal helix,23,MSAEA-DM,0.8752182064531185,0.01288188373167866,178,0.8794288651946465,0.07447189289337453,0.07196270211479955,34.90373874648828,0.6709914566084796,18.717972177521695,200
M1 nominal helix,24,MSAEA-DM,0.8729638826717847,0.013445077818914675,175,0.8955722391941722,0.07006827845731828,0.06365540878806324,34.73677310230333,0.6507179722116586,19.542908316181666,200
M1 nominal helix,25,MSAEA-DM,0.8814424643444526,0.012045494229722295,182,0.8884602423684808,0.05315566871131661,0.0747460103154793,31.713933698428704,0.6846701920456627,20.19891297403276,200
M1 nominal helix,26,MSAEA-DM,0.8817379800687657,0.011867841943011983,175,0.9063821458698484,0.05302856512239046,0.07124000976707277,33.080423994529774,0.6862796179630121,19.410327881057018,200
M1 nominal helix,27,MSAEA-DM,0.8742592390959817,0.01285041211109694,176,0.8975679054634907,0.060590370747774736,0.0749152989107759,32.497803456724775,0.662648221764628,20.737618077082093,200
M1 nominal helix,28,MSAEA-DM,0.879992931068475,0.01219073559974253,179,0.9261713464290219,0.04780001685834995,0.07488282542906467,34.20265999041238,0.6579851792305113,19.52355726395961,200
M1 nominal helix,29,MSAEA-DM,0.8814592401038458,0.010703496435574798,172,0.9031489821385733,0.05022456773925774,0.07538417700378007,31.327782291235,0.6692667716075394,19.616216706741525,200
M1 nominal helix,30,MSAEA-DM,0.887335535898856,0.011373969632318662,189,0.8766038040961074,0.06647568595846437,0.06928038424606695,34.72470225667658,0.626026549197639,20.49622841441146,200
M1 nominal helix,1,AS-SMEA,0.8857280930914396,0.011122417281232708,178,0.9143097465933562,0.06659582363794676,0.06696705872945959,33.92460733084242,0.714487178883674,18.884413427921128,200
M1 nominal helix,2,AS-SMEA,0.8855455205054328,0.01086208700835152,168,0.9233953859915586,0.04420307106615822,0.07305364938680715,33.55018800890645,0.6219587798692641,18.953227076713194,200
M1 nominal helix,3,AS-SMEA,0.8788197328924813,0.01128887573886312,174,0.8878109028020911,0.0661016299519137,0.07449577749595296,34.51657587336772,0.6778757142594845,20.555165446051817,200
M1 nominal helix,4,AS-SMEA,0.8882573846806275,0.008116872044766115,170,0.8922361043605401,0.055570090541144916,0.07226782038058761,33.63985315927428,0.6429829562999445,20.872962267261276,200
M1 nominal helix,5,AS-SMEA,0.8805110339721953,0.011395827530227423,177,0.8840903357523996,0.0532474924025652,0.07322278149251775,33.11022390768165,0.67974060430915,20.17542117883233,200
M1 nominal helix,6,AS-SMEA,0.8974196557715212,0.011609685541437466,170,0.8908593651564688,0.047946829500577826,0.04590058358357545,33.982756977458706,0.6028697711161234,20.108507296565882,200
M1 nominal helix,7,AS-SMEA,0.8954514696991338,0.007738727814036197,186,0.8821385159022379,0.047054307061228776,0.08178650908734894,35.52992640243391,0.6491387864121635,19.806110994105765,200
M1 nominal helix,8,AS-SMEA,0.8952938995698708,0.010693946785696762,168,0.8815275692174765,0.0565702273834111,0.06806802945941876,33.5785118422294,0.6032401589791822,20.313064215497487,200
M1 nominal helix,9,AS-SMEA,0.880526862666673,0.009457716356350754,173,0.9005972572086964,0.051532628543043364,0.06828214355346422,32.97390018866915,0.6302349891194419,20.552363299402394,200
M1 nominal helix,10,AS-SMEA,0.8816311200600999,0.011800028947032316,157,0.8956034807004749,0.06098150828724205,0.06838487264821783,33.15396060573545,0.6848670097971229,19.964516254346226,200
M1 nominal helix,11,AS-SMEA,0.8839747929049437,0.011100065172577884,172,0.9350641073682753,0.05122835032319637,0.059212932417707025,34.43447119315535,0.6294479999393232,20.945381703207747,200
M1 nominal helix,12,AS-SMEA,0.8885699076924292,0.009195407598218045,180,0.9037001303242501,0.061931519168304944,0.07809118390548345,34.000319911118034,0.6432077205656277,18.796948781240246,200
M1 nominal helix,13,AS-SMEA,0.8802034495291742,0.009703000677968143,175,0.8891230046408192,0.05403950972582342,0.0673011419252625,35.11539285555017,0.6694979830172416,19.90388186089541,200
M1 nominal helix,14,AS-SMEA,0.8718797550297794,0.013799127632242756,163,0.909768154312254,0.04705099538289664,0.08443502048295169,31.960000358518872,0.652338831841589,20.29871693720869,200
M1 nominal helix,15,AS-SMEA,0.8846068544654767,0.011156446007150184,175,0.8877826911268948,0.05524398507747869,0.07171164660836693,34.23172041320477,0.6256275734108956,18.878240461371444,200
M1 nominal helix,16,AS-SMEA,0.8797385732913953,0.011061991282810575,169,0.8875821865841174,0.05439015147372392,0.0739427702749895,33.83853088214995,0.6713227869246793,19.96572986306731,200
M1 nominal helix,17,AS-SMEA,0.8863422030801372,0.010777646574363597,176,0.8918838001387672,0.053847917729462395,0.07003921597293361,33.261948948398725,0.6776771826549858,19.40826966075091,200
M1 nominal helix,18,AS-SMEA,0.8948162107663258,0.008347823881543037,176,0.89695125699989,0.05438445683815789,0.052901362768853384,34.80219622943736,0.6810562230039079,19.36807277701793,200
M1 nominal helix,19,AS-SMEA,0.8883873074768482,0.011727892181839393,172,0.8868191273956747,0.04287351730706706,0.0667651742158252,33.114765600144025,0.6522510455473877,21.047662743734627,200
M1 nominal helix,20,AS-SMEA,0.8795400558510958,0.010986613044532193,179,0.9166861587404597,0.06185731914131361,0.07195032418487853,29.26281726716176,0.6547868716442193,18.42136659593271,200
M1 nominal helix,21,AS-SMEA,0.8910169866351527,0.011119016751784434,181,0.9123733094883373,0.058233703012728705,0.07425968710317449,34.054790862573746,0.6375430280237001,18.71371354530014,200
M1 nominal helix,22,AS-SMEA,0.8748801259880034,0.010719472551113027,174,0.8925983683368509,0.05014231235113488,0.07869466572433886,32.54953502348415,0.6835895600609077,18.171737228923103,200
M1 nominal helix,23,AS-SMEA,0.8818595726752867,0.011267411791156826,175,0.8606540311880767,0.04833465122615669,0.0771681602213175,36.84644406326849,0.6026142154987411,19.3073037034165,200
M1 nominal helix,24,AS-SMEA,0.8889597512609194,0.012588594832165177,174,0.8775089874143086,0.05120799168661739,0.06549943808555286,32.29009181472849,0.669353185808693,18.187487010602915,200
M1 nominal helix,25,AS-SMEA,0.8859637181406436,0.011466010311057583,175,0.8830069382079098,0.059789001096477806,0.07349901842508826,33.23721951965483,0.6785847057898076,19.917508815911404,200
M1 nominal helix,26,AS-SMEA,0.8783405942817542,0.012330192794657526,176,0.9240643113461877,0.06034476667124343,0.07225256215588567,33.28905155044886,0.6527940121493858,19.583676249472738,200
M1 nominal helix,27,AS-SMEA,0.8888081156801794,0.01302469475864731,180,0.8909889591919166,0.062351841041064664,0.08073043189282564,34.15253933640783,0.6197502855333159,19.787027891460315,200
M1 nominal helix,28,AS-SMEA,0.8845404478622955,0.008972852637107148,181,0.8662474901555867,0.05551722675882989,0.07354206504186796,32.97620658049323,0.633884759667581,20.313768816117225,200
M1 nominal helix,29,AS-SMEA,0.8867561818386144,0.011776870026587463,172,0.8855839311782915,0.05962792292061382,0.07016109308828393,34.17975863368644,0.6484923934172154,19.00864635294637,200
M1 nominal helix,30,AS-SMEA,0.8885865748606042,0.012184295302633154,171,0.8777555210345936,0.05923579420366925,0.06734839507484093,34.927378535946794,0.6704316176606334,20.054624739698994,200
M1 nominal helix,1,B2 direct screening,0.8797919964304157,0.011662491251989083,194,0.8895290776962862,0.06724846107674025,0.08213918192097203,33.81168888152748,0.680891597359203,15.20591123434269,200
M1 nominal helix,2,B2 direct screening,0.8712039097656343,0.01404254227536617,189,0.8866973170942338,0.06396543038165918,0.07388041577205753,31.109893012904294,0.6592732416511304,15.7391275918102,200
M1 nominal helix,3,B2 direct screening,0.8677387880900103,0.012850326588149913,182,0.8881948423732925,0.0633855280999233,0.06284329665329809,30.75018346894955,0.6742199288920944,13.379664483416125,200
M1 nominal helix,4,B2 direct screening,0.8624095471538246,0.011576126985237817,189,0.9144546672042909,0.05911015598877979,0.0795304247628474,31.446626539227314,0.6521436583271496,15.704305578346016,200
M1 nominal helix,5,B2 direct screening,0.8705489755616185,0.012877837987002979,183,0.9115588282171453,0.06787108167850958,0.0761429280682347,29.89185573861597,0.6474854594280899,14.035873368645486,200
M1 nominal helix,6,B2 direct screening,0.8853794746050591,0.011972212748964895,179,0.9009600793081297,0.06355706633992024,0.07316664217264823,34.02327082788457,0.6525907635801104,13.476086243042221,200
M1 nominal helix,7,B2 direct screening,0.8794177279298768,0.011799055180472936,187,0.8889946600197386,0.06880180690075362,0.07740300309236244,34.8484177150052,0.6605641650809333,14.335141580490413,200
M1 nominal helix,8,B2 direct screening,0.8848988541756515,0.01144552819918549,176,0.903041385957496,0.05310362718000401,0.06752268225088168,34.38372308737666,0.6200635164757029,14.323244611546588,200
M1 nominal helix,9,B2 direct screening,0.8778126151751316,0.01309713084902028,171,0.8806292621192799,0.07080292013222782,0.07603930005281484,34.50897045315667,0.6551261582828697,13.883961831025987,200
M1 nominal helix,10,B2 direct screening,0.8761134273769889,0.015531050113520479,193,0.8862226458858148,0.07920758426330939,0.07487171935933494,33.17200783784399,0.6654215953459339,13.344889912002843,200
M1 nominal helix,11,B2 direct screening,0.8736028424522747,0.011782601562735223,182,0.877957583423919,0.06257887381195323,0.07214670429517475,30.592654883308402,0.6510153958283108,15.664730702297256,200
M1 nominal helix,12,B2 direct screening,0.8820217745223689,0.008365627206153985,183,0.9084280395276308,0.06799717757210492,0.06750621285328234,34.31458993769619,0.6728947870546697,14.466806220434302,200
M1 nominal helix,13,B2 direct screening,0.8827946899950535,0.011813532350864065,185,0.9013706913755222,0.05791079992515686,0.0723494667510473,35.11506804710237,0.6716567907956495,13.649258003932538,200
M1 nominal helix,14,B2 direct screening,0.8737571322584854,0.013238506052574166,182,0.8942354563929265,0.06400917911206043,0.07939002505608067,34.618536492546056,0.6544254055928067,13.808381423938995,200
M1 nominal helix,15,B2 direct screening,0.877755077643559,0.011186861836956694,186,0.8700494709559327,0.06118073507521517,0.07584585147269551,31.78265651612084,0.6500253755278448,14.130652867764603,200
M1 nominal helix,16,B2 direct screening,0.8796476101140621,0.011272898657727591,180,0.8934477429417678,0.06861552900105666,0.06788909601547986,32.97979942212628,0.6715743297234483,14.862809792278185,200
M1 nominal helix,17,B2 direct screening,0.8720520890974306,0.012945899336615864,194,0.8913827064107906,0.07278694117030479,0.06955568387045827,29.780226027514615,0.6417407704889908,12.634115521191866,200
M1 nominal helix,18,B2 direct screening,0.8815540348671023,0.014711830743717631,184,0.8816334130187649,0.05998364089615064,0.07093759461185792,35.064863712370965,0.6762945238337117,14.486192999907892,200
M1 nominal helix,19,B2 direct screening,0.8895140058080778,0.013542558826635548,190,0.8945526031036054,0.0643558680534803,0.07091662601950609,35.19986666609075,0.5860003961019076,13.391560064820842,200
M1 nominal helix,20,B2 direct screening,0.879447013187302,0.009579620751902631,185,0.9063600174049016,0.05500152697330039,0.08519439869202074,30.681882016623668,0.6452117633152126,13.861740558262948,200
M1 nominal helix,21,B2 direct screening,0.8675735675307414,0.010120807763273985,184,0.8932990864596033,0.0677565395770619,0.07742249313730766,33.65900245193471,0.6652122703191208,13.986158736251287,200
M1 nominal helix,22,B2 direct screening,0.8694839444877591,0.01472142681411968,194,0.8808666444104325,0.05698618153040326,0.07832971785728003,33.190923634792,0.6624650680777212,13.70528774207801,200
M1 nominal helix,23,B2 direct screening,0.868349424591192,0.013161646822728149,178,0.8899072958121172,0.06348915655567355,0.07636101306137527,30.85920365277497,0.6463928184966872,13.366073176099023,200
M1 nominal helix,24,B2 direct screening,0.8715856719687479,0.013764856494146207,186,0.8719473017568756,0.06574134069826754,0.07196599967547027,31.01069557677747,0.6646126274677839,14.813466651630208,200
M1 nominal helix,25,B2 direct screening,0.8702589391069921,0.01460843532142688,184,0.9026193234672678,0.06385672568170886,0.07481644870278288,31.1971051166041,0.6490068460176026,16.186559854916556,200
M1 nominal helix,26,B2 direct screening,0.8781793596772267,0.01162967983913313,191,0.8837896285091543,0.0643474553022107,0.076418424821479,35.501341468098424,0.7030207346030274,13.921435229717984,200
M1 nominal helix,27,B2 direct screening,0.8718126391569726,0.012080352105053635,182,0.8553113605504359,0.06194440779543046,0.07205571321770954,31.576125766989712,0.6525619935517375,14.430665940856606,200
M1 nominal helix,28,B2 direct screening,0.8693765900432817,0.014430210037090779,195,0.8861600171972248,0.06068133977863074,0.07191408399643523,33.346390509328096,0.6688806474613435,14.301122411443725,200
M1 nominal helix,29,B2 direct screening,0.8666428068972264,0.014651357906423693,186,0.8875586611719567,0.06984124586747711,0.07841426644661817,31.35505592172532,0.6518407627353693,13.955479136951656,200
M1 nominal helix,30,B2 direct screening,0.878109370132936,0.013730595546019382,181,0.8771653481892796,0.06674558112212217,0.08208294696860427,30.44639890082013,0.6515973235039612,14.28809647260222,200
M1 nominal helix,1,Original MF-BCL-SAEA,0.8658688895801258,0.01669658590395751,187,0.8635831909792727,0.07961153801070955,0.07590043823869262,31.570202399778463,0.6391719076685478,18.60444228124528,200
M1 nominal helix,2,Original MF-BCL-SAEA,0.8793326441053766,0.014951064129073403,186,0.8532407720135129,0.07076731768388995,0.06548014967438388,32.93057535185788,0.6696221433134563,17.73367665026705,200
M1 nominal helix,3,Original MF-BCL-SAEA,0.8719937158462548,0.015322122676630565,181,0.8926038907435908,0.06938649321555494,0.07449487297658644,30.481688355958745,0.6622136690480181,18.164282030355437,200
M1 nominal helix,4,Original MF-BCL-SAEA,0.8485474863343724,0.017715108068745506,171,0.8699509063891577,0.06453669249385752,0.08432489827278607,30.54448418913816,0.6692669415103008,16.906223475305197,200
M1 nominal helix,5,Original MF-BCL-SAEA,0.8739864474162837,0.015743445369344175,171,0.8607461118296965,0.07625063389889175,0.07036004240160788,32.23692499216854,0.6545357175255777,19.240452599120907,200
M1 nominal helix,6,Original MF-BCL-SAEA,0.8630101549403628,0.013635988065832985,172,0.8726150099052173,0.07798574905231684,0.07346373949741893,32.64749404376212,0.6773143116431498,18.57094549755734,200
M1 nominal helix,7,Original MF-BCL-SAEA,0.8553943011502978,0.017663145607186553,177,0.8720693428930815,0.07248680673241635,0.0772324705529772,28.65062699883686,0.6660645449765213,18.056016290144882,200
M1 nominal helix,8,Original MF-BCL-SAEA,0.8756910065915644,0.009972139374561704,175,0.8719074835800659,0.061157105811372806,0.07232743380188379,35.90665757422194,0.6769750507067537,18.22637049560923,200
M1 nominal helix,9,Original MF-BCL-SAEA,0.8661666038314906,0.013528666948095486,175,0.8478609976246639,0.07347913985118475,0.06989502766922101,32.335929943314035,0.6594099499009661,17.343981874140876,200
M1 nominal helix,10,Original MF-BCL-SAEA,0.870868541443654,0.00921771551900822,174,0.8876099379331729,0.07511165963297897,0.08826212202602468,33.507320132320515,0.6374039180497827,18.189930697347904,200
M1 nominal helix,11,Original MF-BCL-SAEA,0.8626398099984895,0.016442793346338642,181,0.8361441237025184,0.08003958661974278,0.07134787692511617,31.696489834244495,0.6763618352591858,18.016446802451767,200
M1 nominal helix,12,Original MF-BCL-SAEA,0.8788345406484568,0.013514530047862081,176,0.8926918658167698,0.06160055805378596,0.06754450756489827,35.578917038753836,0.6609980712192208,17.24922024248281,200
M1 nominal helix,13,Original MF-BCL-SAEA,0.8667405374551738,0.012978933104338201,178,0.8811355537676322,0.06929494085725559,0.06856378146843288,35.13100287954742,0.6735598394178439,17.814491173087077,200
M1 nominal helix,14,Original MF-BCL-SAEA,0.8668493329394316,0.013577286392041017,189,0.8610468787802594,0.07497080669261001,0.08191197185340401,30.653321950080446,0.6094780576407963,17.750578462150308,200
M1 nominal helix,15,Original MF-BCL-SAEA,0.8745517198769568,0.014514403012169028,184,0.8742486573788328,0.07700150310985097,0.07463759118753743,32.915605342896626,0.6812739270842343,18.612332280700986,200
M1 nominal helix,16,Original MF-BCL-SAEA,0.8485139633746657,0.012332207752677604,181,0.8856116624201128,0.06497938689221039,0.08547172943350857,33.72002397560694,0.672178967686442,17.87968064601703,200
M1 nominal helix,17,Original MF-BCL-SAEA,0.858449357039251,0.015709539687352364,185,0.87673834128682,0.05973235798960619,0.07963620319022525,31.696801101669717,0.6884854195159862,16.9826365531268,200
M1 nominal helix,18,Original MF-BCL-SAEA,0.8695423498170645,0.01796955904864868,177,0.8562995456422785,0.08157186320212738,0.06659677536687043,32.09381870291173,0.7089124936802577,18.890407237315593,200
M1 nominal helix,19,Original MF-BCL-SAEA,0.8639200681771506,0.017152970511310255,188,0.8887453536921424,0.0761694328056455,0.07693153128229213,29.42964173414461,0.6740358453049037,17.255171607712573,200
M1 nominal helix,20,Original MF-BCL-SAEA,0.8639596491407182,0.013070162297365013,185,0.8371301895373429,0.0712739008372641,0.0702372908215825,32.94683148541264,0.6744367430081463,17.698241205463518,200
M1 nominal helix,21,Original MF-BCL-SAEA,0.8658099752361679,0.016799611846997842,181,0.8557547552787064,0.07155214482303231,0.08420131281829173,31.7771140418908,0.6734333099713441,17.167504777046457,200
M1 nominal helix,22,Original MF-BCL-SAEA,0.8509531984007728,0.010770844957863523,186,0.8245290086200258,0.0750830367341267,0.07618781721987014,31.178449170482182,0.6845532838978495,19.126745534085003,200
M1 nominal helix,23,Original MF-BCL-SAEA,0.8731579758931768,0.011188516041972576,172,0.8712788116266073,0.06879955038743842,0.08177304965449213,30.937968923220026,0.6483173704305116,18.235692287810974,200
M1 nominal helix,24,Original MF-BCL-SAEA,0.8798467072087478,0.015485477981198691,173,0.8652303641037797,0.0800271562328493,0.07188576163967772,34.01197050707529,0.6448640699525379,18.82504795499456,200
M1 nominal helix,25,Original MF-BCL-SAEA,0.8555878359893205,0.01420550712389536,182,0.8603066800436845,0.07298273647111703,0.08254591952349162,32.44350568033105,0.6242792765744486,17.852924603458167,200
M1 nominal helix,26,Original MF-BCL-SAEA,0.8606640068541187,0.013517574910169307,180,0.8872325219178995,0.08330624413332881,0.08182571392959707,29.818801246275836,0.668591306148989,17.802202004886468,200
M1 nominal helix,27,Original MF-BCL-SAEA,0.8712029869733855,0.01490066395269412,178,0.84971244698389,0.07160381253359828,0.07065940829196901,33.372105832626076,0.6424275457695022,18.513909826520493,200
M1 nominal helix,28,Original MF-BCL-SAEA,0.8619456302865092,0.013593513150022515,184,0.8664922482204259,0.07806326890176288,0.08402059948055195,32.9470155129172,0.6938628142424647,17.675746158083623,200
M1 nominal helix,29,Original MF-BCL-SAEA,0.8490759541153753,0.015891262907260312,181,0.8767798028989124,0.0835021663001079,0.08457264683656224,29.201672794892673,0.6759219013201885,17.650704128841642,200
M1 nominal helix,30,Original MF-BCL-SAEA,0.8685406191425006,0.015400658792999245,172,0.879670512555747,0.0778820630579113,0.07127088924445679,30.712325766331308,0.6596345110148905,17.25898007572515,200
M1 nominal helix,1,ParEGO-GP,0.8528187073439626,0.014330665095935724,200,0.8438231529082193,0.08539634731870126,0.08196500824869313,28.364797862804444,0.636607095697826,19.835880900711476,200
M1 nominal helix,2,ParEGO-GP,0.8668166136873021,0.019937819302869534,186,0.8643636825320845,0.10847222860452742,0.07259445613329889,34.49520683743823,0.6670273558443174,20.11606489235958,200
M1 nominal helix,3,ParEGO-GP,0.8468587620522862,0.018659039152635573,193,0.8457443251791184,0.09016213441135089,0.08402002455292162,31.252004914077553,0.6474313398862896,20.740716821706886,200
M1 nominal helix,4,ParEGO-GP,0.8553824378946645,0.014595480020238593,199,0.829453381503449,0.09438802848775028,0.08122247260337304,32.911684064535365,0.6735736338355941,19.68051830301074,200
M1 nominal helix,5,ParEGO-GP,0.8541997968838305,0.015483299666324996,200,0.8422107902010753,0.08094758176722695,0.06419646851395727,29.704602636537505,0.6682049214547269,20.737024899301833,200
M1 nominal helix,6,ParEGO-GP,0.8491381431535162,0.01783150792140017,193,0.8490148369893986,0.0966087808260194,0.07538363521569418,28.37304483085798,0.627370653967053,21.14098947962602,200
M1 nominal helix,7,ParEGO-GP,0.8635749290433465,0.01335585348520361,190,0.855991694337718,0.08475295741166267,0.07395779267985494,30.42082039051726,0.644243884043565,21.344649726989992,200
M1 nominal helix,8,ParEGO-GP,0.8547710008146742,0.018546678225977845,192,0.8347760326616886,0.0939812947895003,0.07789015755499586,31.061266284518496,0.6677691304314158,19.671325184873066,200
M1 nominal helix,9,ParEGO-GP,0.8493434993434998,0.018054126961582696,189,0.8332669800538685,0.07299162714810932,0.08207572027147003,32.07933416187678,0.6873043808572542,20.287487143041034,200
M1 nominal helix,10,ParEGO-GP,0.8557525054423739,0.01745816602332975,197,0.8616406485761049,0.08288494144656319,0.07873046621150533,29.878663311881322,0.6376749949188192,19.98380881688889,200
M1 nominal helix,11,ParEGO-GP,0.855334487016567,0.012913537507301783,200,0.8517348122740659,0.09554462769468236,0.0783361785906342,34.69084811521776,0.6819705997748978,19.704684253025604,200
M1 nominal helix,12,ParEGO-GP,0.8680245593249433,0.01823555230403879,185,0.846013674952358,0.08655113344408594,0.08365370132458885,34.133921606445796,0.6837890254722152,21.746556414340592,200
M1 nominal helix,13,ParEGO-GP,0.8609684350534279,0.016793991607623425,189,0.8609912578056093,0.08324002731888584,0.07467578882046738,30.77445307286617,0.6892724151619041,20.50276910241666,200
M1 nominal helix,14,ParEGO-GP,0.8451883982329875,0.01699805599476038,198,0.8354858974981669,0.08651716567912164,0.08150906529215562,32.13393149217832,0.6767879194592702,19.030566659046794,200
M1 nominal helix,15,ParEGO-GP,0.8615310537523794,0.016144220833847398,197,0.841330962279745,0.08144771282644205,0.07548545068860887,31.38874991950882,0.6533317021101269,19.664095314054777,200
M1 nominal helix,16,ParEGO-GP,0.8549304008591364,0.016662673192546863,185,0.8496450713314654,0.09819619129610813,0.08164683343503695,29.957977959994185,0.636473502915108,19.023023455427605,200
M1 nominal helix,17,ParEGO-GP,0.8580812689281082,0.014220651875524236,200,0.8688421035757433,0.07714123969046685,0.06610411730651626,32.818227812654236,0.6716893936187517,20.458432292881042,200
M1 nominal helix,18,ParEGO-GP,0.8517061676607621,0.016873251081423006,200,0.8618971468565215,0.07549692585584108,0.08180783995612682,31.374885118062103,0.649435550914807,20.17772985390124,200
M1 nominal helix,19,ParEGO-GP,0.8591653257582587,0.018401034467716258,194,0.8585394341257606,0.07975961378837036,0.07108499001855062,30.23026678654267,0.6505659039472885,20.993374290358965,200
M1 nominal helix,20,ParEGO-GP,0.8701031234120556,0.014431723151302669,199,0.8773627335812755,0.08325931569324714,0.07174841519760161,32.23421581657995,0.6752334310930611,19.578879750620413,200
M1 nominal helix,21,ParEGO-GP,0.847354955803787,0.01783406504974375,199,0.847308407500028,0.09148683266377375,0.08238910145311604,32.111904288976056,0.7117525499715169,19.193118353710368,200
M1 nominal helix,22,ParEGO-GP,0.8343888257509389,0.018889766808101175,191,0.8531964216780067,0.07393981094704392,0.09059439224565949,31.57258221158684,0.7125563991279087,19.470206487858807,200
M1 nominal helix,23,ParEGO-GP,0.8489030506501761,0.013180996564139881,197,0.8387663398447296,0.08900442396567598,0.08804989987149521,31.173860912209456,0.7033772429836248,19.317055695156615,200
M1 nominal helix,24,ParEGO-GP,0.8362297180156824,0.01935583892222264,196,0.8463784294948491,0.07240830077701688,0.08200332886369989,30.476459273966928,0.6897238136582128,20.234003453908183,200
M1 nominal helix,25,ParEGO-GP,0.8540745657714218,0.01671771108643655,192,0.8676374301673602,0.10075856707742868,0.07873480091444127,32.789145342927824,0.6955664670018114,20.941579923700143,200
M1 nominal helix,26,ParEGO-GP,0.844485244541199,0.015320433750522982,195,0.8327611512001394,0.08538317446258357,0.08367329273336949,30.75331436683348,0.6358273086134755,20.135513488347204,200
M1 nominal helix,27,ParEGO-GP,0.8457690263989536,0.015228568971129817,188,0.8602378621728334,0.07017025657585081,0.08707273633373246,30.574143768063806,0.68064345205256,20.522520892272592,200
M1 nominal helix,28,ParEGO-GP,0.8475151830956139,0.019409322531471682,190,0.834838477624738,0.08142399582845848,0.08055132529941131,29.597635605210282,0.6730972990955821,19.191479786625404,200
M1 nominal helix,29,ParEGO-GP,0.8435972692454529,0.016059946345892966,198,0.8765854463881589,0.08109036199651222,0.09045580168083119,28.120734634896007,0.651445125924561,19.50680566700626,200
M1 nominal helix,30,ParEGO-GP,0.8439402522412078,0.017454604279388497,190,0.8654180277019308,0.09008210328390752,0.08457483198945313,31.346839232677134,0.679310926439154,20.02337632433682,200
M2 soft network,1,Frank-WT MF-PIRN,0.9374553699265289,0.004052263268987859,113,0.9226009674323351,0.02308817712189735,0.047723887854228805,37.70886653514453,0.6439850009618147,14.563652308138646,200
M2 soft network,2,Frank-WT MF-PIRN,0.9440297876252364,0.0027244933168440273,106,0.9194039777312941,0.03053779675253811,0.041180002532212504,38.019511061404785,0.6321778990297908,13.868302278487093,200
M2 soft network,3,Frank-WT MF-PIRN,0.9429582254770689,0.0024712638564094802,106,0.9259267797042146,0.0188113648690112,0.051029969532325394,38.770417334787496,0.5971493918731695,12.401064725987483,200
M2 soft network,4,Frank-WT MF-PIRN,0.9382248860671897,0.004397612696402069,100,0.9511076436299629,0.013648103196474068,0.06948582608048831,37.91200683901022,0.6835145885888342,12.600585755826721,200
M2 soft network,5,Frank-WT MF-PIRN,0.9479981707976946,0.0027046597132303453,109,0.9283437086139069,0.02832856681337232,0.045269929181385955,36.946882095496015,0.6079672609393968,13.821696915904944,200
M2 soft network,6,Frank-WT MF-PIRN,0.9382169212646464,0.004209903885977886,106,0.9671595654855406,0.021145848733366127,0.05856829063624783,35.82289784738069,0.580762062685059,12.213266314258119,200
M2 soft network,7,Frank-WT MF-PIRN,0.9258821558058058,0.003558893144639282,104,0.9445220751349335,0.024835734174188745,0.054699639446343123,32.80667940476395,0.6196497734893275,12.612506689524945,200
M2 soft network,8,Frank-WT MF-PIRN,0.9298895150817763,0.0034878881341266423,107,0.9144240670100324,0.028075464287283167,0.0515189678055812,33.80759825544447,0.5957982883365304,14.142036125809717,200
M2 soft network,9,Frank-WT MF-PIRN,0.9376796667238222,0.0035801085359406055,103,0.9194435006201139,0.03441235344634898,0.045775722757935865,35.83516853583115,0.5988170055688417,11.813031781911507,200
M2 soft network,10,Frank-WT MF-PIRN,0.9290025265883385,0.003747984491841197,102,0.9310742782554807,0.02540474694878282,0.06336771679697678,34.11082780001364,0.6526045624013397,13.132749223666673,200
M2 soft network,11,Frank-WT MF-PIRN,0.9352291523152871,0.00385539182260115,109,0.9222509464680413,0.01630964022743645,0.05344556845510578,36.06992234485814,0.619252829029722,13.794481055105422,200
M2 soft network,12,Frank-WT MF-PIRN,0.9300278958665688,0.003288002175917207,107,0.909806878775134,0.04976570334621594,0.06234879140363281,36.09986420693539,0.598368545177722,11.983358934296042,200
M2 soft network,13,Frank-WT MF-PIRN,0.9371813786425885,0.004852875971790222,100,0.9280300285916331,0.03807710495020783,0.05201652614606707,37.19751201374037,0.6467742715117717,12.429556557663268,200
M2 soft network,14,Frank-WT MF-PIRN,0.9304023129188173,0.003952450714828242,98,0.9300311452168223,0.029585107120206695,0.055817115459993,38.3099389599626,0.624875751737899,12.131861762006032,200
M2 soft network,15,Frank-WT MF-PIRN,0.9438506500526994,0.0029489325572596577,104,0.944615192269579,0.03244784767347778,0.05164290838800418,36.10332676830509,0.5928108862467317,14.353483935629368,200
M2 soft network,16,Frank-WT MF-PIRN,0.9293168224696763,0.004228990786326642,110,0.9447255357353137,0.03254599018582794,0.05862672202444422,30.98665858031356,0.6146217538960412,14.312483221830444,200
M2 soft network,17,Frank-WT MF-PIRN,0.9388923087981345,0.003505780853133479,112,0.9514267012442059,0.03482323093905757,0.04418164715075736,36.0312147694409,0.6075036817939802,14.007181303525895,200
M2 soft network,18,Frank-WT MF-PIRN,0.9328125050828681,0.0047592073766302345,115,0.9456437566703674,0.033981177786558445,0.05482942988116108,35.612073879946415,0.6535525714452288,12.769199212316952,200
M2 soft network,19,Frank-WT MF-PIRN,0.9354140068118647,0.0032697417055849772,102,0.9184484356022743,0.03006890258986413,0.04742009635481858,37.941853712614225,0.5822730660825799,13.551606115302992,200
M2 soft network,20,Frank-WT MF-PIRN,0.9436741459275546,0.002211833939097443,112,0.9170049269109839,0.02363393061152261,0.05014784156540538,36.122801218820356,0.6438611015061092,11.41056992711392,200
M2 soft network,21,Frank-WT MF-PIRN,0.9353202503543303,0.0036482392912095705,105,0.9500689868733732,0.026842139710924202,0.05327787722528777,35.99473856550596,0.5995932261254534,13.186598568632759,200
M2 soft network,22,Frank-WT MF-PIRN,0.934286258697075,0.004915931272048145,105,0.9503212106651305,0.03467971514937466,0.05173250830439992,35.43700567070988,0.6788657794235418,13.038117394055103,200
M2 soft network,23,Frank-WT MF-PIRN,0.9339814768789568,0.0034835838843336854,101,0.9381328850548382,0.026707943500470968,0.05263401305822622,36.4167826696405,0.5814889574771348,14.48425365529555,200
M2 soft network,24,Frank-WT MF-PIRN,0.930948156243893,0.0037138285491141445,110,0.9454734086909498,0.04019554616169929,0.06406627818152714,35.01943795318628,0.5992896144667972,15.248664642947759,200
M2 soft network,25,Frank-WT MF-PIRN,0.9425814200442523,0.00377893183751686,123,0.9466289459432655,0.04655951485673017,0.05113247434804855,38.86701279989453,0.5972799775106229,13.077102635438406,200
M2 soft network,26,Frank-WT MF-PIRN,0.9453998630489625,0.0028256996010895814,103,0.9281701547273515,0.023394959523928227,0.04895876123306679,34.31967822518986,0.6159165557325312,12.26547280527413,200
M2 soft network,27,Frank-WT MF-PIRN,0.9459414209208142,0.004233283627686387,109,0.9255418287543152,0.036380859123118905,0.059863854505588274,36.35125188635492,0.6254241694194623,12.399417650920025,200
M2 soft network,28,Frank-WT MF-PIRN,0.9387174263916946,0.003056746650648136,106,0.9158703305103629,0.03551211369873224,0.04772152849156054,38.100933871033654,0.625920313854181,11.900519478810438,200
M2 soft network,29,Frank-WT MF-PIRN,0.9325123896262751,0.004711352929509553,103,0.9447335693537465,0.03682969770221578,0.04693724796503533,38.290617130162005,0.6597402812134198,12.965144686939421,200
M2 soft network,30,Frank-WT MF-PIRN,0.9407619594785718,0.002385238316876678,103,0.9176556094557053,0.029892422617157192,0.053524340954693536,37.31945937630255,0.6088073604379848,13.209773698046844,200
M2 soft network,1,MF-HVKG,0.8916397286797413,0.009148704478839078,150,0.8960674102054763,0.042450739001163,0.07523888639846353,35.194260184475084,0.6281387586094342,18.251786880612947,200
M2 soft network,2,MF-HVKG,0.9086354210877855,0.007472231280944476,157,0.930353185205755,0.04072542895493672,0.07173359595806551,35.568331463224276,0.601316050731956,19.272429166354925,200
M2 soft network,3,MF-HVKG,0.9140501309575055,0.007724848318353661,142,0.8861360919707554,0.052725548165715924,0.06220765195830224,38.266685549030925,0.655219516038168,19.862001283039497,200
M2 soft network,4,MF-HVKG,0.9042866273264991,0.005971275750561004,150,0.9140186204161053,0.04133314412770951,0.057898425763431606,32.14311664090843,0.6358467784840868,18.017060328840493,200
M2 soft network,5,MF-HVKG,0.9213710140096338,0.005783015955507755,152,0.9230049311702745,0.04607713488683954,0.057631846821262156,36.58345790060699,0.6171765556185802,17.923836043890095,200
M2 soft network,6,MF-HVKG,0.9152108742685874,0.008099846125529131,158,0.890013767309747,0.056059726616743806,0.06641841412465598,35.12805430287582,0.6360287826224214,18.406135307496122,200
M2 soft network,7,MF-HVKG,0.8936376935804892,0.01080133044432459,143,0.8942074852136005,0.05694824486528404,0.05791400195874548,35.9626332853181,0.7256376014907409,18.457119768529537,200
M2 soft network,8,MF-HVKG,0.8946182038939531,0.007850324051291869,154,0.8835297527268096,0.052569215641033604,0.06866744233252897,31.879566543553107,0.6867347385038496,17.260879111656546,200
M2 soft network,9,MF-HVKG,0.9078133009789146,0.009158815870532617,154,0.867773061020036,0.0476671259957839,0.06130587130557103,32.42412696204384,0.6500645503154425,17.91558611102982,200
M2 soft network,10,MF-HVKG,0.9080733990173541,0.007047377390816221,150,0.9389624473370444,0.021235923800018333,0.056551429065348775,34.53051590126667,0.6416662767620295,19.065694309750135,200
M2 soft network,11,MF-HVKG,0.9026110422607907,0.008269558821533528,151,0.9319727417404137,0.05676288821812052,0.06649833921903325,34.69022832973952,0.6698742347818637,18.691027290936823,200
M2 soft network,12,MF-HVKG,0.9025877923168227,0.0077846844354873546,142,0.9202398615672498,0.04585545917574726,0.06408426555090951,34.361450985993756,0.6391262496321841,17.60983564600226,200
M2 soft network,13,MF-HVKG,0.8959764558399024,0.00863836291407064,153,0.9096055642812144,0.0427636317575804,0.06193739101588277,33.56642062502499,0.6161012950570265,19.2457021068372,200
M2 soft network,14,MF-HVKG,0.9022799034344835,0.008347177247359254,151,0.9095680412721994,0.05747262964451562,0.06400801813422945,34.19855032156417,0.6655638513709551,18.84075888593022,200
M2 soft network,15,MF-HVKG,0.9068216658671855,0.006151387692627916,146,0.8882316357950165,0.056381118499021624,0.05374402703955144,33.96817868264972,0.653886061891111,19.538753662829567,200
M2 soft network,16,MF-HVKG,0.9020388380899867,0.008246133541912141,148,0.9076951177976392,0.05577371028043991,0.06950742914279831,34.34648499166398,0.6227500610755641,18.056679364774222,200
M2 soft network,17,MF-HVKG,0.9069982054132796,0.007646861384338176,156,0.8961842795552647,0.04868589126301804,0.05989360762157007,35.00757733298793,0.617344336758609,18.431750700364773,200
M2 soft network,18,MF-HVKG,0.9044653659072455,0.00939816484364813,150,0.9031924691120364,0.04960900983791323,0.068768170845361,34.32453612961492,0.6496265188723154,17.339068194052523,200
M2 soft network,19,MF-HVKG,0.8985303821012285,0.006660810041964352,145,0.908257613059877,0.05473638768621538,0.07550828806830723,33.29307804727225,0.6353328698671933,19.0132529973781,200
M2 soft network,20,MF-HVKG,0.9148006683464548,0.009950089269670793,152,0.9066979167426202,0.04898095824207025,0.06287631742922577,36.998701808992955,0.5935085028539469,17.86058770254178,200
M2 soft network,21,MF-HVKG,0.9078471991498853,0.009952653989422602,157,0.882435824414024,0.04844045905315149,0.06226381335833947,34.71722435048849,0.6272208558344993,18.858426274043488,200
M2 soft network,22,MF-HVKG,0.9079564751684567,0.007909841328000896,149,0.9083500033985219,0.053495996841259934,0.07317904593743259,35.83250302705772,0.6492720523095399,19.7524379815593,200
M2 soft network,23,MF-HVKG,0.8985459854438046,0.010213123778224593,155,0.9022417845697808,0.05458238166209352,0.0636765350807108,33.476806009697164,0.6472211300884936,18.988015853698087,200
M2 soft network,24,MF-HVKG,0.9157289127315577,0.007961196515454762,150,0.8914318270955524,0.049269630044337535,0.06617541102854425,36.59326391517312,0.6673667260597042,17.763218262885122,200
M2 soft network,25,MF-HVKG,0.9093706922719144,0.007817068945856653,148,0.9003973496501275,0.049133239383451474,0.07023393218145557,36.444257186653076,0.6418575298055341,17.333263372242282,200
M2 soft network,26,MF-HVKG,0.9113982172944922,0.006781868787582516,151,0.887929957486538,0.06016544696439052,0.057390769866913854,36.215021698087085,0.6050906946198096,18.159208149107997,200
M2 soft network,27,MF-HVKG,0.9049648368864477,0.008133460999935194,161,0.9199143377017749,0.06249446885179919,0.058166372517623625,32.305011112150865,0.6293362728548408,18.663152165466528,200
M2 soft network,28,MF-HVKG,0.9043957815366654,0.00834136611317768,160,0.8912692177488586,0.05057990254100547,0.058052402868865385,34.41846987400729,0.6235272913600582,17.86878699871326,200
M2 soft network,29,MF-HVKG,0.8973905067263106,0.007080675539197426,156,0.9220528363836723,0.04380504386390797,0.0700206499149737,34.39832724546784,0.6447683663393086,19.055334120755404,200
M2 soft network,30,MF-HVKG,0.9159841192151453,0.007886419014129722,147,0.8956741225350409,0.04395871712638805,0.0575497011080487,35.16242223934104,0.6328163109789112,18.342630645707537,200
M2 soft network,1,qLogNEHVI,0.9032996876315695,0.008601513889213932,172,0.8813563513159235,0.043132284530836666,0.06509765116342545,38.61216595055423,0.6336162135469348,19.844759346378645,200
M2 soft network,2,qLogNEHVI,0.9150549341909562,0.008988427296106008,152,0.8940743619446415,0.054104445918152826,0.06574770401401187,32.69529155441091,0.6279970881532577,19.435273404317318,200
M2 soft network,3,qLogNEHVI,0.9151451376818014,0.010773879339666979,162,0.881777507266738,0.05032288663673168,0.055968968502283445,35.25044975877885,0.6129686291429917,19.496575170762537,200
M2 soft network,4,qLogNEHVI,0.8924241532023026,0.007319904600827681,161,0.8866024127926423,0.04609395166134221,0.06367594068044893,33.47481177346983,0.6496639212763053,18.548944814214742,200
M2 soft network,5,qLogNEHVI,0.9071276068103645,0.008296620299532593,163,0.9064403747708448,0.050860565027384695,0.04936955331750863,34.844303159853744,0.6147350286337782,20.075692486094702,200
M2 soft network,6,qLogNEHVI,0.9056107952902032,0.005935485221412231,159,0.9114901823885833,0.044550163723365455,0.06330296143828909,35.87481855197142,0.6709780487867124,19.112514632066826,200
M2 soft network,7,qLogNEHVI,0.8856288671627216,0.011789685990880679,160,0.8973414652370344,0.051424906225216824,0.07078940070054532,34.28539067599402,0.6405907627417993,18.532800317340268,200
M2 soft network,8,qLogNEHVI,0.8954730323626501,0.01026338685542139,155,0.9011973199034948,0.04860076650523294,0.06694064315713445,34.63272927724409,0.6227909974042634,18.67360191521686,200
M2 soft network,9,qLogNEHVI,0.9021388494353411,0.00690525525949988,154,0.90169913957717,0.061158747617021926,0.07004313874638536,32.081463724066936,0.6594281719974076,19.586180072647615,200
M2 soft network,10,qLogNEHVI,0.9055741782859729,0.008827818911094337,156,0.9092767813403816,0.049589190614705805,0.059753875944948374,35.949150631987926,0.6630372652912215,17.60515203333476,200
M2 soft network,11,qLogNEHVI,0.9021428385675374,0.007275691664579773,158,0.887040739060559,0.05621697515182971,0.05689238899589927,35.17878073263628,0.6641834798957114,18.54779170408729,200
M2 soft network,12,qLogNEHVI,0.8979307379834015,0.009730458599647286,153,0.9109737797443783,0.04804845406942057,0.06345214214832377,32.65216003891015,0.6149656867422312,20.01041652176269,200
M2 soft network,13,qLogNEHVI,0.8978063129039935,0.007528901315405263,163,0.88838266202474,0.04870402478650855,0.05758754500364523,34.01127358093191,0.6634480158510759,19.481060584704863,200
M2 soft network,14,qLogNEHVI,0.903387481765144,0.006580086006111184,157,0.8918321321171749,0.03935298552567265,0.07216513643768933,34.616360025504456,0.7109201507816489,20.05299844436072,200
M2 soft network,15,qLogNEHVI,0.8909077961008639,0.008652187851022093,159,0.8991643700674583,0.05500074879021137,0.0699904845499695,36.204197979026425,0.6447302467310511,19.91063029350593,200
M2 soft network,16,qLogNEHVI,0.8930651446182664,0.008004274655408466,162,0.9013214965922781,0.05198037784961123,0.07645393456940713,32.98856077026134,0.6372978733987976,19.246379807583665,200
M2 soft network,17,qLogNEHVI,0.9077847421011694,0.007213029158327264,149,0.9051078558131714,0.05632695592856211,0.06936034282953235,34.49519871563202,0.6399738335083637,19.207814182163975,200
M2 soft network,18,qLogNEHVI,0.8999865997209813,0.009354639763405575,161,0.9186093030862822,0.0516060130292288,0.06585573288442438,31.918985749312252,0.6691302722887542,20.07671732130778,200
M2 soft network,19,qLogNEHVI,0.9086075375182951,0.008971542096243304,158,0.9065420394778965,0.055350698191373476,0.0600163210831577,34.74547698250176,0.613295807509961,20.380699840526326,200
M2 soft network,20,qLogNEHVI,0.9040181241811115,0.010853019416399224,164,0.9035554951833897,0.05033277381755681,0.06238390319458085,34.619713679249635,0.6276323963827763,18.515348916085976,200
M2 soft network,21,qLogNEHVI,0.906486611518714,0.008364236964276652,157,0.8972471337732245,0.04824378466371164,0.05515693096971473,36.37156603440295,0.6392584827748065,20.169492476985916,200
M2 soft network,22,qLogNEHVI,0.8981166334742828,0.008719098258543988,165,0.9063455294441144,0.05602056233083083,0.0678061420531488,33.473964185039286,0.6532834367938976,19.4350102350799,200
M2 soft network,23,qLogNEHVI,0.9053977191244427,0.008393877334475032,166,0.8902183433136812,0.052319000820467816,0.06839251777200757,34.57834108406759,0.6657534065681703,19.385362795189263,200
M2 soft network,24,qLogNEHVI,0.902104469300362,0.010573069179771452,153,0.8771272277964902,0.05297700130107479,0.07607736005746261,33.57196281453139,0.6430153785621954,19.922044128424517,200
M2 soft network,25,qLogNEHVI,0.9002949531372791,0.008974187672354902,160,0.8972015284298384,0.04634880980455629,0.062436413388668184,33.35002521245233,0.6358706358027312,19.918490354221206,200
M2 soft network,26,qLogNEHVI,0.9116933344356252,0.006715385033332399,151,0.9106745248119494,0.0495060166490829,0.06731383182354984,36.909763544423676,0.6910263815540129,20.076836266002516,200
M2 soft network,27,qLogNEHVI,0.8925898696434494,0.007805508168057595,169,0.8739263405386124,0.050196291453240845,0.06587937002403081,30.062585265215095,0.6528819245990223,19.204348591670406,200
M2 soft network,28,qLogNEHVI,0.9017829599555814,0.010425858290564052,156,0.897672359576299,0.050388210261228694,0.06521105621703033,33.24045712205688,0.6361090193380278,18.676696645581107,200
M2 soft network,29,qLogNEHVI,0.8959511793903497,0.009584786398734876,161,0.9198022200522142,0.0520981383671488,0.07993956012262167,35.435642862977076,0.6091679869611164,19.68304310913415,200
M2 soft network,30,qLogNEHVI,0.8991509481261437,0.007657721769692167,169,0.8734983572335894,0.04674050363427118,0.06255568910619304,35.844875300004475,0.6634816117081431,19.516246195514928,200
M2 soft network,1,MOMF,0.8995006533953223,0.010701283350216865,157,0.8921831184251809,0.04344891396238349,0.06496977874976415,34.401658643819076,0.6005404347120529,18.37795210726196,200
M2 soft network,2,MOMF,0.8997638921736671,0.009019373639492876,148,0.9034498671265054,0.04593601281110548,0.06477620668142628,33.712597336841206,0.6124840314961962,16.38684845285021,200
M2 soft network,3,MOMF,0.8966370473466856,0.008315707084085393,150,0.9151486356210036,0.05629609520161301,0.06207567708694483,34.01191048934207,0.5885096348631206,18.253272664144045,200
M2 soft network,4,MOMF,0.8987026468584212,0.007668889734210715,148,0.9078667540821166,0.05965066984051959,0.06627375287042707,36.11876817206518,0.6653608365112252,17.86900222303931,200
M2 soft network,5,MOMF,0.9072381430261232,0.009121004925072774,152,0.8840414446963465,0.05427932026552206,0.06211781896126082,35.81488845398292,0.6384611412849222,17.262446218790835,200
M2 soft network,6,MOMF,0.9085799228361929,0.008304594811143462,136,0.93077840534729,0.04956011569912249,0.05279064825670688,34.72979838134499,0.6327488426140057,17.454869244490475,200
M2 soft network,7,MOMF,0.8942836166327613,0.011017233465162583,145,0.8998743980574825,0.047837423734400523,0.0579160870825348,33.92932332433696,0.6712730146916162,18.802682448016075,200
M2 soft network,8,MOMF,0.9045217693902509,0.007821693852449168,145,0.9016385653153118,0.05543346834447367,0.06348907428964937,33.702525824140466,0.5757242679396947,18.49027088169082,200
M2 soft network,9,MOMF,0.906196659827223,0.007713539307978124,151,0.8938744189796116,0.060198778947626666,0.06130400120948735,35.21333138070805,0.5734230302103953,18.13825719325947,200
M2 soft network,10,MOMF,0.8968175998698514,0.010641592400425913,139,0.8896933784005931,0.03457635433124308,0.06312135192602675,29.289149929278437,0.6544295835240291,18.211050669175833,200
M2 soft network,11,MOMF,0.897099647519282,0.010553336035494791,149,0.9036775663922093,0.03920159944431056,0.047850289378727595,31.73935951100319,0.6661966788529384,19.294298014463667,200
M2 soft network,12,MOMF,0.8878708823829051,0.00945165114722785,149,0.8952628598604444,0.046572074594587336,0.05570142429267306,32.92674585352036,0.6372595112036625,19.03395760655065,200
M2 soft network,13,MOMF,0.8942150950550928,0.009379752828679597,145,0.8811429854139912,0.057849769122225,0.06526885774741444,35.1130848720764,0.6574678592706626,16.900747800359945,200
M2 soft network,14,MOMF,0.8958924831700892,0.008040608207961153,139,0.8869512079837492,0.056670965314667636,0.0662291546098604,31.83076361980811,0.6246495311732059,18.46690669648682,200
M2 soft network,15,MOMF,0.8894880300979736,0.008720969867934126,134,0.9004850427409274,0.058436287644260024,0.0620950411953339,33.502942917118716,0.653998075904904,17.287179935460085,200
M2 soft network,16,MOMF,0.8905727128554964,0.008307960703160047,142,0.9041119593503257,0.06013796187500999,0.06931909344355369,34.11207743838766,0.6267038634831008,16.640748568213237,200
M2 soft network,17,MOMF,0.9043786028609105,0.00847481980530684,149,0.8881330458757827,0.048424386647773224,0.07056284549154528,33.55822916261456,0.6401570276098195,18.399190028645695,200
M2 soft network,18,MOMF,0.9039061394885345,0.006834827807664158,146,0.8933671820479543,0.055196384729793595,0.06847103460277737,35.122447270778125,0.627227341903702,18.23096577235234,200
M2 soft network,19,MOMF,0.8888154349282122,0.010557860854348799,144,0.882593116128143,0.055082460808915934,0.060277438322097136,32.447923205886546,0.669809017904246,18.01282286782379,200
M2 soft network,20,MOMF,0.9104683071146044,0.01066363473423013,147,0.9163327797207245,0.049248439324404154,0.062121419343400736,34.77489598287124,0.6263148795330513,17.694803754029824,200
M2 soft network,21,MOMF,0.8956095498115259,0.011075732495526194,156,0.8906336644241588,0.05756852287933379,0.06834702237311241,35.80422699443948,0.6250684184598074,17.4368470375813,200
M2 soft network,22,MOMF,0.8987071497088557,0.009057076228601276,137,0.8937996341090545,0.059048371448796065,0.060608485901813516,32.89424127643835,0.6387231673901408,19.467735938640693,200
M2 soft network,23,MOMF,0.9063962265918485,0.008843081540393892,150,0.9269344202823576,0.05123085181891482,0.05790161664935792,35.353332025304894,0.6493604472609079,18.29666575690164,200
M2 soft network,24,MOMF,0.8895302905644625,0.010796138029434839,155,0.9311816061048174,0.05226762396552603,0.06959585577709465,35.89904059153034,0.6459001183295896,17.563533053401386,200
M2 soft network,25,MOMF,0.9009008273491932,0.009250784742036175,150,0.8937312301913577,0.06658926246868864,0.06587955156919655,34.0792910113666,0.669671176595118,18.16806152242461,200
M2 soft network,26,MOMF,0.9013618779340621,0.00660630208449642,143,0.8796741782008615,0.05288943558228618,0.06532747557217217,34.672966942942644,0.6223635967223423,18.393523951794165,200
M2 soft network,27,MOMF,0.9039795602945646,0.007846680161158274,143,0.9002301193664559,0.05461373208541561,0.05903634066408773,34.11950309497978,0.6625602223761867,17.920324163394522,200
M2 soft network,28,MOMF,0.8935543663605332,0.0062576600325290905,151,0.8899735222605679,0.04876077714516945,0.06487765660705516,33.851442102895476,0.6330359318867989,18.65648650949468,200
M2 soft network,29,MOMF,0.8987878534059628,0.00886442393789236,144,0.8800573916358418,0.056785211362466184,0.07332813017482759,36.31248974706266,0.6550905844773124,19.711923852507283,200
M2 soft network,30,MOMF,0.903013095906508,0.011597941336211616,153,0.9027637928588641,0.05304996095396575,0.06480294981325084,34.96660344026887,0.6252722659954533,18.183083973273195,200
M2 soft network,1,PHSEA,0.8864553046956613,0.011399779738628971,169,0.9052741496147351,0.04245035950812519,0.0589858481113935,32.65555181490901,0.6801704329602699,18.016129394744635,200
M2 soft network,2,PHSEA,0.8876791707475378,0.009507874179202236,167,0.9006962202128398,0.04243403048583893,0.06828258289406516,28.594747726786256,0.6514052895999417,19.00164841744831,200
M2 soft network,3,PHSEA,0.8961195695862483,0.011233543859449984,170,0.900728515273479,0.051023419729758636,0.06163490270111913,37.78890381035383,0.6716719505166947,18.822575594173273,200
M2 soft network,4,PHSEA,0.8888404600438576,0.009430298268846438,164,0.9547411289073984,0.052502812063267845,0.0608999257888155,34.36164987961687,0.6232496437920809,18.725471024546145,200
M2 soft network,5,PHSEA,0.8964610805076347,0.009148965661063952,165,0.8969634938874543,0.038779869622370886,0.0720521146991248,31.27101777217968,0.6239932924411616,19.140687160227678,200
M2 soft network,6,PHSEA,0.9057417647599313,0.008561119744739451,179,0.8865620111448121,0.06075416722636883,0.06741209737079668,38.32264032357091,0.637573040452285,19.54984437128541,200
M2 soft network,7,PHSEA,0.8906906770377158,0.008385991231695113,167,0.8750239178518677,0.04684029166228063,0.07325701090174648,33.4745281352372,0.6152711722786229,20.875081515093115,200
M2 soft network,8,PHSEA,0.8984316229583704,0.008273737118883167,168,0.9299791411897136,0.04988669654615925,0.0676168760122723,32.45972716433356,0.6459014157908183,19.70538362972478,200
M2 soft network,9,PHSEA,0.8910247162420748,0.012195492036658161,167,0.9035127262701124,0.05746976993176159,0.07825442797135189,35.114988011635546,0.6685569229771882,19.370289730303202,200
M2 soft network,10,PHSEA,0.8909967346063505,0.011247372797392827,169,0.898135852279544,0.057117559007820826,0.05936103774182018,36.12713226296773,0.6780784806060314,17.59988571099818,200
M2 soft network,11,PHSEA,0.8796816406508492,0.008396344798686966,173,0.908711070246329,0.05470096178487116,0.07505086012910364,33.62896028952086,0.6706479732331236,17.002008140537555,200
M2 soft network,12,PHSEA,0.8883957183561405,0.010181182433834257,163,0.9088380485033403,0.052280730100523636,0.06818579193057753,31.411587102496167,0.6311692222729265,19.788051410177513,200
M2 soft network,13,PHSEA,0.8947461653590568,0.011372079842263507,166,0.9125519307147998,0.038056618118568114,0.07182778893307147,30.61238754960454,0.6112547755320779,18.054057641279023,200
M2 soft network,14,PHSEA,0.9079317620029081,0.010223717781592343,165,0.9029148281370268,0.04411213149297531,0.06624784815701279,35.252773336606836,0.6523762194649222,19.45526384971442,200
M2 soft network,15,PHSEA,0.8903034536978005,0.012389551155545197,164,0.9318071801715606,0.04904541229965871,0.08083252974409383,33.56050320190598,0.6521991781115541,19.99246432491204,200
M2 soft network,16,PHSEA,0.9004620557333944,0.010252025797701523,173,0.903030211985884,0.040227544442166634,0.05609484107943824,33.981736833123726,0.6731839108522752,20.510872672500156,200
M2 soft network,17,PHSEA,0.8952565191793408,0.008773403572751437,161,0.9417569747271668,0.05109441887586795,0.060126918264617,30.24517392598552,0.6722955518666994,19.70459898748505,200
M2 soft network,18,PHSEA,0.8971591179973233,0.008971733652913894,168,0.9252574205213192,0.03600267093322806,0.06875151067811695,31.589353604351512,0.6292086556050812,19.86735224624456,200
M2 soft network,19,PHSEA,0.9008122481241827,0.009434507868107981,165,0.9075781360770795,0.04927462598736339,0.06612518053648958,35.49887523155264,0.6081548341880534,18.169937593525766,200
M2 soft network,20,PHSEA,0.8968028760475352,0.008508363112579931,162,0.8969648696006991,0.048907910321723515,0.07615240853617163,34.641512480081474,0.611518154170559,19.508039175125617,200
M2 soft network,21,PHSEA,0.888624746444509,0.009980080788376967,162,0.929897594888763,0.047232976010338865,0.06935444556833799,32.53431371207394,0.660520653930415,17.4866485619717,200
M2 soft network,22,PHSEA,0.8858663809119023,0.011081373509703618,169,0.9213168667353148,0.036452734982523896,0.07606288964610744,32.43334945185553,0.6365044664388665,19.542253771287935,200
M2 soft network,23,PHSEA,0.9024955136002719,0.0073711836099617616,168,0.8938154094073268,0.05379510187100383,0.058045291889283174,33.46686024789521,0.6333332897388525,18.425742069711372,200
M2 soft network,24,PHSEA,0.893660576380031,0.010778575256790445,163,0.9031961249027001,0.05595246588807924,0.05963121382957766,34.14538061904511,0.6591271734511318,20.06822791301744,200
M2 soft network,25,PHSEA,0.8840108171488705,0.012024589826761294,171,0.9237511987655322,0.04752811457584521,0.06849218864376523,33.958369475889945,0.669737099767658,17.202798346575797,200
M2 soft network,26,PHSEA,0.8994024878815543,0.011279138529566867,175,0.9121939983328855,0.041488593540465836,0.07108133777083028,36.59209058389147,0.6109382899119229,19.635249746978484,200
M2 soft network,27,PHSEA,0.8906597139732222,0.011510817899619268,167,0.9084821807273905,0.0431821556235553,0.06953245109600657,30.849355396839748,0.636753947605509,18.844321950003877,200
M2 soft network,28,PHSEA,0.8862046650814578,0.010633627863038241,164,0.9056864968696317,0.046453186926939664,0.0790471521806236,34.65321630908913,0.6287033852825273,19.19170601799345,200
M2 soft network,29,PHSEA,0.8907033661303119,0.011951900115243714,160,0.9149909364857345,0.05293769067977814,0.06553185106537511,35.52194523300728,0.6548957459252658,18.074516222361204,200
M2 soft network,30,PHSEA,0.8870435751420651,0.009366576132745927,166,0.9030423630613262,0.036792678575169845,0.06769305617518886,31.166105754341352,0.5955420064243229,18.91517086944467,200
M2 soft network,1,MSAEA-DM,0.8821784455500014,0.011086585092533005,181,0.8586404509200293,0.0601253639254012,0.07253428249588002,36.16084113847888,0.6353621318075471,19.906611840858655,200
M2 soft network,2,MSAEA-DM,0.882710951999725,0.009036603681901097,175,0.8576733769874407,0.06288381617366252,0.0713836325730172,32.85565196091782,0.6786149838584374,20.649554490572186,200
M2 soft network,3,MSAEA-DM,0.8910190442611947,0.013673287276895995,187,0.8771078530574846,0.0644931168862104,0.068009229095605,32.814918518954364,0.6073424622301964,19.441415409285895,200
M2 soft network,4,MSAEA-DM,0.8921015070245466,0.011351811745887999,180,0.9076681447677469,0.052588723272368125,0.07375151905002945,33.155982218850085,0.6350495565317643,20.097670489428843,200
M2 soft network,5,MSAEA-DM,0.8926106707730973,0.01306558752654196,171,0.8871590616060697,0.06543798762557788,0.061279834601050735,30.839062865631337,0.6464475051049242,18.650746292407213,200
M2 soft network,6,MSAEA-DM,0.8953205376671332,0.012171566953310514,175,0.8991881211498537,0.055198976293580115,0.06403793386886676,32.35322777037237,0.6870180843589663,21.12888350209997,200
M2 soft network,7,MSAEA-DM,0.8736718600739337,0.011812882513020343,170,0.8909220136816199,0.060546515969901536,0.0746060365076215,33.32175111872966,0.6193608823390274,20.02950251455759,200
M2 soft network,8,MSAEA-DM,0.8898353016871259,0.009370984784496363,178,0.8999027723934232,0.05288764387226161,0.0720139584321423,32.47031974687647,0.6733845176628184,19.301561775100797,200
M2 soft network,9,MSAEA-DM,0.8850838889933419,0.010959757055140662,169,0.8763993906314764,0.055398045115241074,0.07325747872547658,32.31298057613818,0.660449918437247,20.23258053649057,200
M2 soft network,10,MSAEA-DM,0.8774973502330082,0.011643753391284045,183,0.8836310663647744,0.054775338618274654,0.0677848514267554,31.959840297493805,0.6517732660376349,21.97652602394807,200
M2 soft network,11,MSAEA-DM,0.8742821878624558,0.011613004879024266,179,0.874610752511688,0.06890981986665887,0.07125492014879226,32.359232910872635,0.6384631307306583,19.169706270198283,200
M2 soft network,12,MSAEA-DM,0.8868261854582679,0.010613875159661772,185,0.8511601215826219,0.07044244081979803,0.06402562719341115,33.610139942033484,0.6493862313789144,20.352785873370433,200
M2 soft network,13,MSAEA-DM,0.8797825371600271,0.008985787396308233,171,0.8932440376384206,0.05961538813000975,0.0769804637703151,30.666570287398077,0.6794146306243726,19.238231257875395,200
M2 soft network,14,MSAEA-DM,0.8826866510085697,0.010517204541286043,174,0.8823033771105409,0.060231942874102495,0.06800216399013014,32.40131332459606,0.6818804040124922,21.53003395542485,200
M2 soft network,15,MSAEA-DM,0.8961603815157668,0.011000050290661366,178,0.899154687189153,0.06882422044843665,0.0662685247095124,32.04056351748604,0.6465959487234467,20.867140303683378,200
M2 soft network,16,MSAEA-DM,0.8848203780748813,0.011680130433429239,180,0.8914243754058683,0.06205209211239325,0.08001448352501565,31.208374610530505,0.679063570247563,20.238762452911693,200
M2 soft network,17,MSAEA-DM,0.8881657651284823,0.011033904453309023,176,0.8732466419174364,0.06702889991176118,0.0579628915247559,30.650167739470852,0.6773948473086463,19.961278124794426,200
M2 soft network,18,MSAEA-DM,0.8878309638227762,0.011584470650577319,175,0.8763914963146042,0.052734971519109074,0.06892808646431088,32.257550299297094,0.6410777039660163,19.7310806720956,200
M2 soft network,19,MSAEA-DM,0.8959943402072346,0.010661844180841233,173,0.859815653146613,0.05975703367692768,0.06861134680892772,34.02941061374868,0.6765180665358338,19.56206114832094,200
M2 soft network,20,MSAEA-DM,0.8911999948628149,0.011761601153259194,181,0.8789793774082199,0.058812085903999285,0.0711676764372523,32.55041340531854,0.6732554307871951,19.82006753612448,200
M2 soft network,21,MSAEA-DM,0.885451070559863,0.011129125166279948,176,0.9135869842042957,0.06873889316455456,0.07234490371978071,31.915612521488473,0.6428358672357041,20.765646558891266,200
M2 soft network,22,MSAEA-DM,0.878817639798585,0.011980380190430951,168,0.9020918598625157,0.0665286333690319,0.07659541835198433,34.2782654243723,0.6385893289421731,20.77662232185024,200
M2 soft network,23,MSAEA-DM,0.8889559258439745,0.009937291691704955,174,0.8913598229981978,0.06865980791416798,0.058088288303416794,34.42792909996642,0.6675830835793565,20.0398420022436,200
M2 soft network,24,MSAEA-DM,0.887668681934818,0.011996511443523011,172,0.8964463875233677,0.07623136730261279,0.07438641397633192,33.00537684895545,0.6788236068163122,20.105246454391033,200
M2 soft network,25,MSAEA-DM,0.8827436494898624,0.00943842466539101,182,0.8905512521497267,0.06868142959342985,0.05610067933831511,31.307325596764485,0.6353982457968153,20.09316070123709,200
M2 soft network,26,MSAEA-DM,0.8856372978316944,0.014063312415626047,175,0.852652787478304,0.05674132960484992,0.0754363499057936,33.95054220693696,0.6514127703856349,20.1516812601543,200
M2 soft network,27,MSAEA-DM,0.8909012214554054,0.0116679442135091,176,0.8873890744980105,0.05450479444639364,0.07482329571686552,32.86683732961329,0.5844304153033034,18.694375843978246,200
M2 soft network,28,MSAEA-DM,0.884705952518667,0.012479836889041774,179,0.9041128872302419,0.058596067505979454,0.06288427532705364,32.13888105114376,0.6421463446444697,19.78253598991665,200
M2 soft network,29,MSAEA-DM,0.8849434571266813,0.012457238500376557,182,0.8994166611623471,0.06690284805835897,0.07374272714069247,33.67982456812944,0.638370264711474,19.64951914217813,200
M2 soft network,30,MSAEA-DM,0.8911237260473457,0.012795701692182951,180,0.9002805883339519,0.08094572555058074,0.07440956664944653,30.904970437519943,0.6744226255486694,20.341548724318237,200
M2 soft network,1,AS-SMEA,0.8964744256254493,0.010850022124535015,176,0.9061626308244202,0.06904047818249305,0.06607457749290889,32.41747758750014,0.627926902873458,20.592837635253026,200
M2 soft network,2,AS-SMEA,0.8970649254602752,0.00872718315626844,172,0.9086269072094316,0.06136955196716595,0.07032571535455709,33.85719236589641,0.6489786847024943,20.56095578786683,200
M2 soft network,3,AS-SMEA,0.8879119512818274,0.012373451601192688,164,0.8981361652763211,0.06256898832223408,0.06288820246944028,35.642685842115874,0.6590270813757582,19.344230530147286,200
M2 soft network,4,AS-SMEA,0.8909488738966184,0.011932925299573396,171,0.9000190469489832,0.06956709980776457,0.06232752055796768,36.14831716230703,0.633318929735769,19.765569347507856,200
M2 soft network,5,AS-SMEA,0.9010108792810371,0.011429428363587325,186,0.8979338363121996,0.06516015648778534,0.07365918214251922,34.96326397698197,0.6413133430512629,19.069736448397585,200
M2 soft network,6,AS-SMEA,0.8893430523986451,0.009183430044475631,171,0.8813657942186156,0.07442621797528301,0.06840187147030156,32.59704094619673,0.6504500612107432,19.46068945771883,200
M2 soft network,7,AS-SMEA,0.8947134001144164,0.010969116025261634,170,0.8707952020380805,0.05704948680752241,0.06675818816780826,35.15216824032173,0.6534243811667351,17.926898658685612,200
M2 soft network,8,AS-SMEA,0.8880455528184793,0.011330980408569917,157,0.8914374112498393,0.053456583858776587,0.06392588021559366,31.758076398763073,0.5930689995157644,20.236445042134687,200
M2 soft network,9,AS-SMEA,0.8959230386198442,0.009946564592238425,172,0.9002778994344687,0.07585626572848789,0.07021091569210505,32.905229500161695,0.612660063982556,19.63375948965393,200
M2 soft network,10,AS-SMEA,0.8998799822105654,0.00988019617490667,170,0.9203755179659795,0.048614962982640675,0.04728348823315109,34.14578087496299,0.6629272814874657,19.88900141726519,200
M2 soft network,11,AS-SMEA,0.8935375899452851,0.011531998767453117,174,0.8922213440949608,0.06659609420705649,0.0723767190180351,33.702391518111966,0.6026708830215792,19.86297463497232,200
M2 soft network,12,AS-SMEA,0.8830032570527504,0.011076046886291772,176,0.9074863555341032,0.05752990956911244,0.06558261201905448,32.25819932652552,0.6503529910603562,19.7200296500277,200
M2 soft network,13,AS-SMEA,0.8933028742869158,0.009845166129836802,168,0.8918131366262638,0.05174731104256795,0.06821938233608348,31.362201896470488,0.6605971345053251,20.579389935485906,200
M2 soft network,14,AS-SMEA,0.8931796996118108,0.008178546349624262,171,0.911330274550482,0.07216004855692239,0.07058964972633194,34.51600078161475,0.6487543532125192,18.664566219196434,200
M2 soft network,15,AS-SMEA,0.8928915822090767,0.013012669760487195,170,0.8802188242516422,0.06200066129338964,0.06850640442207849,36.97859544388652,0.626177552913304,19.264372330345665,200
M2 soft network,16,AS-SMEA,0.8878146512855775,0.01051645103844013,170,0.9023052720503625,0.06053164622099646,0.07034491686278686,33.416724564645286,0.6459058865495041,19.84199746081313,200
M2 soft network,17,AS-SMEA,0.9028232686411942,0.01010245793554619,181,0.8428864021991147,0.05157945375904488,0.06593369482220345,34.53452155589271,0.6599332010387992,20.79712491030417,200
M2 soft network,18,AS-SMEA,0.8908336887862903,0.01005415016818089,167,0.8602728563605886,0.055099015253635454,0.07249343005623288,34.21829255668685,0.6839824933387456,19.611452075732032,200
M2 soft network,19,AS-SMEA,0.8848769519950764,0.011755467256076433,167,0.905028687033869,0.06261868041980208,0.06648973097658559,33.90902881794909,0.6050167215347266,20.607116062236262,200
M2 soft network,20,AS-SMEA,0.8996503858272898,0.010145084410729185,175,0.8985631216603779,0.06891578066720302,0.07771620877456195,32.4059371792488,0.6637435677217737,20.981766456379148,200
M2 soft network,21,AS-SMEA,0.9082153333890063,0.010053409437143617,174,0.8600713568419165,0.06355590401985321,0.05957427451036389,34.407738234360316,0.6276686884042398,20.230735160643874,200
M2 soft network,22,AS-SMEA,0.9010507547690869,0.010769699656135117,170,0.915813935604776,0.055585761853035716,0.05904350548536825,35.7014586580477,0.6476098017263017,19.58504559483991,200
M2 soft network,23,AS-SMEA,0.887051440083534,0.00954245292641109,184,0.8901422924679797,0.05640266831510326,0.07069426282334791,32.0452186306714,0.6210069775485887,20.52805871929835,200
M2 soft network,24,AS-SMEA,0.8845062842099926,0.010280415905089352,176,0.8877743864785193,0.037893998323546604,0.07232857710162516,33.02016354751946,0.6458527027918661,19.845375543326163,200
M2 soft network,25,AS-SMEA,0.8835191414185253,0.01049770779248163,175,0.8747692061049945,0.058223908240318104,0.0692203627539383,31.013443800340298,0.624824319409442,19.75155539618686,200
M2 soft network,26,AS-SMEA,0.8940101423270016,0.011591559631784947,171,0.894701522329892,0.050773582469344936,0.07005525432712238,31.44849796096915,0.6467487814725997,18.87845185822317,200
M2 soft network,27,AS-SMEA,0.8854364877321391,0.011606978214784494,167,0.8985234531960196,0.06488327441481774,0.07387797578668541,36.10223281227691,0.6354828840711212,18.424948278508033,200
M2 soft network,28,AS-SMEA,0.8981479413268364,0.009156555388915561,182,0.9289919136825822,0.05374671802310145,0.06907583935426612,31.308034054573444,0.6497691837670293,20.528798781104307,200
M2 soft network,29,AS-SMEA,0.8895521427684738,0.01065315137485285,164,0.9183302697010938,0.06368986973777604,0.0701401010231379,33.3124375090174,0.6368105018388714,18.531895336020614,200
M2 soft network,30,AS-SMEA,0.8836105796939672,0.010800138142821505,179,0.9113185591017392,0.05881496753067249,0.06611057753123822,32.774070074609725,0.6846729602774104,20.339721439485352,200
M2 soft network,1,B2 direct screening,0.8737436785667064,0.012396137257797793,179,0.9004678780661041,0.06285858544065713,0.07161617093369865,32.217843619957,0.6681372438838632,15.599246297288754,200
M2 soft network,2,B2 direct screening,0.8825299910099121,0.011844059059809935,185,0.8875275482132605,0.0753211704047248,0.07190017647700195,32.6581464133704,0.6465841353592632,16.221006408993027,200
M2 soft network,3,B2 direct screening,0.8839166095771979,0.012549689928342588,200,0.9043208479667565,0.07119297025075562,0.06537580640285069,32.712838000872644,0.6790735430308145,14.968318386353996,200
M2 soft network,4,B2 direct screening,0.8957865479039295,0.009662756439112666,184,0.8849693839100491,0.07082411556228044,0.059522006493110735,32.59870340656966,0.6291893151596242,12.68181790462369,200
M2 soft network,5,B2 direct screening,0.8884104197344459,0.010925416813392588,171,0.9165805443761288,0.055833986254358044,0.06857553321320867,32.01738004584919,0.6401410591672251,14.953687532950951,200
M2 soft network,6,B2 direct screening,0.8943955456781306,0.011346647800109935,190,0.8883963347195807,0.06939312893802695,0.05929607637030195,34.38680263172198,0.7035750425836156,14.240990833717085,200
M2 soft network,7,B2 direct screening,0.8777750212911508,0.01623642947863084,190,0.8919876217101259,0.06186090733734579,0.07030307154239601,31.250194738271865,0.6780931791796074,15.021449722988207,200
M2 soft network,8,B2 direct screening,0.875394184431966,0.010637083868335909,187,0.9003369245346116,0.0605341772409693,0.0825911971767629,34.807779912262,0.6617137055075077,15.33193238004968,200
M2 soft network,9,B2 direct screening,0.8904062066359043,0.011457022626907192,184,0.9139298737892935,0.075868270474309,0.07197891586287414,32.40303932617182,0.6432159395310049,13.82542012391368,200
M2 soft network,10,B2 direct screening,0.8896942185119908,0.012712314637300605,188,0.897548641179462,0.06442337433032126,0.06754272218596492,32.370142731611566,0.6346111657535225,14.425594842699358,200
M2 soft network,11,B2 direct screening,0.8818067815924852,0.013774960237077591,185,0.9196981615096729,0.058724810099155055,0.0742700013154533,34.046271526766745,0.6785720335892997,14.939650016742595,200
M2 soft network,12,B2 direct screening,0.8745986525804414,0.0116005041399383,192,0.8893004480977378,0.07024180539705009,0.07680634623736203,33.25705723266761,0.6580241186609546,13.792123948446134,200
M2 soft network,13,B2 direct screening,0.8818416963832398,0.012768793937965815,177,0.8711071664170946,0.06573806721287002,0.0733906877813541,32.03106182565935,0.660265768455485,13.684145927760566,200
M2 soft network,14,B2 direct screening,0.8776219154884404,0.014661860356967872,192,0.8938113836217143,0.0694955172249513,0.0726022452236603,31.505484947994113,0.6372599961002612,14.104280789133403,200
M2 soft network,15,B2 direct screening,0.882299977237003,0.012153088619602985,179,0.8545577391625856,0.0695920346277547,0.07146010991954177,34.30487136971262,0.6604002279179259,15.565021814557987,200
M2 soft network,16,B2 direct screening,0.8679199039357461,0.01326923170383588,193,0.8828751815669174,0.06429257736188516,0.08427628464861026,32.89974868535968,0.6581894878403273,14.449562683956046,200
M2 soft network,17,B2 direct screening,0.8851259219770176,0.011328456417546451,184,0.8968354644103012,0.05669625431089317,0.06033063912537663,33.372542542435546,0.6556505807313131,14.87433472382542,200
M2 soft network,18,B2 direct screening,0.8800305168012084,0.014050401261453096,190,0.8876119779720363,0.07301935964812782,0.06325045405692947,34.1245580414883,0.6490703577138953,13.487162756491756,200
M2 soft network,19,B2 direct screening,0.8706100402425125,0.014839945155835711,185,0.8567921278478421,0.06458422318582085,0.06558005275085464,30.354238845283597,0.6321707905595708,14.625617666337895,200
M2 soft network,20,B2 direct screening,0.8901334766894082,0.010607028648358163,183,0.8918352302772545,0.06495931506447124,0.05846314900871426,35.61302184245657,0.6423978333776325,14.96464442352054,200
M2 soft network,21,B2 direct screening,0.8733316266139911,0.013276864407306932,188,0.8734515473956299,0.07279393567026635,0.08268510180705312,29.15806616376088,0.6432599199045317,14.029170354033553,200
M2 soft network,22,B2 direct screening,0.8775974744574958,0.01071759548352819,193,0.8681326616454035,0.06658867125884174,0.07380641270971118,30.208417477298575,0.6572277984571345,14.15089823729732,200
M2 soft network,23,B2 direct screening,0.8703062761026229,0.012622785186057603,184,0.882686710112027,0.06564555648460037,0.08418559814462366,34.29141375931994,0.6675906478472126,14.999728051329866,200
M2 soft network,24,B2 direct screening,0.878594630180638,0.013115263085907512,190,0.8646136977953829,0.08345490154207921,0.07762205489008199,34.11155532434772,0.6627132234122055,15.151884124719599,200
M2 soft network,25,B2 direct screening,0.8782591602551195,0.01262961608817096,190,0.9025207317191175,0.05345930853738029,0.07389374947535206,32.39068289054078,0.6587208268957311,12.776660314747302,200
M2 soft network,26,B2 direct screening,0.8820900880516769,0.013014863984837232,191,0.8989068975718226,0.07163002698564319,0.06879424510431484,31.615582822203123,0.6560399822136145,14.460808215092937,200
M2 soft network,27,B2 direct screening,0.8796523900732893,0.014170599150108317,183,0.8907466783545699,0.06765638228884299,0.06651726484744287,34.75102123529917,0.6206328166163452,15.58418145909397,200
M2 soft network,28,B2 direct screening,0.8927343630407248,0.010998755898498998,188,0.8795589764135321,0.06747212031550637,0.06829818095388648,35.18891145012073,0.6515454215395334,13.833785108008993,200
M2 soft network,29,B2 direct screening,0.8739158234225024,0.013498149632571751,182,0.8915761599052204,0.06455777215366086,0.07215960851837304,30.8463270326012,0.6009142277041756,15.345946091258996,200
M2 soft network,30,B2 direct screening,0.8910436838748188,0.0105507466690278,199,0.8939891830562936,0.06302092895965834,0.06488107570856932,34.360317070966275,0.6208961616100543,14.28066748041927,200
M2 soft network,1,Original MF-BCL-SAEA,0.8687331706191642,0.013120656887624364,190,0.9059750188450663,0.0746549681208084,0.07555920046166441,32.37732910338375,0.6373629252872873,17.673573606404226,200
M2 soft network,2,Original MF-BCL-SAEA,0.8798292079229332,0.013521532531363107,186,0.8709680786724369,0.08152238446285938,0.06970097499563585,30.272683701825205,0.624523859833592,17.90233285858595,200
M2 soft network,3,Original MF-BCL-SAEA,0.8722075898741971,0.013913407333663122,187,0.8717923955917753,0.0676958158704249,0.07789106919159584,32.509475029191215,0.6614491506344193,17.86109026246989,200
M2 soft network,4,Original MF-BCL-SAEA,0.8757020961039814,0.01575900289780516,184,0.8713385173463922,0.07005222377627085,0.07218292921000401,31.81171450436032,0.6579326808392991,16.083921879823592,200
M2 soft network,5,Original MF-BCL-SAEA,0.8762120855968037,0.013941184915792649,180,0.8668028275924857,0.07007094386242943,0.0784495838983106,33.12823948076815,0.6288904571239805,18.193583034506823,200
M2 soft network,6,Original MF-BCL-SAEA,0.8706376662774062,0.01594610440695107,187,0.8855262534928184,0.08418411023654275,0.08088559900996241,31.728663708027394,0.6570649680628783,18.55074313881816,200
M2 soft network,7,Original MF-BCL-SAEA,0.8721833766079489,0.01531041699120992,185,0.8531075177293781,0.05382286250242571,0.07339504743616418,32.544489583807675,0.6911408397296654,18.482440257008854,200
M2 soft network,8,Original MF-BCL-SAEA,0.87196455246403,0.014813667067091953,180,0.8588907667417475,0.08478157094463341,0.07812552116693464,34.50557862564629,0.6635336523976639,18.272752299355997,200
M2 soft network,9,Original MF-BCL-SAEA,0.87088630675197,0.014783206416258687,179,0.8569844897541167,0.07899683472799551,0.08300917665329843,29.935714793972235,0.6543566773945384,19.46482996083986,200
M2 soft network,10,Original MF-BCL-SAEA,0.8720861122443724,0.012079091877488818,173,0.8844313874543028,0.06870378224373938,0.07118781203415721,31.686558483669987,0.6056017141577344,18.306103445666555,200
M2 soft network,11,Original MF-BCL-SAEA,0.8687536303492429,0.014748476584906831,175,0.861253780377414,0.0665185266965337,0.07852136362077823,35.46412614009277,0.6727578205949255,18.853403446010898,200
M2 soft network,12,Original MF-BCL-SAEA,0.8771185065160166,0.01327129165044961,189,0.8721919520697825,0.08025462777395663,0.06998715137967255,36.3852917674267,0.6221026541484718,18.624495075484244,200
M2 soft network,13,Original MF-BCL-SAEA,0.8761192150618656,0.01623120748310675,186,0.871308974535169,0.06967377258216391,0.07363290213650735,32.878819451292216,0.6817870990010872,17.389194276664554,200
M2 soft network,14,Original MF-BCL-SAEA,0.8754861048057372,0.012555141035486526,179,0.8516292391157277,0.07126796802677633,0.0705971666810854,32.9630422719433,0.676057184199739,19.0197215886022,200
M2 soft network,15,Original MF-BCL-SAEA,0.8751072749683438,0.012923787856532826,190,0.8630348673589443,0.08662592160175461,0.06719119189354752,31.606042796550987,0.6368667436485671,17.961229278888208,200
M2 soft network,16,Original MF-BCL-SAEA,0.8680266582727922,0.01534596134590536,185,0.875084974255968,0.0748201927395699,0.07952071968245497,29.62131032204052,0.6663264421381695,19.273672952295286,200
M2 soft network,17,Original MF-BCL-SAEA,0.8647970614777964,0.014409801250389492,180,0.8843377689696852,0.06511979920340535,0.07989082480019846,32.95802200552606,0.7083229571058786,17.947763722710217,200
M2 soft network,18,Original MF-BCL-SAEA,0.8833959381929393,0.010689913532075199,185,0.8646448170707968,0.06348556958867627,0.07563813692064617,35.42599570560677,0.6928250594958081,18.300264000775268,200
M2 soft network,19,Original MF-BCL-SAEA,0.8754030996579671,0.013597332110949262,185,0.8636472365034441,0.06540977901656171,0.07414313649977208,31.69430755052656,0.6468174579260545,16.679724710701805,200
M2 soft network,20,Original MF-BCL-SAEA,0.8606197354668327,0.014681163374747393,185,0.9025333095204994,0.05551431220489786,0.07071769964528174,33.89780512688519,0.6800936044573209,17.998900008104435,200
M2 soft network,21,Original MF-BCL-SAEA,0.8709758867738984,0.015314688488502006,185,0.870106695064564,0.07170931976911078,0.0790533542588007,30.57013849188485,0.6733471881560493,19.062718986657085,200
M2 soft network,22,Original MF-BCL-SAEA,0.8651874065351954,0.015702004671952794,175,0.8710409869938427,0.06211084076509408,0.07186560493739456,30.14736073378837,0.6836350504268396,18.234325689648433,200
M2 soft network,23,Original MF-BCL-SAEA,0.8706495131918978,0.0120857475034616,183,0.8603340670559514,0.07785157299547715,0.07397419349029619,31.13553925148025,0.6360645438531226,18.83758150029182,200
M2 soft network,24,Original MF-BCL-SAEA,0.8757861431916687,0.015304050320170813,184,0.8719529628374958,0.08100563085860532,0.07178579154793953,31.11120121159814,0.6575550806512918,18.686784739986834,200
M2 soft network,25,Original MF-BCL-SAEA,0.8660622265195767,0.010995344368440711,190,0.8751102433484995,0.07067869934528505,0.07616049650886098,30.845298827024823,0.6421116885763662,18.149474609639128,200
M2 soft network,26,Original MF-BCL-SAEA,0.8964367283239636,0.011547866917486037,189,0.8998755459503044,0.08327062234947621,0.06793530100223599,37.9656926703573,0.5881824098076773,17.543731597539995,200
M2 soft network,27,Original MF-BCL-SAEA,0.8713541899930715,0.015092293993458693,183,0.9025181619286851,0.08136238612084487,0.07880296470602208,31.313405278021698,0.6692464360728546,18.536206156310993,200
M2 soft network,28,Original MF-BCL-SAEA,0.8762893108571986,0.013978524654864228,180,0.8697489510834747,0.07160718573041111,0.07850318701305074,34.49848944703462,0.6340918702117837,17.28885622313886,200
M2 soft network,29,Original MF-BCL-SAEA,0.8714240713201379,0.011151656871370399,189,0.8960819558234061,0.07978230691263534,0.0763079154007005,37.934170862898945,0.6329185546115256,18.27391428233762,200
M2 soft network,30,Original MF-BCL-SAEA,0.8826904979297062,0.011699543289514357,189,0.8708869568649213,0.0707450372179653,0.07259985335890803,29.82258792658999,0.6649154627092829,18.734292501279707,200
M2 soft network,1,ParEGO-GP,0.8545460417942682,0.014373179844706561,200,0.8509767287676885,0.09178238076532245,0.07805633595918428,31.76170601552769,0.6813015410041257,20.946787958392527,200
M2 soft network,2,ParEGO-GP,0.8646531661447794,0.016023147894189356,200,0.8494149393593456,0.09128976959117277,0.07469886403669952,33.99519580824255,0.6343724140168302,19.557733682285885,200
M2 soft network,3,ParEGO-GP,0.8636098448291656,0.0203155258017478,200,0.8617704661516447,0.08776078871068486,0.07698395047974939,33.68674359528276,0.6373597419772168,19.746879162720074,200
M2 soft network,4,ParEGO-GP,0.8593701311519938,0.016919954535491624,196,0.8731738255066087,0.0910266423267837,0.07089148054330083,33.08902704521466,0.6715201974739756,19.008184823164598,200
M2 soft network,5,ParEGO-GP,0.8779766670032206,0.01661871304640388,192,0.8359326498626701,0.08270272965280052,0.07002325686097098,31.780962965280864,0.6500564889560477,20.229127449911225,200
M2 soft network,6,ParEGO-GP,0.863617319030514,0.0183395051037249,195,0.8131071587250265,0.08332323932730817,0.07512263307601834,32.028537751239426,0.6506657848684183,19.871140465023103,200
M2 soft network,7,ParEGO-GP,0.8523082920624999,0.016177302359440777,197,0.8670796253776405,0.08498381900642717,0.07899443005239831,33.43411931944061,0.6786581784153197,19.19293765676434,200
M2 soft network,8,ParEGO-GP,0.8585345421507699,0.01849518834290112,199,0.8409196291943772,0.07785553752870981,0.0825562913314779,31.946578526122696,0.6737646550461119,21.961186739439007,200
M2 soft network,9,ParEGO-GP,0.8701662487833322,0.017608711957287346,200,0.8417078069797911,0.08936309499263181,0.07460975079981216,32.45894003517957,0.6608504564862688,19.071343896193216,200
M2 soft network,10,ParEGO-GP,0.8721614108916226,0.018715024419085673,195,0.8536495824160579,0.09745989043377838,0.05830925635123914,34.87089852306565,0.6511258150750416,20.550740637375533,200
M2 soft network,11,ParEGO-GP,0.8633944445601701,0.015312771363688575,191,0.8758407129869652,0.09482408387509428,0.08013103573793884,33.6165595748114,0.6354588071180449,20.52147311473797,200
M2 soft network,12,ParEGO-GP,0.848944012336438,0.01289050375439233,199,0.8394180708174882,0.08289865476358321,0.08744350164820973,30.68198725152234,0.659252920181263,20.891148623111278,200
M2 soft network,13,ParEGO-GP,0.8458003146589805,0.020171397847300678,200,0.85406193229474,0.09384967412205844,0.08433933265005827,31.70545883019954,0.6397322609021668,20.383594549007192,200
M2 soft network,14,ParEGO-GP,0.8576704079298698,0.018216186610524703,189,0.8373649808817114,0.09632143779887303,0.0756857609924564,30.380344150846863,0.6660143440719334,21.369228768426293,200
M2 soft network,15,ParEGO-GP,0.861069223687437,0.016192186092638356,198,0.8499645718458289,0.09153253634952206,0.08315321254340681,31.29061928495138,0.7372215318993101,18.37202825257856,200
M2 soft network,16,ParEGO-GP,0.8652990605656544,0.0178020955728173,196,0.8449614274625432,0.08923655275383237,0.08041013606492767,31.17150972755111,0.687351659493862,21.065370403379468,200
M2 soft network,17,ParEGO-GP,0.8495770493566548,0.016276770171977185,199,0.857149922645737,0.08820388402733104,0.07984243152051898,31.319373540680253,0.6659219558263544,19.66808997611176,200
M2 soft network,18,ParEGO-GP,0.8508296876982596,0.016438591333011836,190,0.8102029601679449,0.09078591717138057,0.08472116309775013,30.234774054076105,0.6921133504348342,20.78048958331001,200
M2 soft network,19,ParEGO-GP,0.8575605367391932,0.018059700588449933,194,0.8503634993667673,0.08492274039757025,0.0802834266668636,30.472783080682945,0.6854293321116735,19.63965550573423,200
M2 soft network,20,ParEGO-GP,0.864883190624503,0.018300218270662073,200,0.8707838530063188,0.1082002154143475,0.06863833574082558,35.57735961698576,0.6653474526099229,20.144608687178145,200
M2 soft network,21,ParEGO-GP,0.8566004206302905,0.020736258650143745,191,0.8660821042313845,0.08680407372553788,0.07724617930381177,31.60104487426739,0.6855145087829073,20.11729005804848,200
M2 soft network,22,ParEGO-GP,0.8578990867080337,0.01907422474569397,193,0.8362733172980122,0.08378369608479061,0.08910015213150567,31.855935206766326,0.6522231629355107,20.503653285440517,200
M2 soft network,23,ParEGO-GP,0.8551115881654395,0.020387034994791865,191,0.8627807702882241,0.0812132448181126,0.07629601998427786,29.261202901333984,0.6496969179428795,20.636528205917056,200
M2 soft network,24,ParEGO-GP,0.8625543196159244,0.015535105574884722,194,0.84684606769969,0.07609995361426583,0.07669389386999137,31.309645446242566,0.632054295425439,19.76558563104207,200
M2 soft network,25,ParEGO-GP,0.8570004591136664,0.0197499843706417,186,0.8690927803414705,0.0994602683839516,0.0837442733454143,33.269217704923,0.6975136494107047,20.02387440518732,200
M2 soft network,26,ParEGO-GP,0.8641801234645459,0.009823623157152574,198,0.8166835002273629,0.07144823214609615,0.08424234290567749,32.39546449435894,0.645866205447815,20.911125601996883,200
M2 soft network,27,ParEGO-GP,0.8597627483456655,0.019474454167842263,189,0.8494799749692868,0.08400858561696241,0.086208881814971,30.48562066077385,0.643771046324582,20.037004531422824,200
M2 soft network,28,ParEGO-GP,0.8634660792849147,0.016227841171925005,198,0.8523852842880738,0.08552003292379737,0.08390096344172832,30.901898313299387,0.6587341190395113,21.363763189476842,200
M2 soft network,29,ParEGO-GP,0.8654130232185091,0.015497136720165647,200,0.8816835953679559,0.08080102070684878,0.07150264894871966,34.23929685315826,0.6349698655487336,19.607351545818734,200
M2 soft network,30,ParEGO-GP,0.8550248230711287,0.017866833850294913,193,0.8121049200841497,0.08910939914905897,0.07457206770047546,29.786617370441277,0.6573276459702567,20.822770060284178,200
M3 stiff network,1,Frank-WT MF-PIRN,0.9272212960427053,0.003202287666519049,117,0.9607626989052325,0.03418893559202871,0.05944821245884954,35.18276497231241,0.6240422643409812,12.203041530068873,200
M3 stiff network,2,Frank-WT MF-PIRN,0.9245400144166607,0.003270323524595369,106,0.9542466741215264,0.034003371220441045,0.05297419952586197,36.391646703928195,0.6097196736590555,13.949716916673728,200
M3 stiff network,3,Frank-WT MF-PIRN,0.933353325442438,0.0046938581056893015,102,0.9465338232381717,0.023627972671550212,0.049550043978127574,36.44955152385346,0.6284510862891445,13.624390479408936,200
M3 stiff network,4,Frank-WT MF-PIRN,0.9275317804334966,0.004244349919797052,105,0.9550775280326383,0.030725302278195674,0.060677935079396415,35.678005115820305,0.6461908176209512,13.408161229903575,200
M3 stiff network,5,Frank-WT MF-PIRN,0.9263900068170912,0.0037745697863555837,118,0.9603827953437225,0.03405826578381881,0.05988068250021041,40.420286812776204,0.5784593434411165,13.934130358833329,200
M3 stiff network,6,Frank-WT MF-PIRN,0.9197023265954795,0.003255585710834701,107,0.9579389190903261,0.021330954744941028,0.06208526760678217,35.52736640138412,0.5889348455194762,13.211750041022855,200
M3 stiff network,7,Frank-WT MF-PIRN,0.9302445009848186,0.00477581033360154,105,0.935827631033795,0.02985870513758187,0.04746709023761685,36.93153027390421,0.6643115275247035,14.079257271360797,200
M3 stiff network,8,Frank-WT MF-PIRN,0.9284735954571058,0.004327138863567137,110,0.9557287546354926,0.030306217470152975,0.06701849301034746,36.905851809801916,0.6337964515360931,12.102909849707153,200
M3 stiff network,9,Frank-WT MF-PIRN,0.917208414591219,0.0056520696599759186,104,0.9430458026309212,0.03468799212657428,0.058407730892127606,36.99429459124319,0.6219280991408598,13.833465381979023,200
M3 stiff network,10,Frank-WT MF-PIRN,0.9184314411100394,0.00504697996203121,105,0.9551463958485077,0.030470850998995526,0.05637256955916817,35.12359499998311,0.6606825922593142,13.719687528417591,200
M3 stiff network,11,Frank-WT MF-PIRN,0.9304622699242272,0.005011042111816413,111,0.9530953723016787,0.030717571771277558,0.052045037703473636,37.112078853837644,0.6354613542746411,13.46043910235942,200
M3 stiff network,12,Frank-WT MF-PIRN,0.91679157162186,0.004164505001098489,110,0.9433475608459334,0.03439472798906933,0.058197248509983875,35.33578674703096,0.6241411138613361,13.87808175451684,200
M3 stiff network,13,Frank-WT MF-PIRN,0.9288927832724887,0.004278624838343921,100,0.9378861252424151,0.024328208568484166,0.04989439992435688,37.6191323589122,0.6332460974651185,12.115815520687546,200
M3 stiff network,14,Frank-WT MF-PIRN,0.927021592551273,0.004536729365476318,117,0.9450582148379452,0.040483686756840685,0.05310187522591639,35.8375129383931,0.6601619784253339,13.436865175003978,200
M3 stiff network,15,Frank-WT MF-PIRN,0.9220984029842969,0.0049485543759929165,110,0.93250430036386,0.03074736378785555,0.053276262362443955,34.596712820186966,0.6283044112295101,12.273783796795525,200
M3 stiff network,16,Frank-WT MF-PIRN,0.9174612663395499,0.004418191129463607,116,0.9728848388678545,0.023050982368730003,0.0589967600627315,35.54043581060107,0.6194686903913257,14.095103162565872,200
M3 stiff network,17,Frank-WT MF-PIRN,0.9171861871633714,0.005822994367909498,118,0.9412236386706543,0.025738779089055492,0.060660395648978654,35.29926692720608,0.6335788738791693,13.733332140331509,200
M3 stiff network,18,Frank-WT MF-PIRN,0.9303634168874686,0.0053741111860842305,114,0.9226277025299519,0.0319633813347785,0.0386427021909459,36.84108827470201,0.6398907136829063,14.174979916131061,200
M3 stiff network,19,Frank-WT MF-PIRN,0.9249674592177108,0.004075724468885409,105,0.9320436659512013,0.03258447867120611,0.050342415648650454,37.12993089297581,0.5777913038954926,14.195342099099708,200
M3 stiff network,20,Frank-WT MF-PIRN,0.9243086561489784,0.0031269804757801407,101,0.9540252504390307,0.030626076380900865,0.050029007368067015,37.24273817482447,0.6395175217248543,12.498045694441139,200
M3 stiff network,21,Frank-WT MF-PIRN,0.9290316477629049,0.0036759558013271933,111,0.9472825184544695,0.012510751108940982,0.04990994305946746,37.70553429480477,0.6868907546212434,13.193140563607958,200
M3 stiff network,22,Frank-WT MF-PIRN,0.9235009181681427,0.004482935890530791,111,0.9135820629272814,0.02120920945054456,0.05358071437673473,37.78375586206756,0.6399639925192696,12.867177552831954,200
M3 stiff network,23,Frank-WT MF-PIRN,0.9240606685820013,0.005428313958780183,106,0.9235604718261277,0.021748848383566097,0.05008540556745776,35.582287324860324,0.6556575089680162,12.60235612678268,200
M3 stiff network,24,Frank-WT MF-PIRN,0.925133049480853,0.004542668991176706,105,0.9285811163827774,0.03488527789900084,0.07329152126388347,36.892907645429,0.5839090515593977,13.943301542330948,200
M3 stiff network,25,Frank-WT MF-PIRN,0.929545064335359,0.005409851619327996,106,0.9336070753565089,0.026421547522084046,0.055035932099052456,36.29209324586388,0.6081783577901289,14.30893878170332,200
M3 stiff network,26,Frank-WT MF-PIRN,0.9181762078784512,0.005096257983791917,100,0.9590126715440733,0.0443431393212972,0.07494615255615725,33.44085830764343,0.6559552773828239,12.165796562037986,200
M3 stiff network,27,Frank-WT MF-PIRN,0.9304290368016372,0.004495855758904967,110,0.9413582471350862,0.024512400146139326,0.05719034437215315,35.059885192307746,0.6520906721868982,13.258167253529386,200
M3 stiff network,28,Frank-WT MF-PIRN,0.923337064697489,0.005025514630800834,114,0.9249137155666263,0.028198933301422095,0.056361539148112726,38.20199825489511,0.6640385724720542,12.43682683624615,200
M3 stiff network,29,Frank-WT MF-PIRN,0.9194118232374718,0.003474584724914436,118,0.9619046980024626,0.03916357593744988,0.05106332141299211,37.17158103256058,0.6309846689925898,12.974325869829933,200
M3 stiff network,30,Frank-WT MF-PIRN,0.9205374714898098,0.004252044092339415,117,0.9460982001298943,0.034253733754123696,0.05818493576794918,35.72303936654305,0.6188650877109305,13.583615862509069,200
M3 stiff network,1,MF-HVKG,0.8977666940720943,0.0082955689151458,151,0.888617763909366,0.059388615031730985,0.06943218577381927,33.91980458898827,0.662410630237283,19.89934634226534,200
M3 stiff network,2,MF-HVKG,0.8918050739864085,0.008652106787283939,154,0.9108977796280652,0.04518984941920944,0.0715732660495077,33.61358996667839,0.6673844442228648,18.878426613931964,200
M3 stiff network,3,MF-HVKG,0.8970456893979009,0.00616290611629456,159,0.8851249090920552,0.041536623075123034,0.07255434910252705,35.59267875093177,0.598819078018699,17.931647205111467,200
M3 stiff network,4,MF-HVKG,0.887493684969175,0.008702193384052422,158,0.8921315638113471,0.05832819933083511,0.07240240398141166,36.28967045659899,0.6521589049629437,20.37277407522209,200
M3 stiff network,5,MF-HVKG,0.8905321020886985,0.008515679884041682,151,0.8881501833140979,0.057351276022665855,0.06749742370341602,36.377456616713204,0.6360774806096917,18.48292604871698,200
M3 stiff network,6,MF-HVKG,0.8888028715506927,0.010087700243563515,155,0.9190133948246008,0.03704416400141254,0.06336172349070023,32.29120228111792,0.65340029809915,20.712425055216837,200
M3 stiff network,7,MF-HVKG,0.8911405042111935,0.009038044839208954,153,0.9029751956394129,0.04543858810659467,0.07591705899574379,30.595504359491194,0.6448579595576251,20.168951966862114,200
M3 stiff network,8,MF-HVKG,0.9022112204011331,0.008171391853016003,157,0.9202728197507998,0.0539690125284563,0.06194049922023019,32.518974084610605,0.6596368551091878,18.69266672082295,200
M3 stiff network,9,MF-HVKG,0.8897741139646758,0.008366419757983828,155,0.8837899294430045,0.059686235639714834,0.06387396660115066,30.338905184954328,0.6750159154560599,18.220892811905006,200
M3 stiff network,10,MF-HVKG,0.8956271174514804,0.006285123340280826,157,0.883316496868342,0.03699651187676214,0.06901077622985297,37.82880233957437,0.6068445732200507,19.741131110786203,200
M3 stiff network,11,MF-HVKG,0.9014233758206706,0.007730145229430272,156,0.9173703054152272,0.034456608322962406,0.07443069864676986,34.60206836769112,0.6153549720752302,17.22181985971787,200
M3 stiff network,12,MF-HVKG,0.8957442949080314,0.00988350860498153,160,0.9008400775849044,0.048038926212274284,0.06496010661918554,33.29570160565953,0.6152593641618646,19.80873751911816,200
M3 stiff network,13,MF-HVKG,0.890877787851295,0.00808173558849096,149,0.9054064574298388,0.04268859944911759,0.06142526243022866,33.95185733832822,0.6348002393617288,19.95953746737929,200
M3 stiff network,14,MF-HVKG,0.890883274492651,0.007721121667803447,144,0.9062764799468193,0.04935762845224166,0.06303006297879496,33.57028287099795,0.6036549003839836,17.76084973703969,200
M3 stiff network,15,MF-HVKG,0.8939926198471556,0.007947602210834862,149,0.8917019505950042,0.052084627675264915,0.0728809179126443,33.603130418494665,0.6689276988284188,18.588722927607567,200
M3 stiff network,16,MF-HVKG,0.8952250358696076,0.007696979714852564,152,0.9050453394470116,0.05188842707573335,0.06509612637912135,35.021466212924324,0.600790263852778,17.780783831699594,200
M3 stiff network,17,MF-HVKG,0.8909918230324532,0.0087822233637384,162,0.9231683542748154,0.055810910182350126,0.07050306814471115,31.9909415550518,0.6249115320056382,19.474632091169948,200
M3 stiff network,18,MF-HVKG,0.897396508832025,0.008955575176194665,147,0.8886206006825519,0.047988892482860604,0.053499821386727986,37.45008369655241,0.6387853991865299,19.541572649559157,200
M3 stiff network,19,MF-HVKG,0.8892541746347346,0.00894800796855981,154,0.8970797623633264,0.05574155859651642,0.0681639086897682,32.73060309697844,0.6558065331763786,18.859959019200332,200
M3 stiff network,20,MF-HVKG,0.896470552689656,0.007612059226004649,152,0.9106820195818107,0.04403975363316742,0.05795471502760814,30.799453936351345,0.6268462408243037,18.438438733613154,200
M3 stiff network,21,MF-HVKG,0.8980282131722149,0.008646428050360136,141,0.9326873621088355,0.05316349734060457,0.0644168046732359,31.832518170039283,0.6544453454871073,18.17661788383546,200
M3 stiff network,22,MF-HVKG,0.8914278889391704,0.008097222157927063,153,0.9244487394306571,0.04658633620475905,0.06466565957397132,33.69958901814107,0.712434518515648,19.266131129273266,200
M3 stiff network,23,MF-HVKG,0.8864603753349969,0.008768449449354012,155,0.8945207639566612,0.051656584394545214,0.07237584067271802,34.35873706276088,0.6462803351842841,18.53180255143881,200
M3 stiff network,24,MF-HVKG,0.8921651351618419,0.007374822483486675,147,0.8977960341421354,0.041428897609786505,0.06471402626203482,33.19676449944825,0.6820370827391251,19.28102238657092,200
M3 stiff network,25,MF-HVKG,0.900018203534742,0.007587191620098581,162,0.8903528125264897,0.0551914391081459,0.07199634528087571,33.59295665563261,0.6413459017005676,17.302803640892485,200
M3 stiff network,26,MF-HVKG,0.8916425307846952,0.007209518926038895,161,0.8995965124920742,0.05049743422540267,0.07933444606386696,33.65517678741119,0.6483412696094085,17.85221382249274,200
M3 stiff network,27,MF-HVKG,0.9035516780028652,0.009747268621789412,161,0.9262110434815984,0.05476800660614619,0.05593756849917757,34.393119320211014,0.6601721241499692,19.31817999158621,200
M3 stiff network,28,MF-HVKG,0.9007101296806258,0.011709684393559289,149,0.8977611736057823,0.048411241426865585,0.06951625604140388,34.43274584178917,0.660890981794239,18.0180141887479,200
M3 stiff network,29,MF-HVKG,0.8941630389345971,0.008319932777041843,150,0.9337811546143711,0.04760367797641437,0.07802134208680798,36.18355051300313,0.6487490971288598,19.053639526733903,200
M3 stiff network,30,MF-HVKG,0.9085642460661237,0.009349634465950935,147,0.9069029630418616,0.029712752840365043,0.06623271553915809,34.42569412649915,0.6343435563873475,17.570872943081913,200
M3 stiff network,1,qLogNEHVI,0.8989205638374126,0.007626744226815635,168,0.887590368764259,0.06565731317070864,0.07363468902866172,33.606097048507436,0.6380724698882333,18.981505208093093,200
M3 stiff network,2,qLogNEHVI,0.89291819987621,0.010891354688463445,171,0.8880005834200427,0.0585935308133814,0.0717425209132151,34.511004576070775,0.6273164925650637,19.033980084672127,200
M3 stiff network,3,qLogNEHVI,0.8991254167984414,0.00837385177049904,157,0.8861500785828247,0.05231868544988806,0.0551477297647186,33.21359967422677,0.6675777343760171,18.52178580806916,200
M3 stiff network,4,qLogNEHVI,0.888017644899967,0.00952159098019131,162,0.9071870264277582,0.04962809934449594,0.07726632186766368,32.73354062279085,0.673175145658784,19.481112696319407,200
M3 stiff network,5,qLogNEHVI,0.8946033927250996,0.010562336743351965,150,0.8860869935850741,0.05106066940107383,0.0739548844949612,33.25743341224557,0.6886773460221679,19.194429530877375,200
M3 stiff network,6,qLogNEHVI,0.8864668505111308,0.009400433960032414,157,0.9008233951792451,0.0576349738720271,0.07483686583837892,33.060984718502695,0.6662187476219741,19.1321299220564,200
M3 stiff network,7,qLogNEHVI,0.8775469490311638,0.009898976211019435,160,0.8946310794055876,0.06249705955279606,0.06359813447062883,33.67352923951039,0.6741018939079335,19.363067967643516,200
M3 stiff network,8,qLogNEHVI,0.8927842341977796,0.009893430126526308,153,0.8929430403070868,0.06254757918828388,0.06713009384991817,31.83892151835859,0.6022674273593818,20.381442850512926,200
M3 stiff network,9,qLogNEHVI,0.8780709982745019,0.010092309609628878,158,0.9003742428018094,0.059196654281125465,0.06865826442881767,31.28646990689653,0.6214237901034202,20.371819970852563,200
M3 stiff network,10,qLogNEHVI,0.8870099732725393,0.009108470386006151,168,0.8997051224282634,0.056101839403357244,0.07089415274751533,32.483833640942244,0.6593251826264516,19.577429676247558,200
M3 stiff network,11,qLogNEHVI,0.9021480932317247,0.0086824106424793,156,0.8783752162801752,0.05582902862729513,0.061926313169557975,35.374280262413755,0.6445294691826317,19.099502365309053,200
M3 stiff network,12,qLogNEHVI,0.8905868916145109,0.008483077469842686,162,0.8906875223588917,0.046369744189011415,0.05615570619505823,34.00759681973043,0.6419246421471742,20.525309442569622,200
M3 stiff network,13,qLogNEHVI,0.882679588080021,0.010888011845729111,165,0.9037790954158447,0.04994534682271741,0.07192766403995605,33.19426841059092,0.6797699734799746,21.268700540190157,200
M3 stiff network,14,qLogNEHVI,0.899950488648769,0.009027138179490692,159,0.8975461364006675,0.04657061455109026,0.06360695390784621,34.10817182707399,0.6518130396476173,19.915601457881145,200
M3 stiff network,15,qLogNEHVI,0.8819282080088687,0.007645680369081285,155,0.9105215001704723,0.048900807448669995,0.07650127614452172,32.39625683910702,0.6541728339966918,19.660564936729624,200
M3 stiff network,16,qLogNEHVI,0.8869777860986076,0.01010254871630591,161,0.8758071296787078,0.06466478821238246,0.0639057038002596,33.73631174120748,0.6014966117960222,19.54572277368139,200
M3 stiff network,17,qLogNEHVI,0.8832315718971387,0.010616342609559548,155,0.921931416405381,0.05490754114345493,0.07056180297725989,31.015837569889495,0.6564782386856581,19.67848072792897,200
M3 stiff network,18,qLogNEHVI,0.8941487726264588,0.009688040951801948,157,0.8435317654685256,0.05505881822879394,0.06348775259223352,35.81541109644945,0.625755372518447,20.667772112961035,200
M3 stiff network,19,qLogNEHVI,0.8886404182130355,0.01000878079950035,173,0.9007674835873121,0.05568135295915466,0.0637779080924673,33.88214480177347,0.624432885905851,18.91779383428267,200
M3 stiff network,20,qLogNEHVI,0.9055709100292898,0.009284122002819402,156,0.9096963895967042,0.05891104128586641,0.07208539024829955,36.08204258214078,0.5869370290734276,19.601648167746806,200
M3 stiff network,21,qLogNEHVI,0.8863781180410836,0.009048191074388631,164,0.8791762004119628,0.06546334275433784,0.07929840978430915,32.35348143112973,0.6940803364733709,20.86190570129685,200
M3 stiff network,22,qLogNEHVI,0.8860832193221544,0.009436814112529675,168,0.9016144427157312,0.05204888693966439,0.06850911294745905,29.42625544267534,0.6374921570896369,19.917380481747966,200
M3 stiff network,23,qLogNEHVI,0.8786846037139842,0.010351103572432614,161,0.9125088532467002,0.044494093998476814,0.07901500495555934,34.877363215613585,0.6303575814433509,20.14577830783281,200
M3 stiff network,24,qLogNEHVI,0.8802845823673858,0.009790320122034539,160,0.9013796096553327,0.045070264733671046,0.06926982435534294,31.927399426584582,0.5908841819760714,21.293926498359454,200
M3 stiff network,25,qLogNEHVI,0.8966176333588556,0.01025971585499422,156,0.912410370258693,0.05187744687805262,0.06673399099910092,33.47741775617395,0.648107846359607,19.61138413666801,200
M3 stiff network,26,qLogNEHVI,0.8864735068774593,0.006845319365177578,159,0.8958526505697103,0.0530744081451062,0.06930726646067677,32.984748798990985,0.6476748864740254,18.710095080394257,200
M3 stiff network,27,qLogNEHVI,0.8974964104773169,0.009160189326665062,159,0.8851573320029482,0.04850292050153464,0.0646366860890104,32.84791061482562,0.6466389834544379,20.336751296488206,200
M3 stiff network,28,qLogNEHVI,0.8777371110321643,0.009599184107940497,169,0.8839805121715065,0.0513899589280122,0.07761715263257996,34.291682481941756,0.669673626515777,19.237411534323254,200
M3 stiff network,29,qLogNEHVI,0.8892274661356269,0.010387431504924055,164,0.8690870754473567,0.056770213497108334,0.07157376676245916,33.72822652495932,0.6459052111767062,19.501523034614532,200
M3 stiff network,30,qLogNEHVI,0.8903868733331329,0.008310877555738647,160,0.8956279911902081,0.051105593543507626,0.07596173504369295,34.23014115676794,0.6082224300403983,17.311292206565103,200
M3 stiff network,1,MOMF,0.8839885476959005,0.010238198589052998,146,0.9131999436559897,0.06891609049673275,0.07802113726333558,32.12577592956151,0.6445245793442499,18.668785371144157,200
M3 stiff network,2,MOMF,0.882300640297165,0.011331062436521822,155,0.869098392971533,0.06794499298476014,0.06962915602148051,33.329717253565605,0.6754787353424552,18.71596789053746,200
M3 stiff network,3,MOMF,0.8859014681904236,0.01270739163419213,144,0.9106581445115703,0.06294834976972792,0.06804991305162676,32.05794055429338,0.6361658814916409,18.95278976541852,200
M3 stiff network,4,MOMF,0.8788797794957404,0.010798401326330755,153,0.9080209283585187,0.052454975440439026,0.07513370225267073,33.729280046886636,0.6830853587719464,16.90707525621967,200
M3 stiff network,5,MOMF,0.8827363514514117,0.008610468116098483,134,0.9135146868017217,0.051508712105351934,0.06612968799017764,30.46964544340272,0.6619953617028058,19.471320981504274,200
M3 stiff network,6,MOMF,0.8826001504930361,0.010113332809127639,149,0.8947254154211155,0.06367045817416547,0.06944024930518877,34.88127390492542,0.6093022392248938,18.163133113946667,200
M3 stiff network,7,MOMF,0.8849005537191038,0.010559143303248785,150,0.9092037308281056,0.041107986539261385,0.08231775814526535,36.47262804389278,0.5975914690730921,17.284099026768317,200
M3 stiff network,8,MOMF,0.8800965243460434,0.010632080727151803,136,0.9115120796439284,0.05573893714744616,0.06323401214266479,31.546393533644196,0.6556544069051471,18.153516847066136,200
M3 stiff network,9,MOMF,0.8843252121935936,0.011152813394550654,154,0.8823082787064526,0.054725298389502665,0.07717183454707358,32.89151695160301,0.6937675360252756,18.462868456050142,200
M3 stiff network,10,MOMF,0.8748860396746002,0.012072395154178751,146,0.9219820823944557,0.06740856083391003,0.08880156378772021,31.489917878335593,0.6699764979891304,17.547793577790713,200
M3 stiff network,11,MOMF,0.8842098523973669,0.009308047285420616,152,0.876689799880962,0.03851230232358144,0.06677777690557138,31.781365705099518,0.6210852716989141,19.019483334156057,200
M3 stiff network,12,MOMF,0.8903923993343509,0.00963814964374503,152,0.8891159963423939,0.05698118080559302,0.06366961485688842,30.790130660358937,0.6432444041961729,19.102545053403194,200
M3 stiff network,13,MOMF,0.875964942376734,0.008362974648089556,150,0.8769187027492005,0.05727198568568766,0.06770128031600474,31.879598700071046,0.6489967699549627,18.82613948628239,200
M3 stiff network,14,MOMF,0.8787004165467346,0.009578337930507544,151,0.9116407828190205,0.0457698817249463,0.0774731544173379,33.83024945158417,0.653044520293152,18.599142446311873,200
M3 stiff network,15,MOMF,0.8898078650577375,0.009323166273383966,149,0.8919940437838146,0.05859586402873749,0.06829734680150117,31.794350532390443,0.6425925369943957,19.20391820298822,200
M3 stiff network,16,MOMF,0.8877953658340295,0.012252162690793674,155,0.8856126880890451,0.05057648036585203,0.06704596273736879,33.684526559517934,0.637276318439125,18.016373030184347,200
M3 stiff network,17,MOMF,0.8762406515470945,0.010123698015602228,151,0.9248440012018097,0.04619590246352283,0.08292703524460943,33.983508602100784,0.675888934939432,19.941777729071095,200
M3 stiff network,18,MOMF,0.8889169066002532,0.008573094568519237,151,0.8902247815953617,0.046871903578627985,0.07125053965544796,31.34391496330622,0.6639799350724611,19.609896228274543,200
M3 stiff network,19,MOMF,0.8882898757996579,0.009129642838827737,144,0.8832977037576979,0.05838773836565407,0.07144222703393759,34.547171172837594,0.6399149570174691,17.736932754315266,200
M3 stiff network,20,MOMF,0.8899716425034577,0.010957847840730284,143,0.8944864570387661,0.04725577910175231,0.07575278348424433,34.494605576175026,0.6256597306991699,17.106691497089475,200
M3 stiff network,21,MOMF,0.8929117922720455,0.008975156515792053,155,0.9216795607016343,0.050964207107708166,0.060513993275308736,34.79557444464314,0.6597972762911681,18.704609494668585,200
M3 stiff network,22,MOMF,0.882768443578168,0.0083038908340279,152,0.9212295576830705,0.060039501314324825,0.07421849265966703,32.36018004685207,0.7203500064568109,18.543772491589895,200
M3 stiff network,23,MOMF,0.8988890437759368,0.00829783405132851,150,0.9096822738187789,0.04785929543807909,0.06994558289124017,33.423460918015124,0.6603805597206606,17.593505692441312,200
M3 stiff network,24,MOMF,0.8821891790208598,0.010263451216627884,146,0.8766355563593948,0.050372184140413445,0.07495444170056138,33.191079362722576,0.6594332386302231,18.760445526873983,200
M3 stiff network,25,MOMF,0.8946929689765699,0.010291606787788546,151,0.9204993949856476,0.054582150279581944,0.07291916617202156,33.585229959056036,0.6333625085544385,17.823271503590753,200
M3 stiff network,26,MOMF,0.8743394510134832,0.01134205042339493,151,0.8905282764106651,0.05853775061744918,0.07622654867410163,33.12456098574232,0.6450396801656995,18.588302390278415,200
M3 stiff network,27,MOMF,0.8954503832081425,0.010727650723401318,152,0.9082051585210414,0.055297585117101714,0.05928039832406809,36.734947764696855,0.633584627916631,19.49399075846008,200
M3 stiff network,28,MOMF,0.8835771675296183,0.011293928017015111,150,0.9279423015102599,0.06178702309183626,0.06951802908037054,36.32885600567367,0.6059856607872804,18.993845871769615,200
M3 stiff network,29,MOMF,0.8805121242355355,0.012228429360016379,154,0.8797022492654212,0.039745664579092066,0.0709617191393277,31.856295334902537,0.6224354782883966,17.8669975520091,200
M3 stiff network,30,MOMF,0.8806342859086769,0.009554465765399051,144,0.9052496623122083,0.05962253117004244,0.07925097590002858,33.615447851764515,0.6419311597898961,18.6814811238511,200
M3 stiff network,1,PHSEA,0.8794703429422283,0.011725832095408452,173,0.9123545732369599,0.05341121066913403,0.08450527421892981,34.150505003963914,0.6764498061104781,19.75864752038961,200
M3 stiff network,2,PHSEA,0.8707525617211708,0.01432741370969799,163,0.9240497050779671,0.04367296947353935,0.07882506687227964,32.39013779855748,0.6796569773368821,19.17216539195088,200
M3 stiff network,3,PHSEA,0.8855284995947162,0.012035939101761713,167,0.9183643659065408,0.053886016587322026,0.07203716066572434,33.914909869675036,0.6771822800172407,20.44979180522956,200
M3 stiff network,4,PHSEA,0.8696930835200927,0.008147579588823652,168,0.8945898598685913,0.04805338892134114,0.07075996394279575,35.96161901856816,0.6323994617924168,20.28869432296051,200
M3 stiff network,5,PHSEA,0.8755414945132544,0.011105533343620301,163,0.9137066052417747,0.05342800991264765,0.07042734008523642,32.74235162851653,0.6977633641162398,19.45466681517505,200
M3 stiff network,6,PHSEA,0.8729909099838319,0.009079499173343768,170,0.8950801106384337,0.047364834241408776,0.07282623869897079,33.40421045833771,0.6669409783327397,21.103326288821307,200
M3 stiff network,7,PHSEA,0.8724465365931374,0.011413307720447104,164,0.9150915929206433,0.039280748233078165,0.08792631221381375,31.241201890617546,0.6810769915917462,17.612814177329394,200
M3 stiff network,8,PHSEA,0.8819625230357664,0.011034353822397102,168,0.9306591737720734,0.0504073695586703,0.06396230348128676,33.953503807815444,0.687086782724427,18.29258935120331,200
M3 stiff network,9,PHSEA,0.8805642467670411,0.010749014740661523,166,0.8793559222229105,0.047540521354604896,0.07085550711468988,33.012789425618976,0.67321858369336,18.77267211677878,200
M3 stiff network,10,PHSEA,0.8701751123658443,0.010810445225019767,176,0.9330304838956345,0.05047833322063051,0.07529632051513613,30.91187042391707,0.683166586641414,19.84582031023791,200
M3 stiff network,11,PHSEA,0.8836760369121575,0.011828205416044835,170,0.8889211233007873,0.04976711866549707,0.07301002155406143,34.00614487106688,0.6376397012821945,19.168617705249645,200
M3 stiff network,12,PHSEA,0.881744851912574,0.011856131266736174,170,0.9257636619039257,0.04549629944494556,0.07344621173428349,32.90686682772325,0.687880288910153,18.950254095673245,200
M3 stiff network,13,PHSEA,0.8809493977761711,0.012199045448846564,169,0.9051439106904898,0.04162732683146112,0.0746274346426567,34.116490537905015,0.6766151182872339,18.896153849004786,200
M3 stiff network,14,PHSEA,0.8785531571702132,0.012846238301259022,186,0.908039427501686,0.04625202643868424,0.07849954614476513,33.552101744857204,0.6766930078562062,19.01075018834476,200
M3 stiff network,15,PHSEA,0.8821681570033874,0.008753083754717127,173,0.8996283547646832,0.04536993080914384,0.07765753198414231,34.618937996729024,0.632583103499037,19.1567784152574,200
M3 stiff network,16,PHSEA,0.8899730243347419,0.011124174186908873,169,0.9107522589026783,0.04664706049887136,0.05646175712422384,32.148348736718475,0.6389211994913438,18.778566349821734,200
M3 stiff network,17,PHSEA,0.8843400156792411,0.010998440354135953,170,0.9136488508187885,0.04523512157100555,0.07750099550887912,31.261047052477537,0.6705831685464634,19.063538814835905,200
M3 stiff network,18,PHSEA,0.8810503353095804,0.009638712757301651,175,0.916297952849058,0.04919155976530852,0.07963950835063523,31.518870820864215,0.6685966530233282,20.035143812098685,200
M3 stiff network,19,PHSEA,0.8641745545456234,0.01233092077968858,172,0.8947281735295798,0.05627695634642245,0.07833145847511322,32.62228963835142,0.6650797315046009,19.155543435328234,200
M3 stiff network,20,PHSEA,0.8850785880289305,0.011447651373210709,165,0.9282089811690608,0.04338461815414306,0.06340126132917595,33.12772141751844,0.6110793821582362,19.79228532216409,200
M3 stiff network,21,PHSEA,0.8829221330565552,0.01049592453231495,176,0.9315854651922534,0.04428581931609319,0.06221455812505654,33.65433079847605,0.6269052398528971,18.585101842117563,200
M3 stiff network,22,PHSEA,0.8731647696822341,0.014711822233245285,161,0.9150915620815296,0.062099718887759274,0.07340601584501275,31.80031516030144,0.6334535900411902,19.4885531586439,200
M3 stiff network,23,PHSEA,0.8646736592282426,0.012710296614788412,169,0.9099515558296049,0.061482470135235626,0.08055844049682366,35.66168341650015,0.6127637773731641,19.202508716392167,200
M3 stiff network,24,PHSEA,0.884462920527459,0.011747925620773215,165,0.9104344047066644,0.0397625633211484,0.06364038932491531,33.63876356381718,0.6816181542348614,20.419550700520684,200
M3 stiff network,25,PHSEA,0.8822678724200969,0.010874425848222744,175,0.9120932272008296,0.04494840641315678,0.07150281110736462,32.240664260762415,0.5960851199522839,20.44111940096186,200
M3 stiff network,26,PHSEA,0.885597833690723,0.009230323227762413,170,0.926105005466777,0.04709141464139858,0.06515932549657827,31.19878329009444,0.6211298191435802,19.23534608543882,200
M3 stiff network,27,PHSEA,0.8895978150462476,0.007470109863589875,174,0.9134240203919469,0.05249585252179961,0.06297870599815297,31.06661068473927,0.6352497612375188,18.36791202499657,200
M3 stiff network,28,PHSEA,0.8820770621517091,0.009996806819174264,175,0.9335693563398352,0.04741587558249309,0.06402028552136572,32.2150272319358,0.6573869502122195,18.513484370505058,200
M3 stiff network,29,PHSEA,0.8879436286483413,0.00942461525676145,167,0.9140078572455015,0.05738599869097814,0.05970950423557268,34.33999139367807,0.6778508960684922,19.160186914939636,200
M3 stiff network,30,PHSEA,0.8740920500246091,0.011456681519141428,170,0.9320355133232358,0.04330708224113524,0.07837965403105601,31.601280909997897,0.6760022352481153,18.805905538417818,200
M3 stiff network,1,MSAEA-DM,0.8761049625202705,0.011409464533682068,185,0.8934849614536059,0.05908272889107244,0.06988499941405034,32.404531599242944,0.6495684782782318,19.950281374428155,200
M3 stiff network,2,MSAEA-DM,0.8839065577204575,0.012179096720594657,183,0.8900747914723358,0.060777690678740705,0.07601034949047404,31.647462300678715,0.6535118400073374,19.855702838774782,200
M3 stiff network,3,MSAEA-DM,0.8903815194666392,0.012744083341103912,182,0.8798547947147024,0.060147613667990145,0.06700637802217939,35.81295503572468,0.619304904751369,20.77582928788431,200
M3 stiff network,4,MSAEA-DM,0.8725449743580256,0.01141154892847082,179,0.8953860933218546,0.06553461522799058,0.07508694509755336,31.115278980211134,0.6114932239970213,20.640993058332832,200
M3 stiff network,5,MSAEA-DM,0.8788297772851986,0.012895425419957541,174,0.893984068450649,0.07708158142886613,0.06574613039801104,32.08152696267825,0.6573442071154008,19.977393930306825,200
M3 stiff network,6,MSAEA-DM,0.8721727353249035,0.010236948147592049,176,0.8886714666718952,0.06241091829697166,0.07815207967854418,30.182183384316097,0.6588690372140056,21.70879567935144,200
M3 stiff network,7,MSAEA-DM,0.8817208896515166,0.011575120190273222,182,0.8848975386841238,0.07300547185381583,0.07544752280595944,33.30140296819906,0.5995271072717407,19.05204210721906,200
M3 stiff network,8,MSAEA-DM,0.8793134818550014,0.011055933406381023,188,0.8581044654155748,0.06580314650413283,0.06597277012394,36.22071613776112,0.6380349397154096,20.449904655795635,200
M3 stiff network,9,MSAEA-DM,0.8767722222825315,0.011474908062094134,178,0.8880851437592197,0.06478472530147218,0.06155033695081913,33.32052531384791,0.6850214150976988,21.566629269427132,200
M3 stiff network,10,MSAEA-DM,0.8764453378315555,0.01177132980661839,180,0.88714812763605,0.06535896334260219,0.07529327818232351,33.41152811935961,0.6507000452997868,19.807918543221646,200
M3 stiff network,11,MSAEA-DM,0.8733697564373455,0.011456842205407682,182,0.8910572186886696,0.06533020420049113,0.07136730715830407,31.717745138362492,0.6297421764041877,19.15792357054206,200
M3 stiff network,12,MSAEA-DM,0.8742871181356734,0.01111125286928721,183,0.8803141087758061,0.07503430966698847,0.0853056553307069,34.6737177154697,0.6848811442383971,20.941087973980444,200
M3 stiff network,13,MSAEA-DM,0.8774207014572606,0.011738503687397626,183,0.8736470354837379,0.06060767993027469,0.0764779672567153,33.3755107986221,0.606632361397017,20.22592546639722,200
M3 stiff network,14,MSAEA-DM,0.8757218779091497,0.012923849902334776,180,0.8731281119508837,0.06262126192772433,0.07529077894230524,30.556803892051,0.6991551833302851,19.57694903517203,200
M3 stiff network,15,MSAEA-DM,0.8677016162479997,0.012752323453618822,175,0.8888864309720741,0.05227775069113172,0.06623821326323165,31.643344939309287,0.660301984067968,19.94989217120622,200
M3 stiff network,16,MSAEA-DM,0.8748336164057765,0.014367399401057308,174,0.8907424359822874,0.060959423321602285,0.07104455388619409,32.73435102621016,0.651995929268459,21.721232096321952,200
M3 stiff network,17,MSAEA-DM,0.8740915631106303,0.0141054244984677,174,0.8971598240263082,0.06570586197362839,0.07088500365627648,32.55944687293598,0.6924485873339375,20.36389022805279,200
M3 stiff network,18,MSAEA-DM,0.8848443553462622,0.010287348560903407,185,0.8687387464875964,0.05852797461994345,0.0635528424508812,32.68185157902203,0.6363567807399331,20.510258317559774,200
M3 stiff network,19,MSAEA-DM,0.8689488038149293,0.013048110528365077,174,0.8843614262648044,0.06033344688243761,0.08136867961521019,34.67680690984446,0.6733742691936948,19.039374506665958,200
M3 stiff network,20,MSAEA-DM,0.8771541278520526,0.01219943510739082,175,0.8973746029230165,0.057301673087049046,0.06904158804814936,31.65188947443883,0.6440619645706916,20.614935883447657,200
M3 stiff network,21,MSAEA-DM,0.8787401353947583,0.01090178538579956,172,0.8972334727186518,0.0682454428190912,0.06276715186911871,33.600732401917305,0.6649066879788421,20.6290877580843,200
M3 stiff network,22,MSAEA-DM,0.8734143138395718,0.012845683784163533,184,0.8964141644295911,0.04931853630694273,0.07826148925428786,35.25135676152662,0.6832531736040147,19.543868266574037,200
M3 stiff network,23,MSAEA-DM,0.8691382758823094,0.015335355207231437,178,0.8758374969727659,0.06631497706762239,0.0566451291879185,32.23849809934125,0.6437666626040478,20.181487632410423,200
M3 stiff network,24,MSAEA-DM,0.8876285625310713,0.0099095652277544,180,0.8814601800338497,0.04759219981982583,0.07279854355823037,29.401517714927987,0.6371478139914533,20.141470224195672,200
M3 stiff network,25,MSAEA-DM,0.8746692269763967,0.012589697448481447,183,0.8765491121862253,0.05657398180732823,0.07710149218216263,34.429556356530725,0.6772594253313573,20.030710302485616,200
M3 stiff network,26,MSAEA-DM,0.8770908427471458,0.010314534554190154,173,0.8911275499939637,0.06822620546696899,0.07152709573243578,31.860754811727404,0.6587874924337406,19.349925993529567,200
M3 stiff network,27,MSAEA-DM,0.879557727016212,0.01281477336302177,174,0.8839901056419869,0.057721564922935134,0.07260480286988974,30.784374940981497,0.713961586016454,20.21710404315769,200
M3 stiff network,28,MSAEA-DM,0.8753029955457804,0.015110001522590535,180,0.8627246297068447,0.0571516737820663,0.0759003593623737,30.609416092628738,0.656287734256439,19.41333615877348,200
M3 stiff network,29,MSAEA-DM,0.8721245767487094,0.01257764383942733,172,0.9030033742403478,0.04771312629652667,0.07807961325529722,34.92503317880229,0.6593200253015989,20.62395053731705,200
M3 stiff network,30,MSAEA-DM,0.8795383475209455,0.012307118992418958,173,0.8743743981019254,0.06567678500587401,0.0758612018058318,33.4538254112558,0.6217270000430947,20.277096733119976,200
M3 stiff network,1,AS-SMEA,0.8830513089569418,0.011410074630738254,170,0.8976806567739328,0.06288140628960907,0.06953526746200964,33.389095663882884,0.6572497316063161,18.908531036249727,200
M3 stiff network,2,AS-SMEA,0.8734496601988796,0.011115067500853714,178,0.8777016669693994,0.054541809565233496,0.06649191518820818,30.444985347387327,0.6260606196078417,19.72797626151796,200
M3 stiff network,3,AS-SMEA,0.8866349313419158,0.010392952421544858,179,0.8856160220782584,0.04896545576309245,0.07287742988672889,33.628918391312865,0.7049976258392763,18.90366013325408,200
M3 stiff network,4,AS-SMEA,0.8829504052479106,0.011935208763572649,179,0.9186174589435225,0.07026276786653318,0.06971839491234941,34.3036521777205,0.6298743510581385,18.181232401455844,200
M3 stiff network,5,AS-SMEA,0.8851684718910309,0.011683666157298225,170,0.876519969747266,0.05642800946964928,0.06600111770305138,31.074530011247997,0.6655830582951737,20.025731372265795,200
M3 stiff network,6,AS-SMEA,0.8802049828609463,0.010232335797391969,175,0.8827431535775732,0.06564365273597204,0.07374550916233678,34.0049944000131,0.6312430514912833,20.629992144340058,200
M3 stiff network,7,AS-SMEA,0.8782553479150487,0.012888616377589052,179,0.8703282182446878,0.06422938532935088,0.08822228816958466,32.15464055128856,0.6714214056583412,20.776190933441093,200
M3 stiff network,8,AS-SMEA,0.8736394923151142,0.009134068696115126,171,0.9031295857306654,0.05988168781536093,0.08165729113533073,33.041201837618225,0.6723607225874357,19.07374491739966,200
M3 stiff network,9,AS-SMEA,0.8771559380176825,0.010571614516367338,160,0.8949762280327818,0.06165529626992931,0.07381657487767035,31.005472270162663,0.673447854182276,20.038729331948204,200
M3 stiff network,10,AS-SMEA,0.8746433457006838,0.011676254364524356,171,0.8991101757950588,0.0659077783083939,0.06351542273340856,35.33050912787063,0.683010685992847,18.738393177519544,200
M3 stiff network,11,AS-SMEA,0.8830789294889456,0.010751587509856858,181,0.8887037215164042,0.060276986803059256,0.07806420728828507,33.87367446822043,0.6685468532775538,19.353576063601142,200
M3 stiff network,12,AS-SMEA,0.8812954288640517,0.008994271449634984,169,0.9069776256499218,0.06717671897297861,0.07477021309576361,32.651608834368254,0.6621002422010858,19.963638837464085,200
M3 stiff network,13,AS-SMEA,0.8850745531379546,0.011066116329302008,184,0.9116700407187929,0.03785542285661023,0.0790319609807518,33.159914396499715,0.672408901417879,20.124490705985686,200
M3 stiff network,14,AS-SMEA,0.8732832676639871,0.011358476585578972,171,0.885257514984302,0.04783603600572425,0.07108167081944722,32.7601964711654,0.6500972618586865,19.165943320343715,200
M3 stiff network,15,AS-SMEA,0.8736299972816477,0.01304876963104511,168,0.9151575411627648,0.050740152546205966,0.0758636430355829,32.63325323411248,0.6216322789487174,18.905058256592483,200
M3 stiff network,16,AS-SMEA,0.8789375674094796,0.010505677890715352,180,0.8935708017394616,0.05561371347716046,0.06967712888766955,31.456257306879742,0.6574984828585294,18.537758664620775,200
M3 stiff network,17,AS-SMEA,0.8747477334346325,0.014783413551510485,172,0.9054746964782077,0.06468127259015514,0.07329360682634746,34.01931211180786,0.6532251637811816,19.565624409307883,200
M3 stiff network,18,AS-SMEA,0.8747126196280389,0.008532374005421745,182,0.8922937175340064,0.06770122614378375,0.07496349874839352,33.74559239168952,0.6961409152074146,18.850847655824634,200
M3 stiff network,19,AS-SMEA,0.8916148069627232,0.012657531816167515,177,0.8640685779189161,0.04823453545846284,0.07779110741625578,31.89981917007313,0.662086771116343,19.060742992326993,200
M3 stiff network,20,AS-SMEA,0.8783781806848815,0.011848581378108292,176,0.8775205918621204,0.06299893896233964,0.08139555675011315,31.93706194130873,0.6594939018851673,21.297817487409535,200
M3 stiff network,21,AS-SMEA,0.8866747813693789,0.013316937618653999,179,0.8816534504632045,0.05733385904479152,0.07024623330120514,32.41192508933555,0.6452603005390214,19.378964112983127,200
M3 stiff network,22,AS-SMEA,0.8649351629821543,0.010819306841409346,180,0.9029993897627843,0.05722120984493023,0.08475602537152382,33.595408495950636,0.6088710610707542,19.563525141192816,200
M3 stiff network,23,AS-SMEA,0.8766276472481564,0.010943981043610855,181,0.8890665490370275,0.043589192367343085,0.07351478333543714,32.34346881141093,0.6494505548853393,21.123544480353758,200
M3 stiff network,24,AS-SMEA,0.8773329380812184,0.011207429371438019,176,0.8806482781400745,0.06018405125621757,0.07227863605894681,34.53756657292072,0.6315393040573626,19.809472482245447,200
M3 stiff network,25,AS-SMEA,0.8744491980673685,0.013100270567057629,173,0.8692734417078841,0.05845183731055882,0.07248843527358635,32.884141645648604,0.657019540503561,19.471190813882533,200
M3 stiff network,26,AS-SMEA,0.8779581359684449,0.013983189295718254,175,0.8768744456271041,0.056003779738243525,0.061026023414439974,31.62831231101528,0.6076976115829817,20.006964839729502,200
M3 stiff network,27,AS-SMEA,0.8760699802991322,0.011557338043113315,174,0.894827854070621,0.05911461094641515,0.06788441005797778,32.29921483618407,0.6708148498137178,21.24103095643827,200
M3 stiff network,28,AS-SMEA,0.8760073673438903,0.011472239406252485,174,0.8949044865175355,0.06643753209983295,0.06848782697495574,32.40908553053527,0.6557200059023109,20.676440213058534,200
M3 stiff network,29,AS-SMEA,0.8825989234620051,0.011900588617414902,167,0.8689210437400261,0.05990630835410093,0.07753231167344078,35.12531154718979,0.6490108992013652,19.735957912614413,200
M3 stiff network,30,AS-SMEA,0.8834066675315925,0.010180099760879456,169,0.9004614252756663,0.06660612507418343,0.07884879665069594,33.03325802045302,0.6903549545568636,20.528978190575785,200
M3 stiff network,1,B2 direct screening,0.8736717827682784,0.012160869651392115,185,0.8801372778842627,0.06639863547073453,0.08075646724450745,33.11289168816909,0.6267342950382484,13.843349473115543,200
M3 stiff network,2,B2 direct screening,0.8787682420013243,0.013686674339486168,188,0.8578310611993342,0.07921536181037868,0.07768204093011238,32.75691084377507,0.6711957297045981,14.43499674566349,200
M3 stiff network,3,B2 direct screening,0.8598624793637966,0.0169663719573771,181,0.9009912202228475,0.05403078945911545,0.08381417228197129,31.3196098701866,0.6319558157332777,12.839101081309499,200
M3 stiff network,4,B2 direct screening,0.8725200594800733,0.0120942205880438,192,0.8908616309002696,0.06325683171020641,0.07754166521520932,33.468936764896455,0.6537983015079536,14.444107267539602,200
M3 stiff network,5,B2 direct screening,0.8582431313524376,0.016175988790640985,184,0.8858809373464447,0.055233438775013535,0.07797238726529845,31.5409847821469,0.6354433520790613,14.247993384646165,200
M3 stiff network,6,B2 direct screening,0.8788123052449175,0.014810210583674195,187,0.8752032491449562,0.06432108313372444,0.08088460780937469,33.2982505017406,0.6699505068351386,14.77850107566561,200
M3 stiff network,7,B2 direct screening,0.869296181773193,0.011033220790381947,179,0.9022101315384821,0.07519901462437913,0.08441894884523267,29.347536906983926,0.6266462495501806,13.62487769794244,200
M3 stiff network,8,B2 direct screening,0.8623363788037375,0.012639887839186192,198,0.878087749486974,0.05967607195737935,0.08317157501613567,32.42559793873447,0.6706435053676829,14.572725910898024,200
M3 stiff network,9,B2 direct screening,0.877840961328722,0.014356580491864808,182,0.8787883367665084,0.06912556911621967,0.0769392302112818,35.59514787793207,0.6140842830483801,14.603796993494804,200
M3 stiff network,10,B2 direct screening,0.8643876169908838,0.015054974130774465,182,0.8860548467757644,0.07346399806586702,0.07547110005040628,34.60547552765276,0.6408327308426024,14.441576731971336,200
M3 stiff network,11,B2 direct screening,0.8722265684706431,0.013407262449573505,188,0.8489290404916654,0.06411135596043195,0.07134543466181527,34.78835182825525,0.6188317366711583,15.069334944580744,200
M3 stiff network,12,B2 direct screening,0.8848813958211197,0.014433568564574631,179,0.9117867211027793,0.07564643603021326,0.07366397957673093,35.0487220590264,0.6587696702319212,15.333710374608012,200
M3 stiff network,13,B2 direct screening,0.880427894046757,0.012134598697855912,186,0.8912980543016337,0.06321421895768693,0.07664530997245048,32.33160241943598,0.6648164415432993,13.628146071218426,200
M3 stiff network,14,B2 direct screening,0.871238562260419,0.012304950962708484,196,0.8915340167249955,0.07193984062360835,0.06406425382473402,35.15161214463814,0.6442297979918021,15.972660668017033,200
M3 stiff network,15,B2 direct screening,0.864409524289331,0.01373095074088454,191,0.8812566494791191,0.07681955942383077,0.09098106393678723,35.42361544035943,0.6493705384554569,15.585926928393775,200
M3 stiff network,16,B2 direct screening,0.8725987159367212,0.012138920960381926,192,0.8767079813945597,0.07230078612216755,0.0756259074785101,32.2314476502932,0.6427721054193914,15.649800608377063,200
M3 stiff network,17,B2 direct screening,0.8630265017998897,0.014402543051868891,189,0.871251893865738,0.06898857948151055,0.07367798085682159,34.858468189408306,0.6869167923893729,14.757781844555927,200
M3 stiff network,18,B2 direct screening,0.8759967424994534,0.01273697520246952,180,0.9035485682758599,0.07045091638959598,0.07385879653380714,30.715532128971226,0.6357927544039109,14.164890309084372,200
M3 stiff network,19,B2 direct screening,0.8716352515490611,0.015667044668773753,185,0.8748134535408821,0.06648294094285026,0.08150430731588207,30.209651594714046,0.7022708233768539,14.93191774481182,200
M3 stiff network,20,B2 direct screening,0.8755917936744972,0.012211277880234598,194,0.8992335387870694,0.059119055019529604,0.06429273915538639,33.83943631305936,0.6444087669657251,16.636969223835667,200
M3 stiff network,21,B2 direct screening,0.8653678411896867,0.012591763834548925,179,0.8853823270751001,0.07337709734494097,0.08532781886042563,30.506705255420997,0.7337892257907135,15.202654147240485,200
M3 stiff network,22,B2 direct screening,0.8619531232346951,0.012906893712089983,183,0.9013507054557095,0.06447660081139654,0.06912532724928333,32.779831947126446,0.6369435216854725,15.633576150194404,200
M3 stiff network,23,B2 direct screening,0.8739349648220645,0.010585203523528578,192,0.8889533349902624,0.07129322383810105,0.06986589801810446,32.01109796889938,0.6318955152454664,15.349457229091913,200
M3 stiff network,24,B2 direct screening,0.8593108836772674,0.013395705748670918,197,0.8830406786378435,0.06285284079556192,0.08242625358287846,32.6294081207751,0.6645094333798957,15.19125774616456,200
M3 stiff network,25,B2 direct screening,0.8742680796293514,0.014059653520266823,182,0.8700437828814633,0.06928749247838967,0.0690520205569952,31.737101346693862,0.6710422795401285,14.360416222930871,200
M3 stiff network,26,B2 direct screening,0.866526186350074,0.014549475504296729,196,0.9048503607566347,0.06208612891448017,0.07540211079042708,28.936948294518416,0.6477407741482721,15.379993963122034,200
M3 stiff network,27,B2 direct screening,0.8747182439409951,0.014081257671087373,183,0.8650633563070564,0.08237484115809003,0.07616525364782628,29.877945696809473,0.6667065795189179,15.567300182231518,200
M3 stiff network,28,B2 direct screening,0.8704090671817125,0.012553515737607717,186,0.883021448792395,0.060056090996333786,0.08124924749799117,33.91087821120473,0.6639660477459962,15.319752832450657,200
M3 stiff network,29,B2 direct screening,0.8746181748189863,0.012142937854292553,185,0.8743115814974756,0.0701105248793596,0.07824052545373074,32.89508440182766,0.6515360116604836,15.226057981072925,200
M3 stiff network,30,B2 direct screening,0.8776419754182263,0.01533811508104583,177,0.8953046927094186,0.06631552253579714,0.06499897485681427,32.344146514368454,0.6360476099760577,15.241592790982386,200
M3 stiff network,1,Original MF-BCL-SAEA,0.8750458682758865,0.0142763697650518,182,0.8432969800401263,0.07541034881435184,0.06896059556826449,28.741108607996267,0.6770581010632822,17.880659406884618,200
M3 stiff network,2,Original MF-BCL-SAEA,0.8655944653208681,0.014632747931636709,189,0.8494756435846423,0.0743421649306681,0.07189048167870644,35.37484720536263,0.6735529101972363,18.95895129089525,200
M3 stiff network,3,Original MF-BCL-SAEA,0.8691621447879063,0.012198784861931877,185,0.8829125739162577,0.06719668161120161,0.06929673520472537,31.90803702314281,0.6789814565097243,18.453380211337436,200
M3 stiff network,4,Original MF-BCL-SAEA,0.863796874892137,0.015064754083444567,192,0.8829701973312702,0.06933893462986801,0.07014224272969476,30.2520026674199,0.6284901039239873,18.595161712333613,200
M3 stiff network,5,Original MF-BCL-SAEA,0.8519754496633913,0.015276537380633894,192,0.8773833030446582,0.07141212253810189,0.07916496379228675,31.77519904478989,0.6528877744126296,18.74919205607722,200
M3 stiff network,6,Original MF-BCL-SAEA,0.8584144351698267,0.0162763100935193,184,0.8640123188495809,0.06042424638412472,0.08293159444049962,31.749896291950414,0.6783074991815852,18.31747594432938,200
M3 stiff network,7,Original MF-BCL-SAEA,0.8619417651421414,0.01341820780996297,178,0.8525446449813541,0.07244143638356487,0.08297854089076304,33.17703329813526,0.6904080511721029,18.819802331099673,200
M3 stiff network,8,Original MF-BCL-SAEA,0.8669602397278469,0.01368623045236317,183,0.8968623399735594,0.06914387395085345,0.07072779870713666,31.87304694136523,0.6185096227344439,19.08278055788027,200
M3 stiff network,9,Original MF-BCL-SAEA,0.8641564962530305,0.013379410901171056,171,0.8816085805049569,0.0713696002134279,0.08975951102169322,32.706500110910405,0.6499270102975758,18.549270896454612,200
M3 stiff network,10,Original MF-BCL-SAEA,0.869406127170445,0.013536127391694281,182,0.8873506185304733,0.0701101641160768,0.08565984100313838,32.59853461762255,0.6580756245608411,17.276241785635598,200
M3 stiff network,11,Original MF-BCL-SAEA,0.8735329316671172,0.013671774295083157,182,0.8795336752149066,0.07672682016026808,0.06902411363177396,29.423566678616645,0.6780703375217871,18.63202473423576,200
M3 stiff network,12,Original MF-BCL-SAEA,0.872417114322278,0.013050930000914935,188,0.8849293989368483,0.07676465756314708,0.08250487026290859,31.394351334469143,0.6664047040705586,17.34388965993812,200
M3 stiff network,13,Original MF-BCL-SAEA,0.8599718789421107,0.0149775166386319,180,0.8454495513776049,0.07188949955687268,0.0811995316571096,31.832542724769063,0.6716627789381457,17.538457617105657,200
M3 stiff network,14,Original MF-BCL-SAEA,0.8651739648361906,0.013158158988457385,190,0.8622117877201383,0.07475773927948819,0.07960649820431247,31.14886613980849,0.6408220647208516,19.21127443334477,200
M3 stiff network,15,Original MF-BCL-SAEA,0.8706752658124195,0.013489179669535679,180,0.8424216626113744,0.07296142131322525,0.07611331234430417,33.5163207526074,0.6545620340574945,18.917537193379655,200
M3 stiff network,16,Original MF-BCL-SAEA,0.8678843328956467,0.014962956932267252,189,0.8896865964369908,0.05960696612422663,0.07760206943038266,35.06966201765983,0.6645673579348867,19.037912602725047,200
M3 stiff network,17,Original MF-BCL-SAEA,0.8545061624696902,0.013756029797553629,187,0.8790881705024571,0.09003809180062444,0.07434463270406023,31.009254815229458,0.6835962431563449,20.297150920291415,200
M3 stiff network,18,Original MF-BCL-SAEA,0.8720923485378004,0.01737804981166977,182,0.8475476878554111,0.07084804362399005,0.06419154208940615,31.732143069785987,0.6310713729119615,16.992905642208473,200
M3 stiff network,19,Original MF-BCL-SAEA,0.8827112738111946,0.009866646646307972,182,0.8433282972425986,0.07398681601958465,0.06590690046873265,36.82082935219198,0.6826452860349106,17.980763752923288,200
M3 stiff network,20,Original MF-BCL-SAEA,0.8740726265927314,0.013965927019703102,186,0.853552163312151,0.08245890515474961,0.0649308931445762,31.647294924058684,0.6997773715151092,19.660338508480525,200
M3 stiff network,21,Original MF-BCL-SAEA,0.8592183555495376,0.015278728154789317,186,0.8982653879190535,0.07249523634337893,0.08059449199401549,32.37411057710556,0.6650523524894384,17.727300787541626,200
M3 stiff network,22,Original MF-BCL-SAEA,0.8604151856745363,0.01425320439344465,187,0.8517400216808745,0.06766954323464346,0.08642685962734284,31.028306637989193,0.6532869104963877,18.600238115325656,200
M3 stiff network,23,Original MF-BCL-SAEA,0.8571858444051468,0.013446160136588392,176,0.8802649637287424,0.06185903375171964,0.08387497199344897,30.059987425865067,0.699168321393293,18.12688486442224,200
M3 stiff network,24,Original MF-BCL-SAEA,0.8601684468528371,0.014712269732217932,172,0.8758855221110913,0.074380522366138,0.0798063891309101,30.95517637739779,0.6936093162334571,18.56308899656633,200
M3 stiff network,25,Original MF-BCL-SAEA,0.8814400890925648,0.013164422804084605,181,0.8680652505669296,0.06746486492143729,0.06658657665449219,34.45267522637901,0.7009561629549907,18.156121307609776,200
M3 stiff network,26,Original MF-BCL-SAEA,0.8594908316627157,0.01220746258397546,183,0.8787095680753582,0.09130298092307507,0.08608320363389317,33.170568528051554,0.6743097764003263,18.5525860860798,200
M3 stiff network,27,Original MF-BCL-SAEA,0.8613964019695379,0.010256144407183945,173,0.8849773778005315,0.060886357507094264,0.08311111477589614,32.69740022485858,0.6168706238370908,18.222628226292606,200
M3 stiff network,28,Original MF-BCL-SAEA,0.8571435689656657,0.015535742175235743,177,0.8611695228013502,0.07858243092678219,0.08824590122686352,33.78669214196875,0.6130882346739958,19.045446277746695,200
M3 stiff network,29,Original MF-BCL-SAEA,0.8627218207840853,0.01346826263281552,183,0.8827835830993984,0.06787777524394892,0.0673417860994482,31.012873509705113,0.682428270316997,17.30727520572705,200
M3 stiff network,30,Original MF-BCL-SAEA,0.8671610631549358,0.01537462833038474,187,0.8782184080049973,0.07990876063163183,0.0790567325381252,31.57188525519784,0.6274222375644438,18.24251693796326,200
M3 stiff network,1,ParEGO-GP,0.8402857002517244,0.016434270553359626,194,0.8533122151365797,0.10045354629807556,0.09400870047775592,30.955331558862465,0.6935948088584869,20.68633567160028,200
M3 stiff network,2,ParEGO-GP,0.8497979771455239,0.016886505822539883,191,0.8584932921661377,0.08312275654510526,0.0829244290936318,31.97103833849286,0.6901867055489957,21.39814870922673,200
M3 stiff network,3,ParEGO-GP,0.8554537993702703,0.014574977746916951,195,0.8269419558100503,0.09095370464903468,0.07760961812731179,32.34301900556748,0.6475360780091668,21.35593620562701,200
M3 stiff network,4,ParEGO-GP,0.837168016066596,0.01580280346197329,190,0.8434384530418872,0.08678379634137594,0.08290373224096853,29.391287871618857,0.6540603549421626,21.038075609310983,200
M3 stiff network,5,ParEGO-GP,0.8391217905990322,0.021188387997413256,200,0.8294406227572585,0.08570299901208332,0.09246412615172175,30.98524607973697,0.6567056461601168,21.426881955833636,200
M3 stiff network,6,ParEGO-GP,0.8522643362010376,0.018606078988403767,194,0.8427150822472342,0.082677671616392,0.0923397671528055,31.286430575317333,0.6403557636468532,20.143701739430195,200
M3 stiff network,7,ParEGO-GP,0.8448078336074659,0.021494198427509544,200,0.8266740109440393,0.07807850067764471,0.08933865907459237,30.547783643834567,0.6461815833470754,20.407170042245443,200
M3 stiff network,8,ParEGO-GP,0.8503097153057251,0.01357183031777421,200,0.8523995565149987,0.08097307015745166,0.08357286653637117,31.534770347724233,0.6795940744110918,21.013212109698532,200
M3 stiff network,9,ParEGO-GP,0.8633295170064403,0.015844778564013572,200,0.8471077678825457,0.08066232135833372,0.07170168568643949,31.249794666326867,0.6706430615613416,21.938624299780134,200
M3 stiff network,10,ParEGO-GP,0.8517481799613236,0.016814728377771843,190,0.860899207612871,0.09098242047867763,0.07944252749240263,29.425956284349642,0.6683612465379983,22.746062582828355,200
M3 stiff network,11,ParEGO-GP,0.847824551556116,0.02042218853131109,192,0.8551506152989683,0.10602978577118265,0.0879085331702269,34.08357251187545,0.6761419906260983,21.982969495708897,200
M3 stiff network,12,ParEGO-GP,0.8574145777644786,0.016551498572480353,197,0.8659219797996067,0.07561174640142512,0.08405481661113907,32.288889802277176,0.6890378405992738,20.409972800867916,200
M3 stiff network,13,ParEGO-GP,0.8415637935665131,0.015177249102617887,200,0.8239582285974488,0.10061431007428079,0.09295354426215524,29.81230618076468,0.6591732309982296,20.817841341103662,200
M3 stiff network,14,ParEGO-GP,0.8442514569675797,0.019475855954193263,200,0.8497737245212444,0.0927865962562876,0.08453120328865266,31.7257106104961,0.7149761733301215,21.418845935908394,200
M3 stiff network,15,ParEGO-GP,0.8466705621052053,0.01727634803527284,194,0.8707211479404673,0.06760259538310864,0.08643662730311352,27.393889142344392,0.6656907815020914,20.15125804851243,200
M3 stiff network,16,ParEGO-GP,0.8437568203899009,0.018467022628139148,193,0.8459209638788326,0.09616809041883609,0.08667209062445932,27.03973454737939,0.6463865739172986,20.712660869173085,200
M3 stiff network,17,ParEGO-GP,0.8486729395974819,0.018532447529934274,197,0.8515463244098015,0.08430018771032403,0.07733533363136072,28.32368460468354,0.7008654922433077,20.850802663060197,200
M3 stiff network,18,ParEGO-GP,0.8396271332719335,0.016923811378179197,190,0.8549419037567729,0.08008158143380525,0.09239360916843925,34.1826429363387,0.6940436880707213,21.939062312875294,200
M3 stiff network,19,ParEGO-GP,0.8401120780804086,0.021200863529162357,190,0.8477356460141077,0.088705543240756,0.09074526659424013,29.918222633497447,0.6841048574397802,19.546518192145896,200
M3 stiff network,20,ParEGO-GP,0.8468223837875387,0.01726723057539278,195,0.8423260187168679,0.10252709899788566,0.09358323775379304,26.24267078730342,0.6252799594200942,20.63168763103583,200
M3 stiff network,21,ParEGO-GP,0.8464890143118804,0.018226538783263396,196,0.8675183662945718,0.08390121380455239,0.079341259401088,28.83545423522743,0.6109947239237431,19.890496095376996,200
M3 stiff network,22,ParEGO-GP,0.8422527333837669,0.015654461628766332,197,0.8752788791492154,0.08562945747412117,0.0738350834594756,26.91808314124289,0.6674688071829417,18.74243807724641,200
M3 stiff network,23,ParEGO-GP,0.8452602373555588,0.018090512123669467,200,0.8740177194355048,0.0917752083471402,0.09006484242845525,28.806798765309843,0.6474741134945112,20.667944439804835,200
M3 stiff network,24,ParEGO-GP,0.846563377985707,0.02021827693391609,186,0.8578871303214995,0.09194517220007882,0.08718052833850261,29.137226416799322,0.6587655628331727,20.634046217100632,200
M3 stiff network,25,ParEGO-GP,0.8596917379208558,0.015071199108373037,192,0.8554930431285972,0.0804072616272053,0.0783292017443195,32.7070881123403,0.6609836877060186,21.8381295716365,200
M3 stiff network,26,ParEGO-GP,0.8337567631518481,0.020983607572407467,188,0.8666729129873622,0.08026703849005157,0.08360584696431293,30.36494837036893,0.7429948268633838,21.461667366667143,200
M3 stiff network,27,ParEGO-GP,0.8465200234615639,0.016900366813987523,200,0.8581413276395935,0.08652585037571882,0.07802060232701231,29.98702617367519,0.6721358034944217,20.26043825330596,200
M3 stiff network,28,ParEGO-GP,0.8496695630260748,0.0187388965575282,200,0.8501287377731549,0.08944336594832351,0.06917364075757701,31.31858656851006,0.6632838615483965,21.404159424661337,200
M3 stiff network,29,ParEGO-GP,0.8380863072577218,0.019154206954261885,200,0.855083348572026,0.08945856456176306,0.08448768380578515,32.200542945077046,0.6584278900674824,21.682213679554355,200
M3 stiff network,30,ParEGO-GP,0.8601566131516387,0.017733366655265634,199,0.8777247840132973,0.10263468755264687,0.08138952328354439,32.2217563251156,0.6167820107166332,20.769154254396963,200
M4 anchoring shift,1,Frank-WT MF-PIRN,0.920616275195343,0.00524580965352453,119,0.9386371335719849,0.03915907733443078,0.06355059995512691,37.342005484094074,0.6410119958721949,12.098402325617295,200
M4 anchoring shift,2,Frank-WT MF-PIRN,0.9183521199802714,0.004499708944850812,113,0.9135183710464077,0.030054173367388925,0.057615528327044065,34.287245501001,0.6551385495129451,13.371240207634715,200
M4 anchoring shift,3,Frank-WT MF-PIRN,0.9161939097248383,0.004842559612012282,101,0.9325990272262366,0.036678058372861186,0.06162252987000809,33.93056471498588,0.6619161788047694,14.415724639502445,200
M4 anchoring shift,4,Frank-WT MF-PIRN,0.9222948525130228,0.004121725662451351,108,0.9346655201674061,0.031839841685660855,0.04988190377525231,35.878029363236095,0.619776627438832,12.406817383091857,200
M4 anchoring shift,5,Frank-WT MF-PIRN,0.9167193276809271,0.005395299288652346,121,0.9609377848030113,0.0428253427120711,0.05607887535637186,34.16963744582378,0.6063496622253867,13.516407361585927,200
M4 anchoring shift,6,Frank-WT MF-PIRN,0.9299626529575592,0.004371926988899016,102,0.9394383634195917,0.03519737894618276,0.05386469817275542,37.14339148921425,0.6245702719101281,12.18364131317966,200
M4 anchoring shift,7,Frank-WT MF-PIRN,0.9190824874263733,0.0035085421598704874,115,0.9207779290673264,0.03200885869337823,0.06764945688950244,35.27627902995229,0.5956871104125222,13.57294027932491,200
M4 anchoring shift,8,Frank-WT MF-PIRN,0.9238014799724089,0.004904563383892148,110,0.9394918021167145,0.0371820197238297,0.05798227298156975,37.68748917191414,0.658164598794199,14.268681904375972,200
M4 anchoring shift,9,Frank-WT MF-PIRN,0.9167040226838489,0.005544734876717473,107,0.9364716347467679,0.023683200864681515,0.050520803349457966,33.05584590362385,0.6556465488842346,15.514728145994905,200
M4 anchoring shift,10,Frank-WT MF-PIRN,0.9244951110044679,0.005165320265780532,118,0.9300895044812566,0.040116781260208935,0.047941002162522436,35.14214492070316,0.5800317999453721,14.06116425889966,200
M4 anchoring shift,11,Frank-WT MF-PIRN,0.9233943915095363,0.004380293513513962,107,0.9190961043510686,0.04062473079238253,0.057635960937944285,38.492590171220954,0.6864393640040207,13.754754466751248,200
M4 anchoring shift,12,Frank-WT MF-PIRN,0.9219736079840085,0.004237435922814911,108,0.9172982956816098,0.03588341061850028,0.059840682985565656,33.399308325704844,0.6044390091041812,12.728360425167185,200
M4 anchoring shift,13,Frank-WT MF-PIRN,0.9240963057516083,0.006079743234381202,110,0.9441106323072735,0.04285929645990807,0.059658399651610655,31.6556727666585,0.6098431107176477,14.012547218787436,200
M4 anchoring shift,14,Frank-WT MF-PIRN,0.9137443577810449,0.004549845254794578,120,0.9353590931140444,0.030287115915684365,0.04773521486554773,36.27385554278408,0.6576732442886624,14.274655458677778,200
M4 anchoring shift,15,Frank-WT MF-PIRN,0.9133724433241097,0.004832822645669923,114,0.9464971976694481,0.028889888285233298,0.058457390357821756,32.995010138143755,0.5955616343137016,12.402505051126163,200
M4 anchoring shift,16,Frank-WT MF-PIRN,0.9108007360583682,0.005417841768757647,104,0.9287137112158325,0.026363825099304173,0.05505813502944558,33.68600895128782,0.6216172087710902,13.30968011446128,200
M4 anchoring shift,17,Frank-WT MF-PIRN,0.9233884583789765,0.004379745000753341,110,0.9231303086307697,0.04123957764763368,0.05760124365857145,39.038486765519416,0.6259623202064588,12.277179701871276,200
M4 anchoring shift,18,Frank-WT MF-PIRN,0.9078424998498785,0.006220538905057923,111,0.9304530597836254,0.032126398598773025,0.07590003179517334,33.94941718769487,0.6619559667766444,13.11807285485685,200
M4 anchoring shift,19,Frank-WT MF-PIRN,0.9233706600430673,0.0033043844300912487,116,0.9319209938650067,0.03740487051360311,0.056849854502947245,34.90835604704179,0.6810603557366278,12.857580303305266,200
M4 anchoring shift,20,Frank-WT MF-PIRN,0.9197993137962459,0.003595718286465122,98,0.9435083804704654,0.03340446137111371,0.06347811933108927,33.4496567324282,0.5834797887563513,13.860221815267991,200
M4 anchoring shift,21,Frank-WT MF-PIRN,0.914446904884425,0.005322513961460845,112,0.9611034539621719,0.03705654797557577,0.05978440962818677,36.44287262717411,0.5987656747997275,13.484624877319357,200
M4 anchoring shift,22,Frank-WT MF-PIRN,0.9155112743589845,0.004199549675347089,110,0.9224242892178143,0.0354171485571125,0.05973673908611,34.29784006933726,0.6384669118113153,14.420433673147889,200
M4 anchoring shift,23,Frank-WT MF-PIRN,0.9198705940836323,0.004911940656539582,107,0.9117860430023441,0.023203528365850972,0.05082638441385558,35.3814477539364,0.6451964663096944,13.71230371972556,200
M4 anchoring shift,24,Frank-WT MF-PIRN,0.9221383622273509,0.0042110210941397035,111,0.9532932082852134,0.03311221458614058,0.06284713307906677,34.72908593745167,0.6332520299652258,14.75134018879293,200
M4 anchoring shift,25,Frank-WT MF-PIRN,0.9194321061040607,0.004839746952571724,109,0.9423399910311614,0.029295843921069823,0.05656296074361442,32.59997629788186,0.6306347587955726,12.311573511179406,200
M4 anchoring shift,26,Frank-WT MF-PIRN,0.9220807746287266,0.005116547166215872,117,0.9633290066930018,0.03448253419918216,0.049371867768130136,35.69411231383923,0.6419747738969084,13.828212605793563,200
M4 anchoring shift,27,Frank-WT MF-PIRN,0.9274534197192802,0.0038380637323574517,107,0.9423697605329515,0.03755455854676798,0.05988565616429786,35.54964940980308,0.5881506157040937,12.324993547491168,200
M4 anchoring shift,28,Frank-WT MF-PIRN,0.9229144119923246,0.004036886841216108,105,0.9665376375667312,0.03721006285521484,0.052547698291423695,37.94373106307736,0.663226541691284,13.95417455555607,200
M4 anchoring shift,29,Frank-WT MF-PIRN,0.9214412854713304,0.0035397014361613216,108,0.9503873008980339,0.034162900609995016,0.062485445781733345,36.5743311390838,0.616961168739059,13.103346674271094,200
M4 anchoring shift,30,Frank-WT MF-PIRN,0.9190834680708263,0.004606811539801374,117,0.919784525070413,0.033367207177647504,0.051015759722138,34.90721492095416,0.6085387123428105,14.847141759733859,200
M4 anchoring shift,1,MF-HVKG,0.8977079425335649,0.00874940545595752,155,0.8894221682790031,0.05014945478701596,0.06312206518220932,33.87220941199611,0.6062615584027055,20.26252449131055,200
M4 anchoring shift,2,MF-HVKG,0.8975079505358152,0.008282198922652478,160,0.8897593897432456,0.04205085210442795,0.06564489874665728,34.82956676752775,0.6275814519848183,18.420150572348433,200
M4 anchoring shift,3,MF-HVKG,0.8887423825160526,0.009445093545196999,149,0.893827706565424,0.04909510207147578,0.07232338448579229,32.9711946028183,0.6314994868718707,17.949478688164483,200
M4 anchoring shift,4,MF-HVKG,0.8953907416312764,0.010001857113956293,159,0.9211849393826023,0.05537298235065479,0.05592525201346343,33.0038611591142,0.619726457294794,18.501910163807576,200
M4 anchoring shift,5,MF-HVKG,0.8903102438274748,0.010333094137903896,168,0.895684893650406,0.05962610583885235,0.07617564210630627,33.18788387264696,0.706845448200746,18.44880236431453,200
M4 anchoring shift,6,MF-HVKG,0.8913750226633492,0.008985254105865521,154,0.9060665830271641,0.04772781186195775,0.05660522988713298,34.001012961736,0.6146969787732073,18.306733160862407,200
M4 anchoring shift,7,MF-HVKG,0.8920747225122062,0.009726412535440883,155,0.9240399822005922,0.05216805113570985,0.05860863981288137,33.91237042697126,0.6313103405102778,18.752919905337244,200
M4 anchoring shift,8,MF-HVKG,0.9083728904628351,0.008859008733513701,158,0.8854867286957625,0.043101509594081364,0.06617525643356977,34.01895161442259,0.62162804342503,19.87482835525319,200
M4 anchoring shift,9,MF-HVKG,0.8859202651890062,0.010671610921554091,156,0.9229738173438045,0.04833548495231503,0.07554207521068088,32.55803054638522,0.6436124453013295,17.6968078837213,200
M4 anchoring shift,10,MF-HVKG,0.8963653679208176,0.006745570987998117,149,0.9367279972897804,0.05311152570622048,0.06460545489184584,33.965330764379615,0.6209018143612248,18.04820879191511,200
M4 anchoring shift,11,MF-HVKG,0.8966313051116956,0.007934721213736586,156,0.90348129292065,0.06166590728172055,0.06543354359978872,34.58749335995323,0.6978427981052635,19.28070653191752,200
M4 anchoring shift,12,MF-HVKG,0.8853887185886455,0.009234803126294716,168,0.8859858750242761,0.05305104186732849,0.08117920843790162,33.525014772089385,0.639286233937399,18.487294518142917,200
M4 anchoring shift,13,MF-HVKG,0.8926435996845836,0.007803284352245623,158,0.9035498880911511,0.06200761721265301,0.05550737773853773,33.093486830026535,0.7072990636501332,18.976685055911798,200
M4 anchoring shift,14,MF-HVKG,0.8773192980978735,0.01179617255047089,149,0.9155075404107739,0.06508155581864988,0.07688332951113476,34.138047122317076,0.6685028514590116,19.8096235095221,200
M4 anchoring shift,15,MF-HVKG,0.8854853622903824,0.008785849350956568,157,0.8713564942976798,0.04910143127203439,0.07492287695399037,34.432999141246384,0.6495103805011839,19.463408501489752,200
M4 anchoring shift,16,MF-HVKG,0.899931216894633,0.007671628870272276,150,0.8910487003407572,0.047183155268511544,0.06572471056402746,35.85260080917531,0.6457163503556286,18.728541635001722,200
M4 anchoring shift,17,MF-HVKG,0.8944088102932717,0.010730220256199892,156,0.8905086953176593,0.04460749440068431,0.0764980568383189,34.65590000698594,0.6691257840239202,18.569946408341487,200
M4 anchoring shift,18,MF-HVKG,0.8860247808236614,0.009618253664574994,157,0.881660934787049,0.03313605921465579,0.06313940587443477,33.377744262095256,0.656501047356604,19.435058921222424,200
M4 anchoring shift,19,MF-HVKG,0.8907402702752965,0.006997566722887317,158,0.8795513468253547,0.05284929067489615,0.0562781954182225,29.306019799039607,0.6534981909082053,19.61677792015903,200
M4 anchoring shift,20,MF-HVKG,0.8952671918947848,0.009599158839294311,158,0.8867039292650802,0.054651485136047916,0.06973891336401877,34.53748410411515,0.6525070929465451,18.343892443352697,200
M4 anchoring shift,21,MF-HVKG,0.8916039507273534,0.009187788245678322,156,0.9229367726454404,0.04043407348856042,0.05756202806551262,35.092592350287404,0.6771532504167985,18.881138839088457,200
M4 anchoring shift,22,MF-HVKG,0.8956390333910552,0.009888003558164682,156,0.9148461067941709,0.06363435935458393,0.06764419301270849,34.55851183313663,0.6118502553205933,17.167383543099874,200
M4 anchoring shift,23,MF-HVKG,0.8934667534042194,0.00913620186082005,152,0.9188814282001668,0.055151332947961214,0.0656328055342165,34.260181157928514,0.6835983000724712,18.697684333803192,200
M4 anchoring shift,24,MF-HVKG,0.8863773772500386,0.007895426959928993,158,0.9040614359835285,0.06138310235183889,0.06450221977064449,35.32137598075806,0.6755472221424194,19.285656970180433,200
M4 anchoring shift,25,MF-HVKG,0.8957577884831497,0.009683411049811543,153,0.8989697585765969,0.05819235673816925,0.0639088521989635,34.54872205675136,0.6634289635390072,18.99029908538325,200
M4 anchoring shift,26,MF-HVKG,0.8864500834742204,0.00914816320283056,159,0.8979503753110751,0.05271444430407382,0.07212083662688361,33.38501681897038,0.6478694774474609,21.016524309266774,200
M4 anchoring shift,27,MF-HVKG,0.8981282921629067,0.00882158959714211,154,0.9173198333527077,0.05694399598595764,0.06714398097472662,32.95978018516772,0.6749699994133103,18.94136408194722,200
M4 anchoring shift,28,MF-HVKG,0.8948237573787686,0.006915987302760955,161,0.898873639864036,0.032957483333774615,0.0669390322559573,34.63877448353846,0.618313441952739,18.830605692804877,200
M4 anchoring shift,29,MF-HVKG,0.886730160048553,0.00879263918271766,149,0.9009343432383213,0.05480297675466093,0.06750431987439334,33.986806141423955,0.6388294203710041,17.4895360337072,200
M4 anchoring shift,30,MF-HVKG,0.893203497653585,0.009309220969492838,149,0.9174424153141131,0.05358647659431368,0.06117542405200186,34.28347862791159,0.6385300200393678,18.919559387615887,200
M4 anchoring shift,1,qLogNEHVI,0.8913380664122973,0.01109479375665231,159,0.8846144180958285,0.05635882853270533,0.07440978645372742,38.004537079807676,0.6932080675324042,20.99277377252942,200
M4 anchoring shift,2,qLogNEHVI,0.8843842887062509,0.006884999479765381,164,0.8991024316325524,0.06085488484618893,0.07566364278657364,30.912518046002234,0.6589705802594156,20.75388517754,200
M4 anchoring shift,3,qLogNEHVI,0.8822343797114232,0.010034227203824936,153,0.8836739918409127,0.05270295915199904,0.0775749567338769,32.03644269905071,0.6511548268024667,20.777258787417466,200
M4 anchoring shift,4,qLogNEHVI,0.8903145038780326,0.010876474171910825,157,0.8803321307368465,0.06014190213069136,0.06802689152944924,33.439696822838854,0.6348567000695619,21.497139904044484,200
M4 anchoring shift,5,qLogNEHVI,0.8992279848114645,0.0108693288794375,158,0.8767517146014386,0.06056841665617125,0.06858291926269262,32.17525289379892,0.6220114423372433,21.402775292563014,200
M4 anchoring shift,6,qLogNEHVI,0.8903473450642654,0.010046537261252837,158,0.8887738400107981,0.049482833580789025,0.0763441260223866,33.73762428247628,0.6619715301944255,19.884546049245216,200
M4 anchoring shift,7,qLogNEHVI,0.8933560464098709,0.00908673730126892,164,0.8855228606659659,0.05734468994060335,0.0683911156515139,32.229010411144095,0.6462264624459917,18.80184877654514,200
M4 anchoring shift,8,qLogNEHVI,0.8832952394132861,0.010693395886915537,150,0.8922502385419836,0.0521407400837179,0.0732836947226908,33.13963648337898,0.6791443612024092,20.049126001183303,200
M4 anchoring shift,9,qLogNEHVI,0.8858970901078245,0.010015664192835866,156,0.87443815990415,0.04715609711768895,0.07347824912764687,33.77428304977217,0.6549145827986355,19.521853208791583,200
M4 anchoring shift,10,qLogNEHVI,0.876034592409663,0.009433745363309884,165,0.8994574455705238,0.06219340300276777,0.07545065988304624,30.857400621314135,0.6608180774724283,19.95813460067338,200
M4 anchoring shift,11,qLogNEHVI,0.8871565279476347,0.00878940808559195,160,0.8990158438965099,0.06756957242754105,0.07818412799596933,33.469776012039205,0.6557709525442912,19.365615462913482,200
M4 anchoring shift,12,qLogNEHVI,0.8940427626167184,0.007915811936684303,158,0.8824248081807046,0.06338391893894116,0.06518429958677276,33.071024924662396,0.6832800105774341,21.174960373702554,200
M4 anchoring shift,13,qLogNEHVI,0.8839351114458452,0.00901976562054003,166,0.8779388669331737,0.04342781764267491,0.07131138413308868,35.66304563293386,0.668121607925845,18.321071477308625,200
M4 anchoring shift,14,qLogNEHVI,0.8828228213119814,0.008342114150269838,160,0.8840619271951651,0.05126624735643081,0.07499782748235453,33.34628809519238,0.6869042131852153,19.805143895201727,200
M4 anchoring shift,15,qLogNEHVI,0.8813745574074272,0.010804301616128827,157,0.8977593012581653,0.06337077776667394,0.07297439870732118,30.69177995131354,0.6474921250477486,18.755050019033426,200
M4 anchoring shift,16,qLogNEHVI,0.8831562579535549,0.011266181211889402,157,0.8936532937727633,0.05839421818179735,0.06950019432184286,33.027415075897466,0.6487861934199665,18.514101167252537,200
M4 anchoring shift,17,qLogNEHVI,0.8728850017517721,0.010417619310575768,176,0.8887851891244856,0.05706242373935334,0.06397982402797531,33.286007090047,0.6519022642399448,17.87273754673448,200
M4 anchoring shift,18,qLogNEHVI,0.8806764763046799,0.011631870196393617,160,0.8786665831485608,0.05656403606589476,0.07490296289417311,31.26974056103252,0.6454490543683152,19.009484590429746,200
M4 anchoring shift,19,qLogNEHVI,0.8882062982062591,0.009095503405928811,163,0.8577677679027561,0.05840720468734512,0.07134782123298,35.5153668171557,0.6238838839208062,19.55125942653613,200
M4 anchoring shift,20,qLogNEHVI,0.888874341881553,0.009933753885552572,158,0.8834389258180911,0.06859731299289193,0.08035261758287943,35.277609080644595,0.6392250737044712,20.50938231777868,200
M4 anchoring shift,21,qLogNEHVI,0.8863690930061698,0.009582009041633088,161,0.8875594256716498,0.047862449020553297,0.060502455176135145,36.22660236409023,0.6241427626477225,18.66320322295466,200
M4 anchoring shift,22,qLogNEHVI,0.8834986203916089,0.011129072029724438,160,0.8701260729831827,0.05198002137072582,0.07174695131734903,32.77969061871249,0.6534361686967604,20.026738078830206,200
M4 anchoring shift,23,qLogNEHVI,0.8818724019069872,0.007616478547561081,172,0.8799602509719913,0.04211497284073189,0.07414292909274742,33.93058301096202,0.6285855729963995,18.78734629862719,200
M4 anchoring shift,24,qLogNEHVI,0.8899917373729176,0.010137454389244425,163,0.8752460528251089,0.05596054079913806,0.07488422009814093,34.7395200420342,0.6748323033665476,18.41866586668856,200
M4 anchoring shift,25,qLogNEHVI,0.8761677340575142,0.00914539790105345,157,0.8877268024374018,0.06100560834472655,0.06705574508302914,30.76174970284945,0.6417923696198246,20.265207954407536,200
M4 anchoring shift,26,qLogNEHVI,0.8776936941844745,0.009805150919037083,160,0.8708058231806743,0.06236994650300755,0.07683388540579088,32.554791208490904,0.6561319229217126,18.990119643726683,200
M4 anchoring shift,27,qLogNEHVI,0.8843617641485955,0.008928639509492067,162,0.8852395293664046,0.0699414051801348,0.07616217568221355,32.783727086604564,0.6179203873216049,20.424699931574175,200
M4 anchoring shift,28,qLogNEHVI,0.8882683392163232,0.00815754220559127,154,0.9076138082326604,0.05625373069153748,0.07156302353062825,35.70480109437874,0.6730355530721909,18.70432103676052,200
M4 anchoring shift,29,qLogNEHVI,0.8850915555945121,0.010598856733527468,164,0.8779321398940206,0.056516980456900526,0.08139363018414505,30.397029867211522,0.6860336276837613,18.80975460464688,200
M4 anchoring shift,30,qLogNEHVI,0.885533749050655,0.00701505158888702,159,0.9087023010428519,0.05410158190125217,0.06833135455998622,33.09789186564735,0.6540892946352656,20.484019784709254,200
M4 anchoring shift,1,MOMF,0.887098066028486,0.009499472530736446,152,0.888036103112635,0.05843737776745877,0.055703171198353524,29.676749500477285,0.6592363616308662,18.301412979117984,200
M4 anchoring shift,2,MOMF,0.8806527461998214,0.009295018535503633,149,0.9031271458886214,0.05685518371187179,0.06493057252379199,35.046235606521115,0.6368436794288368,20.784459334424906,200
M4 anchoring shift,3,MOMF,0.873523706234077,0.010852951932846388,135,0.8963108011312539,0.05387711239896529,0.06827613334666174,32.30068517079951,0.6283996135004899,20.153628632216435,200
M4 anchoring shift,4,MOMF,0.8855400084072835,0.009456443511456867,141,0.8889671305761742,0.06045645863951494,0.07446624734664269,32.104121500323856,0.7123609055259815,18.096265369501552,200
M4 anchoring shift,5,MOMF,0.8745883558769555,0.008727710099482408,156,0.9074971472773361,0.05807144490725233,0.09262143786307117,32.36416676437082,0.6410106228174988,17.462435946834667,200
M4 anchoring shift,6,MOMF,0.8833998085153001,0.0108270336897097,148,0.9034150612938572,0.05246678275966079,0.061993079155180084,33.273062451756104,0.6670825984564636,18.52070510458999,200
M4 anchoring shift,7,MOMF,0.8849048034016271,0.009661919551830756,147,0.8830803833161007,0.053405365530299675,0.08262495673824727,32.950452277067356,0.6797490550414719,20.548377866670563,200
M4 anchoring shift,8,MOMF,0.8911545456637201,0.010394311073248435,145,0.9038401767485047,0.058189400639676134,0.06773901542497682,31.565439886844562,0.6856165742758791,18.5625224786501,200
M4 anchoring shift,9,MOMF,0.8843595792231441,0.010852941990986027,154,0.8998056744631693,0.04400962321239409,0.07272954512485336,30.65612086968649,0.6442176233714385,18.938791709533326,200
M4 anchoring shift,10,MOMF,0.8783906491306941,0.010599285416667752,152,0.8953265348942616,0.05503821937316863,0.07339658707715241,32.25507867288367,0.6496933246874537,18.571141542295884,200
M4 anchoring shift,11,MOMF,0.8868839186119489,0.009685246060397496,153,0.895976031388963,0.05248692933729674,0.07132956149162019,32.787783831010586,0.6783316295597774,17.91684886910257,200
M4 anchoring shift,12,MOMF,0.8810144284005829,0.01154185219340347,149,0.8913623933736796,0.059276246482755285,0.05108879591034844,35.601900946052645,0.6095553574885654,18.332742942267213,200
M4 anchoring shift,13,MOMF,0.8788839242871017,0.012485982888967342,151,0.8841372357885132,0.054384015033812155,0.07297482086481547,32.27451004888591,0.6321616187195209,18.894720885109233,200
M4 anchoring shift,14,MOMF,0.8816178139981176,0.012723044567025575,155,0.8666724405571248,0.0578257842631642,0.06519907273982845,35.21358972160343,0.6637321187714685,19.23090803685525,200
M4 anchoring shift,15,MOMF,0.8776474653758319,0.011656900847856363,156,0.8998783067018857,0.053900759032023224,0.07821771629976822,32.67450321706012,0.6325680855244458,18.955992615480977,200
M4 anchoring shift,16,MOMF,0.8837239634108486,0.012598215258661115,141,0.9114161913756309,0.060789850684298256,0.06441820669332772,32.38265634804099,0.614506322316507,17.895945469762623,200
M4 anchoring shift,17,MOMF,0.8791648005094108,0.008103484032955863,148,0.8957108403850282,0.04569038897798402,0.06814777096611171,31.430884231121205,0.6780523651790252,18.883066265131117,200
M4 anchoring shift,18,MOMF,0.8772466778639805,0.011237741066271383,147,0.916473115625131,0.07706308207212446,0.066073837222139,32.01548479530956,0.6626215273354447,18.461833293151557,200
M4 anchoring shift,19,MOMF,0.8794567155438217,0.009382863285995144,152,0.920941670099043,0.05060131923342171,0.07096526361130134,33.784143768448764,0.6356998148298156,18.627098584929048,200
M4 anchoring shift,20,MOMF,0.8811452047903613,0.01156722320264226,159,0.8977165873042116,0.05308806223301109,0.073449145921239,31.30805653497825,0.6481528432177395,18.27468795373102,200
M4 anchoring shift,21,MOMF,0.8836230148758449,0.00842696610171409,154,0.9019528206955019,0.04969921935303469,0.06982717464678956,35.27033894627828,0.6418972032987091,18.678402753777434,200
M4 anchoring shift,22,MOMF,0.8834514932275408,0.008438272072626365,160,0.8773635327825543,0.06047464061788195,0.07569168528860866,32.04508254746058,0.6189397264221925,18.624989320461836,200
M4 anchoring shift,23,MOMF,0.8969616226421514,0.008374775696259221,156,0.8839920032469628,0.05292001063427011,0.06838068395015312,36.447000028953326,0.6354537610814579,18.702627169354226,200
M4 anchoring shift,24,MOMF,0.8776960922632613,0.009319941284009007,160,0.907484418356859,0.05685166520259769,0.07045323054849252,30.155796737498093,0.6504624693417421,18.60502010685981,200
M4 anchoring shift,25,MOMF,0.8866886700227238,0.010393812556318388,156,0.8924845789751306,0.046471398858850925,0.06795747804450461,35.578229279206354,0.6221063618236435,18.880792470742513,200
M4 anchoring shift,26,MOMF,0.8806047020643633,0.011700126601502688,149,0.9198647067504768,0.05596230449830141,0.07064926333400448,31.21388698052365,0.6647381265856129,18.405966504235874,200
M4 anchoring shift,27,MOMF,0.88038334879272,0.010082273054196025,149,0.8781924005095105,0.040445925775534054,0.07621226716586899,31.74660127551212,0.6324690804018145,17.05790568927666,200
M4 anchoring shift,28,MOMF,0.8784995624850858,0.011018926357484238,145,0.860518822121219,0.06268098262148854,0.07261072869244609,34.15718737324146,0.6974958115115442,16.502226677805286,200
M4 anchoring shift,29,MOMF,0.8690399716631902,0.009887025216000033,150,0.9289921297174404,0.061313489262771234,0.07255589158148766,31.54652422653956,0.6615521675936068,17.70046478898618,200
M4 anchoring shift,30,MOMF,0.8899704244200567,0.009543404690456262,153,0.8890930281255713,0.05104174393753086,0.06963471116025716,33.40988188490233,0.6202625917051086,19.73682205784043,200
M4 anchoring shift,1,PHSEA,0.8754095576266983,0.013781893432598604,170,0.9042152697971152,0.043181909759186995,0.07703380916662678,31.76994757719408,0.6386318708256433,19.44431744049023,200
M4 anchoring shift,2,PHSEA,0.8719337717382555,0.011649754313162118,164,0.9023141238649134,0.05366164570280815,0.08152038790914153,33.99331471767157,0.6581356475902174,18.692344747368235,200
M4 anchoring shift,3,PHSEA,0.8768129734747387,0.012588730956092208,179,0.9234924023051606,0.0520760431657017,0.07254202721176294,33.6153773624947,0.6280692312145923,20.255284588333446,200
M4 anchoring shift,4,PHSEA,0.8731427559221523,0.011400713154036032,164,0.9044684354312786,0.04114371396847,0.07736901461767039,32.43473779688188,0.6258040963878663,18.908097309844017,200
M4 anchoring shift,5,PHSEA,0.8728821120418182,0.011278889163398257,166,0.9070885408551881,0.0505584078528142,0.0785710053854978,34.909795524991374,0.667218912503652,19.22908369288638,200
M4 anchoring shift,6,PHSEA,0.878064662058986,0.014194527957745092,171,0.901840317090391,0.05354277510528629,0.07707441325952585,31.4289955840903,0.6476327711781814,18.196081400199365,200
M4 anchoring shift,7,PHSEA,0.8756253916987453,0.011130030688775355,171,0.919068574981988,0.05643004324629142,0.07867389061838041,33.98350298437041,0.6762334072012517,20.74144234808692,200
M4 anchoring shift,8,PHSEA,0.8903311430408992,0.010371673506761263,167,0.8886627304408581,0.04467978850399323,0.06882561692292129,31.517272646342864,0.6258306819966744,20.539937639064878,200
M4 anchoring shift,9,PHSEA,0.8630576747499895,0.010743904339495873,172,0.9078777821819163,0.04759759460190364,0.07532829244993804,33.33347900074371,0.6455469933006509,18.713711606791595,200
M4 anchoring shift,10,PHSEA,0.8799858694038091,0.012835016200790118,174,0.9215565254064225,0.05187003290851807,0.07064431588976298,33.540645511708895,0.6109579843560695,19.615324775782597,200
M4 anchoring shift,11,PHSEA,0.878082919135604,0.012612576635240394,174,0.9102358855788528,0.05745434706339858,0.07034378517696371,32.40130503850012,0.6610266342390526,18.988538815854948,200
M4 anchoring shift,12,PHSEA,0.8872405321571994,0.011041515081064983,177,0.9013550415440087,0.05073135337158894,0.06442586234547318,36.775945447713106,0.7027663925370037,18.35125487561501,200
M4 anchoring shift,13,PHSEA,0.8742459271193073,0.010635729155543535,174,0.9147627886779457,0.0475512224101989,0.0774034498435711,33.51076149606012,0.6681801964794803,19.375169307759077,200
M4 anchoring shift,14,PHSEA,0.8800046084152676,0.012810944991883021,172,0.9190440004713303,0.04486261299736436,0.07850566636101601,33.702029126399914,0.631530612049148,18.462508196973673,200
M4 anchoring shift,15,PHSEA,0.8798556588878054,0.009279123838495124,173,0.9070578211717149,0.047455260751615866,0.07650891566721957,33.12556047136987,0.6259427629369451,19.81813750982771,200
M4 anchoring shift,16,PHSEA,0.8673154041894995,0.011732364597737016,174,0.9137304728538388,0.04120360155464585,0.07930011568081685,31.587003932416863,0.7050225242080863,19.2291819761049,200
M4 anchoring shift,17,PHSEA,0.8725021865043122,0.01231796090053766,172,0.9169474657025836,0.043781484092519155,0.07076907079386537,30.273819021075585,0.6300116803233002,18.56124675455016,200
M4 anchoring shift,18,PHSEA,0.8736004224494801,0.011319559558887733,173,0.8982526535358655,0.05034440340932972,0.07844706692898165,36.357751481918896,0.6831795168647198,20.194096925904454,200
M4 anchoring shift,19,PHSEA,0.8770389889217794,0.012212871166519255,171,0.9300067437441253,0.05359989900575129,0.06303767613117955,34.31897845929829,0.5814651151229977,18.88209336020534,200
M4 anchoring shift,20,PHSEA,0.8819693457941544,0.010656599372589445,176,0.8980260529132092,0.05540512700638425,0.07522079486769617,32.926640089066524,0.6289227362109748,20.538923089817274,200
M4 anchoring shift,21,PHSEA,0.8816923719350067,0.012341512542870123,178,0.90726335277682,0.03465637976103365,0.07829225431965897,31.77934745390784,0.6375496536425992,20.417902406136477,200
M4 anchoring shift,22,PHSEA,0.8692393162178129,0.010576911997448125,163,0.91589497008461,0.0424098691131355,0.07433701807978824,32.85112945575953,0.6529322658977363,18.043239643177813,200
M4 anchoring shift,23,PHSEA,0.8707910802647723,0.011905919914039729,168,0.9202960758883209,0.041500911649942754,0.0848971948615037,29.530340986514265,0.6650978612681357,18.735559451046516,200
M4 anchoring shift,24,PHSEA,0.8776599880561768,0.012013463248976248,175,0.9037837342390129,0.04825563338087563,0.06366103460473667,32.71106033148795,0.5861396050975395,20.575207205490347,200
M4 anchoring shift,25,PHSEA,0.8644054923454019,0.01046685823336923,176,0.8958726485037298,0.05282212616149301,0.08276262809179882,32.053061330751206,0.6790765363380926,19.24967933292786,200
M4 anchoring shift,26,PHSEA,0.8742948773506458,0.010730152706413748,172,0.9095168873890201,0.039219743523488906,0.07166676529237465,32.58215888335564,0.5953586928564587,18.993127984449483,200
M4 anchoring shift,27,PHSEA,0.8791591719039822,0.01239619064486066,165,0.9031814743143064,0.04757528532691795,0.08383551013089552,31.22455796316082,0.6469757249649667,19.584477856586183,200
M4 anchoring shift,28,PHSEA,0.8871458419496672,0.010854421801128595,164,0.8928779152661462,0.0476739404391147,0.06964522114602616,34.81009101055018,0.6126905437626613,18.438148167822906,200
M4 anchoring shift,29,PHSEA,0.8753571009215807,0.01169145765546432,163,0.9020180601525618,0.04660058012472131,0.06848986211634188,29.135777547380787,0.6577847033048937,19.220322920055473,200
M4 anchoring shift,30,PHSEA,0.8810937053299049,0.012412424664232804,168,0.9025185097319766,0.05177597023653989,0.07330898387494414,30.18850844618195,0.6763542385245239,19.14297256482425,200
M4 anchoring shift,1,MSAEA-DM,0.870674371248353,0.012933808875209025,184,0.878788533246446,0.0692237113735094,0.06643414547482489,32.146304563252954,0.619585887299798,20.366086717695623,200
M4 anchoring shift,2,MSAEA-DM,0.8690320536969492,0.01012836642687472,181,0.8631351898979818,0.058102678163559025,0.07411278797077986,31.649835638687502,0.6640384676063107,21.62308838550714,200
M4 anchoring shift,3,MSAEA-DM,0.8585248596241158,0.013928979563161272,182,0.8719105547667062,0.07157577677790658,0.07118385646859993,33.14869776963457,0.6565298916421887,20.887641488038216,200
M4 anchoring shift,4,MSAEA-DM,0.8855292127407484,0.010675772391547671,184,0.8681506346839037,0.07563899319024704,0.05922237773960359,34.311254800781995,0.7019185183533627,19.902723751220186,200
M4 anchoring shift,5,MSAEA-DM,0.8791920657164971,0.011938935692295644,183,0.8736903701967292,0.06692253246150964,0.08535418506732168,29.713421521716853,0.6666587163429047,22.004726891682047,200
M4 anchoring shift,6,MSAEA-DM,0.8691552156874337,0.01270518014513584,182,0.8903891064418732,0.060089908645596074,0.08031516240049928,30.89989902869837,0.6859221994971888,19.970518406083272,200
M4 anchoring shift,7,MSAEA-DM,0.8640019850623294,0.012915307757230118,188,0.865333348001351,0.06092224101048295,0.07973759359587813,32.818864614921495,0.6382920273897966,21.27066289781624,200
M4 anchoring shift,8,MSAEA-DM,0.8765887364895579,0.011574524251790345,180,0.8653747721188072,0.0805199489249711,0.07844911642942133,34.43796389612101,0.6935029237462053,20.11505101029505,200
M4 anchoring shift,9,MSAEA-DM,0.8769546862971832,0.012203101204634761,174,0.9092446822299179,0.05417633003728754,0.05755520369776726,31.01778329506525,0.6492490570376893,20.989302025578223,200
M4 anchoring shift,10,MSAEA-DM,0.8809183991173467,0.011403603242017385,184,0.8916882987613669,0.07177838775869035,0.08081614204861959,30.68648361554192,0.6613994916325155,19.98107203201415,200
M4 anchoring shift,11,MSAEA-DM,0.8636550594914414,0.012055807595968394,183,0.8852080620956436,0.06871167755123833,0.08445765425955071,32.12878342557552,0.613520043841804,19.48675877658826,200
M4 anchoring shift,12,MSAEA-DM,0.872083545284456,0.010904192484408595,175,0.9073202410636525,0.05954683098021962,0.0711577396842132,29.58045955537475,0.659262769629562,19.817546620058057,200
M4 anchoring shift,13,MSAEA-DM,0.878242608898819,0.010390366653108005,186,0.8727495209707729,0.07757186487443879,0.06690596304722062,33.001382248648234,0.6770381080087458,20.868234358997185,200
M4 anchoring shift,14,MSAEA-DM,0.8779665519842812,0.01258232032253806,168,0.8764488240087734,0.06785108319696656,0.07459571882566832,32.32172291891081,0.6615983211927741,20.820976816657733,200
M4 anchoring shift,15,MSAEA-DM,0.8576222672156248,0.011096984197833712,186,0.8718735879799683,0.06531565595133691,0.09257042231867603,31.50788251319088,0.6337892763854239,20.49743329300096,200
M4 anchoring shift,16,MSAEA-DM,0.8585190750847783,0.012706015666320479,178,0.8912181064196928,0.06045135954819344,0.07881670821255582,33.43955103490671,0.6228125992177133,18.265188804438793,200
M4 anchoring shift,17,MSAEA-DM,0.8728590246425951,0.010640395334273325,181,0.895967906767533,0.054656295804659,0.08050453072704034,34.1221342866853,0.644693496682379,18.731840066289898,200
M4 anchoring shift,18,MSAEA-DM,0.8591594664650799,0.011099514009794361,171,0.8986315129644123,0.06848777300773343,0.06821108136088673,32.5055639838379,0.6310784931680987,20.504075882447996,200
M4 anchoring shift,19,MSAEA-DM,0.8711604562251541,0.009931856697494613,174,0.8706486048624322,0.06361062043446261,0.07616583124761044,35.489519802376314,0.6551827786744484,20.074692907027345,200
M4 anchoring shift,20,MSAEA-DM,0.86596760113642,0.012969444246622662,185,0.9049186684134441,0.07130171407566221,0.07933338451284241,32.39897498394207,0.6534751677564257,21.008467391890267,200
M4 anchoring shift,21,MSAEA-DM,0.8703861605614911,0.01040601311512423,178,0.8697293325962252,0.050427770492441924,0.07711257088876353,32.68742080261909,0.6560698355864037,19.833980079256115,200
M4 anchoring shift,22,MSAEA-DM,0.8567524338267114,0.013547015368547447,182,0.8966140308222239,0.06396674426402552,0.07919399275707152,31.847328055367182,0.6884249222622032,21.34487230084749,200
M4 anchoring shift,23,MSAEA-DM,0.8787804312693346,0.010217149447592862,180,0.8858931038547083,0.06470256511080912,0.06767735788493216,33.47892413455702,0.6440999139930942,20.921614413904972,200
M4 anchoring shift,24,MSAEA-DM,0.8668908424991353,0.011183049388590476,182,0.8797768692794691,0.07322965466323221,0.07603276109080047,31.619644359866037,0.6492645631344435,21.518469566769852,200
M4 anchoring shift,25,MSAEA-DM,0.8642272627606925,0.013329112543919712,185,0.8830247313583821,0.07044204614878649,0.07468285419171718,32.293762776737026,0.7093135120194508,19.782787075094355,200
M4 anchoring shift,26,MSAEA-DM,0.8868764365165377,0.011950426006015813,181,0.8983322321024139,0.06658549865813884,0.06867831544482585,32.83501800575425,0.7032096761845397,19.432635836948762,200
M4 anchoring shift,27,MSAEA-DM,0.874743453365175,0.013530956161721995,178,0.8980629454580961,0.0705160221918083,0.09020725812277969,32.99199382593654,0.6597916074330508,20.991536149292198,200
M4 anchoring shift,28,MSAEA-DM,0.8628363159851868,0.01252115444840729,187,0.8781369339051972,0.0771687833414563,0.07292639653360146,31.1702464859362,0.6365837595838348,20.123458888652348,200
M4 anchoring shift,29,MSAEA-DM,0.8674789261218032,0.012181890952690885,177,0.893041289859448,0.056775333472840965,0.09118444177367621,31.651327822193398,0.6559449616215098,21.25951692358114,200
M4 anchoring shift,30,MSAEA-DM,0.8680872025889113,0.011666988673863309,183,0.8500808002103734,0.06418403309815679,0.07085956561999553,31.69583951160367,0.7094147362850788,20.652130767836514,200
M4 anchoring shift,1,AS-SMEA,0.8792806763921588,0.010261632555614164,179,0.8998592710228759,0.06919042066472891,0.08824970907465271,30.85975312268524,0.6462049282978574,20.357941276136614,200
M4 anchoring shift,2,AS-SMEA,0.8760788504463376,0.011775681546363888,177,0.8721174551398675,0.07641753116443369,0.0759277929814035,32.96175077098562,0.626403690648644,20.910303408802825,200
M4 anchoring shift,3,AS-SMEA,0.8809588741639052,0.011403303119740724,169,0.9082920422012172,0.06897877421206125,0.07595137390900844,35.20521235178142,0.6732655251772213,20.24342562442061,200
M4 anchoring shift,4,AS-SMEA,0.878104371490938,0.011006472156636825,175,0.8932249108868434,0.05464148412365842,0.08056957591587957,33.272122561285684,0.6577309988306049,19.3198402194398,200
M4 anchoring shift,5,AS-SMEA,0.873351114757787,0.011755699144286822,174,0.8948240871661406,0.06185126850108432,0.07868978057695376,31.949635701832012,0.6594070449890191,21.61919398844865,200
M4 anchoring shift,6,AS-SMEA,0.8820409903084463,0.009138658365372091,169,0.8893349340767459,0.06694742978866816,0.06681247706708401,35.977349699337765,0.6886129393537725,21.761552930737427,200
M4 anchoring shift,7,AS-SMEA,0.8705847335708587,0.011701161926239491,177,0.8933521761352633,0.0523060915600113,0.0687536978850628,30.6460727612708,0.6605360693521756,19.671550439817153,200
M4 anchoring shift,8,AS-SMEA,0.8883953597313355,0.01206036054347496,169,0.8922610229772497,0.06024727069944346,0.06692914905668294,32.644149056792855,0.6489733860010951,20.26924033978953,200
M4 anchoring shift,9,AS-SMEA,0.8737622263574919,0.011153939950137259,173,0.8997599341209327,0.06413282245908485,0.05807532198155256,30.75176314597965,0.646415140748342,19.06414031778927,200
M4 anchoring shift,10,AS-SMEA,0.8765146579184453,0.010970419521453898,182,0.8951795933698704,0.0601911538706931,0.07551913148051442,33.4202100809596,0.6688144821736339,19.186403707835964,200
M4 anchoring shift,11,AS-SMEA,0.8744232524274885,0.010804033202944624,177,0.8869345709385653,0.06304736389828959,0.06709793871192073,29.340955131712064,0.6711077071359874,21.107773746255376,200
M4 anchoring shift,12,AS-SMEA,0.8789627204628763,0.013102504155658012,182,0.8911565387359941,0.07404217252761044,0.08222360567185243,34.55972595999439,0.6448459354812636,20.76132335590618,200
M4 anchoring shift,13,AS-SMEA,0.880791360332682,0.011272023678476777,166,0.8820137175618914,0.06036863578223342,0.07158397324856529,37.66502363780059,0.6453883570460928,19.55853916145057,200
M4 anchoring shift,14,AS-SMEA,0.8745459748606964,0.012705745153341401,183,0.8724886271047108,0.061282792344806256,0.07844575023541253,32.766125113139424,0.5954560550475835,19.534303997652437,200
M4 anchoring shift,15,AS-SMEA,0.8733261140886938,0.011987167184364636,171,0.8918208814441824,0.06697163539858936,0.08178822805789315,31.860555049223713,0.6541999470304768,19.490253757520275,200
M4 anchoring shift,16,AS-SMEA,0.8646599194865644,0.012670083619191471,189,0.8871038062362392,0.049202554974130445,0.07067085419311064,33.00379851234473,0.698297370918747,19.874213733248123,200
M4 anchoring shift,17,AS-SMEA,0.8615382423479584,0.012560875174800956,175,0.8916202833532112,0.06897975789260002,0.06489502476471957,32.041720553175075,0.6372278357420176,20.867585203855175,200
M4 anchoring shift,18,AS-SMEA,0.8777692008020688,0.012425048076742067,177,0.8795325871641126,0.06558849834496856,0.07459537390916547,34.5774660322638,0.6315399277222026,20.0665774078646,200
M4 anchoring shift,19,AS-SMEA,0.8778206910200499,0.011844150796375545,178,0.8871117658305645,0.05902306584186772,0.07472902081031256,34.85911287682641,0.6463534964433665,20.991010833185832,200
M4 anchoring shift,20,AS-SMEA,0.8744904336831668,0.01429096421469108,183,0.8985761306430035,0.05047971273056095,0.07518114922812805,31.653356293056206,0.7007655385200242,20.38731104868716,200
M4 anchoring shift,21,AS-SMEA,0.8652944981568212,0.009813735682908784,179,0.8771172039003997,0.056205133954657205,0.07308397260079721,31.72131917773371,0.6601577766432946,20.24733290160044,200
M4 anchoring shift,22,AS-SMEA,0.8783036308728831,0.00940324298582042,175,0.8942434103072707,0.06377523239132354,0.07196740376456617,30.51660525398405,0.5904305217975497,20.163632967645004,200
M4 anchoring shift,23,AS-SMEA,0.8831002623400236,0.013435459606894556,179,0.8827279259597447,0.06709381115940431,0.07092155195523209,33.60799856709948,0.6664882433630298,20.57441687759433,200
M4 anchoring shift,24,AS-SMEA,0.8819793481982873,0.011978759218035224,176,0.8610322101373483,0.05411454979674373,0.07153150429672712,31.62156783235863,0.6323189067739023,19.842307604075472,200
M4 anchoring shift,25,AS-SMEA,0.8605670423985925,0.01033298965777224,179,0.8744351445901697,0.06847366755637024,0.07858258302844566,32.18643750336012,0.6355357675394675,19.729864669396214,200
M4 anchoring shift,26,AS-SMEA,0.8690447030181159,0.010926470571170847,175,0.8934005700985093,0.06828042160743646,0.07331607142149163,32.29623955346652,0.6772934080147215,21.323619614091267,200
M4 anchoring shift,27,AS-SMEA,0.8755082303557289,0.008667786960709817,177,0.8976920188799884,0.05641813804457114,0.0763109371935702,34.57826299075673,0.6614461600891207,20.661329261920354,200
M4 anchoring shift,28,AS-SMEA,0.8670599866512493,0.010450806564973054,178,0.9112733169586774,0.05401388690186411,0.07469576173161792,32.42281519922349,0.6475671041243964,19.383904038762733,200
M4 anchoring shift,29,AS-SMEA,0.8847407468072577,0.010533291986997463,172,0.8611515629923482,0.051207917958130386,0.07018434443513044,31.99688870427595,0.63342211077725,20.719261966906735,200
M4 anchoring shift,30,AS-SMEA,0.8655622925282256,0.010262779201166847,170,0.8968636011263983,0.07109276081770013,0.07390279277919613,33.67435048536188,0.6540709777535434,20.002487809305897,200
M4 anchoring shift,1,B2 direct screening,0.8672798163356495,0.012303693924135392,183,0.897635976703636,0.06216370996084475,0.07436714397873184,30.92600286441093,0.6325945725395866,15.213575840470888,200
M4 anchoring shift,2,B2 direct screening,0.8558064139394139,0.01310676042335428,189,0.8884566567090093,0.07554227172956424,0.06242341873259209,30.80698994978082,0.7078178106949404,15.421644687308989,200
M4 anchoring shift,3,B2 direct screening,0.8526665449601876,0.01266306255124177,190,0.8441482624058707,0.06408548666321062,0.08442118544602054,31.16588041519591,0.6902282188438945,15.848808025376451,200
M4 anchoring shift,4,B2 direct screening,0.8682974891192301,0.012443176497573944,187,0.8907818403305923,0.05804895008270071,0.07383291573441672,31.672769338860125,0.6696511891424932,15.190586278840911,200
M4 anchoring shift,5,B2 direct screening,0.8680317284932315,0.01213665541184325,189,0.8824907670019783,0.07294961217265467,0.07702394027010626,31.86608061420688,0.6824832730370525,13.71455347783005,200
M4 anchoring shift,6,B2 direct screening,0.8768901705717134,0.010935758849570659,183,0.8630706028186136,0.06451647697598199,0.07246160607686541,32.6299258990415,0.6349217112253247,15.491048839751144,200
M4 anchoring shift,7,B2 direct screening,0.8645106099692748,0.015578161393840885,200,0.8735039402757558,0.06365326620617946,0.08134803232574243,32.850688884267775,0.6889440856836848,15.987497427102365,200
M4 anchoring shift,8,B2 direct screening,0.8664443109190528,0.011584882712976176,197,0.8481581233114678,0.06783771323357857,0.07158020910509373,33.149650472241056,0.676528316428349,13.991766642001462,200
M4 anchoring shift,9,B2 direct screening,0.8754554027812885,0.012724593669215998,195,0.8597405764146413,0.05271476055318457,0.06043651222538532,30.405729170171103,0.6791354270542085,15.11992398451526,200
M4 anchoring shift,10,B2 direct screening,0.8746095661201615,0.017438404185854857,183,0.8381805402874474,0.06459552186646095,0.06806397624634683,31.987603129343157,0.6055295426962214,13.20441608103437,200
M4 anchoring shift,11,B2 direct screening,0.8723419408373043,0.01185261819026422,185,0.855577936598852,0.06826765844006927,0.07362249331365077,28.830216140948586,0.6701951645757077,14.82041066527112,200
M4 anchoring shift,12,B2 direct screening,0.8708775707402638,0.012394694779732842,186,0.8806777413547443,0.06739478601474558,0.07130680705709716,31.57123342184641,0.6886660810938582,17.00488802615314,200
M4 anchoring shift,13,B2 direct screening,0.8711758152815463,0.011139509696077157,190,0.8827301861972582,0.0628963315042328,0.06979257576586306,30.94840360738472,0.6591317871204192,15.998829503421645,200
M4 anchoring shift,14,B2 direct screening,0.870909777366631,0.014374128496083565,188,0.9208718400949013,0.06904518873133159,0.07390005936856672,32.36249954484397,0.6391214398971375,14.80224661546184,200
M4 anchoring shift,15,B2 direct screening,0.8648452174192114,0.012700395884764695,197,0.8829820194352113,0.05966612761754096,0.07821277685384322,30.937814643091397,0.7047001099483271,15.609101089914256,200
M4 anchoring shift,16,B2 direct screening,0.8654738967753509,0.013511682368191563,196,0.8869116942725511,0.05983249053671174,0.07488408504431954,33.522634874987936,0.7003322144992643,15.797351027909052,200
M4 anchoring shift,17,B2 direct screening,0.8452283527412141,0.013051686678571284,188,0.8745440708451243,0.06345698652339726,0.08643765861933801,28.73434028637628,0.632444443006668,13.116970266774903,200
M4 anchoring shift,18,B2 direct screening,0.8640221618510702,0.012115546459784809,188,0.8606105791689591,0.06614772145141454,0.06863699403484433,32.472909159687205,0.6133114825913711,15.098208542593342,200
M4 anchoring shift,19,B2 direct screening,0.8656710845114571,0.01356224303219765,189,0.8852442346583517,0.07272795067820374,0.06807718669480443,30.98058923999499,0.6295021290095393,15.392573752395997,200
M4 anchoring shift,20,B2 direct screening,0.8613925784171049,0.011481181607361307,190,0.8845163673836804,0.08168062820853736,0.07293817974313153,31.377210202960487,0.6526699447283509,15.835692148893704,200
M4 anchoring shift,21,B2 direct screening,0.8584650012511992,0.013118655035289894,190,0.8536252104325589,0.06770025852178693,0.08117133071597753,31.54235380733482,0.6411812712604836,15.440483763716042,200
M4 anchoring shift,22,B2 direct screening,0.8571763578056213,0.01312261858514746,183,0.8725419244544287,0.05196857988629881,0.07887376069222948,31.46274174487642,0.664928640307588,14.508436860387013,200
M4 anchoring shift,23,B2 direct screening,0.8702445115350891,0.015074450915575377,188,0.8861657322295224,0.07237347939366257,0.056676670941418,31.232862610739765,0.6364883917510997,15.46987770944833,200
M4 anchoring shift,24,B2 direct screening,0.876496392573086,0.014320214100346887,179,0.8868500343884185,0.06974921056047699,0.06952043229991553,31.90816320687953,0.656174149790285,14.490927738979762,200
M4 anchoring shift,25,B2 direct screening,0.8612619009139333,0.011735559694279293,184,0.8886188118064287,0.07443462808836991,0.07499588951001876,29.1554351026022,0.6519847219110304,14.756783423611312,200
M4 anchoring shift,26,B2 direct screening,0.8668959835548625,0.010373709649238734,183,0.8716240866086098,0.07956331657043156,0.07895832858862684,33.31946766121974,0.6552554836114052,15.360888893475225,200
M4 anchoring shift,27,B2 direct screening,0.8615405640866813,0.0122882086669329,196,0.8418006866763965,0.07869807013912077,0.08086427818157958,33.009819197058754,0.6497583824439012,15.781873494943211,200
M4 anchoring shift,28,B2 direct screening,0.8657304795000624,0.014619886684346852,177,0.8712164281776229,0.0719181607138116,0.0838807526041937,30.08345825551583,0.6290853976972277,15.261736256913156,200
M4 anchoring shift,29,B2 direct screening,0.8727085690635276,0.012692600957023684,182,0.8718580257681423,0.0651867133572866,0.07325984736095398,31.538553003320132,0.6841582523884793,14.277730976746266,200
M4 anchoring shift,30,B2 direct screening,0.8734465078588546,0.011718848215212655,183,0.9026596884809344,0.07462795700016851,0.07740519190511064,33.114568636434015,0.677064209399792,14.803523755013874,200
M4 anchoring shift,1,Original MF-BCL-SAEA,0.8422158018296142,0.01791041318811855,189,0.867695727278021,0.07562397994191399,0.09171454234591354,30.684515550795666,0.680527341384557,20.49735871729834,200
M4 anchoring shift,2,Original MF-BCL-SAEA,0.8580793229835648,0.014967765206118266,185,0.8421372255737741,0.08204738700831773,0.07215662400499255,30.944415060622635,0.6515885476697786,21.009924498697735,200
M4 anchoring shift,3,Original MF-BCL-SAEA,0.8569104050741522,0.015208082853135284,185,0.8592077113569319,0.061946457454724935,0.07586047572688231,31.312620607056097,0.6454341766582712,19.241491588398755,200
M4 anchoring shift,4,Original MF-BCL-SAEA,0.86827334020957,0.015652463736337642,184,0.873082331749699,0.07625639093319385,0.07673459693968755,31.518780628753376,0.6781317650114937,18.393257793724867,200
M4 anchoring shift,5,Original MF-BCL-SAEA,0.8555885733420543,0.015038074457093086,187,0.881838674967713,0.06967118523591863,0.06776697214148067,32.34153749710029,0.6522286536814386,18.406140495270343,200
M4 anchoring shift,6,Original MF-BCL-SAEA,0.8649754631461166,0.015066201463578972,189,0.8817803765939553,0.07112161174138554,0.08485711844442943,31.350336740920277,0.6542796953715951,18.622732666739953,200
M4 anchoring shift,7,Original MF-BCL-SAEA,0.8454634501012308,0.016236893963423243,182,0.8706286260098484,0.07432413028052792,0.0747177470582416,27.661897300867842,0.7197234876952316,19.150534781937903,200
M4 anchoring shift,8,Original MF-BCL-SAEA,0.8652123847003172,0.011654664092731915,190,0.8791853414902304,0.07861657701960985,0.06994835922904408,31.276550020716417,0.6491776325025103,18.375891053160466,200
M4 anchoring shift,9,Original MF-BCL-SAEA,0.8625372770765323,0.012466778539238691,191,0.8619016356838447,0.0756933209281217,0.08540736433135772,32.760018137981184,0.6941540479379704,18.74665617258957,200
M4 anchoring shift,10,Original MF-BCL-SAEA,0.8736736981583619,0.013386367443090961,195,0.8648728762682488,0.0745637673255641,0.07697976553199226,30.43817293156719,0.6680248563965163,18.579612314432506,200
M4 anchoring shift,11,Original MF-BCL-SAEA,0.8627305087221996,0.017125385176962757,189,0.885028078978533,0.07137247579854628,0.06902625392585862,29.464513401319444,0.6525986189672653,17.564999016838375,200
M4 anchoring shift,12,Original MF-BCL-SAEA,0.8527401117820345,0.0161972960557097,183,0.8708413531754087,0.06979501941452845,0.07368658456727277,32.14563756169121,0.703112808931841,19.070696401702598,200
M4 anchoring shift,13,Original MF-BCL-SAEA,0.8538234941693507,0.01647530654976348,191,0.8850468799655693,0.06992709150944984,0.08709094749432872,31.2236170478555,0.715018025043561,20.138559969304676,200
M4 anchoring shift,14,Original MF-BCL-SAEA,0.8518082522724643,0.015751252421278023,177,0.8886735357010075,0.0648961138770963,0.08514455001950762,30.145779567840062,0.6808772921277865,18.723290739642138,200
M4 anchoring shift,15,Original MF-BCL-SAEA,0.8537932128083604,0.015485487817777921,186,0.8863563518561242,0.07659229470398277,0.08305668042129623,30.640054348041314,0.6887973787471722,19.928604595240703,200
M4 anchoring shift,16,Original MF-BCL-SAEA,0.8589321594379726,0.011860636164088775,187,0.890472551284658,0.08091809152586098,0.08190446156907616,32.056940354955934,0.653830213119874,18.145573053745604,200
M4 anchoring shift,17,Original MF-BCL-SAEA,0.8677623922195423,0.01641765247950344,190,0.8539507591941607,0.05733891301473701,0.06660262776507035,34.66896289589542,0.6748921582099522,19.56274777470591,200
M4 anchoring shift,18,Original MF-BCL-SAEA,0.8510910414814031,0.013709772381436867,187,0.8543895501173386,0.07319390240765038,0.08545167086446294,30.221654677799155,0.6784399231056553,19.101312753958567,200
M4 anchoring shift,19,Original MF-BCL-SAEA,0.8600973499482585,0.016481945417932894,187,0.8767381771735224,0.06552610770269657,0.08843200494840228,29.935457903423234,0.6931534221058615,19.164083110130555,200
M4 anchoring shift,20,Original MF-BCL-SAEA,0.8792355937037848,0.0126870356963382,176,0.8759841424673904,0.08314951501030961,0.062116390423720816,34.89210099792962,0.689279819396165,17.508690937549108,200
M4 anchoring shift,21,Original MF-BCL-SAEA,0.8603563103752804,0.012977947753787952,188,0.8763545598708531,0.07366740413962686,0.07830019305044358,33.68034460588758,0.6475841109551767,20.16540755213633,200
M4 anchoring shift,22,Original MF-BCL-SAEA,0.8566061209832934,0.01226232976697737,180,0.8817691689766948,0.08196739743052532,0.08772132968383449,31.976979913804325,0.6952048794421727,18.17803441509036,200
M4 anchoring shift,23,Original MF-BCL-SAEA,0.855703497777448,0.015066878586496536,195,0.8815493461656378,0.06558012575095429,0.07101814537143772,32.47416003960424,0.6312027396637598,19.434256797890704,200
M4 anchoring shift,24,Original MF-BCL-SAEA,0.8588774610557981,0.013541810129585871,179,0.8634525140257597,0.0885527526121818,0.0773685952775061,31.181502191175255,0.6606958549623994,17.602396950014835,200
M4 anchoring shift,25,Original MF-BCL-SAEA,0.8616642721024035,0.011384219831812894,180,0.8562078687593623,0.0703294443137873,0.08162551988501192,31.766158785383507,0.6594959292428634,18.435496858755887,200
M4 anchoring shift,26,Original MF-BCL-SAEA,0.8568157489103714,0.012654382450164781,185,0.8647940373668258,0.0722451558321017,0.08111098547393772,29.58271349181459,0.6729651530690578,17.71515620704182,200
M4 anchoring shift,27,Original MF-BCL-SAEA,0.8616242429197571,0.01416018390018999,184,0.859974347877324,0.07118505532011406,0.08247986189659413,31.79417430793049,0.6629440081443616,18.2322847377824,200
M4 anchoring shift,28,Original MF-BCL-SAEA,0.8633815777621068,0.01392942009371974,184,0.8475426552673605,0.08442384545330915,0.07962149659328006,31.29158218712256,0.6788870205186163,18.14735225918332,200
M4 anchoring shift,29,Original MF-BCL-SAEA,0.8665645067121465,0.01494205433418285,185,0.8368881566243489,0.07297288840989838,0.08058148670140543,34.67331477010653,0.6563800032597613,18.720458331800174,200
M4 anchoring shift,30,Original MF-BCL-SAEA,0.8504904876392138,0.015446042501541251,188,0.8711289965329823,0.08585643206880442,0.07139644093632154,32.716316030027954,0.7296098175002197,18.415141987604933,200
M4 anchoring shift,1,ParEGO-GP,0.8442776128825712,0.016500740314981728,200,0.813816516243786,0.09805454123534324,0.09102836466198787,31.24416614519632,0.6118295153997935,21.221068468624367,200
M4 anchoring shift,2,ParEGO-GP,0.8228176714415429,0.01809062909293616,200,0.8372399608315002,0.08611727596596026,0.08578685839295888,29.060738256937814,0.7297919890749788,20.268576340654704,200
M4 anchoring shift,3,ParEGO-GP,0.8455501224969999,0.015719172889691546,190,0.8489128989980229,0.08784995447091229,0.07751948005538821,30.601732496724647,0.6599860297651795,20.366726120438333,200
M4 anchoring shift,4,ParEGO-GP,0.8532481797221397,0.01770154505694751,200,0.8260841086452482,0.08259295378959111,0.07570722987785304,34.264071615184235,0.633367453288373,22.23836995255008,200
M4 anchoring shift,5,ParEGO-GP,0.8427736312168521,0.017808422701541638,198,0.8373809865264916,0.07534067124432825,0.08675484974802787,32.597920375924225,0.7013431272400338,20.481043395767617,200
M4 anchoring shift,6,ParEGO-GP,0.8469992719418425,0.019623609958102913,191,0.8500393851406691,0.0862507534815457,0.08595000267034883,31.50178809021623,0.6866151168102638,18.995758626140567,200
M4 anchoring shift,7,ParEGO-GP,0.8382147448975233,0.014026131551583311,191,0.8540799342873941,0.1014228642851876,0.08344297163708526,29.885751431533222,0.6741902888432424,21.997788380131734,200
M4 anchoring shift,8,ParEGO-GP,0.8496924005375482,0.020311222176916808,196,0.8476629241394557,0.09198496176726882,0.07516554614890762,30.754594041071783,0.6301957520042518,18.643955194548063,200
M4 anchoring shift,9,ParEGO-GP,0.8430480638940768,0.01819336543099322,193,0.8331274272661217,0.08429005107510647,0.08241711856263931,30.099525803979777,0.6534313336817358,20.5891080554948,200
M4 anchoring shift,10,ParEGO-GP,0.8402149876651038,0.016636196861258033,194,0.8368267745389019,0.08751187689401342,0.08765441697006181,30.832245796014643,0.6756377019192614,21.24286884827977,200
M4 anchoring shift,11,ParEGO-GP,0.8397609085969238,0.020751220091979997,199,0.834703312290155,0.08982654392963688,0.09246791599817634,26.293060049260326,0.6997581044161092,19.90275776915198,200
M4 anchoring shift,12,ParEGO-GP,0.8511140376712838,0.017897595891764914,198,0.86233803985558,0.09518478214320213,0.08381564828865999,33.48265906579883,0.6761408378361515,21.97524921100966,200
M4 anchoring shift,13,ParEGO-GP,0.8424510812932536,0.017323240945130207,197,0.8404469567488329,0.08098881253163898,0.09132179575012274,29.60080528462878,0.6396378221351765,20.35663780215839,200
M4 anchoring shift,14,ParEGO-GP,0.8513057140349392,0.01586500632799664,200,0.8689891166719984,0.09429350179903032,0.07475801255831192,28.471563507311394,0.623607328930601,19.24847668063252,200
M4 anchoring shift,15,ParEGO-GP,0.8276490778769785,0.021590074460826395,198,0.8605325791986033,0.08027287987650567,0.08958544727071471,29.257640758450766,0.6880859367091723,21.071501559457403,200
M4 anchoring shift,16,ParEGO-GP,0.8449809455100401,0.015629488115001616,194,0.8379114408521937,0.09491701577875966,0.09831873614407227,35.80007733360761,0.6702394398371904,20.694005493582928,200
M4 anchoring shift,17,ParEGO-GP,0.8291290062718573,0.015522500093814165,200,0.8593576262304095,0.08439819191643534,0.09309485676389138,27.568991806666887,0.6666019381573566,19.672378511308217,200
M4 anchoring shift,18,ParEGO-GP,0.8273790352994279,0.0184212958656731,200,0.8432084615138994,0.07864442965507573,0.0920056032469032,27.803658081541517,0.6594625324794599,19.80113165182509,200
M4 anchoring shift,19,ParEGO-GP,0.8464596108692549,0.014254258104428295,193,0.8477514963132408,0.09353197762127664,0.08102602070533405,31.38275763919537,0.6552060860522158,20.91569752550074,200
M4 anchoring shift,20,ParEGO-GP,0.8356249543856891,0.01930746894125613,200,0.8404377823991175,0.08950950544015367,0.08707374034088199,28.8155683324799,0.6643581234226024,21.220061434737207,200
M4 anchoring shift,21,ParEGO-GP,0.8462145084398699,0.01700098906831558,197,0.8775174738152138,0.10074149536777327,0.0864028454386422,32.42839359957489,0.6535919490542506,21.60517078399917,200
M4 anchoring shift,22,ParEGO-GP,0.8382919154763141,0.01985847036320816,199,0.844466378217768,0.09112988335398893,0.09352488169703012,30.992875146365975,0.6632205419968898,20.783781777435937,200
M4 anchoring shift,23,ParEGO-GP,0.8500848257687104,0.017233694421732636,193,0.8464049164298866,0.08981467145948493,0.07639760529652215,33.64811809606052,0.641164230312825,21.408954698970877,200
M4 anchoring shift,24,ParEGO-GP,0.8331863792688173,0.018754344536364945,193,0.8496379875820125,0.09966754580335858,0.09002148685818176,29.55586281552081,0.6455291345969416,20.68101745000427,200
M4 anchoring shift,25,ParEGO-GP,0.835055100354118,0.018945911895888807,187,0.8312875042642511,0.08667523278092185,0.08721546005986353,29.66030356851983,0.6710590812937224,21.01876652990161,200
M4 anchoring shift,26,ParEGO-GP,0.8366085086448186,0.016969906833042534,196,0.841680029650742,0.08286060392442689,0.08919018647088128,29.97635269713837,0.686676155375809,21.39593097991235,200
M4 anchoring shift,27,ParEGO-GP,0.8493798385518367,0.01844207228773008,200,0.8463918123106133,0.09438256309122423,0.08532713298420201,34.58870923965695,0.692952861012242,21.181317537051942,200
M4 anchoring shift,28,ParEGO-GP,0.843431592818307,0.015487184499678501,200,0.8451678195833965,0.08694734101064634,0.08218660047622903,31.265561840010033,0.6735095605475285,20.607859199629665,200
M4 anchoring shift,29,ParEGO-GP,0.8419521027771301,0.019297149948609347,200,0.8416315309664373,0.09270552449316352,0.09183437714049428,31.430391102307606,0.6743272090177653,19.846301648150973,200
M4 anchoring shift,30,ParEGO-GP,0.844361617530196,0.0173543727257679,200,0.816256754912771,0.08045279388741772,0.08950976365149986,28.598729664132875,0.6632989842871625,21.743873956974426,200
M5 transition up,1,Frank-WT MF-PIRN,0.9283232488648031,0.004991153741748242,119,0.9170456657738005,0.03963846809262694,0.05619726941937651,36.78497375813613,0.634494451289618,14.30128457761009,200
M5 transition up,2,Frank-WT MF-PIRN,0.9229331835786881,0.004387496179930708,109,0.9271217069242234,0.023663063897342646,0.0610200438114461,33.99229886829056,0.6027571832891141,13.913981180703136,200
M5 transition up,3,Frank-WT MF-PIRN,0.9270404807654514,0.004332888249545945,114,0.91048113411915,0.04173856702812626,0.0576049473890345,37.823499660469196,0.6303681468116706,13.82563995073139,200
M5 transition up,4,Frank-WT MF-PIRN,0.9275835310561347,0.004741400161068634,112,0.9236537653811899,0.03966185290628298,0.054317027030570224,35.54378345734985,0.6019520347829591,14.221106634983212,200
M5 transition up,5,Frank-WT MF-PIRN,0.9227370782888279,0.0035338688465694724,106,0.9319782692130449,0.03592558644636946,0.05386088569583572,35.21219748651054,0.6486836055934204,14.652543571666662,200
M5 transition up,6,Frank-WT MF-PIRN,0.9229612881615651,0.00506469365927546,114,0.9555774527387042,0.03840919790010116,0.0585020354318489,36.5153410314318,0.5972663330971687,12.994505317528192,200
M5 transition up,7,Frank-WT MF-PIRN,0.9305526193562811,0.004796014619014841,118,0.93363191573742,0.0261740592426285,0.04816500281824428,36.87520384485676,0.6401334576346345,14.894471955279602,200
M5 transition up,8,Frank-WT MF-PIRN,0.9187778286500858,0.004581435056500633,106,0.94169588270987,0.039738996893770896,0.06054790505501383,35.69418593178744,0.6279071742289396,14.062783192665524,200
M5 transition up,9,Frank-WT MF-PIRN,0.9281190220460422,0.004894843798412244,111,0.9399505294724385,0.038023213158189274,0.04828160253815154,33.70542307441064,0.6067781499252312,12.99902816610679,200
M5 transition up,10,Frank-WT MF-PIRN,0.919831451463516,0.004920263238055884,105,0.9533481066153917,0.020003315155908932,0.06440087886819908,34.259255097076384,0.6080120862062804,13.64892419780183,200
M5 transition up,11,Frank-WT MF-PIRN,0.9239181164020345,0.004492729999148376,113,0.9479489975835045,0.030306088326211574,0.05454003332551502,36.494302268525935,0.6482426041718138,14.007133632462109,200
M5 transition up,12,Frank-WT MF-PIRN,0.9220185460055623,0.005396106988372102,118,0.9647539132935822,0.039717383235431405,0.06156730560615918,34.828880131884674,0.6038458026767666,14.354794439782932,200
M5 transition up,13,Frank-WT MF-PIRN,0.9246242140113426,0.0039568877032582685,109,0.9307702046012147,0.03537388151994139,0.05613335267851391,36.61874990412829,0.6340187609614877,13.544286048933788,200
M5 transition up,14,Frank-WT MF-PIRN,0.9274822930251807,0.004451367986997118,111,0.9512270917225064,0.03353913583333227,0.05898564511175488,36.95896293705912,0.6224535549473862,13.097838079808765,200
M5 transition up,15,Frank-WT MF-PIRN,0.920558213992045,0.0045302408918075025,103,0.9269394630727239,0.029959116198815375,0.06130178283284237,35.51430416129604,0.6240077834603374,13.618582435668845,200
M5 transition up,16,Frank-WT MF-PIRN,0.9299688431641525,0.005318362260300716,116,0.9528368429159634,0.03255564930128528,0.05571873069164289,35.32338483208809,0.6289931786792042,13.00240857260799,200
M5 transition up,17,Frank-WT MF-PIRN,0.9262312692526234,0.004240410457041982,113,0.9208666314923548,0.03439980055567581,0.06053473166411351,32.50711122173987,0.6534428388022933,13.644838386744352,200
M5 transition up,18,Frank-WT MF-PIRN,0.918650028035114,0.00414989836642287,109,0.9347020645788983,0.02207552337071826,0.060014159481865205,33.86856616279035,0.6368095814100801,14.660469819351054,200
M5 transition up,19,Frank-WT MF-PIRN,0.918882884724909,0.003990521167707277,107,0.928805191276334,0.0422815796200746,0.053161590881322544,37.552372020669914,0.6490346850985483,12.604335442128145,200
M5 transition up,20,Frank-WT MF-PIRN,0.9234179117667483,0.003904167685044773,106,0.8975431926642242,0.03782619380375213,0.05517416512414014,39.28787158545135,0.6405395031615505,13.538862909383173,200
M5 transition up,21,Frank-WT MF-PIRN,0.9272927408003148,0.004601430806388492,104,0.9756048275115979,0.03292076834742649,0.050828658117884874,33.84694526512672,0.6211774582373533,15.199130768041071,200
M5 transition up,22,Frank-WT MF-PIRN,0.9256289765870336,0.004884166994469292,97,0.9324889999401713,0.021196683229135094,0.0586972536616468,35.33117058776244,0.642753066757212,14.66813236556244,200
M5 transition up,23,Frank-WT MF-PIRN,0.9228410641194928,0.004463369595044434,108,0.9540595438808231,0.031286555390038606,0.058759421852041804,35.35927604275299,0.6748958586569683,15.152893621947975,200
M5 transition up,24,Frank-WT MF-PIRN,0.9245289511149974,0.004686185690281888,111,0.9382049507391158,0.029648093136718536,0.06218202999492223,34.52374059241849,0.6491995464453802,14.81922628296231,200
M5 transition up,25,Frank-WT MF-PIRN,0.925302079716885,0.004956601768956343,107,0.9157684050184529,0.03716720527686317,0.055754184674356826,34.66290526596907,0.6530307906218522,11.894061904204811,200
M5 transition up,26,Frank-WT MF-PIRN,0.9175456579312993,0.004759007982435335,108,0.9366021276087061,0.02032691258116924,0.056389075284619034,34.43558320364566,0.6374154119854627,13.941135136948972,200
M5 transition up,27,Frank-WT MF-PIRN,0.930664552230962,0.004405535754202673,110,0.9505549215409969,0.03988324028455838,0.05237922842150021,36.71537160572287,0.6284529973809941,13.218420035947814,200
M5 transition up,28,Frank-WT MF-PIRN,0.9222379375587435,0.005061670122362415,112,0.937014291225316,0.028088430983668172,0.06233184860040865,38.826108710636625,0.5660168919648613,13.41851447481201,200
M5 transition up,29,Frank-WT MF-PIRN,0.9198367535161375,0.004034400453412452,115,0.930434614761319,0.04083314620110271,0.06090884441053441,37.45660324580301,0.6328374030299708,12.22224695519333,200
M5 transition up,30,Frank-WT MF-PIRN,0.920747881576828,0.003771422117645489,108,0.9190719246308808,0.02767665604236835,0.054323194819865306,34.60941134142126,0.6722348251063557,11.74377222593858,200
M5 transition up,1,MF-HVKG,0.8865496492151039,0.00688576277374604,162,0.8784885678557763,0.052261250467659406,0.07729049174288495,33.72643045004715,0.6983496393773945,18.788135608707634,200
M5 transition up,2,MF-HVKG,0.8871164736432952,0.012131817152612637,155,0.9056932704849452,0.052135822696068514,0.07309850195924757,33.50804109048336,0.6516035206419692,18.564388207759684,200
M5 transition up,3,MF-HVKG,0.8961486037279865,0.008392014430024783,154,0.8876923733736896,0.062013377234987024,0.06999681412393524,32.901214733678955,0.6575671433262502,19.322631049539744,200
M5 transition up,4,MF-HVKG,0.8896292918917874,0.008117816402023893,153,0.8940737077128796,0.05593769164610176,0.06388065870074613,31.845018514184012,0.6248251083918237,18.426600910710352,200
M5 transition up,5,MF-HVKG,0.8895480373916362,0.007170664222956058,155,0.8937975023563882,0.04903227118085914,0.06660787909971984,31.1182599222265,0.6581220241103828,18.113605343775376,200
M5 transition up,6,MF-HVKG,0.8917824051745562,0.009528223267753502,159,0.8846070244246101,0.05394736673446637,0.07590272532950557,33.93901865686961,0.642919433598047,19.22968133925437,200
M5 transition up,7,MF-HVKG,0.8936617120045837,0.009635182535100224,159,0.9098542534488896,0.03163340354434377,0.054030409027653034,28.96711610152026,0.6249057352960254,19.140229039134134,200
M5 transition up,8,MF-HVKG,0.8809156684375042,0.00910963467428098,162,0.898587209069355,0.04862365900063849,0.07047336979952613,33.50454703727469,0.6990717316923725,19.760173361501618,200
M5 transition up,9,MF-HVKG,0.9015743944186121,0.009323947587030966,165,0.8913462607953998,0.04755697296846963,0.06261017509067261,30.768842875647778,0.6029068611221154,20.796516071135645,200
M5 transition up,10,MF-HVKG,0.8958211699092936,0.009246842320797156,161,0.8972205530095677,0.05301107135438304,0.05964824186479116,33.16684367106617,0.6428955963454219,19.5081343561217,200
M5 transition up,11,MF-HVKG,0.8985568275123781,0.007757932615595375,159,0.9132366364805438,0.0544531840924903,0.06186191672796189,35.28411483653397,0.6794973304409059,19.54748294538423,200
M5 transition up,12,MF-HVKG,0.8903717179242524,0.00876820184576254,148,0.9052862166851346,0.034975534986343454,0.07440786331753158,32.93978140428722,0.6056842513355183,17.410303521710038,200
M5 transition up,13,MF-HVKG,0.9007147030438244,0.007126902573589689,152,0.8794828242555108,0.05992614617171095,0.06859226607558076,35.91203249534049,0.5848668731802251,20.10506479698806,200
M5 transition up,14,MF-HVKG,0.8899114146915246,0.009702785597198896,155,0.8956603256219934,0.040856781371857484,0.0788038886877562,34.36007549662797,0.6558744237073516,20.105424758042577,200
M5 transition up,15,MF-HVKG,0.8830805219934876,0.011519060888234097,154,0.9200569908360721,0.06056939129623828,0.07736792406395969,34.43256543283511,0.674215723319175,19.260460802773764,200
M5 transition up,16,MF-HVKG,0.8899785281918838,0.010528617349538598,152,0.8982687507204733,0.055244235569292734,0.06566859675293053,30.967601033567405,0.6240768030851966,20.29364522291004,200
M5 transition up,17,MF-HVKG,0.8906901895314778,0.009624359323323442,161,0.8831997613631516,0.0514654022889036,0.07947332157757038,35.78296908854206,0.6432349274725118,18.926689233801543,200
M5 transition up,18,MF-HVKG,0.8978098858217177,0.009879723369386839,154,0.897159443443124,0.047433234086472605,0.05932011857524219,34.66025473973732,0.5859535031601717,18.797414957555198,200
M5 transition up,19,MF-HVKG,0.8977080076288151,0.008207680263330693,158,0.908393150027563,0.03767348131789935,0.05581292347168948,33.308790961560916,0.6230412456238913,18.72163181318803,200
M5 transition up,20,MF-HVKG,0.8966631940599158,0.008079607291878479,158,0.8935062907553132,0.0616304613081194,0.058393406700406866,31.72394984598899,0.6714266649208118,19.844400555523663,200
M5 transition up,21,MF-HVKG,0.8968384796183777,0.008035666367164322,148,0.8911222547782027,0.046353057420774314,0.0603375656846834,35.22972613037667,0.627138979999739,18.783465320866707,200
M5 transition up,22,MF-HVKG,0.893285210671848,0.006674997502446806,163,0.904212803673259,0.054686385282213694,0.07718123119362845,31.62539893225583,0.6282278255624996,19.560131615401907,200
M5 transition up,23,MF-HVKG,0.8881139932082874,0.007915023718783878,153,0.8831968436035936,0.04871685456654634,0.06954145633072031,29.078463040920106,0.6467202212659031,18.865373350158162,200
M5 transition up,24,MF-HVKG,0.8892215201754788,0.010641633104796011,150,0.8923507308854297,0.0585036463950157,0.0788791582901981,32.819892651516554,0.6449765653832771,18.822846260722635,200
M5 transition up,25,MF-HVKG,0.8978627978906727,0.009363457546882682,159,0.9174457259977312,0.05718874782899584,0.06820221939273112,31.623782534337728,0.6186699486565708,18.210215712261483,200
M5 transition up,26,MF-HVKG,0.8996200388163058,0.0088753434672259,149,0.8863183302575047,0.055923508768464775,0.06769980263874383,33.01228317138456,0.6485609025854115,20.04226150247118,200
M5 transition up,27,MF-HVKG,0.8917428096175593,0.009369813404961534,163,0.8974230873842292,0.051380407399152984,0.06306740213258624,31.234396934865533,0.6307007161364286,17.496857390240102,200
M5 transition up,28,MF-HVKG,0.9030463840250438,0.007606476734454436,159,0.9114401403876409,0.04988440299863213,0.06645093327103435,35.546142827192774,0.6268204057876839,18.424310155183395,200
M5 transition up,29,MF-HVKG,0.8975572485281333,0.007808700576670793,158,0.8941466501526643,0.047216664820138116,0.06615710270923045,35.18106997020038,0.6271850696297788,19.955891744107443,200
M5 transition up,30,MF-HVKG,0.899894402172546,0.00784656796027665,148,0.8975944124271202,0.05016456083572313,0.07417905090116607,32.46056118775507,0.6137198411342225,17.21500516330781,200
M5 transition up,1,qLogNEHVI,0.8968283668981388,0.008283930469853259,174,0.9098966962780088,0.047748698515419005,0.06763653325789862,35.34951652775189,0.6048167254480116,20.19804468796083,200
M5 transition up,2,qLogNEHVI,0.8967494662205147,0.0061191899968365444,167,0.897940774339183,0.05461339058750629,0.06403345852345074,32.48171251395746,0.672011976582187,20.05219536970871,200
M5 transition up,3,qLogNEHVI,0.8877052225905546,0.009959748062427881,173,0.9129390313862612,0.0428196855007084,0.05711206156975609,32.88237485175482,0.640582531120772,21.23217137176532,200
M5 transition up,4,qLogNEHVI,0.8834128511405893,0.008068732837433675,153,0.8594150020789191,0.058795117369411315,0.07209804913519748,34.71627399224444,0.6455477112392678,19.10367354865556,200
M5 transition up,5,qLogNEHVI,0.8845861032165677,0.010661539923487437,161,0.878358467813454,0.0660302705350644,0.07658941164635277,34.50364256889112,0.6070667303282807,18.71962259596612,200
M5 transition up,6,qLogNEHVI,0.8902516220753686,0.008842284227820803,161,0.8968133586290427,0.042973208710551575,0.07199761076068693,32.00356614694431,0.6769462060108553,19.342288000368928,200
M5 transition up,7,qLogNEHVI,0.9016057389614666,0.009430976346611539,166,0.8862697267550537,0.055394180342552064,0.06747246217118723,33.18415616928181,0.63862711373723,19.934723307736576,200
M5 transition up,8,qLogNEHVI,0.8847095105866511,0.009416469284521205,163,0.8983185923752498,0.06535709711624622,0.06555951691592218,32.89928979505006,0.6225132810239877,20.257792411401155,200
M5 transition up,9,qLogNEHVI,0.8866641154291838,0.010992011969284624,161,0.9218209239589011,0.05002504592194816,0.07037157392370816,32.56097853023328,0.6696435676699432,20.237594592886808,200
M5 transition up,10,qLogNEHVI,0.8851350430386995,0.009498280082819223,165,0.8994531716844294,0.06777461648177863,0.07535801733565062,30.088518915927914,0.6719948035974898,18.177123552782422,200
M5 transition up,11,qLogNEHVI,0.8809621616201586,0.00861369744765249,167,0.913950556907849,0.05072269217201215,0.07283469819515588,35.39573208254406,0.672802810306155,18.81640840472148,200
M5 transition up,12,qLogNEHVI,0.8875955270948661,0.007881343515415244,165,0.9172233145525734,0.055865890739891885,0.07924960003651504,31.98556841591919,0.6173745279585618,19.40423608115855,200
M5 transition up,13,qLogNEHVI,0.8884932995795612,0.011053886270998714,157,0.9061692557201738,0.07279877068243373,0.07330920495999795,33.849376916321845,0.6245773184215925,19.666928989467465,200
M5 transition up,14,qLogNEHVI,0.8893329580250234,0.010821406541919694,161,0.8876731398166522,0.0583320174098862,0.0604743239567179,32.11608478846789,0.659127456515007,20.03125963486383,200
M5 transition up,15,qLogNEHVI,0.8915023385842697,0.007821975087437575,156,0.8685770894533867,0.07229304089481015,0.06967827843658683,32.7667451820387,0.6178411141325948,19.546066625785766,200
M5 transition up,16,qLogNEHVI,0.8930291751818578,0.008325570805775985,159,0.8804225383549349,0.0633215648051299,0.07068575437787182,35.05363466571582,0.6580365025639608,19.438512832307005,200
M5 transition up,17,qLogNEHVI,0.8872568674102445,0.009339133750892441,165,0.9059770999340016,0.0681699971327374,0.07058003249214918,33.92674316126769,0.6365649418790018,20.848145701020492,200
M5 transition up,18,qLogNEHVI,0.8861920543763945,0.011367852286343296,164,0.8999111202648099,0.05167482591833144,0.06399083832728691,31.302093162420622,0.6365163379995913,18.654185448100147,200
M5 transition up,19,qLogNEHVI,0.8844012825519637,0.009037152205696303,165,0.9114799177601364,0.060809422287373835,0.0711230663925538,32.05701305622007,0.660271218778258,17.975124999096263,200
M5 transition up,20,qLogNEHVI,0.8812651770128036,0.010546863931799745,176,0.8925308108172574,0.041813783849527525,0.0746269786737386,30.453145973381087,0.6464522889696193,21.004323325236925,200
M5 transition up,21,qLogNEHVI,0.8911252066443787,0.00860829698971512,163,0.9145469257331392,0.06300559660945952,0.07335991467073842,34.50316566090021,0.6533337639091729,18.509855742225536,200
M5 transition up,22,qLogNEHVI,0.889893358134141,0.009396810998781051,165,0.915321569572534,0.05678980472061466,0.07171595156604048,33.3550134786478,0.6303681983392638,18.46539411583747,200
M5 transition up,23,qLogNEHVI,0.8918694874921749,0.009645422034236262,168,0.8798694034076746,0.0558636042428539,0.07104510612811483,35.261914553332545,0.654542471029493,20.228719050050803,200
M5 transition up,24,qLogNEHVI,0.891327107576505,0.00859728726762771,154,0.8725033205320992,0.07040296057699454,0.07714117165096931,33.12297092870276,0.6574653300401373,19.63867206764218,200
M5 transition up,25,qLogNEHVI,0.9000170325551472,0.01077909379949704,167,0.9140662745498682,0.06842817345092268,0.06266735020615588,35.408072849051464,0.6692889512604591,19.65297376422915,200
M5 transition up,26,qLogNEHVI,0.8951846337045452,0.008166174116594342,157,0.9113124530376571,0.05651690615112972,0.06875496939022675,34.68227339445227,0.6432731473542982,19.983082245559267,200
M5 transition up,27,qLogNEHVI,0.8969657301480575,0.009502973493162693,150,0.9077910329458008,0.06413227494511309,0.07980486550587661,33.882517277248255,0.6767701609685035,20.424304843710114,200
M5 transition up,28,qLogNEHVI,0.8908021772657898,0.0084017835205864,160,0.8904171368170217,0.06248241533822117,0.0668968139164194,33.14076067797987,0.6526425399164436,18.96703310775449,200
M5 transition up,29,qLogNEHVI,0.8882590828082286,0.008194979030073463,160,0.8990770334428478,0.06734925740303525,0.07852702202483622,34.056878980881876,0.6694128456346635,20.161024187689073,200
M5 transition up,30,qLogNEHVI,0.8901547209191337,0.010149040062928863,181,0.90059940280902,0.06778807474725998,0.06450543322092442,37.39730304819076,0.6749100252479431,19.533694751521754,200
M5 transition up,1,MOMF,0.9026499461749384,0.009085519010717432,152,0.9029958437394103,0.04904619964804756,0.07060531224477094,37.233294506269544,0.6291472015894802,19.445121224176393,200
M5 transition up,2,MOMF,0.8905035603349493,0.008487520863893658,146,0.8819066968584556,0.04397359882663143,0.06504185583162071,33.07773123735461,0.5961594750185768,17.89917040629298,200
M5 transition up,3,MOMF,0.8806829991432089,0.010715084048991807,146,0.8970655350381703,0.05312728354745189,0.06724072566339008,33.05354528723389,0.5877785385698066,20.370245115740882,200
M5 transition up,4,MOMF,0.8789335447523932,0.013087056268024472,148,0.8614164512343018,0.06825107720842931,0.06996298134328027,35.784335466392534,0.6491168285279674,18.503819115960653,200
M5 transition up,5,MOMF,0.8853489510586646,0.011249154814221134,150,0.8963064495417726,0.06229009848500526,0.05819796320609374,34.296152399319034,0.6308616012460819,18.926181444071343,200
M5 transition up,6,MOMF,0.8836653098088902,0.011260099624463542,154,0.9177433772463932,0.060529308390153316,0.06620774534273441,33.35603732797254,0.6945666222501944,18.401411165978914,200
M5 transition up,7,MOMF,0.8782367273369868,0.013738413111796808,151,0.8726895627281719,0.047938195867101734,0.06676290791459287,33.41350607292831,0.6501881135499095,18.661926656285672,200
M5 transition up,8,MOMF,0.8739096224305505,0.011334230492621148,154,0.8747355605117891,0.05385920029408643,0.05099835856280327,31.405426014006185,0.6454571562809759,18.78705779553294,200
M5 transition up,9,MOMF,0.8942272323825602,0.011639455300648966,151,0.8825457918432487,0.07025076121545897,0.07666030712978049,34.8798526828471,0.6689547093983491,18.6011142064336,200
M5 transition up,10,MOMF,0.8799232595582177,0.012352993468611146,150,0.8918282204485966,0.046646951127308,0.07220195989194508,34.59954748538057,0.6677475228648034,19.23197919238395,200
M5 transition up,11,MOMF,0.8848099105457791,0.008972516194441666,151,0.9059196397609252,0.06210746564923437,0.05952110487734627,36.7825941719225,0.6759348832561809,18.630841968885154,200
M5 transition up,12,MOMF,0.8878121317142911,0.00983067653681508,151,0.9058510964808196,0.05113501533661843,0.07712617875090354,33.7069626959294,0.6844571475156115,18.954836437374542,200
M5 transition up,13,MOMF,0.8988223346513117,0.00882795769358831,155,0.8915034408721046,0.06542377571706863,0.07214211892592025,34.60984305497551,0.638611829672215,18.818049647763154,200
M5 transition up,14,MOMF,0.8829211714682577,0.009069149143908543,152,0.9090872309025826,0.03391523697944142,0.061447844456569034,34.33479264001764,0.6324992474987772,18.463927431259297,200
M5 transition up,15,MOMF,0.889404843546854,0.010768313170364543,147,0.8912031440424486,0.06801695557170782,0.07624417976880196,32.16187532674619,0.650964129066705,19.10380456122363,200
M5 transition up,16,MOMF,0.8907336750200343,0.007494751472944559,145,0.8723072642299668,0.07108220499963461,0.06356259014553982,32.414964077938144,0.6381637526022097,18.11595123025138,200
M5 transition up,17,MOMF,0.8912996891794441,0.00984322153094171,150,0.8840573510407964,0.058795801778679616,0.06674665968104054,32.32746516042176,0.6264920674822115,19.021003304987364,200
M5 transition up,18,MOMF,0.8792351147190217,0.011835679057807698,158,0.907469921056022,0.06615877769877088,0.07038720623859956,35.04400405384445,0.6718458804299058,19.48560133963744,200
M5 transition up,19,MOMF,0.8886339221051993,0.011497930606741463,154,0.8709734847159681,0.0499704793027621,0.07059125885414896,31.73080833970301,0.6435844907497585,19.54703735861741,200
M5 transition up,20,MOMF,0.8964656950636068,0.00973126157743764,148,0.9048995711400029,0.06011860329527548,0.06649330505309886,31.06946568639764,0.6134480744227286,18.64230333152475,200
M5 transition up,21,MOMF,0.891541273663994,0.007360461232461289,160,0.9106360826347397,0.047960509408379315,0.06639511939757475,34.97657180852817,0.6463089669977715,18.54889973167284,200
M5 transition up,22,MOMF,0.8843740832458816,0.008792770827310106,156,0.8820180662693563,0.05161740609302101,0.06507971820405065,32.16269575248588,0.6608319496472956,19.907397985072997,200
M5 transition up,23,MOMF,0.8917348201929709,0.00939791546096214,149,0.8726365456476753,0.06701355331797625,0.059011688011894145,33.30978441558542,0.6067725961591134,19.28676705423582,200
M5 transition up,24,MOMF,0.8997033373156106,0.008967363165802692,151,0.9075043264585876,0.058268885868561306,0.0581587432182306,34.4696876570649,0.6401825124210971,19.32089316422446,200
M5 transition up,25,MOMF,0.8916994538437042,0.00813173631467766,151,0.8847723533019944,0.05166511366413075,0.06761058396999672,32.6543630129225,0.6482909027509659,17.664682278860433,200
M5 transition up,26,MOMF,0.8931036820856699,0.009272585675522272,152,0.90073481121589,0.06234492881043633,0.07723081673426743,31.319165501822464,0.6530712196454773,20.826289655886274,200
M5 transition up,27,MOMF,0.8866258575309885,0.010378167390219743,152,0.8870034016970368,0.06165652917693131,0.07102458694665721,31.855464025814406,0.6786514136507554,19.020268010111025,200
M5 transition up,28,MOMF,0.8826544618823469,0.010476865275886293,140,0.8921249891762896,0.05209629658177042,0.06717930622639,32.47771547783178,0.645056879719689,17.462960041601317,200
M5 transition up,29,MOMF,0.8840526504132481,0.009748895163621228,150,0.8987911768663056,0.06318648890824471,0.06659125164064306,32.325617177429685,0.6288942747769132,18.99225686430667,200
M5 transition up,30,MOMF,0.8851448033832607,0.00855322491166788,151,0.8878912534358686,0.053622275407387794,0.06184880133658249,33.03006198844262,0.6542787148138064,20.15046131405684,200
M5 transition up,1,PHSEA,0.8912029804465069,0.011049316092630723,168,0.9070806910607915,0.046489100196392026,0.07440154997030583,31.797628832624465,0.6374758869025389,17.56645743679106,200
M5 transition up,2,PHSEA,0.8665420268037114,0.016130027396171493,173,0.8999754526403219,0.043653394327114965,0.08423235087366293,31.96054306129405,0.6650725646766587,20.248965026517606,200
M5 transition up,3,PHSEA,0.8834491254076792,0.010438541137999587,163,0.886416017495089,0.054289391004107124,0.07493674179651853,32.571127843931784,0.6777924576007675,21.131454254035994,200
M5 transition up,4,PHSEA,0.8704469123268508,0.013308421287924185,168,0.9213732814917065,0.06541087989428063,0.07593586578859428,32.71001674679606,0.6521106032650544,19.05439127970295,200
M5 transition up,5,PHSEA,0.8735155808939146,0.011666028896660909,178,0.908123883747515,0.06480575573770406,0.06587630521036777,32.81961105868481,0.6829283530044673,19.323503608260687,200
M5 transition up,6,PHSEA,0.883137599042627,0.00967615403461596,180,0.9068942178603614,0.05212778108583086,0.06675541875104636,35.577003665663504,0.6780308734243761,21.29717560727542,200
M5 transition up,7,PHSEA,0.8827031213106392,0.013328229728548448,172,0.9182431816382891,0.05046370549136743,0.06974719676287883,32.63446611612195,0.6602749564792267,20.38308051842379,200
M5 transition up,8,PHSEA,0.8747568646089687,0.011031235627249112,161,0.863062695200231,0.061313078629218434,0.07430843345125869,31.55972709197284,0.6369884825375012,19.61438465093798,200
M5 transition up,9,PHSEA,0.8732818746971084,0.013200670149043303,172,0.9087687186723726,0.05201186408147379,0.06947472904648017,34.39228634675637,0.6258573027258819,19.864454891863744,200
M5 transition up,10,PHSEA,0.8779015470007261,0.009387431233162118,169,0.90381588197605,0.04906220887776286,0.07919429890101636,34.04947920459057,0.6041175324117449,20.93549161162913,200
M5 transition up,11,PHSEA,0.8771087808742563,0.012445874711140253,173,0.8881616045759799,0.034436518441866036,0.07469444613903116,31.272201229788152,0.6851570681734284,19.714402428969063,200
M5 transition up,12,PHSEA,0.8762063342300199,0.010111920762912986,176,0.9031922827871289,0.05480384639165587,0.07207291419889454,29.613787535811042,0.6392118156332467,20.479289503045432,200
M5 transition up,13,PHSEA,0.8778466763455756,0.012303232498097227,168,0.9022641233549865,0.04789058848776611,0.06988092608684718,34.238444070844515,0.6484587182767195,19.43067731509245,200
M5 transition up,14,PHSEA,0.8785986639349849,0.013034405953026702,169,0.900993187080789,0.047279793565902055,0.07130656105538957,33.58299041942587,0.7122496667159376,19.01672245330996,200
M5 transition up,15,PHSEA,0.8797589235717381,0.011724629642189148,167,0.8923735869911845,0.040050330277239775,0.07625832995656817,33.80898152835457,0.6156981595767502,19.373944575015955,200
M5 transition up,16,PHSEA,0.8891431816619731,0.010068380170167226,168,0.9157782116238216,0.05051593711181562,0.07263947963460492,32.61283749305158,0.6349914769650917,19.017360884611513,200
M5 transition up,17,PHSEA,0.8785347558714416,0.009214022432071589,176,0.9036107647675843,0.050854373459246295,0.08325415053040805,31.59845296503255,0.6637434154646803,18.298444092689397,200
M5 transition up,18,PHSEA,0.8710046627727143,0.012024436463336808,172,0.9054550449214702,0.06424899182347639,0.07455246680049615,32.07811660802053,0.6709085808171167,18.62393350636046,200
M5 transition up,19,PHSEA,0.8779810169552192,0.010953975959721965,178,0.8984022207907377,0.04892229995625596,0.0851036778930499,32.71345705547599,0.6611199994734698,18.624613123122693,200
M5 transition up,20,PHSEA,0.8851822312956639,0.009528690501888076,176,0.912789556891951,0.05205669926912278,0.06936006693047023,33.73947973796204,0.6097319270835992,19.01039228887933,200
M5 transition up,21,PHSEA,0.8834090473371351,0.01022543534735372,177,0.8787631272100811,0.05763226574627138,0.06771602718273848,33.21684750024878,0.6521463104803059,19.359122282878577,200
M5 transition up,22,PHSEA,0.8662222481575312,0.012408251365606915,170,0.9238316618283253,0.06267362302395639,0.07903809153249716,30.877800793833103,0.6856254782193889,19.9122545877074,200
M5 transition up,23,PHSEA,0.8832090427133757,0.011326966898751303,172,0.9408055722260841,0.051878967432629076,0.07477586445886167,33.39168734865748,0.711970794598866,21.125550875817417,200
M5 transition up,24,PHSEA,0.876547007316526,0.01086672290757046,176,0.9376706775647261,0.03755738223246306,0.0708145687328429,32.75986868003602,0.6635745573079149,20.05847655894584,200
M5 transition up,25,PHSEA,0.870127761958703,0.011196435277671378,170,0.8966819131353687,0.048843602320819544,0.07663898469829424,33.8461547844512,0.6953435598137656,18.7425384568746,200
M5 transition up,26,PHSEA,0.8739353960608753,0.013183572832768557,171,0.8914280847524682,0.05642804364668737,0.07350700356431153,31.7878566673176,0.6727103107822975,20.093527597202847,200
M5 transition up,27,PHSEA,0.8800815113521844,0.01035381208671226,171,0.8843290517976453,0.055309545613006716,0.0651765654890173,31.91106264246803,0.647871948472809,19.978341062935367,200
M5 transition up,28,PHSEA,0.882118755299089,0.009828695715438731,172,0.8956011518109108,0.05685059196752608,0.06885546751938365,33.70781449104556,0.6557487999501201,18.242404897166004,200
M5 transition up,29,PHSEA,0.8786861931426061,0.00983902613390999,167,0.9049204713000908,0.04246040994845563,0.0780748858845575,33.16253483451479,0.6076540054301368,18.76371141495902,200
M5 transition up,30,PHSEA,0.8922774105085212,0.009992569831198148,167,0.9124949991033386,0.05773628024421815,0.0709013679115362,34.5346008099842,0.6595153233137379,21.083201754494567,200
M5 transition up,1,MSAEA-DM,0.8770112400908197,0.011040594312748174,186,0.8960604192405015,0.07712838864291481,0.0733926984659311,33.204588373241144,0.7222992882439728,21.687737165411644,200
M5 transition up,2,MSAEA-DM,0.8676275975163653,0.012624485102601715,189,0.8888695835659877,0.05830896772526234,0.07068041414011512,32.201248937959946,0.6896049366803458,20.862472141854813,200
M5 transition up,3,MSAEA-DM,0.8778804503336338,0.01067790643947416,190,0.8804246632224174,0.07045244155583097,0.08006449069650756,33.75474654730205,0.7076105010810778,21.293734775773956,200
M5 transition up,4,MSAEA-DM,0.8774130661517605,0.008253451618824731,183,0.8618375214681684,0.07402754778468287,0.07115564827946645,32.53357035725748,0.6473195334475619,20.563867762710004,200
M5 transition up,5,MSAEA-DM,0.8713626296208458,0.013179565788108125,175,0.8733325275545436,0.05967948847335335,0.0714948535087459,34.45710304383873,0.7139314791150259,19.462006821075608,200
M5 transition up,6,MSAEA-DM,0.8760994856261365,0.013618328116912076,176,0.9152552965587033,0.06132643936247975,0.06949844356173618,31.196287955840308,0.6270005340339979,19.879627228155016,200
M5 transition up,7,MSAEA-DM,0.8627146170756512,0.01511961863841154,185,0.876899717959085,0.06393166305566345,0.07549143449022276,33.559443508509986,0.6701958857432155,19.600775843836395,200
M5 transition up,8,MSAEA-DM,0.8676798390543544,0.006822254672854229,190,0.8907575154095463,0.06815362333653345,0.06718193078893323,32.86580870856199,0.6519678629134009,20.24797929718335,200
M5 transition up,9,MSAEA-DM,0.877111670790805,0.011913153389541761,180,0.8837036023642757,0.05961683540673571,0.07139282912923443,33.01562193233662,0.6711044859342532,19.977622154578636,200
M5 transition up,10,MSAEA-DM,0.8800238430724716,0.012275469063578012,182,0.8713309204034496,0.060732229060209274,0.07152261712250628,34.22652020127579,0.6660176319351918,20.663834529839757,200
M5 transition up,11,MSAEA-DM,0.8811771384199198,0.008943702114426874,179,0.8924473229539434,0.05226650071489647,0.0724519792764838,32.55351663542284,0.6094371879849755,21.314778267932574,200
M5 transition up,12,MSAEA-DM,0.8696723408286596,0.008798375070932358,178,0.8761489483220858,0.06689965328260777,0.07744588963495538,30.863864550877345,0.6169627379680038,21.429434535586754,200
M5 transition up,13,MSAEA-DM,0.8762218800286763,0.010843709075889116,173,0.8881001276586324,0.06999175701333739,0.0740824828184905,32.73879855115857,0.637520573167255,21.012566594070893,200
M5 transition up,14,MSAEA-DM,0.8787488017027285,0.010867418055948761,182,0.876334898687345,0.07336057329763263,0.08017038357170166,33.0556559777361,0.6344814107979218,21.700348354313068,200
M5 transition up,15,MSAEA-DM,0.8729016296281193,0.014019582936620045,168,0.872865349660643,0.0745343390226348,0.07138773023443856,32.68150369654245,0.687182737350464,19.977099438202146,200
M5 transition up,16,MSAEA-DM,0.870993520117778,0.014730609227327133,191,0.8859700709981811,0.08096507403672452,0.07124511246787454,35.36266555002361,0.6268284388522959,21.084618497744778,200
M5 transition up,17,MSAEA-DM,0.875595269865442,0.009737120106388563,178,0.9099978799015842,0.0634166911645561,0.06201808822584898,32.433466136296396,0.6629893801514429,20.24424853612614,200
M5 transition up,18,MSAEA-DM,0.8782038910828457,0.010058996112921072,175,0.8850354113891178,0.07394155054310018,0.08483840780049981,34.67879601736056,0.6123335489954371,20.978758933731857,200
M5 transition up,19,MSAEA-DM,0.8759209399807103,0.010665353676350733,180,0.8969691302484173,0.06299767614043553,0.07062441165790143,32.59885091198309,0.6720130625024189,20.663998357472412,200
M5 transition up,20,MSAEA-DM,0.8692724970657942,0.01023719635693782,178,0.8845605839216453,0.06030055075520161,0.07039780413839697,31.59538086598493,0.6677108631159744,20.757124208816037,200
M5 transition up,21,MSAEA-DM,0.8750024111013918,0.011334075450727543,189,0.8275704938309493,0.06806425753428565,0.07867293630159881,30.10237086063058,0.6196763017371069,21.1089739403187,200
M5 transition up,22,MSAEA-DM,0.87794157815599,0.009550424796842247,172,0.8681264952898441,0.05712010394747469,0.06931966999278867,31.711874856949937,0.6334167369696458,20.13993667137999,200
M5 transition up,23,MSAEA-DM,0.8772950937511035,0.011679606475128704,180,0.9057715181267599,0.05749979086715438,0.07915068941383388,33.22733952634382,0.6382093667303853,20.86536942385163,200
M5 transition up,24,MSAEA-DM,0.8732590573127598,0.012295523687974276,174,0.8938404501466914,0.0594418906851823,0.07565310748744686,33.90079869369436,0.658073576530517,21.840151625880754,200
M5 transition up,25,MSAEA-DM,0.877202881019272,0.012890325825059721,188,0.89202642932533,0.06379427122181927,0.06887329947306023,32.532854124338925,0.6513279629388793,21.216090394544995,200
M5 transition up,26,MSAEA-DM,0.87708601910134,0.012650623144936153,184,0.8933045143429104,0.0616995189721835,0.0666653965018332,30.967612471751853,0.6787967551376427,19.368767107493593,200
M5 transition up,27,MSAEA-DM,0.8746782256286751,0.013413536670187923,173,0.8916223089689849,0.07149857613767682,0.06970242476774643,32.01564284918757,0.5939327901796666,21.714845607382273,200
M5 transition up,28,MSAEA-DM,0.8710808809657138,0.015787222362130898,182,0.8764885554852889,0.07124173060486254,0.07957769172218059,36.95449378911658,0.6283553270352324,21.02837946516449,200
M5 transition up,29,MSAEA-DM,0.8732810476189077,0.016073920868045665,174,0.9056739956952194,0.060325705906239736,0.06961730180044279,35.858213484157055,0.709364940072411,20.280508951238822,200
M5 transition up,30,MSAEA-DM,0.8736234990520039,0.01196425794811713,181,0.8719541070816574,0.05970260723367868,0.07945510342384876,32.12382142767918,0.6322856384994547,20.3104629418533,200
M5 transition up,1,AS-SMEA,0.8746433841772049,0.012690149361236426,183,0.8823356802632507,0.05263952225258273,0.07821974046939467,33.53359200902472,0.6893999327622335,19.44832857894723,200
M5 transition up,2,AS-SMEA,0.8758432501330387,0.010198465853227128,176,0.9056973198217682,0.06450829228130829,0.07244376095963052,33.438993682444874,0.6560613987590092,21.947944660856315,200
M5 transition up,3,AS-SMEA,0.8679554745149817,0.012701210993742502,179,0.9012813125442642,0.06591690788433831,0.06859530848235967,31.04494553524717,0.6746666616941435,20.573325791832467,200
M5 transition up,4,AS-SMEA,0.8843273922865443,0.010602202368834093,176,0.8701019072348266,0.06068802293383513,0.07308299209107628,33.37458841293158,0.6195305689660578,20.599295118068984,200
M5 transition up,5,AS-SMEA,0.8778750218864556,0.011774046536388992,173,0.8790830088587217,0.06494349131604046,0.0928912436126875,30.79756909069092,0.6555769273780986,19.634999039000164,200
M5 transition up,6,AS-SMEA,0.8859516566577263,0.012295256967567232,177,0.8855455148252985,0.059154307735932464,0.058354680485276214,32.64794878714202,0.6265273309869808,21.50599303363027,200
M5 transition up,7,AS-SMEA,0.8857706107223343,0.012287760461786645,174,0.8902517315762757,0.06752273537066267,0.07076270774513244,30.816280123356574,0.5993937447644748,20.38509005612525,200
M5 transition up,8,AS-SMEA,0.8651199213891154,0.009263472649814756,179,0.8536182669971162,0.05740644582853367,0.0818551175948375,33.35089932671784,0.6660605595765878,21.134290290854633,200
M5 transition up,9,AS-SMEA,0.8782514467115189,0.012031532796405724,179,0.873690422923286,0.06676650329487101,0.07105092212753095,34.85903206356224,0.6254377248693807,18.87448621172043,200
M5 transition up,10,AS-SMEA,0.8762730276396045,0.012080333487954302,185,0.8946179757803133,0.07213285709178717,0.07671637892325067,32.413672131175545,0.6982974723857959,19.88175222787451,200
M5 transition up,11,AS-SMEA,0.8824034304847874,0.014287025801887548,172,0.8603720998725324,0.05006833938858736,0.06423259798827646,33.55840277292901,0.6430472321294816,20.771941403727606,200
M5 transition up,12,AS-SMEA,0.8752236412546099,0.013252882431309334,180,0.9025623435075719,0.07448421196818751,0.07547825782504371,34.16859925834453,0.7096961409959248,20.815383598772797,200
M5 transition up,13,AS-SMEA,0.8644791031500493,0.01082305566071878,191,0.8976718735870566,0.07764256577239417,0.07920046057508887,33.135108402257785,0.6374922415625595,20.052114139385207,200
M5 transition up,14,AS-SMEA,0.874619699828247,0.010283204443318766,176,0.9004037764908471,0.07412652121960625,0.07470127469665196,32.60656721898592,0.6951532331680104,19.08858918421634,200
M5 transition up,15,AS-SMEA,0.8669751616483273,0.012314381992030329,176,0.8864933542838442,0.06303884466514721,0.07468817890315776,32.43011132207322,0.6427378118747719,19.311042629424943,200
M5 transition up,16,AS-SMEA,0.8811516120570844,0.010636864990014639,171,0.8893394080104463,0.06715906545575052,0.07074739238527308,32.08097836123315,0.6170025825152317,20.97297465738181,200
M5 transition up,17,AS-SMEA,0.8785002524599008,0.011119543014268195,178,0.9216290804596677,0.06608083362401847,0.07172248770814307,37.34345067227021,0.6421434210321458,20.975596348375888,200
M5 transition up,18,AS-SMEA,0.8841243419194139,0.01142194905090413,184,0.8763722325549735,0.05531888769704555,0.07011967558725105,32.998508130186224,0.6447054198046465,20.60689897580703,200
M5 transition up,19,AS-SMEA,0.8955294997386231,0.011885766836366623,176,0.8946738452876125,0.06521719391201947,0.06742366530860851,32.86455050693112,0.6465721092939549,20.780645702978322,200
M5 transition up,20,AS-SMEA,0.8793025344349403,0.011685849145703944,175,0.8873962723390751,0.0679555445110474,0.07163826111430129,34.80233583537226,0.6564005267455395,20.250939876108877,200
M5 transition up,21,AS-SMEA,0.882618419967405,0.01210618489713563,177,0.8683789372054422,0.06309037929332909,0.07985411466559411,35.36583363032934,0.6960301782667783,19.444006855193543,200
M5 transition up,22,AS-SMEA,0.8729190785673695,0.01064415867762466,177,0.8820568718957359,0.0788965578847057,0.07509737508990805,34.57102448541258,0.6674723189257182,19.70528964468441,200
M5 transition up,23,AS-SMEA,0.893257463124223,0.008984872715114871,181,0.8919016418200192,0.04915934720843066,0.06323683809697289,32.35992560434452,0.6368624380167908,20.403181321472342,200
M5 transition up,24,AS-SMEA,0.885538234553247,0.00983996612125019,180,0.8976803856801481,0.06179076062458893,0.07420794628076967,31.81504505941412,0.6684582591829106,19.87988355757811,200
M5 transition up,25,AS-SMEA,0.878099708090578,0.009944259235127408,185,0.8780215980065642,0.06506621906398051,0.07947742016326903,29.838476270917464,0.6549141306536647,20.621189729986114,200
M5 transition up,26,AS-SMEA,0.8846775123266728,0.008924251918610763,180,0.906667947821801,0.07452873835776813,0.0661553618632229,35.40401953943816,0.6110727757731405,19.613323538385988,200
M5 transition up,27,AS-SMEA,0.8650280430971211,0.01197316605033297,177,0.8843806872417004,0.06112353114353082,0.08004024526049025,33.43293126249049,0.6306469001848092,20.10050458061631,200
M5 transition up,28,AS-SMEA,0.8788088275859097,0.01085630294279819,191,0.8751204345905229,0.05363486876378741,0.07199585819534471,32.47914495163246,0.6528805802328405,20.958169026991534,200
M5 transition up,29,AS-SMEA,0.8801103532708261,0.011626530973599117,180,0.8827726400281362,0.055834696736463615,0.08481378196299437,30.81843307640972,0.6364747686456113,19.143565337064018,200
M5 transition up,30,AS-SMEA,0.8933186970468432,0.011570458714762213,175,0.8535577766575609,0.06856468841655025,0.06617092514537144,33.59043782140465,0.6381593268828432,19.306112484034898,200
M5 transition up,1,B2 direct screening,0.8659579918931648,0.012353479398306652,190,0.8711342112654133,0.06374538642882259,0.07842031830801884,30.453950483327503,0.6768340413635231,15.833930434255668,200
M5 transition up,2,B2 direct screening,0.8686956251625442,0.012438610130667655,187,0.8710916746986136,0.07443080344413389,0.0805728238586954,31.167287904239572,0.6689980941904985,15.302989306358922,200
M5 transition up,3,B2 direct screening,0.86614163251053,0.01175119469244969,195,0.8890205742653268,0.07348065474175079,0.07715498562051044,30.16388724893909,0.6729869832547939,15.427876499331473,200
M5 transition up,4,B2 direct screening,0.8797912169611422,0.013751538219902895,191,0.8693136015799415,0.07336310251617842,0.07166826458699566,29.703115666535204,0.6347518666770717,14.528620648001088,200
M5 transition up,5,B2 direct screening,0.8487621266860543,0.011276938218579733,193,0.8755282236495804,0.07574122132960158,0.08773836903165345,29.0847967981199,0.6834538148945265,14.79203832461024,200
M5 transition up,6,B2 direct screening,0.8727144445823455,0.013773213588312934,194,0.8842134795466747,0.06853331727326727,0.07569872993814496,32.33558553900282,0.6195511029428422,14.277842750663572,200
M5 transition up,7,B2 direct screening,0.8803232834075572,0.010731631262254009,200,0.8878675578153972,0.06931528650206763,0.07637821079889417,35.93503026231303,0.637819756060163,14.946911990039531,200
M5 transition up,8,B2 direct screening,0.8621251089156382,0.013314416508874381,193,0.9029981033695764,0.07720831080450238,0.0758324883150186,29.292207663333816,0.706026313297909,15.602619727508843,200
M5 transition up,9,B2 direct screening,0.8748273895497864,0.010712118278134708,192,0.8789018487456838,0.07109784521591944,0.07022614522685242,29.761153933636546,0.6295869108800975,16.17113064479256,200
M5 transition up,10,B2 direct screening,0.8709446270100628,0.014413553932348503,195,0.8793782167186712,0.0631144013066294,0.07632966665266405,31.16600277731801,0.6477908087638355,14.59883017256426,200
M5 transition up,11,B2 direct screening,0.874376605286183,0.010696807903981611,184,0.8599966948757916,0.0730322489143904,0.07768792251252178,33.02326104272269,0.6555139698695246,14.454701321527924,200
M5 transition up,12,B2 direct screening,0.8722113803237235,0.015094165339724415,192,0.9001815464122873,0.08380080954927957,0.06774935334513028,35.185544238875025,0.6339156161777534,16.472877407964774,200
M5 transition up,13,B2 direct screening,0.8646414021612326,0.014099868843101956,192,0.886868785512357,0.06663409897322477,0.08319524366000598,33.11091855668908,0.6780545028263684,15.318984176509725,200
M5 transition up,14,B2 direct screening,0.8662129976244969,0.011084511559816278,186,0.8747168375064681,0.07291369925159068,0.08938896407558435,33.50805926080057,0.693455951454028,15.298074802558604,200
M5 transition up,15,B2 direct screening,0.8557764233067295,0.014710334852393505,182,0.8915794909657186,0.06935298745107049,0.08579640577925562,30.32376268470622,0.6852728840789997,16.415081560551602,200
M5 transition up,16,B2 direct screening,0.880186998942448,0.013794198410109695,180,0.8452851306348895,0.06770060094555999,0.07084085568578882,35.21818141878757,0.6686980942151043,13.845166080639997,200
M5 transition up,17,B2 direct screening,0.869270514561973,0.010732220168042924,200,0.8778390071395041,0.06469857911867226,0.07165777287701079,31.609458696639734,0.7006193821567961,14.4336383250229,200
M5 transition up,18,B2 direct screening,0.8637609375212968,0.01415851669283515,196,0.855556262478857,0.065097982785036,0.07643411198160266,34.551652022776786,0.6469184351686563,15.652867349006982,200
M5 transition up,19,B2 direct screening,0.8663386083949356,0.013756487932859787,190,0.8808361776456048,0.07383302658551567,0.08050230445593914,33.30770451609704,0.6443628637784183,15.9938971222803,200
M5 transition up,20,B2 direct screening,0.8710807922328503,0.010073828137634112,190,0.874030499590985,0.08432867578439339,0.07361503713023242,35.12494200844919,0.6046569956705681,16.286042535765315,200
M5 transition up,21,B2 direct screening,0.871993588711538,0.012000695572504218,199,0.8614311455152674,0.07082243752840886,0.07314242598666541,35.15462194278186,0.6737910036886159,15.86635163411463,200
M5 transition up,22,B2 direct screening,0.8862426909806451,0.012178122711565065,190,0.8756770774954583,0.06696479225029328,0.07235367769040225,33.118351942831154,0.6440207866419025,14.60699082716277,200
M5 transition up,23,B2 direct screening,0.8831758476062246,0.014066753560416704,190,0.8531100674372126,0.07368295389327237,0.07214115183445195,33.97277941771544,0.690901013858296,16.564722509205048,200
M5 transition up,24,B2 direct screening,0.8655881670003613,0.013594153625495197,193,0.905640338744003,0.06770635375221265,0.08793223272229914,31.26489923499051,0.6592395831329141,15.452390375259046,200
M5 transition up,25,B2 direct screening,0.8704965632153947,0.013234316002944795,187,0.88517395312941,0.0667140265357025,0.08038491310274751,32.99356331701107,0.6705490826028295,15.041903585925343,200
M5 transition up,26,B2 direct screening,0.8674752232072666,0.01435144618273824,191,0.8859455630105281,0.07473081932100559,0.08238056572137283,33.032057636617566,0.6608092541459428,14.998575406219604,200
M5 transition up,27,B2 direct screening,0.8787765330914777,0.014046869431366116,194,0.87413718250096,0.07098876416962564,0.07420324947644384,31.061946415836765,0.6681765572531199,13.851898416467339,200
M5 transition up,28,B2 direct screening,0.8662817832436402,0.009157834313161433,182,0.9076242171644653,0.05698637084032383,0.07873023472666225,35.30622750700568,0.7081559433457116,15.076083305542934,200
M5 transition up,29,B2 direct screening,0.8598173041811249,0.011475767491189523,189,0.8813625525481347,0.05768555377798373,0.08938874734883696,30.210969724065887,0.6680307684675695,15.339923750222233,200
M5 transition up,30,B2 direct screening,0.8720023050698743,0.014041181801432968,187,0.879270860657887,0.07544600105935266,0.08177358204086232,31.48231904803511,0.6727228445783776,13.699694489726724,200
M5 transition up,1,Original MF-BCL-SAEA,0.8605559111692106,0.015546108938570953,184,0.8719422782352508,0.08467158230276577,0.07678213295068487,29.491441970021178,0.6795834863737003,17.90355722889334,200
M5 transition up,2,Original MF-BCL-SAEA,0.8717875606442147,0.014410415979249141,177,0.8836541033892422,0.07594295976848703,0.0719930497628187,31.144582879761565,0.6463319688003096,18.242216553084166,200
M5 transition up,3,Original MF-BCL-SAEA,0.8646463991154874,0.014820123539778114,183,0.8762876057665278,0.07276471224329663,0.06796736892690308,30.56747762037631,0.6770653375521262,18.360259382108236,200
M5 transition up,4,Original MF-BCL-SAEA,0.8695069789251564,0.014842180037113972,187,0.8783983188771638,0.06906687697614071,0.0822660732324457,33.35670408091798,0.6977658422088203,18.468999540698853,200
M5 transition up,5,Original MF-BCL-SAEA,0.8602267892245109,0.012716287737261273,194,0.8876479687917493,0.07960441980134506,0.07986343702253997,34.57620296504289,0.6411483844209185,18.695437783312386,200
M5 transition up,6,Original MF-BCL-SAEA,0.853107613204447,0.014152164513548324,183,0.8578851817351167,0.07946807401019657,0.0813845075355655,27.913165511869362,0.6906615612621485,17.716708538911746,200
M5 transition up,7,Original MF-BCL-SAEA,0.8599551106831996,0.010685173113378774,185,0.8668954323642976,0.07779296275556051,0.0815178811787103,32.30645216734808,0.6458002549834725,18.97701910369901,200
M5 transition up,8,Original MF-BCL-SAEA,0.8466720445795343,0.014893269168615391,181,0.8509770896499885,0.08183748453529038,0.09574046088472284,35.43427164484232,0.6470847261982491,18.725685239302397,200
M5 transition up,9,Original MF-BCL-SAEA,0.8718550002739298,0.014570549107648769,183,0.8599627521292025,0.07582482055733719,0.07344613486285478,32.58316675693017,0.6311551798585685,20.78070820472127,200
M5 transition up,10,Original MF-BCL-SAEA,0.8572771895999357,0.013893720729921644,177,0.873757927483754,0.08109653090718187,0.0854017293390864,29.268947739814177,0.6749805316376382,18.590859938642375,200
M5 transition up,11,Original MF-BCL-SAEA,0.8656288994112038,0.012400146644174876,180,0.8930588730901438,0.0760197348356152,0.06624344394298542,33.09119962996402,0.6616505834663512,19.512167845508333,200
M5 transition up,12,Original MF-BCL-SAEA,0.8665706018920926,0.013567288010202457,188,0.8700330568280485,0.07661648397857161,0.0782648419693462,34.49917345230891,0.628976754430234,18.647207598954065,200
M5 transition up,13,Original MF-BCL-SAEA,0.8607305870288101,0.01407797739241957,185,0.8276494469971467,0.06290019667660439,0.07542841102006015,32.46631897516678,0.5839838125603731,19.120499149700077,200
M5 transition up,14,Original MF-BCL-SAEA,0.8550056857411866,0.01252144073088605,189,0.8707151311340441,0.08860975548845908,0.08939444842570411,29.967091625480812,0.6753787757922795,18.22842372362335,200
M5 transition up,15,Original MF-BCL-SAEA,0.863750123426292,0.01469537056665433,183,0.8708667602925522,0.07195930272081477,0.0788667030956581,32.58101091552663,0.6844017574938519,19.03150161007559,200
M5 transition up,16,Original MF-BCL-SAEA,0.8608887990914245,0.013950989563897636,176,0.864042862115858,0.07679374758322575,0.0796371561270145,31.634434285538823,0.676104472417826,19.893088905005897,200
M5 transition up,17,Original MF-BCL-SAEA,0.87084676132437,0.013428390614973564,196,0.8603610313977909,0.07868691754633345,0.06916214879604679,32.899512264843544,0.6167910665366154,18.500006966842296,200
M5 transition up,18,Original MF-BCL-SAEA,0.8656548075680555,0.015115538032201992,198,0.8661009706228121,0.07740656179508297,0.07990727892032388,34.14213392598013,0.7104770908819407,19.207774423117428,200
M5 transition up,19,Original MF-BCL-SAEA,0.8650650913522037,0.012251060469271845,179,0.8851473233302272,0.07878417738699818,0.06522651343051755,33.5822539950633,0.6724947527276768,17.820056681048243,200
M5 transition up,20,Original MF-BCL-SAEA,0.859543441085177,0.014221986960623954,198,0.8907780621200238,0.06993790644750339,0.0885006765375782,28.0955866693333,0.6704596947340065,18.316198349178794,200
M5 transition up,21,Original MF-BCL-SAEA,0.8752026204052645,0.015241052177050475,187,0.8608197019636461,0.07376279702285352,0.07364747722196963,28.497014020103908,0.6810674810048727,18.00409820447107,200
M5 transition up,22,Original MF-BCL-SAEA,0.8632122277228974,0.013153554100006544,183,0.8680551353663098,0.07890669008244813,0.08681958431411389,30.694742251317752,0.6162453435144275,19.923040226221772,200
M5 transition up,23,Original MF-BCL-SAEA,0.869934222877149,0.01565867806242692,194,0.8492644433193202,0.08722748341272696,0.07803005334915984,32.926709045461095,0.6233869044307044,18.61858274977661,200
M5 transition up,24,Original MF-BCL-SAEA,0.8759203301300263,0.012752724154169713,189,0.8743753598160019,0.07439186734216105,0.07246144013174578,31.205913960779714,0.6466499203111074,18.470469482981578,200
M5 transition up,25,Original MF-BCL-SAEA,0.864371404291292,0.01618629084793457,183,0.869884765744387,0.07729341559308774,0.07153699167825743,29.89822161512556,0.722064270061625,18.39030686147665,200
M5 transition up,26,Original MF-BCL-SAEA,0.8507903606973556,0.01171953956210586,185,0.8547410100955635,0.07402763110319285,0.07375959168127946,27.84424109369579,0.6342054329200987,19.907121769481588,200
M5 transition up,27,Original MF-BCL-SAEA,0.8847619724688358,0.01175665051082346,179,0.8557957074504159,0.07019646941446318,0.07264618987052938,32.54492974280498,0.642635997597018,18.823688129317173,200
M5 transition up,28,Original MF-BCL-SAEA,0.863360836324225,0.015003185690729344,181,0.8610046493075539,0.0588561879473313,0.08208941972438899,33.01891481647474,0.6455598478081871,18.760259270972664,200
M5 transition up,29,Original MF-BCL-SAEA,0.8567746772796452,0.013746935204569346,189,0.8659134749598132,0.08326805638359484,0.069021578966837,33.20972047843243,0.6373630301793187,18.799581123916685,200
M5 transition up,30,Original MF-BCL-SAEA,0.8763156327987355,0.014204960821383871,188,0.854837509783808,0.07828509625681479,0.07517065437992997,29.256713312259752,0.6444823189441183,17.560566891254634,200
M5 transition up,1,ParEGO-GP,0.8409848461272615,0.019928618869381444,194,0.8736513701422011,0.08420725024042994,0.08704366543433305,31.720026155905035,0.6780258627530934,22.3296195840471,200
M5 transition up,2,ParEGO-GP,0.8527958298607661,0.018142056074866058,197,0.8434938058602413,0.0897823623673137,0.07386010078373023,29.603482557446263,0.6498347763063783,22.284225681328735,200
M5 transition up,3,ParEGO-GP,0.8452809718263615,0.023800971176622908,200,0.839312792348265,0.08978580229338888,0.07417649147123918,29.843468654941518,0.6296506358944519,20.588230574282747,200
M5 transition up,4,ParEGO-GP,0.8472416919520258,0.01618234776677482,200,0.8204979940451089,0.09704196320020245,0.08307102849083779,30.229408320370165,0.7113232906550312,20.76282348902346,200
M5 transition up,5,ParEGO-GP,0.8402001851847928,0.0172892822363845,195,0.8180543161290489,0.0922715271197174,0.09958935376006398,32.544436366947856,0.6596311097266141,20.99537352669607,200
M5 transition up,6,ParEGO-GP,0.8375730107547152,0.01845509323458034,199,0.8640851268890658,0.0796148469707091,0.08369598879992507,30.473325200147258,0.6358985090320819,20.862914960918726,200
M5 transition up,7,ParEGO-GP,0.8441179118637833,0.017174706743977548,200,0.8647042738045392,0.09491066020954537,0.08046060234333426,31.012224540781318,0.6712757520043903,20.919212780291186,200
M5 transition up,8,ParEGO-GP,0.827905933111916,0.018139193394287066,200,0.8405120866138693,0.09739380851288161,0.08949404254357889,31.005821026442757,0.6676293543799984,21.514349779818325,200
M5 transition up,9,ParEGO-GP,0.8465342982502102,0.019732427629091238,200,0.8260327219587309,0.08423499459802772,0.08094592744573582,31.274017407785156,0.6465561226004221,20.727429858465108,200
M5 transition up,10,ParEGO-GP,0.8514240399803017,0.01665942319187297,200,0.8500030852906341,0.08060805882684015,0.0824434806882337,32.12024530451896,0.671871872725532,20.19325873600162,200
M5 transition up,11,ParEGO-GP,0.8451974536584271,0.014533598847420493,200,0.842781933267495,0.09133755096869446,0.07817000798496213,29.86272576646941,0.6780698265616205,20.863477526663374,200
M5 transition up,12,ParEGO-GP,0.8371581775909878,0.016232162140369745,195,0.8559829473324263,0.08411060795532953,0.07479969278070157,32.78978013991417,0.657518607344749,21.16808366245019,200
M5 transition up,13,ParEGO-GP,0.8526024707669636,0.018461117016924045,198,0.8443615263473107,0.10089327774462574,0.0871601480606361,29.393820637382692,0.6781645969768902,20.934354609002394,200
M5 transition up,14,ParEGO-GP,0.8480343849972866,0.01662032089555712,200,0.8402606140728612,0.10101376445240585,0.08489990156783395,33.25256428298233,0.6839891544470613,23.272772576873535,200
M5 transition up,15,ParEGO-GP,0.8446028268880127,0.01773671947051608,188,0.8677988678051496,0.09090331314223958,0.0859785026039275,28.500460299413025,0.6587988599558202,21.89762520041774,200
M5 transition up,16,ParEGO-GP,0.8667177569969674,0.016208821460139636,198,0.8471761849535002,0.08533442726480943,0.08279406801919352,32.197944858014395,0.6771569110607628,20.800260722912043,200
M5 transition up,17,ParEGO-GP,0.8425211959707606,0.018046167380446676,192,0.851188536805694,0.09522148310947748,0.09351671893795199,26.670120199187966,0.6436232176907337,20.921022003115283,200
M5 transition up,18,ParEGO-GP,0.838702011159718,0.018727210662149593,192,0.8527141640165313,0.07499487685212182,0.08369543443325755,28.424884364618244,0.6566166129451058,21.58600471094269,200
M5 transition up,19,ParEGO-GP,0.8376573182201799,0.02001416469226709,199,0.8368877707537257,0.07633242466656784,0.0804958861636865,30.26087247616848,0.6378299625088946,20.388013470730925,200
M5 transition up,20,ParEGO-GP,0.8396281457444043,0.01857844393309072,196,0.853797616239744,0.08392785692616547,0.09622264672613043,32.00316736526064,0.706988563604788,20.563801580068944,200
M5 transition up,21,ParEGO-GP,0.83379949152089,0.01751174046536516,200,0.8656288862142456,0.08210400695222814,0.08875743170582058,28.79235910566964,0.6552389939185841,21.088917808235028,200
M5 transition up,22,ParEGO-GP,0.8398148371788486,0.01913291689117181,200,0.8339687271731924,0.09473121589109494,0.08026880265591435,29.044421970008337,0.7430955774312024,19.567023366565838,200
M5 transition up,23,ParEGO-GP,0.8431711278324936,0.022238828199384553,199,0.8382434249105334,0.10447282325299381,0.09362131502061212,29.410241635962187,0.660592654022273,21.598520301529707,200
M5 transition up,24,ParEGO-GP,0.8483755130761221,0.020762574798553285,190,0.8309672080525935,0.08015932594124249,0.09252203447442212,33.64230603618338,0.66296593358092,22.322117951790172,200
M5 transition up,25,ParEGO-GP,0.840327898636814,0.018830197356838593,193,0.8378305018780624,0.09202691354364043,0.0875710551091307,28.190855633553248,0.7115200922500002,21.09498794344973,200
M5 transition up,26,ParEGO-GP,0.8635748295532057,0.017669719903866992,200,0.8521041500551099,0.09269489353127613,0.08543414924428339,33.897865431449375,0.7089183776403987,19.97658463477903,200
M5 transition up,27,ParEGO-GP,0.8415158363557752,0.01949487779874505,200,0.8549399873520345,0.0939216934122365,0.08025031859771088,30.238916596514574,0.6681233129875406,21.240965491651462,200
M5 transition up,28,ParEGO-GP,0.8523234218319091,0.015428425216121868,196,0.8549667841498522,0.10178369471686025,0.0793799812149399,30.512655253782594,0.6736221448771019,21.65689952828606,200
M5 transition up,29,ParEGO-GP,0.8496043425351302,0.01607045310262889,200,0.8308055315402042,0.09650142111340065,0.0836974187053432,29.496378610173103,0.6778280518182523,20.267973140470875,200
M5 transition up,30,ParEGO-GP,0.8529470135130138,0.016626506918045725,200,0.8195912168111411,0.09463622839417943,0.08062013921505376,30.385820567733028,0.7195103006662361,20.22140354364882,200
M6 transition down,1,Frank-WT MF-PIRN,0.923843603560644,0.004387282897583375,99,0.9465462337242123,0.032030637461218786,0.053583530320562456,35.38357118383085,0.6298412627398478,13.027628056006197,200
M6 transition down,2,Frank-WT MF-PIRN,0.923697031517037,0.004190974383285582,107,0.9243578968916146,0.03463528742065655,0.06305780954936144,34.075647882671575,0.6264854176720585,14.133918890913097,200
M6 transition down,3,Frank-WT MF-PIRN,0.9213670654007903,0.005118254858734651,108,0.9317418876594719,0.041193805440859765,0.05909420492466046,38.26063456627124,0.6688635767574284,13.632430475891681,200
M6 transition down,4,Frank-WT MF-PIRN,0.923452889766702,0.004869186608927637,112,0.9236202623682684,0.028546073157024877,0.0477872216414063,32.93489752167897,0.6070537742486328,13.158824588018545,200
M6 transition down,5,Frank-WT MF-PIRN,0.9217385578160218,0.003771393310101297,107,0.9525129433303203,0.03597636389160157,0.0629833804427776,34.65320403974396,0.5736711180382218,13.543515843523906,200
M6 transition down,6,Frank-WT MF-PIRN,0.9223002415498599,0.005542886380792806,109,0.929165668996597,0.03693693429010935,0.05294620596535887,35.760975354959356,0.6286629736491842,12.676199993095535,200
M6 transition down,7,Frank-WT MF-PIRN,0.9233590681335281,0.003135123818405361,115,0.9212857619869035,0.02888631742820243,0.05333796061752715,36.9646934255535,0.6326748957751623,13.346487573984922,200
M6 transition down,8,Frank-WT MF-PIRN,0.9305751373706569,0.003498420381433479,99,0.9325055713641889,0.029197133408209258,0.047091021395821865,35.581027701599034,0.6330927852036897,13.210723853999038,200
M6 transition down,9,Frank-WT MF-PIRN,0.911971247630999,0.004445381290846679,102,0.9417230977761658,0.03301140959566469,0.05738769705762398,37.046309327866645,0.6209420217538968,12.99248089661493,200
M6 transition down,10,Frank-WT MF-PIRN,0.919736703014592,0.004788646054918415,109,0.9170204619397686,0.05156923587566217,0.05747123863999374,32.056611989227164,0.5941320424288847,14.070395206936832,200
M6 transition down,11,Frank-WT MF-PIRN,0.9213138926316403,0.004512308228754986,115,0.9423978915242335,0.03630522338611819,0.04974771711424994,35.28959191308878,0.6388874335437742,13.23277472364633,200
M6 transition down,12,Frank-WT MF-PIRN,0.918207389059792,0.004794562294495328,102,0.9398499479479795,0.038055793092383564,0.04892655207799626,34.616137474532856,0.6617239135384744,12.842098954028039,200
M6 transition down,13,Frank-WT MF-PIRN,0.9225463663051735,0.005356973292734247,104,0.9597470972692173,0.034125307759203305,0.056641751243734405,35.75127338308881,0.6262228284008726,12.974046192817456,200
M6 transition down,14,Frank-WT MF-PIRN,0.923852358620079,0.004712268386460513,106,0.9124208289881581,0.04030691650164345,0.06669064663396557,34.30201872698183,0.6133895693024136,14.791665430342695,200
M6 transition down,15,Frank-WT MF-PIRN,0.9256922624596693,0.0048820308784876705,123,0.9456221125521459,0.04013941564790432,0.058784122072014826,34.14528280472601,0.5746820115910981,14.762359648127973,200
M6 transition down,16,Frank-WT MF-PIRN,0.9208782621495133,0.005165006459241025,112,0.9144985038021288,0.04032964219678403,0.06190059947720306,37.626211405476866,0.6280159452370884,12.736705542044465,200
M6 transition down,17,Frank-WT MF-PIRN,0.9206298639838032,0.003989797285162085,99,0.9371321386854612,0.030843088636726072,0.05720366128814488,37.76895932827158,0.6461177804256242,13.459962732429265,200
M6 transition down,18,Frank-WT MF-PIRN,0.9219010036091471,0.0049940297490137205,115,0.9511306767783007,0.04260366233180336,0.05020971646653087,35.986984142804786,0.5952601031921416,13.57181097539671,200
M6 transition down,19,Frank-WT MF-PIRN,0.9196885495336985,0.0038065741754407228,106,0.9486392237933089,0.034872575463883414,0.05775485470424921,37.59886506321921,0.615427719445428,12.578885261356346,200
M6 transition down,20,Frank-WT MF-PIRN,0.9205383553225702,0.004389731923335384,118,0.9359232442333499,0.0397871632010376,0.050293224469306355,36.83048204024727,0.6254622137782982,11.321761187183416,200
M6 transition down,21,Frank-WT MF-PIRN,0.9213445123600399,0.005469592390800032,110,0.9563338415175754,0.024320147981922904,0.06096078488318973,33.23855117731274,0.6001158910329316,12.323785900304783,200
M6 transition down,22,Frank-WT MF-PIRN,0.9279323297006797,0.002855576612460893,110,0.9441317204068418,0.03670788069981076,0.05555288515050712,33.8667975426725,0.6104011394387066,14.479045626171583,200
M6 transition down,23,Frank-WT MF-PIRN,0.9186965802861099,0.004569123533257818,107,0.9615689141812385,0.038718890692809135,0.06723271818841413,33.056693616140336,0.6251919815029977,14.444597626743157,200
M6 transition down,24,Frank-WT MF-PIRN,0.9228985037606368,0.004001325240773509,119,0.9185922788630395,0.024325229532156028,0.0620137129975211,33.23836253717787,0.6286324759255268,13.026436484947238,200
M6 transition down,25,Frank-WT MF-PIRN,0.9219271377267313,0.004806312293626849,98,0.9600762910185988,0.03647341706242558,0.05514854730565293,38.19658140907002,0.6234325562990473,13.690834697292644,200
M6 transition down,26,Frank-WT MF-PIRN,0.9175311825526284,0.004632971736316157,116,0.9211754470610055,0.028079188891903653,0.06102620323694665,36.300354417781335,0.6006585461758307,12.964382307331714,200
M6 transition down,27,Frank-WT MF-PIRN,0.9162753774370188,0.005552296165300298,111,0.9561699320553932,0.02428348549605633,0.06678999983827934,36.70663939487346,0.6409002292369985,13.859393407403168,200
M6 transition down,28,Frank-WT MF-PIRN,0.91896903520338,0.0049691165921522075,106,0.9253675478938976,0.04379367930963071,0.06063640169710066,37.33755119274013,0.6534272020922459,13.918232915539555,200
M6 transition down,29,Frank-WT MF-PIRN,0.9191598243919449,0.00449470859481092,110,0.943335681180692,0.04008171529228207,0.05897450696084072,34.2929277961552,0.656161596501072,14.162779874983848,200
M6 transition down,30,Frank-WT MF-PIRN,0.9254208009491964,0.004372361724534569,111,0.9313151721979478,0.050340693564083355,0.05001096378317833,38.284384062564115,0.6327605351483918,14.38584286360769,200
M6 transition down,1,MF-HVKG,0.8966897349901235,0.008067804941407755,158,0.9025435336622885,0.06295750585157489,0.07431917139334632,35.17550885400625,0.6529920826682563,18.748012163078055,200
M6 transition down,2,MF-HVKG,0.8953466711506485,0.009016344118154076,161,0.8996700440392946,0.05127575748275166,0.06291073304026344,34.01067492919021,0.6547111129801345,19.632674010344516,200
M6 transition down,3,MF-HVKG,0.8985722866878211,0.00724050490996729,157,0.9166366439074457,0.041376854178621136,0.06652498699958875,30.97527489021634,0.6799320393614913,21.219408607859503,200
M6 transition down,4,MF-HVKG,0.9005801957070735,0.008253729779073835,153,0.8942864936333849,0.0519461406569526,0.05374721914662254,38.37871458435136,0.6371957709400933,19.606065455538843,200
M6 transition down,5,MF-HVKG,0.8872329081651711,0.008645241474168754,160,0.9253443853495411,0.05730008168288899,0.07776198580409127,30.500803287153754,0.6857228185080884,19.93471366585564,200
M6 transition down,6,MF-HVKG,0.888917072741582,0.007925271028962098,145,0.9091199251607031,0.05393481973868004,0.07222004162025279,31.04413314300252,0.6719424103462861,19.243903280523813,200
M6 transition down,7,MF-HVKG,0.8928772147509214,0.00952000393930613,151,0.88996810992595,0.05546871204197798,0.07216624790002102,31.164654211385084,0.6848746460287691,18.635504306149087,200
M6 transition down,8,MF-HVKG,0.8975872824544422,0.009414106592068245,163,0.8976842100036843,0.0570712264865313,0.060516904804211305,32.42051290308365,0.6261763865928374,17.907472875339735,200
M6 transition down,9,MF-HVKG,0.8874978696013067,0.008550479344458472,157,0.8895073200188847,0.04625623452124805,0.06008465042621257,36.3960249221023,0.6895241708195442,19.835419747213685,200
M6 transition down,10,MF-HVKG,0.8829262110857072,0.008451717025158201,154,0.882196086504977,0.042427314170723276,0.06521193035548567,31.177026962261728,0.6730246977683864,20.777974729974368,200
M6 transition down,11,MF-HVKG,0.8867375124777696,0.00922558603764986,150,0.8907461552855649,0.06658924276458078,0.08074281607076357,34.30408831005178,0.6362485317644899,18.4789141402567,200
M6 transition down,12,MF-HVKG,0.8875924122558617,0.008118937257009115,149,0.90457902391068,0.06378079072531698,0.06953677798386891,34.05744514185077,0.634277737694147,20.472303079185348,200
M6 transition down,13,MF-HVKG,0.8962694397264436,0.008159043233326476,166,0.877538607013957,0.05719802135355445,0.08326752938641899,31.133986035423025,0.6283803154915951,19.707154836999834,200
M6 transition down,14,MF-HVKG,0.8845594159100398,0.009396337902218402,160,0.9163275901663852,0.042769265391187375,0.08124987664810017,34.808851881075626,0.7305522730313431,19.284023101692785,200
M6 transition down,15,MF-HVKG,0.8969385368415571,0.008773694440254175,158,0.8912179005997078,0.05040992346726835,0.057006744381699136,31.582378162174756,0.6924234039083939,18.703071128958747,200
M6 transition down,16,MF-HVKG,0.8991763678359798,0.009031200580341864,166,0.8645648872634027,0.054884483978339796,0.06125915572136666,32.9276841282203,0.7050064827297435,18.653308487386713,200
M6 transition down,17,MF-HVKG,0.8923884029318612,0.009934918261487655,154,0.905975378194807,0.05107835715351674,0.07152150395686853,33.20151532383874,0.649067786392674,18.44571519009818,200
M6 transition down,18,MF-HVKG,0.8862922198182334,0.010292220711193609,162,0.8997017666363477,0.0637499488567522,0.06824667113706807,33.37810580816111,0.6775843946705329,20.224000787693125,200
M6 transition down,19,MF-HVKG,0.8944828639167796,0.006885127513819518,156,0.9204961964209649,0.061344879462732406,0.06346977388178611,33.024329626778155,0.6737370795486266,20.16336643477587,200
M6 transition down,20,MF-HVKG,0.8907311115793495,0.009569464682443733,162,0.8920938350639893,0.05802126760009047,0.07491890973048995,33.199797698912924,0.6270649209689833,19.40939467941657,200
M6 transition down,21,MF-HVKG,0.8881968242566227,0.01099610860691341,160,0.9133275036960244,0.06258482898970674,0.06623214851768816,33.79487430900424,0.6575645984357683,19.75983302945024,200
M6 transition down,22,MF-HVKG,0.8926366378385918,0.009730809009026915,154,0.8904105825594831,0.06082394803419083,0.07125413277830592,30.22736421443914,0.6271037987582857,18.82677797902648,200
M6 transition down,23,MF-HVKG,0.8867181450242608,0.009420819538571237,161,0.8827804299908877,0.06010434464535261,0.07362139082693374,34.60166354815188,0.6616178985830037,18.856852098797376,200
M6 transition down,24,MF-HVKG,0.8944289648376283,0.00905292770032187,165,0.9088177388146036,0.05282978606934787,0.054192550684211256,34.21180342173932,0.6931785088560125,19.78266765171983,200
M6 transition down,25,MF-HVKG,0.9033630379338548,0.008391158664434331,162,0.9060121577067929,0.050083872970745444,0.06452372569149947,36.10568626955219,0.6250173755462032,19.353360540766026,200
M6 transition down,26,MF-HVKG,0.8868531240544588,0.009433750674730892,154,0.8912868174478643,0.0626482307637854,0.07597310704530781,34.80068975872175,0.5809261611389123,19.27365628882483,200
M6 transition down,27,MF-HVKG,0.8880002543468458,0.006769059786513207,157,0.9255745345845806,0.04248394491828579,0.07208184639016724,30.475352649489498,0.639305263521583,18.26271038312884,200
M6 transition down,28,MF-HVKG,0.8968861741895103,0.009678822047856481,157,0.8985170882607476,0.057966789169209276,0.07122711546834345,34.71219492026126,0.6023983003756348,19.327551212466435,200
M6 transition down,29,MF-HVKG,0.88770982649979,0.010677687041893393,161,0.8933783949973396,0.04530002650773365,0.07383029977740779,35.52603921441983,0.6223136292632977,17.562284637750317,200
M6 transition down,30,MF-HVKG,0.8913424163602648,0.01009905436640602,159,0.8978242492145477,0.05651932852672371,0.05763849787405194,35.588753224196815,0.6060303723864441,20.0189707245843,200
M6 transition down,1,qLogNEHVI,0.8810724582652294,0.008247407217837295,167,0.8942484508342692,0.05049826241031642,0.0771381923810476,35.57339079382183,0.6956557088431242,20.06135961345878,200
M6 transition down,2,qLogNEHVI,0.8853526302238108,0.012129103283696208,171,0.8844486364590176,0.06597743972727382,0.06525566508614716,32.30227160430734,0.6473940162412016,20.58147507809263,200
M6 transition down,3,qLogNEHVI,0.8774292517543713,0.010726651321450505,171,0.8853808198631069,0.05262379848480355,0.07297290847513431,32.72688582420858,0.6646019285953627,20.69011142858009,200
M6 transition down,4,qLogNEHVI,0.8904536004214685,0.009395090816551781,168,0.9054845410756146,0.06004135403839738,0.06818101876589017,35.24850472624844,0.5986007781342996,21.4764001058743,200
M6 transition down,5,qLogNEHVI,0.8859869370567505,0.009231890910420999,158,0.8915460439526841,0.07038579191679006,0.08059517087606555,34.6639299016504,0.6855538433499417,19.68681907914231,200
M6 transition down,6,qLogNEHVI,0.8854931417677229,0.010497474261276687,175,0.8836822100304531,0.06456646564986249,0.06791969964103753,31.753512671132803,0.6525248224565492,19.479678670755778,200
M6 transition down,7,qLogNEHVI,0.8807290289272605,0.009524069275400403,156,0.8903795852677917,0.04886335761655858,0.0782077787941719,32.50624491228452,0.6438422419180018,20.339588169424044,200
M6 transition down,8,qLogNEHVI,0.8967747055583632,0.008628289191258921,173,0.8864302793995475,0.07550205121297426,0.060506874264064675,31.852574493470136,0.6684137180821818,19.91493569382123,200
M6 transition down,9,qLogNEHVI,0.8788961327993153,0.008554597669139984,162,0.8720354350580494,0.04622059148710009,0.05967231710247017,31.916115508870476,0.5834609466954089,18.787447727980243,200
M6 transition down,10,qLogNEHVI,0.8811562955042006,0.011908238256921305,162,0.8773242047421042,0.04987110983441428,0.07006934004578919,33.2901444352401,0.6726204277392559,19.615435821596773,200
M6 transition down,11,qLogNEHVI,0.8898811287502958,0.007552759444488027,171,0.8996506050453634,0.057553448338544026,0.06692264087630602,36.80469774477011,0.6441832552529448,20.07662796987464,200
M6 transition down,12,qLogNEHVI,0.8918504677875775,0.008878753639795726,172,0.8759729906177391,0.06758625307582913,0.08558913286879077,31.60442622408062,0.6130085137179904,20.510488284313418,200
M6 transition down,13,qLogNEHVI,0.8872535811064156,0.008054241124057214,160,0.8676385137316943,0.06227343631052551,0.0697426442964191,34.34050686165878,0.6871900569425337,18.89628528714905,200
M6 transition down,14,qLogNEHVI,0.8815355276974788,0.010992264499454216,158,0.9032560105088486,0.05946165695809924,0.06803183287756472,32.705790089458176,0.6793673588381592,21.326010292740513,200
M6 transition down,15,qLogNEHVI,0.900099386048344,0.009744732825290137,167,0.8943322598988829,0.06544132102157692,0.06295363774119987,35.271726978904816,0.6594862564765196,20.026534900240446,200
M6 transition down,16,qLogNEHVI,0.8931297310290599,0.009243259169536151,168,0.8793674393782898,0.0666907675004999,0.07106685486997721,30.76801954584385,0.6172908650812923,19.794007351738628,200
M6 transition down,17,qLogNEHVI,0.8893219074719068,0.009787578552035988,176,0.8830084514036308,0.06768634843369606,0.06452004316440416,34.25157046105339,0.6563174917138878,20.194701446598682,200
M6 transition down,18,qLogNEHVI,0.893339599288653,0.008201169560759551,161,0.8976795906680549,0.07126068947065861,0.07250096369106764,34.618695525899696,0.6688446784874106,17.747434009042614,200
M6 transition down,19,qLogNEHVI,0.8864624283061446,0.01078265313013165,160,0.8963910158497698,0.07137078367355436,0.07106753852959262,34.7828145154121,0.6527128078046086,21.158960310478385,200
M6 transition down,20,qLogNEHVI,0.8836851089494879,0.00864414854962267,163,0.8831580490508127,0.06296264353762517,0.06545714581287317,32.39978090812485,0.6623050866402859,21.532238274119774,200
M6 transition down,21,qLogNEHVI,0.8866084403747012,0.008790853926524674,167,0.9030909083770817,0.06390662527313407,0.06617829970307629,35.66880937067541,0.6247314870290549,20.007669460891208,200
M6 transition down,22,qLogNEHVI,0.8854982964530466,0.0098844277607541,161,0.8824324777823221,0.06349833827404358,0.06037764552467083,34.44689366783988,0.6490180444872027,19.723065405054182,200
M6 transition down,23,qLogNEHVI,0.8866098381166327,0.010612274174389202,161,0.8998334707788637,0.04469056489330825,0.07827989713134836,36.04606310071354,0.6348320722007346,20.36873549356536,200
M6 transition down,24,qLogNEHVI,0.8972461605301985,0.008951155224287126,162,0.8913960781793305,0.05525920601681373,0.06393195932243019,36.702536563357384,0.6269311218647236,20.416085844466593,200
M6 transition down,25,qLogNEHVI,0.8877436463038579,0.009856439085518604,160,0.8760987339084262,0.049980665115821526,0.06351289391241399,33.824003668814484,0.6450845948271858,19.339318048268733,200
M6 transition down,26,qLogNEHVI,0.8914628857126455,0.008571073109936473,173,0.8938137227982786,0.06302862666476357,0.07379915152642177,34.21933222796489,0.625272195563702,19.045944227881154,200
M6 transition down,27,qLogNEHVI,0.8962971366301697,0.009045852412667742,167,0.8936181825830775,0.055131722378446116,0.07137215685940745,35.55939137470273,0.67468698242461,19.349416051886948,200
M6 transition down,28,qLogNEHVI,0.8823412583856504,0.008393961894544645,160,0.8895874822509272,0.05890989606575566,0.06748562537366483,32.70940238093454,0.6354306484253347,20.549288313966372,200
M6 transition down,29,qLogNEHVI,0.8940881315795955,0.009347925299741456,166,0.8909167261525803,0.06203204465087505,0.05639668592018101,30.756722794931104,0.6745652081820948,19.13089101953142,200
M6 transition down,30,qLogNEHVI,0.891367183254148,0.009490996295784723,165,0.8980921660933001,0.04689221770922407,0.06695894537847029,32.86680331079366,0.6339790103491207,19.904114325371047,200
M6 transition down,1,MOMF,0.8795153504682339,0.01032118303718255,149,0.8940860865029332,0.06725170565198105,0.07533349029914393,29.86362053900955,0.6236941883199355,18.003824356969787,200
M6 transition down,2,MOMF,0.877377979659074,0.012506164960871417,149,0.8921794770606364,0.06453917126968563,0.06651189206354419,31.24532083899464,0.6335177400172802,18.16756030677427,200
M6 transition down,3,MOMF,0.881635861832483,0.010096876600703209,159,0.9084656648184523,0.05572076129024873,0.06628929775744503,32.709046278105745,0.6661488573670895,19.940886178812416,200
M6 transition down,4,MOMF,0.8815396122781084,0.01079881998109791,155,0.8799849239104306,0.06262239895261537,0.06983018685856603,34.367912262533686,0.6505996158747592,18.58383916267398,200
M6 transition down,5,MOMF,0.8907376266209646,0.00913259918066448,154,0.9293812187738864,0.051811274752959345,0.07174742912548739,31.719233162960684,0.6766198125325523,19.219677557705445,200
M6 transition down,6,MOMF,0.8855426017042144,0.010561990939008859,159,0.9182669968498132,0.06882984054291043,0.06598291681856079,29.865974393883008,0.6473313981331131,18.940744736753803,200
M6 transition down,7,MOMF,0.8840160831396455,0.009346937031380304,151,0.9009909681881035,0.0528329555842304,0.07343024911828608,33.35675137038903,0.6369606292012396,17.547769520278507,200
M6 transition down,8,MOMF,0.8851461796191521,0.010165746458083989,147,0.9110949477306461,0.0660766680926066,0.07563741196953581,33.45890026174034,0.624561837331437,19.758156513092118,200
M6 transition down,9,MOMF,0.8780070151601869,0.011069678265259819,141,0.9032323849359738,0.05095299212685351,0.07251461465780351,30.27352545000362,0.6759568126482679,20.51854189705813,200
M6 transition down,10,MOMF,0.8823281966564548,0.01025258148611723,150,0.8906614749691432,0.06725675858109029,0.08223057839579971,34.944598745263235,0.6768452408139572,20.028872455282034,200
M6 transition down,11,MOMF,0.8802826469480484,0.010208449824932984,145,0.8718615900578676,0.058579999854309325,0.08698564857490132,35.109958897942,0.6809203405522962,18.84421847913553,200
M6 transition down,12,MOMF,0.8774697683244853,0.007443839137320338,146,0.8907303817299469,0.0573733435726628,0.07408909137720364,33.835652222008605,0.6405027486240277,19.36247152656362,200
M6 transition down,13,MOMF,0.8938641635691025,0.007594353598640469,152,0.8707255059178407,0.05871489464103035,0.06224741572576095,32.87596759091828,0.6595842091015091,18.653009953305826,200
M6 transition down,14,MOMF,0.8917867173142221,0.012044488598017399,150,0.8961293589457436,0.05698417859924461,0.07299049270421823,36.293950072866124,0.6857772863834448,18.1168454049056,200
M6 transition down,15,MOMF,0.8847214132729134,0.009046789357371387,155,0.8785494759147993,0.050618517682751364,0.0710341336577353,33.06619198960898,0.6615788493832868,18.529168539057537,200
M6 transition down,16,MOMF,0.8914408224316929,0.009055774583191763,149,0.8944890530702112,0.05940671416971506,0.0719977153366675,36.10281649709398,0.59524421736672,19.505795533064173,200
M6 transition down,17,MOMF,0.8854134078171688,0.007216616996915682,155,0.8984333174357827,0.05021329046302643,0.06488322978209285,33.41526541980717,0.6718393206280479,19.234274339233394,200
M6 transition down,18,MOMF,0.8918169283622936,0.01069032315314891,158,0.8705528864691174,0.05843591507845495,0.06697613416205316,33.08767416965091,0.6228150671105471,17.519972681989703,200
M6 transition down,19,MOMF,0.8911864845371308,0.006581025612580853,164,0.8860695387498361,0.051800259591518835,0.061893572464230724,33.62731653331434,0.6598842743113099,18.395704181887453,200
M6 transition down,20,MOMF,0.8787754741318019,0.011671898789623063,144,0.8604968966625054,0.047553108720627874,0.07278475516542846,32.299320075160026,0.6572065577183414,17.61705318595662,200
M6 transition down,21,MOMF,0.8778840111131886,0.009615312022269501,152,0.88091403419527,0.058013937464298164,0.07477165552951948,31.069874301061905,0.6591449055228863,17.89933714183372,200
M6 transition down,22,MOMF,0.8868249964895096,0.010577988024585653,160,0.9041951286049242,0.05957684110861254,0.07198243359283017,31.01260376534879,0.5982440069991923,19.235864117421897,200
M6 transition down,23,MOMF,0.8777938771903336,0.012840106209649317,154,0.8845466145883539,0.04484222624722465,0.07732693529523627,31.049068462818177,0.6005813912120882,20.02158940594735,200
M6 transition down,24,MOMF,0.8851075187210609,0.009891411573574496,155,0.9173636154677977,0.057501123828810626,0.07419265684679657,33.56801851929661,0.7235344827530591,18.768680221073588,200
M6 transition down,25,MOMF,0.8792454865782753,0.009295354445185219,149,0.8947563577593532,0.053939377086812845,0.07830217898205907,32.16618187525274,0.6607354258497172,18.627566680470633,200
M6 transition down,26,MOMF,0.8740007250655749,0.009029640460324465,153,0.9052595426880147,0.06818119543481516,0.06138838333280454,31.07557239922496,0.6751389071933257,18.369576296922105,200
M6 transition down,27,MOMF,0.876628023880589,0.010227693854908146,155,0.9145130166767564,0.05728772359645366,0.07649356817327957,37.47490559241653,0.6409350574167372,19.46841781246848,200
M6 transition down,28,MOMF,0.877977126442002,0.01007972830826086,155,0.9254793594369657,0.049466364272785286,0.07245652234556625,33.36830086462956,0.6194033913528704,19.842044873706804,200
M6 transition down,29,MOMF,0.8813086922849391,0.008782803955783534,153,0.8795731458933482,0.05794539434127856,0.06647591532177155,33.83842499771606,0.6196156604003507,20.5624714897821,200
M6 transition down,30,MOMF,0.8791033924174751,0.012702969654323267,156,0.8789662787747973,0.05737363331455391,0.0712307157914511,33.903798255150434,0.6415876676916286,19.350868974863015,200
M6 transition down,1,PHSEA,0.8821667515896751,0.011432538007004589,175,0.8952069021542953,0.055423050030286795,0.0713731204924591,32.788208012060934,0.6367819970697965,19.553175322881113,200
M6 transition down,2,PHSEA,0.8791693238355077,0.012460166526921189,168,0.8888512266182375,0.05539201730953282,0.07266765033749982,33.89580293501096,0.6302425562143271,19.993757307757665,200
M6 transition down,3,PHSEA,0.8772956035919456,0.01400933452233227,174,0.907163192301056,0.04145877914652835,0.0659863679637859,31.203300867580985,0.6647464716372496,19.716329747205073,200
M6 transition down,4,PHSEA,0.875410063461224,0.010128130830821274,177,0.9070158783895041,0.058788985979134775,0.07377235142635336,32.985167305685934,0.6749026028418298,19.53072838937747,200
M6 transition down,5,PHSEA,0.8857848496471672,0.008852748048615328,174,0.9051840979516047,0.05699486261471694,0.06423619325808766,33.80723244171465,0.6280650507044706,19.609527230564858,200
M6 transition down,6,PHSEA,0.8684846813866632,0.011342805769677328,163,0.8867005806524306,0.05977913021119741,0.08739388027343135,30.18642619782643,0.6251426298009747,20.25330195873039,200
M6 transition down,7,PHSEA,0.8736922983577071,0.012314485686729038,182,0.8960648674667168,0.052934707298857436,0.07900882083858783,29.65356140717491,0.6623561540243695,19.325404142261064,200
M6 transition down,8,PHSEA,0.8883822268152584,0.009866911236045328,173,0.9069163700411568,0.04993195440508354,0.07166645937206716,35.126570951487906,0.6678071058059751,19.99468391361306,200
M6 transition down,9,PHSEA,0.8766055340987198,0.010661312040328441,179,0.9001497699813223,0.05102621380636069,0.07993885333430767,34.961434562433794,0.6528280205544315,19.624469609293044,200
M6 transition down,10,PHSEA,0.8732676751071677,0.012281264075755511,181,0.9121367039521626,0.043316508768124734,0.07049892895095765,36.93157322883347,0.6799369453537143,20.555362171709444,200
M6 transition down,11,PHSEA,0.8827296813137504,0.011047994351064636,166,0.9071662648016783,0.050964260946145035,0.0793678065058787,34.506685880134164,0.6825931684533098,20.468980770918037,200
M6 transition down,12,PHSEA,0.8664670667153999,0.01482330397233977,179,0.9010926637472184,0.05394818716336,0.06620571989552473,33.5194160391261,0.6403281278419639,19.20640428366468,200
M6 transition down,13,PHSEA,0.8795246760710588,0.00838933630023115,176,0.893425753211065,0.05049063177055612,0.08567863515842054,34.077583923492526,0.6699041961860023,19.367867336815994,200
M6 transition down,14,PHSEA,0.8792257907900605,0.009259555566594956,174,0.8883937250688052,0.05733711040001306,0.07209555182052939,30.867380350222074,0.663162583329404,19.70435173736448,200
M6 transition down,15,PHSEA,0.875177624869438,0.011416000602859386,184,0.8985742319608219,0.05740527582724441,0.07920654905817302,30.785372503644954,0.6685416012539415,20.294755709710234,200
M6 transition down,16,PHSEA,0.8669887240314847,0.011628979569778208,175,0.9049022254767966,0.052117342160440124,0.07141853469519929,30.808925212295584,0.6256326006199355,22.810178967773947,200
M6 transition down,17,PHSEA,0.8751025819550466,0.012316112511799324,171,0.8866406113524065,0.04774137530305895,0.08185205584092103,30.079491593443525,0.6451806171293106,20.18006186954824,200
M6 transition down,18,PHSEA,0.8799400659793051,0.010808842973900317,186,0.9323301064095528,0.04814231438568055,0.06652522749792626,34.83518270344283,0.6519510010172064,20.29319662447887,200
M6 transition down,19,PHSEA,0.8795042337513996,0.011552215092315273,175,0.8948984910704157,0.049086321154821665,0.0821631817894805,33.24733539382652,0.5950924682725086,19.846011027907156,200
M6 transition down,20,PHSEA,0.8832917339560296,0.014073176294193508,181,0.9039311151748388,0.05051252245159284,0.07260767370076134,31.55557121682592,0.6406542838955652,19.217578998167234,200
M6 transition down,21,PHSEA,0.8772789784733617,0.011363241002895267,165,0.9090589123577844,0.05606048412717673,0.07914441663281845,34.950817354349105,0.6120096607156852,20.433533018663883,200
M6 transition down,22,PHSEA,0.8838823133699434,0.010765240552646443,169,0.910322706007327,0.05675750365250522,0.06649139125897002,33.43162896971291,0.6763561823955557,20.317618498973683,200
M6 transition down,23,PHSEA,0.8858263662134287,0.011196868175926255,184,0.9010831651591827,0.04757997428121451,0.08253110815482215,33.34363384059003,0.6305759066951558,19.079578977904134,200
M6 transition down,24,PHSEA,0.8835281455005279,0.010147692727284035,177,0.9002527237983796,0.05334856752207481,0.07256322189923034,33.35428690408881,0.6225092676521685,19.520894080194058,200
M6 transition down,25,PHSEA,0.8907347658804674,0.010321086847214098,166,0.8844719721436961,0.053273700588837375,0.06647610444253477,34.94309442371649,0.6794664205791672,19.82592020051141,200
M6 transition down,26,PHSEA,0.8712358430554348,0.010862505989633332,171,0.9091121720608124,0.05143786372629721,0.07691529337051148,34.832491404941486,0.7040987302593459,20.173411885012502,200
M6 transition down,27,PHSEA,0.8721405919339393,0.012510438214647174,169,0.8990109230522662,0.06625933255503752,0.0785827446418386,32.042526132779116,0.6948767227659947,19.72862307766849,200
M6 transition down,28,PHSEA,0.8866491894054225,0.011541856274060047,172,0.911139180704555,0.060431554925731615,0.07137241745627251,31.708436850261908,0.6483268902035837,21.10453062097413,200
M6 transition down,29,PHSEA,0.8778824936082615,0.010737864939527136,175,0.9148374729535593,0.054529116511234835,0.0642783228610114,34.122466371527146,0.6872462872401235,19.57450772822679,200
M6 transition down,30,PHSEA,0.8757574103012792,0.011573138349637819,168,0.8901708483237066,0.05672127816896305,0.07898136986031112,31.003134996848367,0.7024740803155272,20.30906375744715,200
M6 transition down,1,MSAEA-DM,0.8702320136486071,0.010645756265351976,181,0.8788133923993097,0.06588735902091822,0.07047565981567398,32.23579691081019,0.6284404490084603,21.441363711109002,200
M6 transition down,2,MSAEA-DM,0.8694027981604483,0.012329255696547903,181,0.8684966882469515,0.06866717530612097,0.06817940766920409,31.943110335714827,0.6568210397532905,20.67586874618683,200
M6 transition down,3,MSAEA-DM,0.8802449106732605,0.009520672233910794,183,0.8873194389992299,0.07649157637534204,0.06665131651019851,33.729890626239026,0.6641070912931981,20.005928689949936,200
M6 transition down,4,MSAEA-DM,0.8688705081881406,0.012896976832515077,180,0.8949774786225343,0.061756607586259636,0.07553940122492322,33.873427378150545,0.677282782341523,22.374563110778467,200
M6 transition down,5,MSAEA-DM,0.878092602218645,0.0123974803547381,173,0.8776869482127283,0.07679493734341793,0.07588721062111402,34.17939152192719,0.6694901440057343,20.09606892721457,200
M6 transition down,6,MSAEA-DM,0.8643477201337619,0.01381026578023742,197,0.87012016002769,0.05937781789809887,0.0790535467738586,32.91914971153828,0.6242599075159398,20.515482063133078,200
M6 transition down,7,MSAEA-DM,0.8748440789313082,0.012733863199349132,178,0.8737965879203556,0.061942445429608126,0.08647111650192511,35.17529190731336,0.6483374708744588,21.462845451827288,200
M6 transition down,8,MSAEA-DM,0.8798902491984902,0.011513108586967647,185,0.8670818823546379,0.06269915230266222,0.07937318711215076,33.58612203091306,0.6486995626466971,20.165993630997587,200
M6 transition down,9,MSAEA-DM,0.868178609125839,0.015350520343240106,182,0.869267197375047,0.048622854235912734,0.0691932541350272,33.125398790249,0.6478694828816027,21.1830155763708,200
M6 transition down,10,MSAEA-DM,0.8758572150586734,0.011853565214505046,175,0.8862861049151162,0.0644264698332664,0.07155211133004205,33.030988169896624,0.630747091138074,19.965249468932942,200
M6 transition down,11,MSAEA-DM,0.8738948803852035,0.011692936149033061,188,0.8822127804708478,0.06242854740061661,0.06426480323976787,33.21591469035288,0.6779532503505465,20.272047935251557,200
M6 transition down,12,MSAEA-DM,0.8721445064823244,0.012009189548896217,186,0.9097015536733101,0.06876292753752411,0.07116451490386227,34.20915815195647,0.664604734134725,20.4870478039484,200
M6 transition down,13,MSAEA-DM,0.8694540747277149,0.01328313291436584,186,0.8998948129640685,0.07412723342244752,0.07590978911565967,30.12665640781149,0.6701960897175285,21.58224864729332,200
M6 transition down,14,MSAEA-DM,0.8875451832222649,0.011782956670648579,176,0.8648112881969944,0.06293313586928737,0.0691886828760636,34.53041052631828,0.6142387665883485,19.62357829407166,200
M6 transition down,15,MSAEA-DM,0.8734340096843501,0.009088094689005954,180,0.9063068161776908,0.07134523229230803,0.06574272798076453,32.77383166915854,0.6626842404488444,20.120218645498838,200
M6 transition down,16,MSAEA-DM,0.8666212820371464,0.01295425278241555,181,0.8809486558214998,0.06215212678537838,0.08782345714300788,31.634766034959696,0.700108147902637,20.789009918972425,200
M6 transition down,17,MSAEA-DM,0.8685832229901723,0.010585599322095173,168,0.8851432866764727,0.06768875318667662,0.0794983588202615,31.4385772225894,0.6701736698837044,21.09264714987929,200
M6 transition down,18,MSAEA-DM,0.8712284691125618,0.012830178914352704,178,0.8973798233847196,0.06716235007021791,0.07897868141389981,28.127672913751542,0.665827294900333,21.521366178898212,200
M6 transition down,19,MSAEA-DM,0.8642959235820122,0.014902789497847992,178,0.870342348992572,0.06740290913399483,0.0660821177890446,30.552884790261324,0.6635017270436019,20.851285973685943,200
M6 transition down,20,MSAEA-DM,0.8707830953705561,0.010926206222016923,181,0.8523359273070703,0.06172078942501872,0.07041925628823646,36.009407445639475,0.6527151488446461,20.407883437433767,200
M6 transition down,21,MSAEA-DM,0.8625092141259798,0.014473536867102368,184,0.8728682969938073,0.061996505844284164,0.0762184765732995,31.512547082611743,0.6619388643396844,21.93274516614161,200
M6 transition down,22,MSAEA-DM,0.8760429573725258,0.011986226076262431,178,0.8895477118878735,0.05735050533429454,0.06552741553200517,32.25809545473535,0.6344714856868899,20.606254011541008,200
M6 transition down,23,MSAEA-DM,0.8724171456854751,0.014396804870351316,185,0.8938796793850553,0.05676429452651096,0.06783651290897705,34.53411101751852,0.6459160012411469,21.438578510690515,200
M6 transition down,24,MSAEA-DM,0.8764078036716278,0.01243740432827679,174,0.8747460394465211,0.06861031343144887,0.06494477703037049,31.772382692779683,0.6497040761972621,20.368043271516147,200
M6 transition down,25,MSAEA-DM,0.8815552376287896,0.012608398016251016,191,0.8744100765986389,0.06493741469025449,0.0778288288388179,32.76869760508359,0.6687620891038878,21.332380169422816,200
M6 transition down,26,MSAEA-DM,0.8779755385315727,0.010179726955346306,179,0.8839679779697087,0.058032630846026875,0.07095792929054989,30.170360187920572,0.6678175248525389,19.942976694902868,200
M6 transition down,27,MSAEA-DM,0.8617252298435115,0.010574503168146933,179,0.8715415143529455,0.06251321952643164,0.07272783471166198,33.5075269387469,0.6269433179658046,20.606814036994784,200
M6 transition down,28,MSAEA-DM,0.8767027293632601,0.011748472332108306,171,0.9143586682288988,0.07105507228539477,0.071233886865729,31.919109578352785,0.6622960159132302,20.555620939411163,200
M6 transition down,29,MSAEA-DM,0.8777090926257354,0.01405866941709703,192,0.8627411186836305,0.070942113760836,0.06724987993794786,34.81047983347615,0.670165886369556,22.02936163463474,200
M6 transition down,30,MSAEA-DM,0.8755251783647611,0.012255044408226187,178,0.8807576410961512,0.0677391801619689,0.07979207186081873,31.64089165807951,0.6765070880180146,21.188861781488306,200
M6 transition down,1,AS-SMEA,0.8696777213074701,0.01246862146522761,173,0.8871175488317398,0.06240931081866037,0.07697354802880262,31.538020032206017,0.6341263481038627,21.09031406984776,200
M6 transition down,2,AS-SMEA,0.8745306371736995,0.010773556694237395,181,0.8602634585313498,0.06534788149790381,0.06785953039712932,31.138242173608518,0.6700418494738423,19.63239192936126,200
M6 transition down,3,AS-SMEA,0.8910832886116364,0.011464644993577116,175,0.8741673518101227,0.0593831065136462,0.06878924663913888,34.52679728212004,0.646083321085177,20.75063279885282,200
M6 transition down,4,AS-SMEA,0.8848264476784152,0.010690895986779074,184,0.8539505730422072,0.06498238581520142,0.07790888647148363,31.62409628901149,0.6235013567807874,20.1815472427325,200
M6 transition down,5,AS-SMEA,0.8864008141796785,0.010450571835111618,169,0.88303814471086,0.0585033443942839,0.07891418444110049,31.585174611359662,0.676799349305047,19.369898732606394,200
M6 transition down,6,AS-SMEA,0.8802050743935752,0.012781472073847219,180,0.8716333505680416,0.05125039258408681,0.07307909131200087,31.126760527076787,0.6489608659802011,19.679254055393613,200
M6 transition down,7,AS-SMEA,0.8728527097360527,0.011397166435749187,176,0.8780534386671802,0.06282333796155262,0.07887516302739057,31.928888313361565,0.6443431687935972,19.80628758120806,200
M6 transition down,8,AS-SMEA,0.8829643101963748,0.012760813358703955,169,0.8740460789582647,0.04943554115564163,0.07009106634632642,32.91138679313943,0.6503208400535945,20.48827699876058,200
M6 transition down,9,AS-SMEA,0.8618392564290794,0.013115522431182552,179,0.89512604208217,0.07098238924070611,0.06771592244346297,34.33648872799227,0.6821075923585556,19.230841709545796,200
M6 transition down,10,AS-SMEA,0.880222999849463,0.013288460188625624,189,0.9054997378735651,0.0801159230843017,0.06877301476129091,33.273883518638236,0.6465434928793474,22.150416099018575,200
M6 transition down,11,AS-SMEA,0.8764988678175454,0.011947005000800735,174,0.9048793293262478,0.07014168675929758,0.07950338553699256,32.21341821849234,0.6468550250267694,20.392792407754534,200
M6 transition down,12,AS-SMEA,0.8783920545467294,0.0102508276437027,183,0.8575389701281244,0.06512998552388724,0.07774235087565771,33.17416124802901,0.6270612707764651,21.42950105952658,200
M6 transition down,13,AS-SMEA,0.8749311696127258,0.011809837124969245,194,0.8951476882413082,0.06401648196418558,0.07150313813204857,30.76585545287976,0.6121556726242624,20.96256556329888,200
M6 transition down,14,AS-SMEA,0.8699763815648548,0.011849893265052659,178,0.8877514016137107,0.060119691533033426,0.07872409888384983,33.616900913248784,0.6940789991737252,19.849330446358522,200
M6 transition down,15,AS-SMEA,0.8758404513887407,0.00942057983178653,184,0.8561767324322935,0.07412195868380177,0.07575098116408091,33.66673942896255,0.672583998536704,21.26900536210725,200
M6 transition down,16,AS-SMEA,0.870992492838028,0.012547417436144685,183,0.9202786567420504,0.06229947039169164,0.06911239175761279,32.891241750516315,0.6573273704543106,20.319935666868137,200
M6 transition down,17,AS-SMEA,0.8889973742190297,0.012218592883980825,178,0.8687426327161445,0.061450988270297505,0.06515969703742505,33.02221351490843,0.6292003817818611,20.74702920908824,200
M6 transition down,18,AS-SMEA,0.8775391903661576,0.010381370671476346,177,0.8993459878535718,0.06274269283533192,0.07701134750738076,33.75419039113545,0.6467079160368777,21.169886784167602,200
M6 transition down,19,AS-SMEA,0.8742267894161599,0.011845839404926858,172,0.8874027185664722,0.06406651807738908,0.08798168304854828,30.950745400281857,0.6413514571091469,20.207223555575816,200
M6 transition down,20,AS-SMEA,0.8745129994665419,0.012562863031172223,169,0.8765696601017197,0.060350319235671857,0.0750765586081455,33.122340469309286,0.6662494099821374,20.77635113725475,200
M6 transition down,21,AS-SMEA,0.8809355731818839,0.013038126061442843,190,0.8883411880260066,0.07454606872799295,0.06618280084846473,35.505644683338154,0.675666180475053,20.10129923794816,200
M6 transition down,22,AS-SMEA,0.8807938929045215,0.010837362796697097,170,0.8520198456701762,0.07473947254356544,0.06245390258542973,31.680465431655296,0.6520554704755633,21.486142809369575,200
M6 transition down,23,AS-SMEA,0.8713834970312929,0.010425175299131862,180,0.8951019134910517,0.0684165849517992,0.06872561979964713,32.02803905152377,0.6344305801124291,19.966895645401014,200
M6 transition down,24,AS-SMEA,0.874811129138772,0.011438294575886477,181,0.8664913353886388,0.07650040757418801,0.0716571723935536,31.867566852335006,0.6499069550380128,20.376303453570966,200
M6 transition down,25,AS-SMEA,0.8872329256417645,0.011359770181168032,182,0.8567276685316778,0.06047404232817901,0.06601502160442606,32.48672237862346,0.6497731249890597,19.631708489716395,200
M6 transition down,26,AS-SMEA,0.87877396567053,0.01133481786125674,182,0.8983695437969641,0.06702881935986664,0.07562615210513203,30.10057290765055,0.6471028527054773,21.04963367940118,200
M6 transition down,27,AS-SMEA,0.8687656545300154,0.012484910154326397,183,0.8901567273958827,0.08390909503875457,0.06350671337686961,33.36047508588217,0.693629374774962,20.936002148453156,200
M6 transition down,28,AS-SMEA,0.8801750261865282,0.010691277559934502,181,0.8780208167377568,0.05916165181742812,0.08289393376864533,31.742860436553777,0.6231893517324623,19.922738476402415,200
M6 transition down,29,AS-SMEA,0.8695511791805157,0.013303649970341601,173,0.8955366502512055,0.06101762586896095,0.06503450240005965,29.835372654525088,0.6584916603885789,20.388003272397086,200
M6 transition down,30,AS-SMEA,0.8788846583447667,0.011876824026656014,179,0.8948064978175725,0.07059573055765604,0.06574445043938527,31.59834809160736,0.6210917079526731,20.34042049882494,200
M6 transition down,1,B2 direct screening,0.8693116701720348,0.012966671115351375,179,0.8964656158879467,0.07749540091269982,0.08104897587420487,32.40028824640687,0.6751158739189771,15.08801661505993,200
M6 transition down,2,B2 direct screening,0.8666340939562346,0.012504228114704037,195,0.8917194440858087,0.06866231116471612,0.08008404359568917,31.342866150455123,0.6703193521212794,14.95814055218962,200
M6 transition down,3,B2 direct screening,0.8630089036971961,0.013924016218077487,187,0.8652207736052275,0.07151473874715122,0.07343266065893114,32.390307672264605,0.6647056578946915,15.29210781500363,200
M6 transition down,4,B2 direct screening,0.8582999077288783,0.012809303980918993,188,0.8628409222276754,0.06226201944617682,0.06986217841729064,30.00641870347453,0.7084324038413139,15.537472373262588,200
M6 transition down,5,B2 direct screening,0.8697604151652049,0.013507902556710624,180,0.8727625046260918,0.06344210950071351,0.08859612666560582,33.347964374399105,0.682310398242716,16.674804180087776,200
M6 transition down,6,B2 direct screening,0.8737686809867956,0.012253652924060675,188,0.8704769250335608,0.0841378525330317,0.07493304067055366,31.129324049373103,0.6419668664991948,14.461950899325636,200
M6 transition down,7,B2 direct screening,0.8712229049736165,0.01613207694480874,196,0.8750352578532294,0.0846926566406171,0.0849437901604619,31.257903575215295,0.6604772565949714,16.706513227017254,200
M6 transition down,8,B2 direct screening,0.8773352901163063,0.00956743559484,192,0.8837201545496317,0.0625430801196993,0.06567978143405903,35.80670970394504,0.6379137529481941,15.291711852670113,200
M6 transition down,9,B2 direct screening,0.8543848761112334,0.015629575014368194,185,0.8845100616094397,0.07095926384415464,0.08340399432606223,33.49829115545247,0.6145048293997107,15.930757172074193,200
M6 transition down,10,B2 direct screening,0.8819720768331896,0.011513929166779558,182,0.8586424967067143,0.06895527188797121,0.08605941064286748,33.29085624820807,0.6116485656483949,16.974457221670246,200
M6 transition down,11,B2 direct screening,0.869400159431167,0.01258948145701871,186,0.8549158627484745,0.08291135684704276,0.07110824427906592,30.36000298673083,0.6070257684491953,15.902703486444397,200
M6 transition down,12,B2 direct screening,0.8610385123388709,0.013261562340712803,184,0.8625814319918127,0.07258936705182623,0.07210312284295971,32.40546627738482,0.6246796962507698,16.271863260569422,200
M6 transition down,13,B2 direct screening,0.8740593586535169,0.012509985680126887,190,0.8708928437737966,0.06999062856023128,0.07683725932520784,30.498764943760037,0.6518874128735683,14.469838985310568,200
M6 transition down,14,B2 direct screening,0.8651958568613736,0.016307541465780822,200,0.83908596204018,0.06951116711505279,0.06981142089650921,31.270766732336792,0.6421073360362232,15.232983173475693,200
M6 transition down,15,B2 direct screening,0.8767999777484378,0.01222280578465477,185,0.8870180913515175,0.06813071582572568,0.07194955032281325,33.3725604150404,0.6964895833404359,15.461470665771238,200
M6 transition down,16,B2 direct screening,0.8669913410588781,0.014044347660962636,191,0.8699040623256848,0.09244252948837116,0.08830978016134015,33.66908682091384,0.6498630526935186,14.6888638005229,200
M6 transition down,17,B2 direct screening,0.8774504211476223,0.00991304925370339,198,0.8649976669149759,0.06133078438560416,0.07670578877214854,33.238538928619356,0.6545390169240046,15.164479234954484,200
M6 transition down,18,B2 direct screening,0.8725708176635499,0.012874658754766231,186,0.8906509089694432,0.06078893575758604,0.07291280900256332,31.354047956384814,0.6736693934001519,15.092243410946518,200
M6 transition down,19,B2 direct screening,0.8737414005526225,0.012414635015087043,194,0.8787091082832693,0.07700856468928788,0.06674238926825017,30.548585261556255,0.6466924758430007,14.247158322307875,200
M6 transition down,20,B2 direct screening,0.8761044119874982,0.013917381486702837,195,0.8535892153047836,0.07918043916459522,0.07376242170599653,34.398518487754465,0.6511899345349379,16.252955630353394,200
M6 transition down,21,B2 direct screening,0.8635532997662667,0.01179374101674925,199,0.8852383784332998,0.08778617299026638,0.08602054145780522,31.132293265968276,0.6107357362857154,14.476575305414508,200
M6 transition down,22,B2 direct screening,0.866074584053102,0.012572685000140062,185,0.9048238708233034,0.06748813321587827,0.0729234483609801,30.928639082952593,0.6745702989265099,15.432454896316752,200
M6 transition down,23,B2 direct screening,0.8692610090744953,0.01305586128303547,189,0.8827282815370828,0.07632995884679351,0.07107091144528555,31.83909064807793,0.6978224776448297,15.366606697026073,200
M6 transition down,24,B2 direct screening,0.8805850128589318,0.013766867018682117,183,0.9062834882326938,0.061751833944251516,0.07196325421246946,34.03107389361037,0.6244756073992364,13.549090209861596,200
M6 transition down,25,B2 direct screening,0.873803448117504,0.01256708983381647,200,0.8718553274458399,0.061725042464157304,0.08406290154431219,32.597261805998734,0.6809286465775458,15.772170808367436,200
M6 transition down,26,B2 direct screening,0.8603571066057344,0.014089054196708146,193,0.8923757157242787,0.07731207729363151,0.06734617562182603,30.237073020786735,0.6552308493966039,15.46868681739992,200
M6 transition down,27,B2 direct screening,0.8740126409627701,0.012283404782081897,187,0.8552239146244287,0.06814601377489087,0.07821386133344953,33.63221242816058,0.6711190556896436,15.307642268012414,200
M6 transition down,28,B2 direct screening,0.8611136210239215,0.010739980083550194,190,0.8791877706285711,0.0713184900528775,0.08514434080562434,29.50404561569943,0.6676461000350107,14.816385477622225,200
M6 transition down,29,B2 direct screening,0.8703529203524605,0.014700818941404663,183,0.8669522221293593,0.0687712946201561,0.06906231400198737,33.93879707237886,0.6523899142028132,16.739784894860986,200
M6 transition down,30,B2 direct screening,0.8600718863955598,0.013553533234778285,184,0.8922342554848365,0.06074652149731109,0.08823114947171626,31.503741668738034,0.6500424649645709,14.474765131527631,200
M6 transition down,1,Original MF-BCL-SAEA,0.8690828344083659,0.01664739296570901,194,0.8626041826464312,0.08172493383150314,0.06680255783393593,29.079041590258022,0.7045133924534264,18.609247045449674,200
M6 transition down,2,Original MF-BCL-SAEA,0.859877047725567,0.015029380150846535,191,0.852675921908997,0.07341965572320444,0.09154740865804831,31.457224292383007,0.6526335930237585,19.549329826886968,200
M6 transition down,3,Original MF-BCL-SAEA,0.8670672372868242,0.011185222782591982,186,0.8637392454438612,0.07281105720356909,0.08276409762858043,30.709681307659967,0.6644012043697699,19.389931566721575,200
M6 transition down,4,Original MF-BCL-SAEA,0.8766150289383736,0.013874438921460022,195,0.8636607115085252,0.0912480138959066,0.06873565715468707,33.89515913521238,0.6544040590409133,19.331922605727264,200
M6 transition down,5,Original MF-BCL-SAEA,0.8628186060232205,0.01635479069288506,184,0.8616084704911898,0.07813466960303095,0.08068061317939684,33.53361527049152,0.6694069025885504,18.400538708468435,200
M6 transition down,6,Original MF-BCL-SAEA,0.856054511141267,0.014730428741100985,183,0.8424172936119134,0.07704741449476747,0.08104303684907058,30.067228069223443,0.6638472415560404,18.306078569298528,200
M6 transition down,7,Original MF-BCL-SAEA,0.860069117482898,0.014158895553552897,196,0.8874990764311683,0.07279422164168345,0.08257258958887322,33.06798058723247,0.659387359366245,18.709391601455238,200
M6 transition down,8,Original MF-BCL-SAEA,0.8545190833581582,0.0179976798526009,188,0.8452788140178327,0.07869971277345365,0.08400980760196411,29.91776631509837,0.6768020033149461,18.837462534780215,200
M6 transition down,9,Original MF-BCL-SAEA,0.8630843977099985,0.0144390356647106,187,0.8656813924382966,0.06914548427089226,0.09108881381282234,34.295461521419874,0.6366956880548629,18.0138000263424,200
M6 transition down,10,Original MF-BCL-SAEA,0.8619164765637117,0.015207489990901303,194,0.8712872293153722,0.07970226416814145,0.06588629147423838,32.50618362552761,0.6375961803165121,18.72468193618802,200
M6 transition down,11,Original MF-BCL-SAEA,0.8637238719711452,0.01447311833895464,191,0.8664893839494795,0.0739069775766058,0.08057645306806151,31.422566179027804,0.6640716066231049,18.7474259717016,200
M6 transition down,12,Original MF-BCL-SAEA,0.8601657215013278,0.014613677243400302,197,0.8757990571084189,0.07996673904751998,0.08320805308188042,31.833039235388313,0.623570812275486,20.324575568370644,200
M6 transition down,13,Original MF-BCL-SAEA,0.8548955647811297,0.014075802412220735,184,0.8653114953188668,0.07525138125594583,0.08199367576666566,31.83679900257831,0.6593269264424108,20.133570652605894,200
M6 transition down,14,Original MF-BCL-SAEA,0.8583767801655852,0.012889132474026205,186,0.86088180878633,0.0819158801339151,0.07158911401451204,29.159114121358268,0.6729982340888667,20.677511812863166,200
M6 transition down,15,Original MF-BCL-SAEA,0.8715089740920497,0.014704420628291167,190,0.8768483352627808,0.07603412190297543,0.07502591447435344,33.280986876214875,0.6707183379705529,18.027075567659548,200
M6 transition down,16,Original MF-BCL-SAEA,0.8672647946272779,0.013794579868332352,192,0.8732164524767726,0.08177416971407556,0.06742398152345574,34.129397819764606,0.6424147860580098,19.047443353867557,200
M6 transition down,17,Original MF-BCL-SAEA,0.8665801344314644,0.012004826191172737,188,0.8815193681002681,0.06962847859992755,0.07606867101366503,31.71159727298299,0.6750135529203094,19.149272684433132,200
M6 transition down,18,Original MF-BCL-SAEA,0.854391366459105,0.01371041350344929,193,0.8673396959319086,0.07448005873082925,0.08697787394729672,29.46271942760809,0.6503942675945703,19.18951866194856,200
M6 transition down,19,Original MF-BCL-SAEA,0.8669627367536384,0.011921802885260548,189,0.8967004895281565,0.08218582868419858,0.07565309931787732,32.92979814788668,0.6351076554828095,18.6625500261085,200
M6 transition down,20,Original MF-BCL-SAEA,0.8610113728507739,0.010689948127905297,189,0.8717899522890091,0.07616923117831101,0.08561021834970056,35.06474552523608,0.6309405370245144,18.89500373918205,200
M6 transition down,21,Original MF-BCL-SAEA,0.8489035317523405,0.016127413937179428,174,0.871473858914972,0.0700438814366687,0.07205093242041835,32.862160257569855,0.6925020329873491,18.385754936560982,200
M6 transition down,22,Original MF-BCL-SAEA,0.8580999413421979,0.014927017551939098,199,0.8493702263070512,0.08878150239207251,0.07488116455297723,30.40916383692292,0.644884989073125,18.730696339130837,200
M6 transition down,23,Original MF-BCL-SAEA,0.8552214546857184,0.014979188503173462,181,0.8801927618325304,0.07674514608450499,0.08240520814005362,31.65450991936558,0.6776958549412312,18.728810743762214,200
M6 transition down,24,Original MF-BCL-SAEA,0.8538596249856152,0.015411990614444092,179,0.859097305377696,0.07897085703336176,0.07802581923231641,33.84879735787792,0.6731174685603141,20.07448886111631,200
M6 transition down,25,Original MF-BCL-SAEA,0.8666068060269454,0.011922620973485678,191,0.8363700734363063,0.07776878534318539,0.07824812534700241,32.10510838200039,0.6864639105652797,21.347757806150003,200
M6 transition down,26,Original MF-BCL-SAEA,0.867248601835416,0.014707118510251544,191,0.8791646286644073,0.06391280718198268,0.08088504493750696,34.771745297416444,0.67633689342725,18.857152212701862,200
M6 transition down,27,Original MF-BCL-SAEA,0.8569077832050022,0.016840869540481317,192,0.8953511978217361,0.07710846664502487,0.08260811384475773,26.90404166021571,0.6696084027719668,20.18856695395598,200
M6 transition down,28,Original MF-BCL-SAEA,0.8650414608310724,0.015066670444200514,191,0.8728585387256657,0.08376647535944085,0.0633843714441993,30.291539876977023,0.644036191073939,18.661185226632647,200
M6 transition down,29,Original MF-BCL-SAEA,0.8738164539595232,0.014843952491221989,177,0.8756362902087521,0.07571236021232056,0.07418924355970984,31.820896624684565,0.6590039840255201,19.879864981377033,200
M6 transition down,30,Original MF-BCL-SAEA,0.8661668380175496,0.011783937329524668,191,0.8596177836449643,0.0815055862493565,0.07568953601359223,29.64204546395308,0.6059276792015823,19.192665893708735,200
M6 transition down,1,ParEGO-GP,0.8445079333889146,0.01794551349422539,200,0.8578815562684986,0.0754219515406302,0.07126121409457342,30.498837846583967,0.6706285777232022,21.87165652062752,200
M6 transition down,2,ParEGO-GP,0.8482009827796229,0.016522914104317738,199,0.822019120532214,0.09492588491817353,0.08778142797910857,32.208646776997824,0.7371607251484578,21.93440438837604,200
M6 transition down,3,ParEGO-GP,0.8533328369530389,0.015013702772010445,200,0.8536142950588413,0.08873266673564592,0.08145546708657328,27.882437385873487,0.630264579300292,22.100474704218477,200
M6 transition down,4,ParEGO-GP,0.8533717497976266,0.016895151613994897,200,0.7945614243377015,0.08912699870205149,0.08186738963119498,31.45270106580637,0.6793894565536496,21.993369533036294,200
M6 transition down,5,ParEGO-GP,0.8396925912759288,0.013380753055412073,194,0.8475783701909066,0.09533438836558172,0.08378227617490647,30.61582080191589,0.6362867893500275,20.84783385136107,200
M6 transition down,6,ParEGO-GP,0.8384125716197007,0.01649448016255327,200,0.8443413201922136,0.09255502025302831,0.09154849541961214,28.950962480586238,0.6807610745225592,21.26523309238416,200
M6 transition down,7,ParEGO-GP,0.8489485302352525,0.013619622724795345,200,0.8429060602894968,0.0931037316752805,0.0795657956589053,29.670694514688424,0.6894038916132308,21.622422471427583,200
M6 transition down,8,ParEGO-GP,0.8355038007075866,0.016709668790511726,200,0.8433444465281836,0.08556047084895753,0.09767360995329243,30.07817199790111,0.6851955553895692,21.350647489631758,200
M6 transition down,9,ParEGO-GP,0.8440863369362894,0.013667013923111072,196,0.8213199267553746,0.09302493184786978,0.07501677720792946,31.948421334164223,0.6725853469024723,21.417198138968388,200
M6 transition down,10,ParEGO-GP,0.8399986131677483,0.018186377630970616,200,0.8668279744823892,0.09381383976915,0.09065405822368021,28.962081286722857,0.7118070340634776,21.33273653612217,200
M6 transition down,11,ParEGO-GP,0.8468460991948877,0.01986101782841552,200,0.849297100399306,0.09558164058125262,0.0870535519436088,31.11907541469712,0.6610872229098845,21.45589663347741,200
M6 transition down,12,ParEGO-GP,0.8498204292580787,0.018477082225815903,190,0.8423070126140064,0.10288840331406335,0.08398338853114719,30.089968732573343,0.670823790240792,20.575047593016343,200
M6 transition down,13,ParEGO-GP,0.8388856191277552,0.018856110922469305,200,0.871468580675671,0.09706461112094095,0.07996683134574277,27.18593888570465,0.706230006133572,21.490973360458312,200
M6 transition down,14,ParEGO-GP,0.8545493840000395,0.016995019581570202,199,0.8347111186733315,0.10384460931217857,0.0751158846889749,30.474128146656493,0.7128745933034306,21.96737073239868,200
M6 transition down,15,ParEGO-GP,0.8576658887349486,0.015349685787777321,200,0.8509548934828162,0.07470923275829396,0.08841709319682078,31.547436713671605,0.6951488142323592,22.04678435093715,200
M6 transition down,16,ParEGO-GP,0.8446538799390829,0.014349163895360027,200,0.8287072403432448,0.09721429828567206,0.09051921143739212,30.15150306009078,0.7028560201992441,20.16686554568506,200
M6 transition down,17,ParEGO-GP,0.8518774272773053,0.022453572532804958,200,0.8373149322321688,0.10049003261664495,0.08591687025169929,29.937539419079172,0.7091868494788818,21.10308998503949,200
M6 transition down,18,ParEGO-GP,0.8389163924916212,0.019201761336811535,199,0.8428973897873724,0.09368589835012663,0.07757381316753079,30.613266119269294,0.6769886332107509,20.225234353143694,200
M6 transition down,19,ParEGO-GP,0.8316724221037934,0.019273823721256727,200,0.8449304655839067,0.09846984069447832,0.09381611623926188,28.981960996214035,0.6928736245346875,20.947010349369588,200
M6 transition down,20,ParEGO-GP,0.8582222181560869,0.013723441877143566,200,0.838739553902647,0.0984810391688831,0.08710241577222762,33.20551409689597,0.6727844328849908,21.98232258747094,200
M6 transition down,21,ParEGO-GP,0.8396685109690368,0.019042174986700116,200,0.8399244003141368,0.10210129463372837,0.08443477740231507,27.353791686837337,0.6594382593371296,21.219295978927267,200
M6 transition down,22,ParEGO-GP,0.8509408920683282,0.019575724554216304,200,0.8429252160393068,0.09901769800683786,0.08943374319788651,32.45131116208538,0.6614406741026808,21.62565332817668,200
M6 transition down,23,ParEGO-GP,0.846205048665666,0.019825794065771195,190,0.8293670508136475,0.09929832093466831,0.08238423104765515,31.383334947286038,0.6790888431354356,20.414663284493194,200
M6 transition down,24,ParEGO-GP,0.8687467964211331,0.019509805542029777,200,0.8543295175136617,0.08446445791845786,0.0795344646536834,32.02633371603401,0.6975162852833034,20.918177365686283,200
M6 transition down,25,ParEGO-GP,0.8480188487993763,0.019891266842945537,190,0.8480879064724577,0.10027258229735916,0.09000286616062379,31.024958279914333,0.6373800308785744,22.41891980198384,200
M6 transition down,26,ParEGO-GP,0.8384292680151959,0.017879629435007743,198,0.8194629152654864,0.09550564974333382,0.09370242714232735,31.277187878259422,0.6618871625460527,22.332499737018736,200
M6 transition down,27,ParEGO-GP,0.8370187202987084,0.016313359416221147,200,0.8481403306242817,0.09666965835410093,0.08457124121519316,27.845266338771044,0.6913375693263811,20.968216791180755,200
M6 transition down,28,ParEGO-GP,0.8471977490184809,0.01757433133004574,198,0.8506094616278986,0.08600125539553476,0.0888300389636157,31.56885096739643,0.6761210230790823,21.942666386883246,200
M6 transition down,29,ParEGO-GP,0.8541084400599803,0.01652099123760363,200,0.8314970373767826,0.08908078299384613,0.07455929412969692,31.678468246541062,0.6673428751650887,20.73529512663349,200
M6 transition down,30,ParEGO-GP,0.8264558572692438,0.017891950961677786,200,0.8198083911452934,0.09208557518078898,0.09292040379772579,29.493460027737775,0.6469050060269426,19.83609461671688,200
M7 tight pitch,1,Frank-WT MF-PIRN,0.9175542512380875,0.005457231813967968,116,0.9374919111661674,0.03176805868056462,0.051742347093685276,38.244526816308436,0.6470152832497459,13.380252231746494,200
M7 tight pitch,2,Frank-WT MF-PIRN,0.9184428865903684,0.004310636953602129,114,0.9450212868164742,0.03076677371791733,0.05193024920551265,35.584144191854875,0.6150464549519313,15.679940372713128,200
M7 tight pitch,3,Frank-WT MF-PIRN,0.9155193118107983,0.00412151694391159,103,0.918642494886473,0.03578003954443819,0.06504096771248676,37.9002239351874,0.5931682002794381,13.225554366799226,200
M7 tight pitch,4,Frank-WT MF-PIRN,0.9165251882777158,0.006307807337561135,111,0.9567485752499068,0.03757941174186948,0.04721384268051039,36.51483181510692,0.5987891158097817,14.597678252047231,200
M7 tight pitch,5,Frank-WT MF-PIRN,0.9114323708010346,0.006242610774946915,119,0.9445054770175907,0.04452652452149296,0.05930238047940329,36.013436008079,0.6217403203258631,12.015942536909733,200
M7 tight pitch,6,Frank-WT MF-PIRN,0.9211317397725881,0.0045498157454595695,116,0.9190693897807007,0.045379439563484114,0.051178255976629825,35.78027489186607,0.6751735933725094,13.752167400784975,200
M7 tight pitch,7,Frank-WT MF-PIRN,0.9204014935725247,0.005602541071523624,111,0.9503512428869302,0.04180931573806597,0.05650200287143419,40.58573821150576,0.6895841966262523,13.596867182136014,200
M7 tight pitch,8,Frank-WT MF-PIRN,0.9090651120163559,0.005731125395625306,110,0.928187699481339,0.042773337320318724,0.06934002201798592,36.072344503214616,0.6270630785438087,14.102597140763137,200
M7 tight pitch,9,Frank-WT MF-PIRN,0.9204611867261587,0.005504658225982337,125,0.919566301324533,0.052608133181525386,0.05851387376730995,36.1726976572191,0.6238542089193311,12.93774840649154,200
M7 tight pitch,10,Frank-WT MF-PIRN,0.916583338933106,0.0038737237977967682,114,0.9169829206659995,0.03256312483804391,0.05701371206353042,35.38115307810161,0.6355396587351442,14.17274113508531,200
M7 tight pitch,11,Frank-WT MF-PIRN,0.9145648836918365,0.0037448491936706548,105,0.9196709913040952,0.053135891583394074,0.06037074883260384,36.55220925636669,0.6392419272327873,15.23572080189672,200
M7 tight pitch,12,Frank-WT MF-PIRN,0.9174212892016015,0.003386982587811023,112,0.9186769423770729,0.0365840358872713,0.06426850830390476,37.396051682408626,0.6260544475995865,14.335637586835768,200
M7 tight pitch,13,Frank-WT MF-PIRN,0.9245125222224427,0.004160430171417896,110,0.940035078529582,0.04691037177065778,0.05509465440394157,36.73826378046331,0.6281552362313948,14.423877973323494,200
M7 tight pitch,14,Frank-WT MF-PIRN,0.9130323770954171,0.005302624803750076,104,0.9388024768162141,0.0538746654557452,0.05511895918027782,33.39760008086974,0.6263523969119406,12.497624641523222,200
M7 tight pitch,15,Frank-WT MF-PIRN,0.9129982744333659,0.0046861763475153605,117,0.922033415563925,0.04298658138487309,0.04729091418388678,34.41936728845658,0.615740193500863,13.503617571914017,200
M7 tight pitch,16,Frank-WT MF-PIRN,0.9215225832727878,0.0036000090774861776,122,0.9290023621700402,0.03129494026549028,0.047952707809289216,33.578307150832764,0.6336527822524681,13.940923844663917,200
M7 tight pitch,17,Frank-WT MF-PIRN,0.9166984063507335,0.004465409232055707,105,0.9406384662741563,0.04098294525067804,0.058269261607091165,35.337328628490226,0.6515703591208954,14.10368556375488,200
M7 tight pitch,18,Frank-WT MF-PIRN,0.9242612546543286,0.004811621277707692,125,0.9186254622897517,0.03691828201360328,0.05322357144052879,35.926194342569204,0.6033743203848602,14.312241698218099,200
M7 tight pitch,19,Frank-WT MF-PIRN,0.9134080401392533,0.004730077054386573,117,0.9555733986527023,0.030189888218244823,0.06604060670875549,33.07354659914968,0.5953504980326788,13.59056481979854,200
M7 tight pitch,20,Frank-WT MF-PIRN,0.9159007101069583,0.004226354649665352,104,0.9173775612530017,0.03774737125757612,0.0610334074478535,36.61701999752213,0.6593807132246584,15.417428980821745,200
M7 tight pitch,21,Frank-WT MF-PIRN,0.9257537225869872,0.004141358835452906,116,0.9280761233999519,0.050921979790181746,0.04816158021895134,36.645282233616335,0.6130039830345991,13.994340082530709,200
M7 tight pitch,22,Frank-WT MF-PIRN,0.9179917807062391,0.004347332933277629,111,0.9129265560768772,0.03847325594685603,0.05324825684186575,38.63190256337752,0.6427434790656937,14.49299585113423,200
M7 tight pitch,23,Frank-WT MF-PIRN,0.9275350208091149,0.003816356928217795,99,0.928923983395066,0.024347745064357607,0.05814674662304718,35.195466149154626,0.5915919870206269,12.863510784632131,200
M7 tight pitch,24,Frank-WT MF-PIRN,0.9186066903408173,0.004419673407075949,114,0.923773872653949,0.040942497028236415,0.050983936439799954,36.38604245973493,0.6218332308350312,13.355117711796455,200
M7 tight pitch,25,Frank-WT MF-PIRN,0.9184550401332572,0.004620761559487324,115,0.9356907225546325,0.03313021517425246,0.06702069680573895,35.2356156728252,0.6203957045952522,13.183285422146353,200
M7 tight pitch,26,Frank-WT MF-PIRN,0.9095188049455621,0.005221136168049587,112,0.9091371975524961,0.03313828716939806,0.053021262253427695,35.13095746369987,0.6481607224745648,14.504792195594112,200
M7 tight pitch,27,Frank-WT MF-PIRN,0.9155754074076887,0.004587177132617726,109,0.9142247627392011,0.04591246182639042,0.05809589804999246,33.437843469534585,0.6437492492433922,15.027603633224555,200
M7 tight pitch,28,Frank-WT MF-PIRN,0.9145115266135689,0.004371483889840974,108,0.9159398189357257,0.033689948071099075,0.06107488883812309,35.26725799536432,0.5773995210253149,13.266673434948753,200
M7 tight pitch,29,Frank-WT MF-PIRN,0.9133467393212348,0.005326910683015742,117,0.9414385446776834,0.033489088971667295,0.061312153226820876,36.80750098826686,0.6130313203015382,13.669851763088907,200
M7 tight pitch,30,Frank-WT MF-PIRN,0.9104143455152347,0.0052752184679025795,105,0.9110873503690878,0.040888776003797055,0.06529977085778904,35.622039513196974,0.6209307501516244,14.009230665165411,200
M7 tight pitch,1,MF-HVKG,0.8852501622566974,0.009084174003519267,161,0.8761743551836004,0.059647925498237025,0.07300024567833982,34.49110748009811,0.673448835487006,18.790792824907374,200
M7 tight pitch,2,MF-HVKG,0.881578506689487,0.009237604479256598,160,0.9095336574279859,0.04704880284809089,0.07228017647764631,32.284981233243826,0.6176173806298455,19.392316715631175,200
M7 tight pitch,3,MF-HVKG,0.8853634799123152,0.010753722841351863,163,0.8842172371690851,0.05719877931555271,0.07431057898278816,33.97233448913815,0.6636255067939671,19.69603877326387,200
M7 tight pitch,4,MF-HVKG,0.8773677331672766,0.009431880893424812,156,0.8777877607881892,0.046656734944734,0.08150184369410324,32.82847078052171,0.6765874748705017,19.75193645717556,200
M7 tight pitch,5,MF-HVKG,0.8873349512903085,0.009507456436160622,155,0.8881741899982887,0.06133014388595666,0.07266048891412423,31.875988204606106,0.5910032427026716,19.28130059740429,200
M7 tight pitch,6,MF-HVKG,0.8748740731624308,0.010750770283908593,159,0.9189929122352439,0.049283291669172155,0.07747478300637096,32.38330759780137,0.6631808498687755,18.585039065014083,200
M7 tight pitch,7,MF-HVKG,0.8810771045101795,0.00965662265956605,151,0.9129432020949781,0.04705554233679934,0.07804503509496816,31.272810320560808,0.6398591115735637,19.116666811369157,200
M7 tight pitch,8,MF-HVKG,0.8818880331249814,0.00926212393255656,161,0.8750019971346732,0.05562669484208425,0.07122520668734657,32.32999407586666,0.6699064300819099,18.51066457464005,200
M7 tight pitch,9,MF-HVKG,0.8818459616387201,0.00931439094181265,162,0.8863251855537714,0.06570902781483878,0.06880200335712966,33.32975284956599,0.6772436571224999,20.453569389813115,200
M7 tight pitch,10,MF-HVKG,0.8891373811767159,0.00868401528537201,161,0.909107256683343,0.05827621534555442,0.07510998897776862,34.37198030951196,0.6478899875706223,18.31900666310135,200
M7 tight pitch,11,MF-HVKG,0.8786335114743549,0.009854431441033215,156,0.8882636949252808,0.05573332186510814,0.060844298259911445,33.328500053449645,0.7058878485258598,18.692320494489117,200
M7 tight pitch,12,MF-HVKG,0.8942914500891145,0.008695154777461557,150,0.8825053492305551,0.0622180536743176,0.06949213732567652,33.84868641563031,0.6571641226897074,18.970831778090524,200
M7 tight pitch,13,MF-HVKG,0.9011507666147387,0.007070412605768512,151,0.9028513260950102,0.06812227759523375,0.06943330107221075,35.90078755936418,0.635327751798199,19.699629166373676,200
M7 tight pitch,14,MF-HVKG,0.8797793708010979,0.009278810950206799,159,0.8903289485550416,0.046659627378666815,0.08315452668591818,30.76813152269544,0.6522667525741664,19.19499295055777,200
M7 tight pitch,15,MF-HVKG,0.8770820245284561,0.00858543297272362,159,0.9146265072423142,0.06090139339046572,0.0837853910163046,34.72383891694497,0.7048825056911519,18.884428574598033,200
M7 tight pitch,16,MF-HVKG,0.8823857589364507,0.00899555957406852,159,0.9147794234113849,0.06667611586045864,0.07296795493062368,32.9549127701657,0.6603147861991757,19.635223079262826,200
M7 tight pitch,17,MF-HVKG,0.892888716420633,0.008573500376653985,157,0.8994860214459536,0.059732515623316204,0.08801670412013021,34.119877482302506,0.6510273805136841,18.50690382563731,200
M7 tight pitch,18,MF-HVKG,0.8886728458314871,0.007906684628762609,162,0.920728868952683,0.05510394657318573,0.06750829418506141,32.30747127746452,0.6654111407801524,19.148543989542205,200
M7 tight pitch,19,MF-HVKG,0.885257739710339,0.007969268503808786,156,0.9136615237469001,0.049330178054535476,0.06364596766845879,32.38808419142315,0.6415572262990591,19.527681799082835,200
M7 tight pitch,20,MF-HVKG,0.8845840399446045,0.00921784754329559,158,0.9028074319039904,0.05817788680235016,0.07561209941461025,34.95057202945454,0.6856697853985928,19.382970362445914,200
M7 tight pitch,21,MF-HVKG,0.8926309368225914,0.009371589509012746,161,0.8890945430144891,0.06327130476789208,0.07326406129318383,32.31510712847723,0.6851987964721307,19.665548515170833,200
M7 tight pitch,22,MF-HVKG,0.8829667681526073,0.00910886937763124,158,0.8747454100280947,0.0523592305074797,0.06261360243716568,34.44146228678376,0.6802815241666429,19.178036909745167,200
M7 tight pitch,23,MF-HVKG,0.8892442470057896,0.008786184577638577,160,0.8767417829927985,0.060376136445307274,0.07471160651401698,34.51583617655802,0.6528772502781439,17.903061152524447,200
M7 tight pitch,24,MF-HVKG,0.8946704377855961,0.009620132503405559,162,0.898213322835339,0.04813804974951958,0.06769068793642788,30.9608990307331,0.6570141091930694,19.93271317417775,200
M7 tight pitch,25,MF-HVKG,0.8902312680125477,0.009708691215782127,156,0.9156541752858255,0.04716790453887445,0.06788467046118665,34.4151653843859,0.6340862373323273,19.527666170684082,200
M7 tight pitch,26,MF-HVKG,0.8931538226625458,0.00817717915298543,163,0.8677993112905151,0.06508779012494222,0.0709196278705587,34.57969256589494,0.6420024686792687,18.039334166955317,200
M7 tight pitch,27,MF-HVKG,0.8822399835489284,0.010291899789651757,155,0.9047894287413388,0.07084796638366164,0.06705690778812012,31.460439952719234,0.6209573656833399,19.180548324913406,200
M7 tight pitch,28,MF-HVKG,0.88602056409618,0.009142076018852426,147,0.8926609289642605,0.05348821618506604,0.06808619687903988,32.70003122803929,0.6560175412026638,20.854719762431646,200
M7 tight pitch,29,MF-HVKG,0.8847776233089304,0.0090749723228155,153,0.9083289160462478,0.06714503842416436,0.0695552538218729,34.75658060765447,0.6424772900683069,19.43706354402833,200
M7 tight pitch,30,MF-HVKG,0.8910081599186772,0.00998054205038829,161,0.936113517740653,0.049040578343521345,0.07212416082395405,37.10214767388504,0.6785641035751773,20.19684870128672,200
M7 tight pitch,1,qLogNEHVI,0.8791497651667964,0.011233861383585213,171,0.8815943496748948,0.06999896291984599,0.066320879376684,34.63290118403966,0.6625205748520824,21.78466066839929,200
M7 tight pitch,2,qLogNEHVI,0.8929691958893176,0.010270479782575097,158,0.8759845825294703,0.059806009019074326,0.06847356853210874,32.166189968397404,0.6556409531125768,20.42991609356382,200
M7 tight pitch,3,qLogNEHVI,0.8755047367494566,0.010113895012606733,171,0.8901300612277556,0.05813417572575674,0.06974940518105692,33.661432091079774,0.6158277883725801,19.624938522559233,200
M7 tight pitch,4,qLogNEHVI,0.8713101496779009,0.00948042682861618,173,0.892539150197992,0.06526544214343714,0.075242821925342,31.887523336853988,0.6744841426252444,19.55673740647939,200
M7 tight pitch,5,qLogNEHVI,0.8845749432617357,0.010308828496529122,170,0.8974211548341671,0.059119449096101936,0.06730749463717715,33.944369394824726,0.6704185798269277,19.10155310226833,200
M7 tight pitch,6,qLogNEHVI,0.8908441601240731,0.011514953169831015,167,0.9002747667092711,0.07026425289313737,0.0691083155858376,33.245126170743156,0.6476466998259983,20.19974428672174,200
M7 tight pitch,7,qLogNEHVI,0.8785375746597348,0.011232233558819235,161,0.8706764366642062,0.05811561451725065,0.06757811088536564,34.1104125295739,0.6532724743845792,19.491454841214807,200
M7 tight pitch,8,qLogNEHVI,0.8789573151502778,0.00816377731387819,166,0.902098890787099,0.05507062660341866,0.0779482423535157,36.24357014491039,0.6670020022709785,20.875617206897207,200
M7 tight pitch,9,qLogNEHVI,0.8860569222984781,0.00936139634698459,167,0.8992462768993702,0.06164881177523352,0.07168938372513349,33.21810413514357,0.6467204042611757,19.463414705950395,200
M7 tight pitch,10,qLogNEHVI,0.8840684697315494,0.009436590899559286,165,0.8851051432501865,0.05944138173439094,0.07450314305468336,33.999595953128235,0.6594471945200016,18.925365626680573,200
M7 tight pitch,11,qLogNEHVI,0.874336118341484,0.0114440022494551,170,0.9072504048802607,0.058732117190791466,0.08371217197461978,31.633632245205284,0.6302751731495002,19.500782142679178,200
M7 tight pitch,12,qLogNEHVI,0.8812404594835602,0.009397625002498881,166,0.9161676639015393,0.06310301744669124,0.07690636997249925,29.77991695361203,0.6436652633606572,20.241232904404722,200
M7 tight pitch,13,qLogNEHVI,0.8878227698834688,0.00993861833486252,173,0.873208206315972,0.06308211076853161,0.06262742430136381,33.969984078925904,0.6455186378979368,19.296484898978562,200
M7 tight pitch,14,qLogNEHVI,0.8820976502389737,0.010921911896074837,174,0.8890792755400793,0.05707103023454256,0.06648187258731059,32.421546201724986,0.6327431946357055,20.97981397522104,200
M7 tight pitch,15,qLogNEHVI,0.8788024506103074,0.010001874278699804,169,0.904055701363974,0.05544873923246262,0.07165756289212956,33.726256662188526,0.6149647451471028,19.417366037871158,200
M7 tight pitch,16,qLogNEHVI,0.8891673981685119,0.008864744986094604,168,0.8764597434758736,0.06930046277131123,0.06637314470940942,34.56123129142032,0.6314192598263817,20.014511931398953,200
M7 tight pitch,17,qLogNEHVI,0.8865334854238257,0.009843945247656355,167,0.8922902180439586,0.06586864014741611,0.06724484307860804,31.103384409114383,0.6727153554436142,20.461368059937342,200
M7 tight pitch,18,qLogNEHVI,0.8905750078084581,0.008014313466560242,159,0.9064499525173637,0.07520838916145149,0.06397396258562356,33.34017957914355,0.6575826912466103,20.470439681127292,200
M7 tight pitch,19,qLogNEHVI,0.887775879160631,0.008317967767767005,167,0.8965173442303439,0.06826495509608813,0.0689540332644355,31.017605786423246,0.664099028780288,19.892523901788014,200
M7 tight pitch,20,qLogNEHVI,0.8964675308027783,0.008567325303210067,160,0.8723162257974276,0.0674691932181722,0.062359556036145555,35.11594475478297,0.6502610703173329,18.874411742382563,200
M7 tight pitch,21,qLogNEHVI,0.8851011456056082,0.010214403956254853,166,0.8683410211393914,0.056727513117114166,0.07233099387538008,33.73764609476412,0.6598589415162271,20.90510908973237,200
M7 tight pitch,22,qLogNEHVI,0.8829812818637022,0.007760198244397919,163,0.8823332370222432,0.05499045232212525,0.06722764424337663,33.82917606793248,0.6522981252766566,19.909388323529686,200
M7 tight pitch,23,qLogNEHVI,0.8816498139527655,0.010123869851622851,173,0.899029677232114,0.0477342237367872,0.06779381349552759,31.15423808311897,0.6460637474854731,21.419628998206733,200
M7 tight pitch,24,qLogNEHVI,0.892970838367648,0.007746754160713775,175,0.8982604481179912,0.06882408570269,0.0616847676730969,33.223206632404015,0.6306757910041382,19.88283052407387,200
M7 tight pitch,25,qLogNEHVI,0.8919208062002153,0.010060383288552244,173,0.8691087373058753,0.0595116276780821,0.06790933846963747,34.62935898022329,0.6217425412851885,19.24196660795814,200
M7 tight pitch,26,qLogNEHVI,0.8764275390884899,0.009538727799064407,163,0.8647475984090849,0.07327435175436488,0.08363776798529035,30.468380603283133,0.6386115045386713,21.03422383488784,200
M7 tight pitch,27,qLogNEHVI,0.8726282901198849,0.01077360509105669,168,0.8918199700572299,0.05573758938988417,0.07315727929622033,37.397602133283314,0.6453562626224759,19.8018105069352,200
M7 tight pitch,28,qLogNEHVI,0.8828737946494064,0.009052134957838742,166,0.8672664804267489,0.06044115958606003,0.07304851444153303,32.89455312761552,0.6770370037523746,19.2122278698575,200
M7 tight pitch,29,qLogNEHVI,0.8832899023436309,0.00974251918249537,169,0.8584051319457838,0.05843819400560352,0.08072705929054061,33.50381535054636,0.6538854535451959,20.29394610373858,200
M7 tight pitch,30,qLogNEHVI,0.8785910075359046,0.010678486144347387,165,0.8665870981880291,0.05627085253553553,0.07567636175748747,31.745218931003812,0.6866501251942255,20.24681953925486,200
M7 tight pitch,1,MOMF,0.87568397488357,0.010580282931436863,141,0.8784497443208967,0.06228609675296245,0.07300595824052153,33.11535877475707,0.6689100797170309,19.71127935451065,200
M7 tight pitch,2,MOMF,0.8749952645830047,0.01175033808644275,160,0.8902688533807547,0.06269725677223138,0.06348296322076227,30.355361597546384,0.6524453798139072,18.348602633359857,200
M7 tight pitch,3,MOMF,0.8739449062975516,0.012848925627150502,148,0.89299663898822,0.06616163128748169,0.07985738032085464,29.929692839157052,0.5744046114565289,18.793114157572976,200
M7 tight pitch,4,MOMF,0.870721012085511,0.013409546990172895,153,0.890094094342767,0.04897177416762384,0.07635395329369116,34.198649222974296,0.6395321967620284,17.551122235517173,200
M7 tight pitch,5,MOMF,0.8609924217191031,0.011912076451644386,145,0.8903002282921327,0.05534634560232295,0.08274263412684221,36.03614580604288,0.6377393607002577,19.18732601886045,200
M7 tight pitch,6,MOMF,0.8768034989682831,0.010169221484080102,156,0.8955727376546749,0.061505634218627814,0.07499906899929101,32.16484052782157,0.6466974443201889,19.229860020082292,200
M7 tight pitch,7,MOMF,0.8719710417144884,0.009269517057423932,155,0.8940840668344946,0.04853617685175458,0.07585495093279641,33.19947339993404,0.6690131380154346,17.891158387773658,200
M7 tight pitch,8,MOMF,0.883635460055707,0.010471094005969236,155,0.8798187198957267,0.05638943685404093,0.07198203920918711,31.07684840678728,0.6492563123420969,18.72833528675734,200
M7 tight pitch,9,MOMF,0.8769836750499209,0.011050930877928931,147,0.8889285384036508,0.061769197938998786,0.07618345782751763,31.665304790122367,0.6121566320745923,19.25581039797426,200
M7 tight pitch,10,MOMF,0.874572403738441,0.01043978017935197,158,0.8935365282316777,0.057687015087541135,0.07786806862665124,32.78757264476538,0.6600914331489502,18.535603197178858,200
M7 tight pitch,11,MOMF,0.8755961182551487,0.008229125376437857,151,0.9022385183685847,0.059224728713543694,0.07299048437235166,31.70178026792422,0.6122932318078477,18.36788423903534,200
M7 tight pitch,12,MOMF,0.8770491866522212,0.012038496964426347,159,0.9007106785206521,0.06005489779835682,0.06734076074485551,32.44893296165271,0.6139509287355255,17.701850853865746,200
M7 tight pitch,13,MOMF,0.8787845558764896,0.009535783929686919,157,0.8772685150644495,0.052567896161757256,0.07652369359763868,32.40864815914479,0.6464403248193693,19.50842515501493,200
M7 tight pitch,14,MOMF,0.884350087937806,0.010243440851440114,152,0.8539473612634495,0.051725623683415704,0.06587279519210652,33.24096925552083,0.6534443966106935,19.610063917426693,200
M7 tight pitch,15,MOMF,0.8784685789019924,0.009422126092718884,152,0.8880899004414611,0.06276271696454239,0.07073285658328406,28.048980846218313,0.6141141358950799,19.501303622091083,200
M7 tight pitch,16,MOMF,0.8865406377725237,0.011395846845526683,156,0.8930542738385072,0.06997123706062335,0.06580152751220214,35.16696458013002,0.6126168951813129,20.697203557682606,200
M7 tight pitch,17,MOMF,0.8802598690737242,0.010537689577500628,161,0.893643025325872,0.05201120056311567,0.07403449535835854,31.216435067185337,0.6396018317121166,18.58582403761273,200
M7 tight pitch,18,MOMF,0.8775759643377565,0.011453764693701178,146,0.9034003394794698,0.06209252199598476,0.06779242395796144,31.296764486922925,0.6516633402043885,18.91730182598769,200
M7 tight pitch,19,MOMF,0.8743886060700166,0.009486256969989284,155,0.9010222129886835,0.0614623592295556,0.07706178806793407,33.51689676978163,0.6464618048535983,18.41714042268948,200
M7 tight pitch,20,MOMF,0.8838118969023002,0.011917045944686856,156,0.8974101319751262,0.057469768426953234,0.06898986262917706,31.52684310145118,0.6566069917230197,19.716870193666598,200
M7 tight pitch,21,MOMF,0.8795135871873488,0.009691777599369657,155,0.8698420734976887,0.05915001562242367,0.08730876954699579,34.89504841933623,0.6369961870986993,18.052440438811303,200
M7 tight pitch,22,MOMF,0.8751533572230927,0.009969942107156505,158,0.8826714705048725,0.06464135145977752,0.07932917180211971,34.014198982657085,0.6619403012656863,19.091432942374322,200
M7 tight pitch,23,MOMF,0.8885226939293307,0.009243317391950012,148,0.8859861776475475,0.05751335131382188,0.0683502896835694,34.6593498260255,0.6161984046993153,18.844164653521926,200
M7 tight pitch,24,MOMF,0.8794950434237364,0.011394052317523223,146,0.8739760979259179,0.06347818773171296,0.07445946152714378,33.60928645012584,0.6218906582260477,18.052850293950517,200
M7 tight pitch,25,MOMF,0.8837930592443263,0.00728666773352061,153,0.9390252682831067,0.06454163731593941,0.0737268468372548,35.32413260198733,0.7044323713619737,18.783271665809647,200
M7 tight pitch,26,MOMF,0.885697071628451,0.009985372889458305,151,0.868877241149263,0.06576185056874459,0.06587700288966221,32.625214925132724,0.642670208722909,17.628455795818265,200
M7 tight pitch,27,MOMF,0.8632228399933869,0.009918205853542396,146,0.9151506384687295,0.05940913489051451,0.07674045350973552,32.873222191846146,0.6696050604045033,20.382799978894237,200
M7 tight pitch,28,MOMF,0.8768421282783493,0.0108871000898315,144,0.8822265296730905,0.06700882959013987,0.07397320393176478,32.55823132017115,0.6648721017591546,18.782759137875754,200
M7 tight pitch,29,MOMF,0.8804903787237125,0.0103749241811175,159,0.8900872042212589,0.04554389940020284,0.0802890409129564,33.83664238086717,0.659649378424793,17.848096199558007,200
M7 tight pitch,30,MOMF,0.8755924866855994,0.009287684957662997,156,0.8745843164758519,0.050793653574099366,0.08016013345158653,31.617182860071832,0.6789950646148375,18.955584056793846,200
M7 tight pitch,1,PHSEA,0.8821560630472507,0.012502624692516862,177,0.9104221894369222,0.052331008771403474,0.07540696498437266,30.905868717191183,0.6340621792345836,20.344874996043675,200
M7 tight pitch,2,PHSEA,0.8727357201895134,0.010428440298005904,177,0.9035839854649936,0.03967932980754735,0.07509263885830379,30.01742821378345,0.6359377819469882,20.056969143572783,200
M7 tight pitch,3,PHSEA,0.8717705043154357,0.011655706673088241,170,0.907183255230641,0.061126160148661804,0.0720746177624376,34.22803873135561,0.6789917757483002,21.148495714341646,200
M7 tight pitch,4,PHSEA,0.8679155351581866,0.009284848354210201,178,0.8959155201653705,0.05067912654660945,0.08081410873292257,31.036614736108298,0.6655387288304638,20.300473801066584,200
M7 tight pitch,5,PHSEA,0.8673680857444889,0.012244208811143164,174,0.8691486134610746,0.042510936860676904,0.06945079312284748,32.08771500019493,0.6254673140401034,20.491502033471374,200
M7 tight pitch,6,PHSEA,0.8809984377312138,0.01408754588388186,177,0.9141011805812219,0.05245189654804179,0.06488722543051703,33.548117954347994,0.7063969624434563,20.56299730436206,200
M7 tight pitch,7,PHSEA,0.8672585616793238,0.013613718203264725,185,0.9161030888291533,0.045287485823101964,0.07082330149938153,33.45150806203037,0.6874641056887034,20.07328176025092,200
M7 tight pitch,8,PHSEA,0.8850949373392397,0.012925224724294212,164,0.8968829836048753,0.05206602931388008,0.06487688873730506,33.57052741108407,0.639382289760379,19.002602772340765,200
M7 tight pitch,9,PHSEA,0.8740945688557817,0.011760875094117823,176,0.9066048240133927,0.05587011713764331,0.08563179282067553,33.51731239293603,0.6474549483781894,18.91006092141204,200
M7 tight pitch,10,PHSEA,0.866050304859478,0.011811312293213338,172,0.8878010266953416,0.050308238499550885,0.07553702814445333,31.924417803626508,0.6412914917416714,18.821756536524052,200
M7 tight pitch,11,PHSEA,0.8735310252417516,0.011194888347089343,174,0.9055973506092395,0.035719909366885814,0.07897702000105951,35.191429066305936,0.6685670280140393,19.335836070877985,200
M7 tight pitch,12,PHSEA,0.8705661957985782,0.01143583403892951,177,0.9041124442135918,0.05716051991232117,0.06051400541893653,33.61467932075698,0.6998866963940698,19.680967173835633,200
M7 tight pitch,13,PHSEA,0.8656640512317062,0.014404053516863196,180,0.8850435989147384,0.050374545536161594,0.08586774744833155,32.49450739709481,0.6602356281115818,20.187525372775355,200
M7 tight pitch,14,PHSEA,0.8837037899644717,0.009995662578778474,179,0.9014809060593706,0.05199265271179209,0.06580529466962425,33.74272997437805,0.661150376625094,20.525751080114148,200
M7 tight pitch,15,PHSEA,0.8624105646559136,0.010811246164121966,179,0.8824317618408897,0.04331965347802827,0.0797815193826384,35.32614838270604,0.6711431808821193,19.117508400968344,200
M7 tight pitch,16,PHSEA,0.8663115329850634,0.011906366938605336,175,0.9118742651684729,0.0503279234652451,0.07243851395834432,32.273680259429426,0.6676914806109461,19.640982527609044,200
M7 tight pitch,17,PHSEA,0.8751118203497934,0.012107802802203556,174,0.883700508206997,0.0527105241757936,0.07083569865843611,34.52527882672516,0.6621551523802313,19.612187134707963,200
M7 tight pitch,18,PHSEA,0.8771639867168177,0.011706558710129046,184,0.9212408165896856,0.05770294612541408,0.06159212222998145,32.83818696384511,0.6420049023141746,19.63055675472336,200
M7 tight pitch,19,PHSEA,0.8716704583832638,0.011015514621486502,180,0.8930250033984792,0.06500547900534416,0.07643883102480824,32.0855290309156,0.6473078120071718,19.551426619041496,200
M7 tight pitch,20,PHSEA,0.8798886769649956,0.011361320390692922,168,0.9032992041408924,0.05105710136350754,0.06640490114149186,32.2734171209417,0.6303294916113441,19.743182386480576,200
M7 tight pitch,21,PHSEA,0.8805380134520884,0.010985625056658047,181,0.8982650200945489,0.05055397077216447,0.07296737591102097,32.27452810358881,0.6794821881136098,20.47675651441982,200
M7 tight pitch,22,PHSEA,0.8625483001676673,0.013446099425467067,170,0.9120684260146893,0.05024885624761202,0.0814099023427783,30.397242908242493,0.6703935757296937,20.218849948061067,200
M7 tight pitch,23,PHSEA,0.8742467907512509,0.01113828206975586,173,0.8787470826259045,0.05652152608297702,0.061590457604357066,36.50432438571276,0.6324649653065076,19.833570965164025,200
M7 tight pitch,24,PHSEA,0.8625514741023794,0.011951359963035597,167,0.8980836489969579,0.054961149204274015,0.08014662779021406,33.094527841168784,0.6825598758476396,20.4906975759766,200
M7 tight pitch,25,PHSEA,0.8734250730123202,0.011493314669584405,175,0.914754796844757,0.059481856825480836,0.08452063659907545,32.07855565452729,0.6593516219619806,19.856678681235067,200
M7 tight pitch,26,PHSEA,0.8734178274746216,0.011688760932885362,173,0.8989029673433915,0.05352862514551294,0.08055803726757106,31.98567262963643,0.6888244999550931,20.99444246243889,200
M7 tight pitch,27,PHSEA,0.8724729255417464,0.01119176007937457,174,0.913335026217925,0.03993903336128015,0.07512846292941222,32.392920129259096,0.6197025828982178,19.65049395114377,200
M7 tight pitch,28,PHSEA,0.8744502342319688,0.01109896780867707,165,0.9153022753574557,0.07119674450155222,0.07793419115355023,32.65746980319491,0.601817033807004,20.811585717517854,200
M7 tight pitch,29,PHSEA,0.8790827866291778,0.009988124914388634,177,0.925047122491386,0.0524871155415903,0.06849259900695197,30.859419391702062,0.6207612637486958,20.29026495419663,200
M7 tight pitch,30,PHSEA,0.8736981391561575,0.012541988328087058,190,0.8973450977373765,0.04625068202926245,0.07492458985217501,30.641705419704024,0.6527536331964708,18.97503835316474,200
M7 tight pitch,1,MSAEA-DM,0.8627876929588354,0.013511248477467958,181,0.8759367292584279,0.07076755386169638,0.08308688999965125,34.207221156992254,0.6403875116542059,21.731478295257684,200
M7 tight pitch,2,MSAEA-DM,0.8617215251829937,0.01344978831231493,181,0.882326729509929,0.06319261094475048,0.08478441367092311,33.066778606513644,0.6606653198075914,21.263957938899015,200
M7 tight pitch,3,MSAEA-DM,0.8551565129590574,0.014766209382368837,182,0.8959763965281643,0.07428247523414737,0.08014875754794565,31.969784427297345,0.6882968123653602,21.09214130537687,200
M7 tight pitch,4,MSAEA-DM,0.86260354213769,0.011625164343872996,179,0.8966162901193193,0.056131579567368056,0.07485772545561024,33.470263179103625,0.609758777668396,22.16796630005817,200
M7 tight pitch,5,MSAEA-DM,0.8633019750188395,0.012638758467961645,184,0.8805421693089756,0.0679056507483397,0.07024048785487585,31.531609813982136,0.6890764022937019,21.571601658750865,200
M7 tight pitch,6,MSAEA-DM,0.8826601113630144,0.013755605668543822,180,0.8873247701599909,0.06921915008735713,0.07821022823011439,33.20419030617437,0.6409170204838646,22.027021160852424,200
M7 tight pitch,7,MSAEA-DM,0.8635049008305656,0.013351375801654368,191,0.8943530801822297,0.0661711992012594,0.06467162878811082,31.220786734748433,0.6821649082278292,20.48074760813096,200
M7 tight pitch,8,MSAEA-DM,0.870880069892106,0.01118705532568727,175,0.880825483644729,0.06553368323585183,0.05879318678977879,30.230859438365353,0.6648414610378517,21.91381798300571,200
M7 tight pitch,9,MSAEA-DM,0.8723412643237294,0.011066144824310016,184,0.8652718559376056,0.07409187554695358,0.06271375622144666,31.45138101751495,0.6646412354264611,20.751143521969517,200
M7 tight pitch,10,MSAEA-DM,0.8501352217684036,0.01355547016926912,181,0.8695048158308109,0.08120090687868267,0.08929615982172322,29.80851461255483,0.650380597035333,21.02397701221346,200
M7 tight pitch,11,MSAEA-DM,0.8557225532113142,0.012037771920276736,192,0.8824415555111577,0.07228502665893093,0.08085983408316469,34.20049776013353,0.6641376907950676,21.039427775685056,200
M7 tight pitch,12,MSAEA-DM,0.8782773505163417,0.010912036630179336,185,0.8970645416596881,0.08169271889926398,0.06921843153687095,34.1553400883364,0.6394778259361048,22.904675163176044,200
M7 tight pitch,13,MSAEA-DM,0.8642244875782689,0.014910045852443215,195,0.8632694888939405,0.06281479955303852,0.07392242124425093,34.30540057998235,0.6264749521840907,20.921572207375164,200
M7 tight pitch,14,MSAEA-DM,0.8707727680294995,0.01230337272429893,185,0.8829183789869618,0.06622024454305168,0.06560441112245863,30.85112164651905,0.701010292005993,21.615023366677008,200
M7 tight pitch,15,MSAEA-DM,0.8627117936487347,0.012725159132178412,188,0.8895331944126235,0.07261519480966207,0.0759738859337121,33.497204719647705,0.6816291212291152,20.538334116791212,200
M7 tight pitch,16,MSAEA-DM,0.8622276839207175,0.015359072193292495,184,0.882167720640948,0.06830711170825453,0.07709448849405218,31.265733627456598,0.677955127972224,20.306181669746756,200
M7 tight pitch,17,MSAEA-DM,0.8684063411165011,0.012414209827656527,181,0.8718109313016434,0.06534808656652963,0.06764717966296444,32.467507268523235,0.6674227827121276,22.553533191160017,200
M7 tight pitch,18,MSAEA-DM,0.8737799012590056,0.00956732030205113,180,0.8877733714805542,0.06043497918741375,0.07486911944776704,28.77872778680699,0.6492146790073586,21.527424427446817,200
M7 tight pitch,19,MSAEA-DM,0.8824896245935594,0.010295213619357908,183,0.8659764191425341,0.06917226601800164,0.078268918770178,33.69103374369263,0.6047302012643951,21.74090729736625,200
M7 tight pitch,20,MSAEA-DM,0.8730580418059471,0.013743429417487662,194,0.8484814571135211,0.07313318158555134,0.07863661364473655,33.77100740252442,0.6529642299914217,22.014278591588802,200
M7 tight pitch,21,MSAEA-DM,0.8762897918354843,0.012599556336957873,183,0.8748935281889855,0.07638095655458355,0.07627885839959311,31.005979354267726,0.663826119506128,19.907006195245337,200
M7 tight pitch,22,MSAEA-DM,0.8638933903445295,0.01320482692956835,178,0.8637239907062717,0.06821955183227389,0.07855216099854151,30.245643495458463,0.6478303000063069,20.219614425465227,200
M7 tight pitch,23,MSAEA-DM,0.8569105052039159,0.013711749777552979,182,0.8936007334896732,0.0788565019969559,0.06782616866429715,30.19437572323006,0.6498251551153601,21.63542972270272,200
M7 tight pitch,24,MSAEA-DM,0.867936179150374,0.012481030819118203,187,0.8688791873854618,0.08050046039264305,0.07324398205889672,33.295085517737974,0.6707833447665201,21.20482760069544,200
M7 tight pitch,25,MSAEA-DM,0.8712839154444495,0.010750439517022129,184,0.9060931674242083,0.07126338811760266,0.07537823116060202,35.43949563034534,0.6445972707587828,21.662018310617512,200
M7 tight pitch,26,MSAEA-DM,0.8685017709216436,0.011015775780856185,192,0.8693796103309913,0.07121158209303274,0.074199044853141,31.90087630375664,0.6946546115035663,20.63956613751919,200
M7 tight pitch,27,MSAEA-DM,0.8662372554523492,0.009368840290372512,186,0.8672091769329933,0.07564243504980837,0.07928375668434293,34.224776283846275,0.6760647712963348,20.67117324424046,200
M7 tight pitch,28,MSAEA-DM,0.865893075321703,0.00888888443045854,183,0.8702309287866927,0.07176321451470433,0.07868877597133273,29.740647859401463,0.6192906859449921,20.948014299107523,200
M7 tight pitch,29,MSAEA-DM,0.8666394050251225,0.01026930787689276,171,0.8697794572317291,0.06310284285369033,0.07325351475672191,34.01875166368781,0.6579242998971597,21.408027918884596,200
M7 tight pitch,30,MSAEA-DM,0.8678292325092655,0.012659745168929107,192,0.8940608923343049,0.07525193908358363,0.07091752983837141,33.60913555679957,0.6593337383644816,20.598683960645314,200
M7 tight pitch,1,AS-SMEA,0.8604442693558294,0.012427563298256564,173,0.8866461059148866,0.06582136719038506,0.07563885746352245,32.05455136444132,0.6537230667563214,20.347111193812566,200
M7 tight pitch,2,AS-SMEA,0.8641358320550134,0.01129390612477156,179,0.8727032268560257,0.057571618742917635,0.07350460955226351,30.342667245706455,0.6507086238722002,21.39087203948667,200
M7 tight pitch,3,AS-SMEA,0.8737947602402214,0.008632656099498976,176,0.8630538634346254,0.06236158051328807,0.07882704226577392,31.819355251318967,0.6395263575573572,21.72367604684927,200
M7 tight pitch,4,AS-SMEA,0.8805364326380299,0.012037759518066838,175,0.8788740861186285,0.0753750011804486,0.0715432195195177,32.10381904174742,0.6528240996291986,21.302756577276902,200
M7 tight pitch,5,AS-SMEA,0.8621080242352485,0.011998753145627877,184,0.8802006281245847,0.06326566399166057,0.09171814193093873,32.605395266319384,0.6452472751201223,19.575142702782042,200
M7 tight pitch,6,AS-SMEA,0.8748872546461027,0.011589497214224349,180,0.8868179892720311,0.06173551285787286,0.07973673670252668,32.60232919015646,0.6679464016432279,20.877781207394417,200
M7 tight pitch,7,AS-SMEA,0.8767943340681397,0.010722475567682315,191,0.8710043197517324,0.06495177566127905,0.07700480350929124,32.93316763066047,0.6709340393789119,19.244059688533415,200
M7 tight pitch,8,AS-SMEA,0.8754633238419492,0.011573557071142921,188,0.8580979682888072,0.06493941480718889,0.07975937494578697,36.04572434170326,0.6581715489464189,20.865414868072897,200
M7 tight pitch,9,AS-SMEA,0.8663506454841936,0.011188582409520394,177,0.8909827191379238,0.06946219056214613,0.08057527429881216,33.61410711957311,0.6632654836120747,19.13910857030477,200
M7 tight pitch,10,AS-SMEA,0.8784128692432637,0.011451245541417252,183,0.9111103448448271,0.058498049618658336,0.07996818060253096,34.28623018866831,0.6461123230346036,20.462756165760286,200
M7 tight pitch,11,AS-SMEA,0.8650907187018823,0.012237312118608,184,0.8542519901468248,0.06988264261581305,0.07007740631307556,29.51705235184226,0.6658096921816273,21.11926141834784,200
M7 tight pitch,12,AS-SMEA,0.8823855550236728,0.01066592296077096,182,0.8894730388695984,0.06174369198518378,0.06836535046510717,32.752519009487294,0.6595736153392251,21.4764359665825,200
M7 tight pitch,13,AS-SMEA,0.8658037851605622,0.014004186383406298,184,0.8636779884019239,0.06147774152991389,0.07727385707626587,31.84948111602165,0.6959713244339043,20.3036521875935,200
M7 tight pitch,14,AS-SMEA,0.8686221804248191,0.011686963607645992,180,0.9020404628671045,0.07104858061114046,0.07975870324580234,31.44909127739794,0.6724097086228189,19.591527279525486,200
M7 tight pitch,15,AS-SMEA,0.87388985044779,0.010680756882712689,176,0.885686889190843,0.05311792816649355,0.0688095717809471,31.43922640742125,0.6525088742607048,21.903505350395047,200
M7 tight pitch,16,AS-SMEA,0.8678546020546211,0.011780174126046436,183,0.8904285576690443,0.06787690408499329,0.08798661941107011,29.258598797035063,0.7301342826123238,20.730176462835825,200
M7 tight pitch,17,AS-SMEA,0.8655382472458412,0.013145282223399744,176,0.8781004110378946,0.0668362235360268,0.07367070459797975,35.50588107756739,0.715934853938598,21.945330127262615,200
M7 tight pitch,18,AS-SMEA,0.8733449052764101,0.0134690918938084,182,0.888809589497855,0.06787367095409769,0.06750244211405648,32.842441216623946,0.6599913175637099,20.97667477162125,200
M7 tight pitch,19,AS-SMEA,0.8747472758241348,0.01057341126277148,183,0.880977143481354,0.06283877477835309,0.08015420346675438,31.12585462293135,0.6832332232275558,19.53089755737078,200
M7 tight pitch,20,AS-SMEA,0.8708175306918071,0.012109903298021795,177,0.8947017807164209,0.06396918299999207,0.07262599835803142,32.426631764908535,0.6453378285889102,19.999797896823917,200
M7 tight pitch,21,AS-SMEA,0.8708530721613698,0.011773076795265089,184,0.892466128053651,0.08007573029250874,0.08669665110473007,35.11003911393709,0.6092946769036909,21.052700880186364,200
M7 tight pitch,22,AS-SMEA,0.8739930743380803,0.010551071814978798,185,0.8836952539904784,0.07781817411913114,0.06348563881829777,32.19956891382102,0.6808647708955424,21.66343873981401,200
M7 tight pitch,23,AS-SMEA,0.8628416928838879,0.013496448755055429,180,0.8738228943925304,0.06640800922073918,0.0821053953553085,33.725771287882324,0.7022801354739139,19.453517176136597,200
M7 tight pitch,24,AS-SMEA,0.8825818615311907,0.01088112419617714,176,0.9034835165780514,0.06544180420942576,0.06951494238739102,33.264361572201466,0.650065326676341,21.724037800894816,200
M7 tight pitch,25,AS-SMEA,0.8730057054143565,0.010731500614566777,183,0.8794302223692566,0.06127565333183689,0.0796690760124042,33.45570146046588,0.6402544457858732,21.577279712431455,200
M7 tight pitch,26,AS-SMEA,0.8713575624575814,0.013540949497971314,177,0.886778619893864,0.06394520212113484,0.08358481266114084,34.62524213500842,0.693312134752283,21.34660034088376,200
M7 tight pitch,27,AS-SMEA,0.869286555742783,0.014054884000385537,178,0.8751484796377175,0.0662077461488044,0.07134378120231707,33.6198829570258,0.6931135658830148,20.64315126247841,200
M7 tight pitch,28,AS-SMEA,0.8630257159309177,0.013652112695660636,177,0.8783131078381899,0.06217463574944075,0.08238037221314282,31.174644367638948,0.7132921182451003,18.83663350563231,200
M7 tight pitch,29,AS-SMEA,0.8788972733947926,0.009736368424790198,184,0.8852612773771967,0.06560125900673971,0.06528714500616595,32.185845823272075,0.6310948390235674,19.198845854830648,200
M7 tight pitch,30,AS-SMEA,0.8762990278434544,0.010714700074556547,181,0.8730378037188089,0.06293426543985205,0.07627315728212133,32.31024790032957,0.6243143752191723,20.03047415929179,200
M7 tight pitch,1,B2 direct screening,0.8609063912145245,0.01469276877817783,194,0.8698835370886585,0.07612306139700446,0.0849169088062924,28.639961060640708,0.6378177997772458,16.255884642917803,200
M7 tight pitch,2,B2 direct screening,0.8541214614678354,0.014548748186416667,193,0.8673017962667718,0.07617348250734997,0.072193065511846,29.56851089107798,0.6777213206700029,15.249207032571002,200
M7 tight pitch,3,B2 direct screening,0.8571130227929423,0.014583022290641451,195,0.8682291894006094,0.07223747172548355,0.08027110600366416,32.7510768314297,0.6485133318713888,15.691620732528122,200
M7 tight pitch,4,B2 direct screening,0.8631087556413389,0.011349013019197357,195,0.881861972651145,0.0808720448227565,0.07991113114766452,29.663127876051497,0.6695602411633633,14.881035678880629,200
M7 tight pitch,5,B2 direct screening,0.8572221915218949,0.013827980253227918,194,0.8626257004495476,0.07481978812064966,0.07317242891623772,32.25473279136222,0.6730670078622261,16.23098546944133,200
M7 tight pitch,6,B2 direct screening,0.871963633608088,0.012911410386277307,200,0.8888226171580407,0.0820474576572365,0.07073927430878092,33.18706843912591,0.6786404367777286,15.144139654791973,200
M7 tight pitch,7,B2 direct screening,0.8716839659457987,0.012246865959439688,190,0.8930539099518751,0.07169807825646039,0.0794256357468369,33.6623951249083,0.711002801473195,15.680092582981528,200
M7 tight pitch,8,B2 direct screening,0.8592782470662194,0.012383057734287568,194,0.8612711286001996,0.07864795504569957,0.08367812834420307,29.83389892214918,0.6588012187444748,17.116347474622426,200
M7 tight pitch,9,B2 direct screening,0.8580167019152172,0.012499754159135179,191,0.8737654485251748,0.0698790114703078,0.07557191217247725,31.455981503196824,0.6473977277431746,16.379417216496208,200
M7 tight pitch,10,B2 direct screening,0.8635169155912817,0.013035258210820674,200,0.8695362979669333,0.08427461809187321,0.07454956399020857,33.47542329466459,0.6617537410909742,15.197577843805721,200
M7 tight pitch,11,B2 direct screening,0.854482774218228,0.01097342720244203,191,0.9021442005637108,0.06717198975153035,0.08241005219023821,29.621420260120864,0.6446693290703875,14.727173270935019,200
M7 tight pitch,12,B2 direct screening,0.8648228286995532,0.013027968295647747,198,0.8653154987397019,0.07654724757806522,0.08459831684347809,29.975394340168226,0.6627641571732458,16.429342995287982,200
M7 tight pitch,13,B2 direct screening,0.8570387644091974,0.015334355787395743,190,0.8875659716177021,0.08102657788283732,0.07667844000615935,32.84189492072197,0.6581041307076382,14.302221086054345,200
M7 tight pitch,14,B2 direct screening,0.857457642368854,0.013553499299461364,195,0.8649764133535517,0.07951634326253129,0.08131479195436853,29.23885038136301,0.6842201320003884,16.997307572551275,200
M7 tight pitch,15,B2 direct screening,0.8648812930385791,0.013889787681204609,193,0.8794240818929826,0.08931316030563981,0.07476637639325126,28.561797063021558,0.6617924704731469,16.549724121780773,200
M7 tight pitch,16,B2 direct screening,0.8663809082458589,0.012216831972881374,188,0.8846340848852362,0.06674965805699774,0.07462533579949442,33.5604600858516,0.6800996176108416,15.145470215101042,200
M7 tight pitch,17,B2 direct screening,0.8572155417164029,0.014539172884717802,188,0.8895641045522457,0.07382257080804486,0.08255772145076726,31.37932346441869,0.6716609870112016,16.143806530522536,200
M7 tight pitch,18,B2 direct screening,0.8700005665636306,0.013109641439357483,195,0.8710734268307233,0.06512960587501705,0.08346734533564262,30.894605799785452,0.672705104405985,15.353317750673549,200
M7 tight pitch,19,B2 direct screening,0.8685391664721208,0.01394006171534936,190,0.8730731619496391,0.07139024010017815,0.0714746580252983,31.892838450357722,0.6602744476233614,15.821529299493585,200
M7 tight pitch,20,B2 direct screening,0.8681395457183734,0.015201224622294564,189,0.8773144244586056,0.08512545423009919,0.0741450113598447,30.715081298755663,0.6585747678433441,15.621541773353185,200
M7 tight pitch,21,B2 direct screening,0.8656021935125234,0.012483159416546265,194,0.8636037171496341,0.06178565686469491,0.07593210437861754,29.869892900561346,0.6688524772947363,16.148639417400343,200
M7 tight pitch,22,B2 direct screening,0.8701066526290796,0.013203475723991534,200,0.9040139121799311,0.07760332873507346,0.07861988631711235,34.252954590837064,0.6720221630295085,15.260861886311009,200
M7 tight pitch,23,B2 direct screening,0.8725316817693644,0.012062319995015938,189,0.8542328742872457,0.08297545749389655,0.07327257442837169,32.95648284911911,0.6248489841313665,16.760125651646018,200
M7 tight pitch,24,B2 direct screening,0.8758556837447228,0.015609535732267445,197,0.8731815943926913,0.07724236135039317,0.0804411223367812,32.63986832926563,0.6542689501643515,15.785609563790427,200
M7 tight pitch,25,B2 direct screening,0.8705282754072708,0.012627844786206975,192,0.865200547065005,0.08017580808345322,0.0682883885780134,32.4179492479459,0.6597549598596582,14.755018504479603,200
M7 tight pitch,26,B2 direct screening,0.8650089826549717,0.014662652039923264,182,0.8603951869262266,0.06271962288505038,0.0822311439823232,31.650167563181935,0.6737718659510687,14.883886237581148,200
M7 tight pitch,27,B2 direct screening,0.8595039216036997,0.011573797484108408,191,0.8834764352245452,0.06729772139478048,0.0861455617363549,34.47931501771247,0.6743498562273545,14.974306627546932,200
M7 tight pitch,28,B2 direct screening,0.8587840861187317,0.010847947115971916,194,0.8790118121653058,0.07072440810269143,0.0778645489328261,30.33829690202994,0.6671030681987726,15.380405535111676,200
M7 tight pitch,29,B2 direct screening,0.8662699396447626,0.010287624505628366,189,0.867794028023879,0.07315403366113689,0.07145040752059621,32.85302087115815,0.6653290201247858,15.326225463378345,200
M7 tight pitch,30,B2 direct screening,0.8676253878764949,0.013253956952996273,194,0.8738061450702067,0.0670696893940494,0.07216122331283212,34.733711379165854,0.6337089626424979,15.449691885248882,200
M7 tight pitch,1,Original MF-BCL-SAEA,0.857098607909155,0.013577378772372852,190,0.8533761933172825,0.0665549100442071,0.08070212437254622,32.84726666009591,0.6630779779290599,20.462602901299363,200
M7 tight pitch,2,Original MF-BCL-SAEA,0.843834904139433,0.01288200625653341,185,0.8548427197641426,0.07542988019622932,0.09945296124384637,30.76794505005231,0.6827476519667779,18.665627842594727,200
M7 tight pitch,3,Original MF-BCL-SAEA,0.8595258631547665,0.01588851076020429,191,0.8164859215261652,0.08325091585753061,0.07410385135212674,31.531136603711627,0.6875208511829872,19.51099575097308,200
M7 tight pitch,4,Original MF-BCL-SAEA,0.8499632571614304,0.013639809638467868,185,0.8687645786047639,0.0840669384651527,0.08720586742559513,32.43241221616638,0.6816026351393487,18.904822406173132,200
M7 tight pitch,5,Original MF-BCL-SAEA,0.8633601121087463,0.014678290842282091,187,0.8877833583512065,0.07344070755733997,0.07757553024260874,32.29604802743212,0.6932628306968327,19.401640743419456,200
M7 tight pitch,6,Original MF-BCL-SAEA,0.8496008213100004,0.010712079305176932,190,0.8529085209905931,0.09736995531003492,0.08608500650527905,31.3689238868767,0.6325575754098477,19.909799225091355,200
M7 tight pitch,7,Original MF-BCL-SAEA,0.8570540598834104,0.015323779768578127,194,0.8552645503027282,0.08370089862343373,0.07136022605094508,33.01746377671624,0.6705954353493152,19.722770407004155,200
M7 tight pitch,8,Original MF-BCL-SAEA,0.8602629604671239,0.015251667409806994,188,0.8551716054539104,0.08289304182170797,0.0738157599574291,31.11970370384814,0.6690929340284071,18.675358876727422,200
M7 tight pitch,9,Original MF-BCL-SAEA,0.8610554259513791,0.014414634235537103,194,0.8743454411071334,0.09153699260072143,0.07270415287093543,32.589240984384666,0.6899816028409105,17.701341611771845,200
M7 tight pitch,10,Original MF-BCL-SAEA,0.84370864832775,0.017781105205164828,193,0.852051572976457,0.08189443326224095,0.08405231246297572,29.2636740801147,0.6706881291995961,20.515687359181467,200
M7 tight pitch,11,Original MF-BCL-SAEA,0.8465233824904785,0.018105052468436116,192,0.8587292277433931,0.07651007783889562,0.08258533214691498,31.162141176051353,0.6770762889428996,18.522233614483397,200
M7 tight pitch,12,Original MF-BCL-SAEA,0.854455819402702,0.01626017223053292,182,0.8860171161248062,0.07369701152330516,0.08542630451705979,33.696662029665674,0.6717079081110615,18.5687818833606,200
M7 tight pitch,13,Original MF-BCL-SAEA,0.8616778214285288,0.014576239579044305,187,0.8605731526964222,0.08578522980934704,0.08540256082868743,30.56666166285264,0.6416719387430352,19.961730124686746,200
M7 tight pitch,14,Original MF-BCL-SAEA,0.8523362128520892,0.012127325246020865,185,0.8442329920444362,0.0727838978834562,0.079365041837778,30.640776077729694,0.6369598555634627,19.07797027439404,200
M7 tight pitch,15,Original MF-BCL-SAEA,0.853085560935126,0.016508702640731232,185,0.8511434482527696,0.08573029838329554,0.09066971856640156,29.86537916758636,0.6679609897979818,19.350839163034216,200
M7 tight pitch,16,Original MF-BCL-SAEA,0.8536657219270536,0.015592654835488823,194,0.864623182845397,0.08375132568981446,0.0922864336024476,30.760614033708002,0.6745202036118279,18.328531462964687,200
M7 tight pitch,17,Original MF-BCL-SAEA,0.853285842008559,0.013303439365281744,189,0.8623881397553378,0.08354093645849978,0.07360688626398543,29.493336793205945,0.6580845560474116,19.88531734021909,200
M7 tight pitch,18,Original MF-BCL-SAEA,0.8645363523877403,0.015310445923335431,186,0.8666674042969362,0.08392815765864585,0.07853832574292668,34.33327023666041,0.6124365568444603,18.620285468621475,200
M7 tight pitch,19,Original MF-BCL-SAEA,0.8512412896397914,0.014494107876351876,189,0.8530939982556998,0.09391684422868868,0.08002009930607296,30.50540754288739,0.6319252886818129,19.414978252558953,200
M7 tight pitch,20,Original MF-BCL-SAEA,0.855761559738364,0.013318607767086158,191,0.8573731506417496,0.08477012588569006,0.0799228054741078,32.241297296650245,0.7083566541505555,18.630342475593565,200
M7 tight pitch,21,Original MF-BCL-SAEA,0.8551641764908751,0.016264715754849442,192,0.864504537671094,0.0901022296575782,0.08440012377790493,30.399064228759297,0.6386060013197513,18.931553411852782,200
M7 tight pitch,22,Original MF-BCL-SAEA,0.8544990438206665,0.017460924273471113,191,0.8573707032550199,0.07489277153941296,0.0811756728647404,31.8219890057296,0.6312992359559524,19.972266897658308,200
M7 tight pitch,23,Original MF-BCL-SAEA,0.8493924523708396,0.013147239154684565,176,0.8575161289577814,0.07155187254797135,0.07814377426644101,30.21766374406833,0.6640808843719406,17.835801977334814,200
M7 tight pitch,24,Original MF-BCL-SAEA,0.8511862543506866,0.012397341435941097,196,0.8582407800533873,0.07966344998812663,0.0850422944234615,29.73776390903658,0.6243479648985554,18.842023248226006,200
M7 tight pitch,25,Original MF-BCL-SAEA,0.8565668148232616,0.012841813132004134,196,0.8985553991656455,0.0846888039647062,0.07685666925232261,33.51549505222354,0.6545237174132449,19.74198218013977,200
M7 tight pitch,26,Original MF-BCL-SAEA,0.8548689903165033,0.014122301672120268,183,0.8862858050019924,0.07681354482341977,0.08049799976177145,31.110571010108913,0.7126809118604572,19.132533207480467,200
M7 tight pitch,27,Original MF-BCL-SAEA,0.8450136855261776,0.015431372896290948,198,0.8619781269017104,0.08002924625060866,0.08526462477704341,31.26111955945385,0.6870231842688156,19.628600318717428,200
M7 tight pitch,28,Original MF-BCL-SAEA,0.857115364947938,0.01879573216421581,176,0.8739992357148487,0.08479694702693108,0.08343093653090199,35.24404238216978,0.6503132965765419,17.808353135649867,200
M7 tight pitch,29,Original MF-BCL-SAEA,0.8551670865612852,0.014628243813558525,189,0.8725367978965384,0.07665214499506963,0.08412539939147878,32.28428445133214,0.6396192771557698,19.750854341848882,200
M7 tight pitch,30,Original MF-BCL-SAEA,0.8433914843773674,0.013676273461497393,191,0.8726173131183615,0.07846987585356645,0.08962526623992932,30.190446260463006,0.6515321503721426,19.42386507109078,200
M7 tight pitch,1,ParEGO-GP,0.8352038050573451,0.015534883206313268,200,0.8468842722135023,0.09938812735853347,0.09200894672482833,30.07271372704224,0.6901419065601574,22.518847107262037,200
M7 tight pitch,2,ParEGO-GP,0.8379901789913285,0.0204326275892404,200,0.8238128889488894,0.09080198073178206,0.08509670192930947,30.54185742920663,0.6503294489940217,21.11664972119791,200
M7 tight pitch,3,ParEGO-GP,0.843629748689959,0.015623004634041744,200,0.8417537215234318,0.09087525537548614,0.08728006536655429,31.300283433290936,0.6478045010061025,21.18207658603258,200
M7 tight pitch,4,ParEGO-GP,0.8483951863923647,0.01791048333817349,200,0.837937673744262,0.09831129913249827,0.09234630948444786,30.53973277939335,0.6747956204876855,22.061055323176788,200
M7 tight pitch,5,ParEGO-GP,0.830755923965735,0.015180330801378115,200,0.8363071549044684,0.10806979887325167,0.09890772671970811,25.644081147126712,0.6367840387023617,20.18978417981779,200
M7 tight pitch,6,ParEGO-GP,0.8391386983491789,0.019852452497005284,197,0.8076829348371154,0.10939588248501095,0.08160601903784337,31.004560949271642,0.7100816443116593,22.191190076941854,200
M7 tight pitch,7,ParEGO-GP,0.8392601205075786,0.01662541242379515,199,0.8270429179125812,0.10301046759601509,0.09179023594326734,31.24810315455724,0.6732068055172136,21.28722083590515,200
M7 tight pitch,8,ParEGO-GP,0.8348313424333852,0.01992901216634573,200,0.842066490369431,0.08851497672786558,0.08427748885383096,29.116301886698416,0.6859151390585372,21.987968625992025,200
M7 tight pitch,9,ParEGO-GP,0.8205653246945441,0.016746121564019566,188,0.8494359879629195,0.09209090786286012,0.07852122199325866,28.805906313485956,0.6712032849272345,22.224452108472427,200
M7 tight pitch,10,ParEGO-GP,0.8452161617430111,0.015825111927678694,200,0.7921852523138367,0.09276010007387826,0.0866961626627199,29.699363682406215,0.7054550130709352,20.9344206702405,200
M7 tight pitch,11,ParEGO-GP,0.8302291492462801,0.01886640341440283,199,0.8605556825079306,0.09625542460040461,0.09045369438561666,31.24280451680743,0.6812640827088514,20.699358608287476,200
M7 tight pitch,12,ParEGO-GP,0.834979329094157,0.013131493979608912,193,0.8403685155525908,0.09771680531427906,0.0893572522447853,29.48644370786799,0.6700626711749511,22.051376259872107,200
M7 tight pitch,13,ParEGO-GP,0.8363319417259791,0.017186549100710626,200,0.8314682192731822,0.09504366246296399,0.08131997004347627,30.64261091483947,0.6262890052993724,21.212288964429575,200
M7 tight pitch,14,ParEGO-GP,0.8335074854323402,0.019207349841093388,200,0.8583756331506652,0.09422030671633072,0.09359975575163028,28.731363005329086,0.6516263344706958,21.08330961595003,200
M7 tight pitch,15,ParEGO-GP,0.8358850491991405,0.019328884162417084,199,0.8347810971089845,0.09678863441928674,0.09139718957850029,29.615539855560673,0.6964914893926789,21.749347897099742,200
M7 tight pitch,16,ParEGO-GP,0.8357684673770738,0.019180236303766036,195,0.8659864677378505,0.09779416919851787,0.0866639550933966,28.47258930646701,0.6932633877922698,22.55077106798601,200
M7 tight pitch,17,ParEGO-GP,0.8429498077075791,0.016496715274813757,193,0.8290004037629466,0.08707443645331438,0.08233412643554083,31.58855683410519,0.664005412748721,21.14396896926638,200
M7 tight pitch,18,ParEGO-GP,0.8484471910507321,0.018722607009861756,200,0.8474605689690872,0.0919193383636836,0.08432795412781391,31.468770269324665,0.6485457980880363,23.148962698957828,200
M7 tight pitch,19,ParEGO-GP,0.8402699955570543,0.015113800669325599,200,0.8381676185632472,0.09349947545569261,0.08730653765471309,29.334971259312482,0.6736395260924538,20.689565959296967,200
M7 tight pitch,20,ParEGO-GP,0.8516314691322052,0.016049314036016695,200,0.8293458690393072,0.09238528681226205,0.07750075056704449,29.28196879064352,0.6454707252118647,20.92414210779429,200
M7 tight pitch,21,ParEGO-GP,0.834288039055631,0.01816593230799224,195,0.837843486946548,0.09138908214326773,0.08296368623587203,30.095499535533417,0.6563970923659622,19.86389231493225,200
M7 tight pitch,22,ParEGO-GP,0.8345427255439596,0.020962472266113266,199,0.8559972382189249,0.10780839415132092,0.0890515461461012,30.267643265029626,0.6969021556759909,20.742304819148835,200
M7 tight pitch,23,ParEGO-GP,0.8420855216793555,0.01402191735656822,200,0.8501285901113013,0.10258935754781456,0.08701474224668848,30.435567522087343,0.654097255108542,21.788814793399247,200
M7 tight pitch,24,ParEGO-GP,0.8239577233241328,0.018645714812034656,200,0.8635910181708242,0.09273965407693557,0.08393785670849913,28.17630347207111,0.6836362002035934,21.642994025485304,200
M7 tight pitch,25,ParEGO-GP,0.8499195259931867,0.017772402831614718,200,0.8503411321801416,0.08914153198686764,0.08915439378350878,29.843680999553047,0.6618045653743092,22.02306350955415,200
M7 tight pitch,26,ParEGO-GP,0.8321140424166453,0.018058669697508134,198,0.8364712857415777,0.10456337035474704,0.09882962812369127,30.10529835482531,0.7048863881370048,22.979433577374124,200
M7 tight pitch,27,ParEGO-GP,0.8295578555741759,0.018157528820649173,196,0.8261895094429029,0.10133083100379572,0.08831658974079397,31.184342793238212,0.6702946999144349,22.38430641881864,200
M7 tight pitch,28,ParEGO-GP,0.8330152385372466,0.016095100755916227,200,0.8139532493255919,0.09680673262997032,0.08553769858371964,30.322491474053017,0.6465692841832104,20.828978453868256,200
M7 tight pitch,29,ParEGO-GP,0.8352618503733318,0.016610430668694838,200,0.857762241864861,0.08884536431721118,0.0755935416671807,30.032588725499593,0.6937911267507629,21.93080220486011,200
M7 tight pitch,30,ParEGO-GP,0.834944885702105,0.01709173360225375,199,0.8339512584252522,0.10902950812197983,0.0943890349510548,28.087930243071327,0.7228953826457096,21.397988234833832,200
M8 high force,1,Frank-WT MF-PIRN,0.9195709618429876,0.0049889351385335465,116,0.9266327901560439,0.03906622375416175,0.03891823999721799,37.17976691139402,0.6280610199187281,13.997476503449043,200
M8 high force,2,Frank-WT MF-PIRN,0.9175548395309232,0.004915416244484681,108,0.9072267269988651,0.04245201220570586,0.05389674850956147,39.079256656841785,0.6775160186195214,14.004231434905876,200
M8 high force,3,Frank-WT MF-PIRN,0.9205298635052187,0.004911946083882294,114,0.942410528816735,0.03909127896252475,0.05752724105302212,35.43641367609057,0.696965164262424,14.499085864258692,200
M8 high force,4,Frank-WT MF-PIRN,0.9243110202479432,0.004349511756763958,115,0.9235586395325434,0.046332802786473844,0.0620558046870463,35.52463964943961,0.6422330269826134,13.709202198516838,200
M8 high force,5,Frank-WT MF-PIRN,0.9271229143888057,0.004046318907715665,113,0.9217596017359352,0.04340536627194025,0.056529125975654,36.72673419876346,0.6289242397344663,13.663024440156317,200
M8 high force,6,Frank-WT MF-PIRN,0.9179639837298917,0.00549212976639744,115,0.9258727593086125,0.05058281262962336,0.06365755647939916,37.35129552055187,0.6467170437116626,15.184030568410824,200
M8 high force,7,Frank-WT MF-PIRN,0.9203813146217488,0.0049905878112522905,113,0.9135861612937513,0.030455433307357865,0.0493785845270482,36.22633041588626,0.6243410855613313,13.99280892128872,200
M8 high force,8,Frank-WT MF-PIRN,0.9299223928613799,0.0034781473458616995,111,0.9343049191138042,0.043761275378020326,0.05663419840896535,38.898034017560995,0.6686030568828227,14.283327420680285,200
M8 high force,9,Frank-WT MF-PIRN,0.9207757755986834,0.0057246193596843355,118,0.9068922515174709,0.025772944293207718,0.052725236041930655,34.5059578429343,0.5992360689149573,14.43552203198393,200
M8 high force,10,Frank-WT MF-PIRN,0.9285235182998868,0.003617909046256943,122,0.9157338970242812,0.04038779506258863,0.057081568578546314,36.237832395235074,0.6723371846492442,15.211387447694705,200
M8 high force,11,Frank-WT MF-PIRN,0.9233207851787738,0.0038331427993807477,122,0.9702787751302199,0.0343241640099434,0.06182122676871619,32.31588793700342,0.6492477503285452,13.963494210492366,200
M8 high force,12,Frank-WT MF-PIRN,0.9270909978073524,0.0041587479151602574,113,0.9407326870817677,0.05156424495324678,0.06051750667529274,33.866969981107275,0.6200422753945106,13.768262699069819,200
M8 high force,13,Frank-WT MF-PIRN,0.9232401751729784,0.00553028822500299,105,0.9412704269610216,0.03988388356682677,0.050812506302897194,35.29279594604673,0.6155627979219758,14.293853781656644,200
M8 high force,14,Frank-WT MF-PIRN,0.9249551022536913,0.00413332377135371,119,0.9317882726738389,0.03368668035496658,0.05261849078863642,36.38188599064074,0.6314522024992812,14.996314105436527,200
M8 high force,15,Frank-WT MF-PIRN,0.9253823381197296,0.0042386718943198285,120,0.9310706042675205,0.048642746462628055,0.06266964228158539,35.30703034909118,0.5873315159722575,13.761345825221294,200
M8 high force,16,Frank-WT MF-PIRN,0.9191392945797972,0.0042117681409991935,123,0.9413064964999975,0.03397663790033948,0.06256594768503042,38.249613074830975,0.6196121804446054,14.334149397596033,200
M8 high force,17,Frank-WT MF-PIRN,0.92214559414942,0.0036934206532239448,118,0.9182013184231876,0.04914307439117058,0.05224526859271962,36.653586185435465,0.5855073023196669,13.902399507255932,200
M8 high force,18,Frank-WT MF-PIRN,0.9163197659374618,0.00479486779625175,109,0.9319480032277956,0.040384401066017185,0.06401183932217985,33.59435581451691,0.56752535171211,13.110697206977195,200
M8 high force,19,Frank-WT MF-PIRN,0.9096035748521341,0.006128853968450196,118,0.9261885090214395,0.03814322546786539,0.06810344107227467,35.150150693561365,0.6530456505805152,14.403684033610109,200
M8 high force,20,Frank-WT MF-PIRN,0.9221678438411558,0.0032378385758075378,116,0.9421127449990601,0.03567874872987339,0.046490780588871475,37.45160068638994,0.6489022919118551,15.166628667230388,200
M8 high force,21,Frank-WT MF-PIRN,0.9210819824172695,0.004867080427762922,113,0.9304944522226357,0.04882396983232205,0.06681923320227837,37.52459461688107,0.6271136961320906,13.683748481663741,200
M8 high force,22,Frank-WT MF-PIRN,0.9207038107291041,0.0043466544525847875,114,0.9244555881160305,0.0351852451462264,0.05336630390923625,33.38960282171781,0.6642465706167399,14.843003122322287,200
M8 high force,23,Frank-WT MF-PIRN,0.9192898825471656,0.004670162220153378,108,0.9212834673479928,0.039667283623575154,0.04921792318544237,37.86799764499069,0.6409314483193996,13.328831214032338,200
M8 high force,24,Frank-WT MF-PIRN,0.9214646999873282,0.005867269611047673,121,0.9316078369176782,0.041181605920777256,0.05890460249144089,35.43420664239011,0.6312762231259118,13.528969474864226,200
M8 high force,25,Frank-WT MF-PIRN,0.9220422956275596,0.0037239120043394197,119,0.9200324463941739,0.03755412452311443,0.05487385494418437,36.57006215969136,0.580933626309839,15.026718927164373,200
M8 high force,26,Frank-WT MF-PIRN,0.9271303267954571,0.005038890679438675,122,0.9155865968859597,0.02773223134165262,0.0579880867168223,38.96037238097879,0.6472394553643542,14.996059319198883,200
M8 high force,27,Frank-WT MF-PIRN,0.9181038151815707,0.004901794768013406,116,0.9114307958900325,0.034567853772039914,0.04902620729237099,38.363623792966735,0.62894133840721,14.101563406510097,200
M8 high force,28,Frank-WT MF-PIRN,0.9308625075680496,0.003603118059972888,119,0.9274480492717587,0.041722764216304,0.060328917143482486,40.070765340456084,0.627939245956339,13.657404092119695,200
M8 high force,29,Frank-WT MF-PIRN,0.9211864407119117,0.006649827764638976,118,0.9491691903104479,0.03531673202094213,0.05663124436348338,38.48736642978727,0.6206069240932893,14.259685278276766,200
M8 high force,30,Frank-WT MF-PIRN,0.91572314913898,0.005629538728194215,106,0.9207665043218395,0.04025126261511899,0.05504996971457949,33.67189236553072,0.6058415864778756,14.680072087268945,200
M8 high force,1,MF-HVKG,0.8863021645365474,0.008179389432102856,167,0.8758347994294597,0.06156375726864818,0.07529535888800101,34.03301831380224,0.6394852697944545,20.002357990532392,200
M8 high force,2,MF-HVKG,0.893627489732567,0.009735030567243869,165,0.8524565134223967,0.04164058140345546,0.06808902048679455,32.690837940714246,0.6029660429637135,20.440826741987028,200
M8 high force,3,MF-HVKG,0.8842732593148683,0.010699356180669055,175,0.8942062874119376,0.060584391497997325,0.07453577731217392,32.334172227457096,0.6518595831610684,18.87629508801534,200
M8 high force,4,MF-HVKG,0.8960363876687666,0.008487512064680914,158,0.8868137336535284,0.05940309828897084,0.07019974067788039,35.61543163855342,0.6697221294986931,18.754065497567698,200
M8 high force,5,MF-HVKG,0.8939871592728805,0.00879252274766158,152,0.9061697561190322,0.057896546348067825,0.06476337231585136,30.916630958179702,0.6368413152429915,18.613008235202383,200
M8 high force,6,MF-HVKG,0.8895153645548698,0.00876753594371594,152,0.9029047994046301,0.061886633825689596,0.07797740706773575,33.993452899539214,0.6583780699151899,20.063523185947613,200
M8 high force,7,MF-HVKG,0.8931468270520418,0.0063149823714459975,167,0.8935889036745039,0.05087645727824634,0.05546956351224319,35.99221428140089,0.6542689824647855,19.785438197609572,200
M8 high force,8,MF-HVKG,0.8932395436348546,0.009343227599092008,160,0.9224235712043037,0.053907592171491776,0.06262318838437542,32.51017000793633,0.6395624870712792,19.469327282938217,200
M8 high force,9,MF-HVKG,0.8792989278387865,0.008551001129471401,160,0.9221617481959972,0.052876239905095976,0.06074984444324216,34.23443286364965,0.6127119927504756,19.993287370401156,200
M8 high force,10,MF-HVKG,0.8910453071561595,0.009179258856552205,161,0.8958628846042064,0.05544524897750775,0.08034673075379391,32.9497415727752,0.6525654367734405,19.137208539009706,200
M8 high force,11,MF-HVKG,0.8986714981426395,0.008212445051153143,150,0.8682945204611473,0.06690063931578502,0.0682994167509252,34.606727814742825,0.6196953650285548,19.302008336126008,200
M8 high force,12,MF-HVKG,0.8948983600039033,0.008540306949487798,166,0.8808597581882794,0.06779898534055437,0.06307597653139468,32.43965690739583,0.6434731458904159,20.977592922130906,200
M8 high force,13,MF-HVKG,0.8976936439569416,0.00842838048689224,158,0.9038330109569724,0.06405694505832754,0.06791221686829356,34.03356337796014,0.6185000896294227,20.049271219090265,200
M8 high force,14,MF-HVKG,0.8937081997734266,0.010784142985507162,160,0.8971569909283175,0.06514928646352768,0.06646121257824315,34.40592663112052,0.634906480444567,20.668879945318665,200
M8 high force,15,MF-HVKG,0.899932446929314,0.007398384357738994,163,0.8897038663749691,0.05179952086979865,0.06746077061618828,32.58652513445206,0.6268037690566333,20.257752807958536,200
M8 high force,16,MF-HVKG,0.8843065308954517,0.01060559887648474,167,0.8889715261998696,0.05201902980989112,0.06828337380106082,33.72802093042666,0.6064225767800927,19.251571373175402,200
M8 high force,17,MF-HVKG,0.8932242761698376,0.007543391217819461,156,0.8751379143542264,0.056225617236211084,0.06500579729889461,33.550887520976985,0.6163791869364265,20.191182570541187,200
M8 high force,18,MF-HVKG,0.8911376612288634,0.007700084614723249,157,0.8867673041049854,0.06404908048944595,0.06924679997147153,31.698048063098824,0.6331836678420025,19.19202334198727,200
M8 high force,19,MF-HVKG,0.8915372383713149,0.009645180067166281,160,0.9015040164969541,0.06932451623592861,0.06572319126038526,33.30718065407169,0.621539476776097,18.807183298909774,200
M8 high force,20,MF-HVKG,0.8959847534993247,0.008994096307559691,156,0.8891038031012263,0.059995697096915226,0.07450142997991877,34.41987988779542,0.6387658904138191,20.647819990941382,200
M8 high force,21,MF-HVKG,0.8977752753350259,0.008286171632613947,164,0.886594806778284,0.06312192881839193,0.06393442324831652,35.67126727055259,0.6558148808554033,18.615394941145322,200
M8 high force,22,MF-HVKG,0.8942484017753806,0.006899529484143154,170,0.8641143651715362,0.05499349235822351,0.06378555179182932,34.92634857179437,0.6543658578937983,19.417223597239655,200
M8 high force,23,MF-HVKG,0.8928404669822235,0.009968667109960224,156,0.910291372735335,0.0599006193338313,0.061128599412434315,34.22501096301525,0.6123353317193326,19.6202765044847,200
M8 high force,24,MF-HVKG,0.8976057067476536,0.007718952823216886,152,0.8956032208327873,0.05933731287799824,0.06508859948254822,33.01894947359685,0.663075238664557,20.570061544336838,200
M8 high force,25,MF-HVKG,0.9006938612601857,0.007062926220367109,163,0.9010422289660884,0.06357698066304848,0.07419791957210414,34.84458856305138,0.6121362858927202,18.96533740195909,200
M8 high force,26,MF-HVKG,0.8926330882108008,0.007620177858545123,158,0.912732586583584,0.05324151812481732,0.07919209618275727,33.46088480738932,0.658183316022919,19.495996006951078,200
M8 high force,27,MF-HVKG,0.8897404353589455,0.010881714126161887,165,0.8924163652885306,0.061222429374750614,0.07903743042227412,34.153273560276304,0.6225740271814735,18.75636097747726,200
M8 high force,28,MF-HVKG,0.8933512512270411,0.009351581089775025,151,0.9098353927316792,0.07272738657031914,0.06612521037260036,33.636351029641865,0.7010148441912029,18.874824874171562,200
M8 high force,29,MF-HVKG,0.8906276118183909,0.009591369986426667,155,0.8864723437292793,0.05627843649136615,0.06760375017511729,31.54089886977573,0.6470134698368092,18.853827594255733,200
M8 high force,30,MF-HVKG,0.8911297012295818,0.008391815807322355,163,0.8734395939167569,0.058485634484824855,0.07002077697040046,33.00612911398645,0.6379826610713927,20.193619957976956,200
M8 high force,1,qLogNEHVI,0.8832413234280193,0.007102022874149,169,0.9032182244285718,0.07167706093134,0.06194389172299934,33.862613965757276,0.64233837204216,20.03208684160213,200
M8 high force,2,qLogNEHVI,0.8938024269925054,0.009769584997548438,171,0.8717334529469358,0.06847125705167824,0.069858651607968,33.3003446672366,0.6309376579277026,19.486725949362494,200
M8 high force,3,qLogNEHVI,0.8884005462534418,0.009185762227239236,170,0.9072987613153546,0.05569185147368603,0.06977523243965729,29.177195446291684,0.6676002902549535,20.895456334968266,200
M8 high force,4,qLogNEHVI,0.9065183670107616,0.006860203240441688,170,0.8835460019900196,0.06811571198896477,0.06299015799352621,34.145424189624634,0.6211783389264781,21.31005302546168,200
M8 high force,5,qLogNEHVI,0.8809298880979796,0.00985839380357974,169,0.9038667461844759,0.07580987056501447,0.06376003019175527,34.108626082270256,0.5991492332215296,20.520582102115128,200
M8 high force,6,qLogNEHVI,0.8842251159125996,0.010313419957091858,161,0.8727499611396025,0.06980400000764816,0.06600025118687296,33.35935801820764,0.6700478987032338,19.944586819130322,200
M8 high force,7,qLogNEHVI,0.8888998208679304,0.009602190346436272,175,0.8757536272641047,0.06630345024308906,0.0636879433780381,35.881584939286945,0.5906808110645714,20.66702533540384,200
M8 high force,8,qLogNEHVI,0.8947365041967588,0.01022660622462859,169,0.8862161000561933,0.05977574736726382,0.083759944671043,32.65008260281597,0.61829866065906,19.85649063797339,200
M8 high force,9,qLogNEHVI,0.8859588398939434,0.00851791562441826,170,0.8619369774712493,0.06300239107376128,0.06690323617835121,33.68670669940558,0.6220891590789909,20.488856767630704,200
M8 high force,10,qLogNEHVI,0.883151580923559,0.009282558106156663,158,0.8832510785520052,0.06271012142244049,0.07817568679493929,34.5173315546781,0.6504858326533975,19.94707889693508,200
M8 high force,11,qLogNEHVI,0.8961496766629903,0.009025386319551793,162,0.8903395278115163,0.06296329210853102,0.061444154667234276,36.51868401196402,0.6171425586247846,20.375675645043557,200
M8 high force,12,qLogNEHVI,0.8860364405498284,0.010806111062139329,160,0.9003409024904602,0.05214840081763329,0.066692964635347,34.73467873399594,0.6470747635224707,21.141690849731795,200
M8 high force,13,qLogNEHVI,0.8952007769007048,0.011377639622787193,180,0.8879669455702358,0.0634927481369922,0.06340442043380698,34.37591510253062,0.6517961797184543,20.885151118831317,200
M8 high force,14,qLogNEHVI,0.8919592639587333,0.01129060801237763,170,0.8819750372731163,0.058465932918263054,0.072830899925218,34.62709602066596,0.6240978870521978,19.21755269808984,200
M8 high force,15,qLogNEHVI,0.892331056388254,0.009029605732962551,169,0.8923010521291721,0.05674657258662345,0.07363414918465279,34.99298038890057,0.6562095224453991,20.963715880289893,200
M8 high force,16,qLogNEHVI,0.8783608370062342,0.009574840544504231,165,0.8969261369265608,0.06232005459571362,0.0789428689694242,33.22130757012325,0.6754428078212785,18.9925517710074,200
M8 high force,17,qLogNEHVI,0.8920237111340865,0.008682551951702443,174,0.8661063899260896,0.07841943416045867,0.06524618750680544,33.527700448771775,0.6232704425443395,20.558412851959705,200
M8 high force,18,qLogNEHVI,0.8917039166704458,0.008280016332194681,175,0.9011233094756304,0.06324000722313124,0.07003138470829699,34.520514202962005,0.628634439396998,19.91832796067651,200
M8 high force,19,qLogNEHVI,0.8934427679971398,0.009211144343720414,163,0.8858142609945561,0.05568885641107557,0.06579281099253018,33.999950529218594,0.631172645471428,20.152026520359506,200
M8 high force,20,qLogNEHVI,0.8884622744293892,0.009090562740579788,163,0.8607639552419643,0.058095341711231575,0.06333770812055677,31.735203951726103,0.6370946152465662,21.542617990227853,200
M8 high force,21,qLogNEHVI,0.892270306332238,0.009589078957482785,164,0.8909461972988402,0.054480878430256945,0.061728010480481765,33.448921333760964,0.6524537116043728,22.274302440139973,200
M8 high force,22,qLogNEHVI,0.896939431879455,0.0085626686156621,170,0.8769907794883065,0.06792342084093098,0.05973558979409169,31.32412781871809,0.6470932384546544,19.930936707386014,200
M8 high force,23,qLogNEHVI,0.9015914791783207,0.01013244394046945,176,0.8661252532895365,0.054701622231863756,0.06229138243603342,31.832046908647683,0.646277087439976,19.91122595453077,200
M8 high force,24,qLogNEHVI,0.8887614400337903,0.010279867368574967,165,0.8906356609170121,0.05370422011521763,0.07847791171595284,33.00599539847573,0.6135243992833678,21.602294383246946,200
M8 high force,25,qLogNEHVI,0.8808622109934566,0.009560953452981207,162,0.8538633448077271,0.056166381237382865,0.07124196677901978,32.64659275454706,0.6565812688125136,20.145481690477503,200
M8 high force,26,qLogNEHVI,0.8905710255953775,0.008397151853384927,171,0.8958488417433386,0.05451769866449248,0.07028038905509867,33.43194329682874,0.639745472379155,21.163489643807313,200
M8 high force,27,qLogNEHVI,0.8885735371483738,0.010845893995479397,165,0.8834410323980145,0.07223188276734409,0.06891774883612542,35.34168313187609,0.6861050586922759,19.477477784473706,200
M8 high force,28,qLogNEHVI,0.8904331118884102,0.010074839061962795,168,0.8820688887968854,0.059911363103081976,0.05627147641118643,34.625588124987914,0.62480137823622,21.63781038362958,200
M8 high force,29,qLogNEHVI,0.893484609573971,0.007988924007921323,163,0.891388869296978,0.061123630176701936,0.07588225588797509,35.44684781744088,0.6495693772716233,20.620861487065884,200
M8 high force,30,qLogNEHVI,0.8822357714414532,0.01036332832090172,171,0.9088739637885563,0.06458259909754129,0.07107519488838919,34.22677057104455,0.6673207345131466,20.934041205634085,200
M8 high force,1,MOMF,0.8868870144316008,0.010429000239543728,152,0.888564208670855,0.06797839849097644,0.06474615696111655,32.39255570880655,0.6574808567785149,18.601086918188503,200
M8 high force,2,MOMF,0.8890591682531545,0.011026518115402475,153,0.8745019008192596,0.07035415128099423,0.06307811551368905,34.367732691696794,0.6427641064783552,20.289986810362517,200
M8 high force,3,MOMF,0.8847192790819672,0.010941356870788014,152,0.8928559668334576,0.06853358944809335,0.06337753036934111,31.402936995109496,0.6924819402399675,21.269394349771765,200
M8 high force,4,MOMF,0.8869455228575764,0.010449456272468297,149,0.8883477555384977,0.06603434227370948,0.07226788754612862,35.40819279404983,0.6400802730674595,18.902630855047377,200
M8 high force,5,MOMF,0.8699876155458747,0.013643538579075278,154,0.8994435483854344,0.0700388365787409,0.07653565078330299,28.920625129561632,0.6505548846848686,19.917291028366055,200
M8 high force,6,MOMF,0.8760288513661147,0.010877826359353079,158,0.8874173227354742,0.058309484258365046,0.06599959278328649,33.58547964508683,0.6698039643919736,19.017006239927305,200
M8 high force,7,MOMF,0.8801795328035552,0.013161957512587143,160,0.9002635185290386,0.061373972713622625,0.06695022529473192,30.640634019480913,0.6371336595232984,18.526476175581344,200
M8 high force,8,MOMF,0.8902053707502935,0.008876074872316161,156,0.9013117385203928,0.06846762988355254,0.07163966688833738,33.60643290478855,0.6071040844935742,18.74422853412316,200
M8 high force,9,MOMF,0.8935414022496612,0.008893141767964567,153,0.8904228291874835,0.05614457483793388,0.056320610130026996,33.259578067782265,0.6695814720811315,19.947813676519935,200
M8 high force,10,MOMF,0.8930326196201476,0.010396526896269333,156,0.902036393935859,0.07558841162229607,0.0697371113329255,35.93606200713072,0.6636950445229863,19.50730113513727,200
M8 high force,11,MOMF,0.8838928475105986,0.010380587047936546,154,0.8771211721879066,0.06030659991698175,0.07178166306344924,32.69643480618684,0.635841774548957,20.16650913868389,200
M8 high force,12,MOMF,0.8795053643541192,0.012673309144472525,152,0.9205295145482635,0.059071463240514745,0.05920281647571447,33.89170900605928,0.6544029206114208,18.877495019787144,200
M8 high force,13,MOMF,0.8895506251537729,0.009975166644875534,158,0.8651241809470266,0.061390083231656824,0.06663169575504972,32.210281418822234,0.6596505651062643,20.51362759514773,200
M8 high force,14,MOMF,0.8741679383879005,0.010904436116044507,150,0.9036950513102182,0.05865088142659281,0.07935090741479411,32.82071910090935,0.6550571281148108,18.900414738632026,200
M8 high force,15,MOMF,0.897230726532683,0.007227522824479638,156,0.8681581558240806,0.06448649007337877,0.0731933638064483,34.26490608312205,0.60890446078196,18.094095363427098,200
M8 high force,16,MOMF,0.881661697586734,0.011485883285441652,154,0.8710563235901998,0.055314621922908376,0.07051682557522561,31.02006509246801,0.6192717631244654,20.785957727109675,200
M8 high force,17,MOMF,0.8875720513492551,0.008774820721909665,159,0.926922063151258,0.0545372345055935,0.0706373140022212,33.68625641202028,0.6739883472205375,19.219506286399923,200
M8 high force,18,MOMF,0.8755056778543816,0.009280973533491561,162,0.9233136432897442,0.055017704875954705,0.07011835299132277,31.953523133385612,0.639836746881343,19.620685803998203,200
M8 high force,19,MOMF,0.8892019265290522,0.010071181618752714,154,0.9146258252089885,0.0578760626672689,0.06971689291849913,33.46941517318591,0.6842177177594685,18.80612678780339,200
M8 high force,20,MOMF,0.8856091413096494,0.011668880677824869,152,0.8711528010476186,0.06949135904722432,0.07159197059359017,33.1600791480096,0.6213739684930458,20.121396588423877,200
M8 high force,21,MOMF,0.8798173750356391,0.011654395000710766,155,0.8537111738400609,0.05976796624252869,0.07088727605501247,30.33817458835122,0.644699459731417,18.46977219201605,200
M8 high force,22,MOMF,0.8756207913057198,0.012536876547673258,159,0.8740864158703117,0.06299672769969406,0.07900113601197511,30.835216902578352,0.6349997278548154,17.688795420464483,200
M8 high force,23,MOMF,0.8860184469467204,0.008796282991061206,155,0.8545329024967514,0.06135514982541207,0.07415408914172063,34.106619645925264,0.6918686244733409,18.994535548006304,200
M8 high force,24,MOMF,0.8817883854246925,0.009436841524114177,155,0.8781807216225375,0.07135418654601852,0.07502788959522175,32.49034113094467,0.5901605190885483,18.23934332265951,200
M8 high force,25,MOMF,0.8848910435696016,0.009377702785016918,153,0.889012221513918,0.06159052522610535,0.062454455411706,32.613528426276375,0.6223573351585064,18.5700658904562,200
M8 high force,26,MOMF,0.8858605216445444,0.00891035387006004,158,0.8709449388029749,0.05838235759696143,0.07689655647590046,34.20384402900893,0.6257271474459347,20.14174033286959,200
M8 high force,27,MOMF,0.8794673376137947,0.010188661754026206,158,0.9007479976340091,0.06025635630164487,0.07046484283202077,30.63127248785355,0.6857657521531364,20.265164191410136,200
M8 high force,28,MOMF,0.8847094481564961,0.007205272829620531,155,0.8895228417165494,0.0541981468247162,0.06897729440051939,32.23991326919202,0.6693088001013245,18.982686118458993,200
M8 high force,29,MOMF,0.8762729987843123,0.00975513353154618,159,0.8903388453217695,0.04914397716745535,0.06985062269211563,30.787712936960123,0.649433057335288,18.62699211589083,200
M8 high force,30,MOMF,0.873714383185972,0.01058739395410849,159,0.8718784585223988,0.06751987904104416,0.0682245818419923,29.88795762207046,0.6545646352217989,19.03169239653982,200
M8 high force,1,PHSEA,0.8750242262298056,0.011245158949486989,174,0.9178737220414319,0.054745641663635346,0.06355645107530997,30.462957365224376,0.65250779630641,19.98202964409267,200
M8 high force,2,PHSEA,0.8775533947301741,0.011587536160751187,185,0.8978135721081939,0.04615478145089962,0.07618118853246555,34.58233283739583,0.654934283506144,19.967834277051782,200
M8 high force,3,PHSEA,0.8704366297944378,0.01130625813361703,170,0.892008118174712,0.050392764399484175,0.08842485553905974,34.93827780045665,0.6503895898698403,20.88205945955201,200
M8 high force,4,PHSEA,0.8889989712740693,0.011256764230631055,183,0.8963186195630646,0.05716203483102845,0.07329958991134553,34.769901726706344,0.6512769051013655,19.34253684681763,200
M8 high force,5,PHSEA,0.8727345691236102,0.01258872915338526,174,0.8921808060687381,0.04344114271681741,0.06181658647003567,30.474659309539263,0.6882303871300592,20.099976932810783,200
M8 high force,6,PHSEA,0.8704529750867914,0.011661985906026165,169,0.9397120455539962,0.0347331476780464,0.0772739725611681,34.152173974644874,0.5997860143867644,20.875684473396042,200
M8 high force,7,PHSEA,0.8657063674860832,0.012249514649362392,173,0.8975461559982895,0.05427702736384864,0.07079404728844267,34.09527469116137,0.6534726457003897,18.82352208826879,200
M8 high force,8,PHSEA,0.8807779167259419,0.011287720605717241,181,0.8901663527722096,0.04572680263054758,0.07274504744310392,31.429288730671182,0.6618897860247986,18.714904524215914,200
M8 high force,9,PHSEA,0.8854866553316421,0.011392165408822886,178,0.886909895340394,0.043806329456442826,0.06399021959522255,33.857413000042065,0.6431863415452851,21.338856083326966,200
M8 high force,10,PHSEA,0.8729741302149138,0.0129686704595195,174,0.9006963105865543,0.07466860066838116,0.07152920025545677,31.024269545478123,0.6533307354054815,21.326270998098895,200
M8 high force,11,PHSEA,0.873956085702478,0.012431817749215843,169,0.9281896611935568,0.044206177454262106,0.0675973591308888,31.03132559185208,0.6669109011811271,20.914142088667102,200
M8 high force,12,PHSEA,0.8829520203829266,0.00910706695126379,182,0.903775839668686,0.05744697937102329,0.07270539784379546,32.49508165784083,0.6919520737196232,18.804933828677385,200
M8 high force,13,PHSEA,0.8837344723452893,0.0114537867850308,184,0.8975896963648299,0.0572630965313112,0.06507877875021573,30.013162358990197,0.6560243590252955,21.163313552726155,200
M8 high force,14,PHSEA,0.8829850707623806,0.011929819561393792,177,0.9143122284458111,0.0543373880897005,0.06432319369806239,32.74794089009083,0.6876547076483813,20.723698948743127,200
M8 high force,15,PHSEA,0.8784102353358024,0.01047297369665775,175,0.8938605971351264,0.05054615979354307,0.07713606860356588,32.01859515729893,0.6084268163169589,20.525293332945218,200
M8 high force,16,PHSEA,0.8840317538483746,0.008819830540169134,183,0.909010968686881,0.04807637217353337,0.07185608505496599,32.99791558626535,0.6648628401832973,20.305590326623587,200
M8 high force,17,PHSEA,0.8889447504110761,0.00982820218608337,180,0.9081003595746462,0.05360586730920289,0.06959704457991633,32.67713830599003,0.6365480195003713,18.776374748854053,200
M8 high force,18,PHSEA,0.8773472366208631,0.01165752719507354,166,0.9164073299545302,0.061378549778732534,0.06451467699678823,33.20784730193838,0.6611681367634481,19.93956017584699,200
M8 high force,19,PHSEA,0.8789165393703976,0.01274281649591445,181,0.8911116840293974,0.05034135598278502,0.06730927923363896,33.51362248197456,0.6880704458942821,19.261721865039398,200
M8 high force,20,PHSEA,0.874100478791748,0.011095806111681773,184,0.8936805700148316,0.05152203779313912,0.0744494093009936,33.97287916643649,0.6949683535259547,20.609920005970135,200
M8 high force,21,PHSEA,0.877724152317801,0.010418978467172053,172,0.9012871127595471,0.04882860924770726,0.08343795149478306,32.62627126435657,0.6205038030719479,19.64901916861618,200
M8 high force,22,PHSEA,0.8783125870461158,0.01068324264452276,168,0.8880168891322002,0.05815161945394817,0.07719104318989509,30.721878317417474,0.6598717035776526,20.378145025138345,200
M8 high force,23,PHSEA,0.8821175904747959,0.010628512644878112,179,0.8956480553352308,0.06141391711413814,0.07186673779876433,34.030595799429555,0.6546778854352276,20.813747847402784,200
M8 high force,24,PHSEA,0.8767722270617869,0.009975870042688318,172,0.8792973222986336,0.04848334405531566,0.07515143736769107,32.52977192497048,0.6955441465360688,20.56197091335455,200
M8 high force,25,PHSEA,0.8667561355129182,0.01117114302011186,173,0.8993698794079683,0.04758271805007178,0.07955347546925144,33.0481754676323,0.6515483794800966,20.40495238183941,200
M8 high force,26,PHSEA,0.8711623514949108,0.009500597378817043,183,0.9158720859657169,0.049344636025823285,0.0629999437048255,32.774289991409375,0.6503282441580212,21.229772601836746,200
M8 high force,27,PHSEA,0.8777677009500222,0.010967014954049947,174,0.8812890341817142,0.04958779849668853,0.06605882514754864,31.119812814491098,0.6535552806914368,19.308063685558817,200
M8 high force,28,PHSEA,0.8789191924210297,0.010842668327931761,180,0.8995930060130172,0.05002160378301136,0.06706801508662862,36.033861548473574,0.6490548764171751,20.118539154894027,200
M8 high force,29,PHSEA,0.8949381980820704,0.010235580338630678,176,0.9237129650622806,0.05243424268024213,0.06383772336180192,32.41422739862056,0.6376980125250291,20.454497345229182,200
M8 high force,30,PHSEA,0.8824084158269635,0.010186402121032164,166,0.9134723347241865,0.04696685458889566,0.0616988756751193,34.6792280805502,0.6212228955740677,20.262889106692853,200
M8 high force,1,MSAEA-DM,0.8681090972832549,0.012962223907144025,179,0.8941846630823003,0.07356174120661685,0.06346926521131971,31.4891130851836,0.648379476313681,21.075150293093998,200
M8 high force,2,MSAEA-DM,0.8804579625281685,0.0105298196356008,186,0.8736253586171542,0.07399488708111172,0.07703322439741885,32.62742952551852,0.6667636524376678,20.5834208176523,200
M8 high force,3,MSAEA-DM,0.8794784853544382,0.014172631187367916,173,0.8685512974845425,0.0671213540373309,0.07086351083664716,29.94630551501036,0.6696706003131094,20.02577338665892,200
M8 high force,4,MSAEA-DM,0.8846229769676365,0.012529110019302436,182,0.8476113664100988,0.06757720816168232,0.06563625063193157,33.424916668983236,0.6564650515328783,21.90263573094388,200
M8 high force,5,MSAEA-DM,0.8616776331166186,0.012418402492923801,184,0.8507055851133551,0.068071401909167,0.06213337203936107,31.72233655528949,0.6388225326036857,20.631380670258253,200
M8 high force,6,MSAEA-DM,0.8800546368942118,0.012738395520861862,193,0.8750312074486594,0.0710354898928573,0.08324687584818416,33.397248999151294,0.6244470227298567,21.928191970713286,200
M8 high force,7,MSAEA-DM,0.8742418304744978,0.013680103714091936,185,0.8958582189677834,0.058652595433206146,0.07429811040629054,29.89763039985143,0.6658288531384517,21.21410217297866,200
M8 high force,8,MSAEA-DM,0.8757543053897491,0.014192241407204764,186,0.8939401542323456,0.06408256662369353,0.07046935542852371,32.95537100112359,0.6822309341794486,21.288765147834,200
M8 high force,9,MSAEA-DM,0.8662935452249415,0.013090740592845382,188,0.8760123675946456,0.07815108653549671,0.07561419518441682,31.590122984919596,0.6549699936667125,19.958886550086536,200
M8 high force,10,MSAEA-DM,0.866592285176067,0.011056172909462134,185,0.902310836520599,0.06740337476615922,0.07178455562920037,34.22649803173489,0.6392316998739347,22.00491983688832,200
M8 high force,11,MSAEA-DM,0.8752187238420979,0.013474499647542607,186,0.8677501343169658,0.0643749713916185,0.06258064300733474,33.36437227304553,0.6459054471152059,21.213124420501,200
M8 high force,12,MSAEA-DM,0.8695380152545272,0.010819659062904892,184,0.8708796856811731,0.06884565314605129,0.07953656795063717,36.118822290218354,0.6681835978612285,20.607051189775675,200
M8 high force,13,MSAEA-DM,0.8632957301768694,0.011971603917850657,182,0.8869264791433631,0.06159457040444361,0.07482743525319888,34.0912573614878,0.6560488973726436,21.89552783149467,200
M8 high force,14,MSAEA-DM,0.8780084271104177,0.009003860179852566,185,0.8690521372208827,0.0700685259600987,0.08535704524930267,31.373374996541408,0.6358710637314887,20.18065218978111,200
M8 high force,15,MSAEA-DM,0.8799206779351616,0.010907686827955712,186,0.8733888297477506,0.0712590303279588,0.0828760989168721,29.800439498027018,0.6679686293509953,21.98833704786198,200
M8 high force,16,MSAEA-DM,0.8571364342283483,0.011233933454956385,176,0.8639712173241183,0.06116738482229844,0.0641910986520921,30.519814003494048,0.6319757949350725,21.45509383329892,200
M8 high force,17,MSAEA-DM,0.8732410655737315,0.013837340954180235,180,0.8774741339757594,0.07426235594083916,0.07346695286387778,34.3235781539868,0.6455734023293688,21.465678839050756,200
M8 high force,18,MSAEA-DM,0.8628750814566835,0.014784870557510772,190,0.876724088718341,0.06072080961435142,0.07739020579276058,29.85524853108167,0.6638727441398433,20.741785796400844,200
M8 high force,19,MSAEA-DM,0.8661310811766235,0.014317482774172349,190,0.8860461895928856,0.08182214027924115,0.07241156984126682,30.508198914532674,0.6342521584434905,20.96301637942415,200
M8 high force,20,MSAEA-DM,0.8729294029570671,0.01353817336931273,187,0.8550691468881138,0.08122718426947692,0.07972753088977808,32.103467748424265,0.654166909541567,21.738770294222974,200
M8 high force,21,MSAEA-DM,0.8788859250799013,0.012582710697947376,183,0.8932903275354803,0.07047484118689304,0.06249625271343265,31.262229123150476,0.6409724132658763,22.089515413256528,200
M8 high force,22,MSAEA-DM,0.8637581141084641,0.011573319300114404,182,0.8806342386509024,0.08105863961230556,0.08007773442616727,33.81129641998275,0.654444573168156,19.756891561971223,200
M8 high force,23,MSAEA-DM,0.8763598357107776,0.015477004501888303,187,0.8945800772807686,0.07057671675298562,0.07659107968738052,31.97798567098239,0.6202789126640826,19.83096193486466,200
M8 high force,24,MSAEA-DM,0.8699997391926607,0.011147995257075164,179,0.8856767397117322,0.06488927065968683,0.07366617010092874,32.71329343203959,0.6711728185896557,20.339980291615444,200
M8 high force,25,MSAEA-DM,0.8784724404994874,0.008584879543112756,183,0.8795757521424274,0.07073776041996681,0.07182017871512286,34.71241195174335,0.6397628808458172,20.64698499760843,200
M8 high force,26,MSAEA-DM,0.8723964560359811,0.01104847882371324,182,0.876665199882589,0.07401468676144142,0.07441671800445394,31.222029054722377,0.6581760282880512,22.291562627459598,200
M8 high force,27,MSAEA-DM,0.8770172267057281,0.01295954818968071,186,0.8963657878424552,0.06724827215675415,0.0681139136626859,33.83418158260322,0.5867893256219896,21.136715841496734,200
M8 high force,28,MSAEA-DM,0.881061298925227,0.011042270232955486,181,0.8826818817344824,0.0640183883312133,0.06847327804509143,29.764072848615168,0.6717574224872004,21.396740082800555,200
M8 high force,29,MSAEA-DM,0.8686168026266651,0.015156548884944512,193,0.8838039075146674,0.07021606649364719,0.069691053004104,33.22239792016374,0.6418480762754245,21.74391216263124,200
M8 high force,30,MSAEA-DM,0.872757801140654,0.014348884667415907,179,0.8640860236044384,0.06735909509501088,0.0820483400853432,34.265684100696376,0.686641805833697,22.545976655143793,200
M8 high force,1,AS-SMEA,0.8720871559689445,0.012326514304528649,181,0.9073789353869923,0.05955939196267513,0.07842923302586322,32.0419376028494,0.6788117423888972,19.891930008508865,200
M8 high force,2,AS-SMEA,0.8637952574064021,0.013728917995559179,184,0.876335934877934,0.05608096242145156,0.07237854112134853,28.072618634724176,0.6730795082825507,20.08802779199624,200
M8 high force,3,AS-SMEA,0.880696665961172,0.010850245239040374,178,0.8744832609195179,0.07508051857625966,0.06782587403811483,30.73222073394432,0.665960853233319,21.18048931363602,200
M8 high force,4,AS-SMEA,0.8845248242060935,0.010797858341465504,178,0.8729007473678689,0.07399816665937417,0.05991546076178224,33.579317396247134,0.6363997683209415,20.40773510117018,200
M8 high force,5,AS-SMEA,0.8683304444228341,0.009932078851696264,184,0.8595455626565216,0.07100287934675695,0.07777574269791764,35.159621735161835,0.7022432354162994,20.580606906908937,200
M8 high force,6,AS-SMEA,0.8773102474137493,0.010134726391916711,177,0.8663252733596228,0.07222561907127739,0.07790131341281788,32.85686493690667,0.6400527754645677,20.739437624238352,200
M8 high force,7,AS-SMEA,0.8812765132816832,0.011361037573346415,171,0.8762309992421472,0.06584542616521157,0.07274853435079831,33.12161009541776,0.6462806885382024,21.543951351818496,200
M8 high force,8,AS-SMEA,0.8670672077077068,0.012360299315332904,178,0.89464419728414,0.06945379079603663,0.0831729826466657,33.118289347268075,0.6141982929635281,21.118826135042728,200
M8 high force,9,AS-SMEA,0.8784985511492419,0.010618974217361788,190,0.8654582249663034,0.07179390817742624,0.08306815994575745,31.203536175282537,0.6652313186180951,21.0763308942911,200
M8 high force,10,AS-SMEA,0.8756124650799691,0.011231653090865386,179,0.8666613920788061,0.06294987642064029,0.06996056325756383,31.881764062059375,0.694514067523804,21.313505630091843,200
M8 high force,11,AS-SMEA,0.8760386999536224,0.012519544391424709,185,0.9105536623263578,0.06083674442717913,0.08757770360464516,34.122801452511624,0.6242346135690187,20.783883600124277,200
M8 high force,12,AS-SMEA,0.8769047566285583,0.00884292582490536,181,0.8874778349088369,0.0657611591326934,0.0737451117124083,31.659068119503722,0.6719977489440995,20.542859173443425,200
M8 high force,13,AS-SMEA,0.890789298108016,0.011523037350603699,185,0.914369279100733,0.05899430880892051,0.05893315689754784,33.411452185634026,0.6509634241068933,20.188110585042697,200
M8 high force,14,AS-SMEA,0.8804443995156582,0.011959357770599238,177,0.8576873954976272,0.0694914778736537,0.07053951037835808,35.062875092507674,0.6378914884718699,19.89922021057916,200
M8 high force,15,AS-SMEA,0.8817419730771909,0.01020082097949239,185,0.8701531578418644,0.06066015103262181,0.07340336191948756,34.02198298613719,0.645672722407587,20.517968968773104,200
M8 high force,16,AS-SMEA,0.8701841708354207,0.013121165041755678,183,0.9000235909284995,0.07050718950253484,0.0714932052136976,30.33575229147367,0.6678451629810571,20.86351851787617,200
M8 high force,17,AS-SMEA,0.8774672336598358,0.011981749001009592,177,0.8768603154300405,0.06609035923888368,0.06886183975317023,32.58324936781916,0.6236483675922198,22.201366406902586,200
M8 high force,18,AS-SMEA,0.8805802688879278,0.010072869380864321,183,0.8886831036300837,0.07071240849177239,0.06251558527346981,32.63266559336778,0.646951011856564,20.29306599126308,200
M8 high force,19,AS-SMEA,0.8698696138654112,0.012778761062301422,173,0.8649992528162282,0.06888672697727422,0.07117764639877315,33.523773509436374,0.6788485925488881,21.12334078205525,200
M8 high force,20,AS-SMEA,0.8790179064175265,0.011501185758803587,189,0.8817630728825488,0.0715440389638905,0.06688389870527738,30.65311902979889,0.6910065226359832,20.17114793444697,200
M8 high force,21,AS-SMEA,0.8778347667186504,0.011503757655689848,182,0.890186050418732,0.06240655976833141,0.07839627703105168,32.43410893650779,0.639446610190955,20.061823486589844,200
M8 high force,22,AS-SMEA,0.8793788162081776,0.011699287577105812,177,0.8505369906703862,0.07740669973553949,0.06500953886891732,32.182225314144894,0.6367888103130566,21.22706652276487,200
M8 high force,23,AS-SMEA,0.8834616722473239,0.011189971465533551,174,0.8884893274569874,0.07202246599660223,0.06402367591279336,32.437561608591,0.6161675422677372,19.822611677589915,200
M8 high force,24,AS-SMEA,0.880939119671697,0.010531761880493762,177,0.8975732814181099,0.06838975989833372,0.06700546847292865,31.979178140241817,0.6503230213936738,22.50613022628972,200
M8 high force,25,AS-SMEA,0.8846352653586882,0.009897567669900586,176,0.8594295484202177,0.06944568999767894,0.07072582981430625,33.35831736602126,0.6316201917100173,21.132332309610636,200
M8 high force,26,AS-SMEA,0.8808612094919881,0.010255618561378773,178,0.8681326843635309,0.07522873472489115,0.07021720882777775,35.62083035186528,0.6774871189801532,20.08300793532777,200
M8 high force,27,AS-SMEA,0.8809539319171924,0.010779388327901918,182,0.8731239706243712,0.07159446808852463,0.06413378691795289,33.85582999447646,0.6731896851352237,20.260486511003574,200
M8 high force,28,AS-SMEA,0.872821636416982,0.009381743236493531,175,0.8862238969869415,0.06507650266908882,0.07328213075124314,33.757869768532665,0.6496070488911585,20.829041665040954,200
M8 high force,29,AS-SMEA,0.8769309005579953,0.011890636975668807,185,0.8743841686782504,0.05984949531344867,0.06735403960631713,32.07549030789153,0.6600674008532432,19.759171574236753,200
M8 high force,30,AS-SMEA,0.8702803154472696,0.01125013426595284,182,0.9082109601079082,0.06780636174449513,0.06483164623035237,31.51569704966359,0.6199931312187792,20.445965485511643,200
M8 high force,1,B2 direct screening,0.8610994914659422,0.012923138252339273,186,0.8667938185305777,0.0870032415456446,0.08290224325450586,32.299821384844776,0.6528836839532625,17.5153134754652,200
M8 high force,2,B2 direct screening,0.8658857837246595,0.011041659595029276,191,0.8776215320557123,0.07576303551304348,0.07539503294383632,31.767519217156295,0.6935426775772114,15.35573026252131,200
M8 high force,3,B2 direct screening,0.8690785992090765,0.012087345962557328,197,0.8810521618077252,0.0664403089544338,0.06820856801746104,34.913406033408634,0.6656486855623336,16.11205073510088,200
M8 high force,4,B2 direct screening,0.873476364266394,0.012030605378714422,196,0.8459351557465262,0.07518909884300481,0.07251201927899556,31.982779074476248,0.6311062434922539,16.289576891553182,200
M8 high force,5,B2 direct screening,0.8792730064989177,0.012235350108422426,199,0.8828016562184767,0.075784684949774,0.07198636823117584,32.51226165229649,0.61390698875712,16.828471968218402,200
M8 high force,6,B2 direct screening,0.8705344581604006,0.014714794905045266,194,0.8928949060649257,0.07844227858355599,0.07261276610865608,33.1695682514127,0.6394426120199137,15.647219634712481,200
M8 high force,7,B2 direct screening,0.8650957160657741,0.011279954515059247,187,0.871415391244234,0.08249813193579691,0.07106090018537074,32.49887431407681,0.7125455899191997,16.027406666848186,200
M8 high force,8,B2 direct screening,0.8875582185506723,0.010535586555211512,184,0.8692983650851424,0.07646602123581209,0.06531920053843282,35.46327625933607,0.6345714748067628,14.962292347263277,200
M8 high force,9,B2 direct screening,0.8659673493821394,0.011893546665761331,187,0.8739744387551632,0.08689858117770295,0.07296309376059731,32.25355672072176,0.6053000899343588,16.60468317506112,200
M8 high force,10,B2 direct screening,0.8712831060402842,0.014313548755640325,198,0.8728662439842937,0.07527388407449628,0.09121436242117587,34.12224934876817,0.7130419543026898,16.198391199414022,200
M8 high force,11,B2 direct screening,0.8561721028420616,0.015805778412011497,198,0.8619720272317049,0.07374687790188986,0.08248272384377349,32.31417853767396,0.6739889998357403,16.169342448238652,200
M8 high force,12,B2 direct screening,0.8618600762876271,0.013842493846786636,196,0.8755011251437508,0.07181801354900674,0.07251885222609715,33.1363484111626,0.6651874976843242,16.66271274133649,200
M8 high force,13,B2 direct screening,0.8761419419171956,0.011839136793126053,198,0.8780183510001552,0.08077972467819804,0.06856384405319033,32.04744727641095,0.6030674671221544,16.345776365165353,200
M8 high force,14,B2 direct screening,0.8756346739524414,0.014898185823948244,194,0.8976335289199795,0.08230487313142072,0.07161216460614633,34.677261485466595,0.640240971549927,16.43088785018026,200
M8 high force,15,B2 direct screening,0.8764040617106961,0.01488889316243033,194,0.8867843475701667,0.08875631178704216,0.07067782546982948,33.468949800656674,0.661207428524229,16.413908589343603,200
M8 high force,16,B2 direct screening,0.866503526472103,0.01354085577137921,198,0.8463100379984182,0.08874332648772373,0.08474642667335971,30.881508274379303,0.6719185248583794,15.018387697440346,200
M8 high force,17,B2 direct screening,0.8700979176573786,0.015071888452431789,200,0.867453107131242,0.07181567045693857,0.08614174160525398,31.72863462769382,0.6385168840240315,14.995647740860036,200
M8 high force,18,B2 direct screening,0.8702981327630551,0.01477542485400284,194,0.8928249399882932,0.06971308178285239,0.0749092539663945,34.5099983318269,0.6602239394155499,15.311357264609684,200
M8 high force,19,B2 direct screening,0.8736014590420873,0.012960536358493724,187,0.8858420490437685,0.07471961801626116,0.07284301360732458,30.871509376797384,0.6510590193636892,16.101647314118292,200
M8 high force,20,B2 direct screening,0.855717742716702,0.012374437855705656,196,0.8651847070555531,0.07733009675982357,0.08341561688014687,29.80742622120612,0.6829771264335888,15.155031490382434,200
M8 high force,21,B2 direct screening,0.8705099333163265,0.008875834280298135,193,0.8653123952077545,0.0804217612573153,0.07054053227250641,34.83699851470707,0.668015415496366,15.506635919012988,200
M8 high force,22,B2 direct screening,0.866473606755981,0.015831728970886624,192,0.8649969358575995,0.06082948929649454,0.0634514622445593,31.955166294521124,0.6458189320584342,16.478633828865,200
M8 high force,23,B2 direct screening,0.8664165615816466,0.014904879940074328,197,0.8942352968575501,0.0698987614696512,0.08648711612723145,31.43898335137968,0.6650136156241279,16.410539919154782,200
M8 high force,24,B2 direct screening,0.8724818227922048,0.012615638700513588,194,0.8558840955700789,0.07405719399926572,0.07217605936999968,31.377837201036257,0.6392233989463901,15.213936335867174,200
M8 high force,25,B2 direct screening,0.8544452590042497,0.012821259532563788,195,0.8731930482878637,0.07079349476832254,0.07841706716656777,27.594460782854746,0.6515521633300474,16.27331275020931,200
M8 high force,26,B2 direct screening,0.8680147849401427,0.014175656078497795,193,0.8486439294540834,0.08151935756112554,0.08379311075155066,33.9601580830519,0.627131364517373,17.8785134267077,200
M8 high force,27,B2 direct screening,0.8645723458737545,0.01401273281048253,191,0.8789886765098226,0.06312314535658806,0.07721194414510367,33.08627781219885,0.677368110574357,15.565717882772459,200
M8 high force,28,B2 direct screening,0.8719662012253538,0.01350758588543185,194,0.871809577662792,0.07925172955825369,0.06928799251142483,32.97534388452185,0.6758462156619861,13.723076075277348,200
M8 high force,29,B2 direct screening,0.8630213223999965,0.010100465209677507,193,0.8816970681574452,0.0732791698864846,0.09261124254872174,31.580629202323603,0.6417349152091519,16.490975423862132,200
M8 high force,30,B2 direct screening,0.8681874036383368,0.013587721502896269,200,0.8698172750088193,0.07675814569228413,0.06888840868641855,31.137373781298972,0.7037221711454058,15.781605860377057,200
M8 high force,1,Original MF-BCL-SAEA,0.8551259058850987,0.016424259834201323,200,0.8583394270624647,0.07364942249827144,0.08644192537228734,32.53332644842139,0.6464099457558186,18.51518607320027,200
M8 high force,2,Original MF-BCL-SAEA,0.8690567635424832,0.015302272420981868,193,0.87702363857335,0.08616944231071506,0.07092006836309456,30.58677277508192,0.6629393814054866,18.7656922866146,200
M8 high force,3,Original MF-BCL-SAEA,0.8579804607776977,0.013682756801282496,188,0.8791589560125802,0.08010181743490412,0.08595214589510967,30.440779664524673,0.627932363401171,20.05361912819,200
M8 high force,4,Original MF-BCL-SAEA,0.8564224785358108,0.016069362505914727,196,0.8663104942094277,0.07505284625364693,0.07942667794955216,32.387947125545764,0.6672147145450507,20.075475210240228,200
M8 high force,5,Original MF-BCL-SAEA,0.8544189615191665,0.014613911662625049,195,0.8429431617965866,0.0856305040737215,0.0880537654079217,31.128471625489617,0.6686940591570508,19.14044611462414,200
M8 high force,6,Original MF-BCL-SAEA,0.8637165064600208,0.011670604126534406,200,0.8696783915923872,0.09113598824397394,0.07506855175764583,32.27413313137033,0.6905312529399893,20.262350777804993,200
M8 high force,7,Original MF-BCL-SAEA,0.8685741241460303,0.01704956181072493,196,0.8455225978638818,0.06804105015649221,0.07631780579294899,31.944827255051845,0.6612952319591419,20.721324402856336,200
M8 high force,8,Original MF-BCL-SAEA,0.8580566219804091,0.014379900569854265,191,0.8690926881084508,0.08220323920952545,0.08459183004142244,30.70871409149003,0.6888502154957546,19.70139916707481,200
M8 high force,9,Original MF-BCL-SAEA,0.8555314815672496,0.012563494232095301,200,0.8728337785703693,0.07488491423841431,0.07775262887914368,30.897639023794667,0.6619874749902299,18.860830805798834,200
M8 high force,10,Original MF-BCL-SAEA,0.8608318969756895,0.012237737757807659,189,0.8588875666203402,0.08086517690039802,0.08298165691549064,31.97803193658568,0.6486137085822341,19.491938299743943,200
M8 high force,11,Original MF-BCL-SAEA,0.8523182702133818,0.014661737439203005,194,0.8912691015496622,0.07421057777514041,0.07965916329222043,30.94244045026044,0.6580294769683719,18.591656695545435,200
M8 high force,12,Original MF-BCL-SAEA,0.8660950895442426,0.015959445788155096,194,0.8765472814530294,0.08989223848780112,0.07796134500991496,34.77797874125618,0.6615610447835295,18.536095402452506,200
M8 high force,13,Original MF-BCL-SAEA,0.8578127147143494,0.013454440071358325,196,0.8472883471713881,0.07651506109831283,0.08543904656536755,31.75731722221057,0.6784988115088828,18.889667399800405,200
M8 high force,14,Original MF-BCL-SAEA,0.8562071180048152,0.012466545591315749,192,0.8506131073522886,0.07883535269287176,0.08172825514114597,31.565266649825514,0.6971759419028054,18.74512589841843,200
M8 high force,15,Original MF-BCL-SAEA,0.8588374392810343,0.017349220655630073,194,0.8451078516184534,0.08024820992439971,0.07813020123211756,32.90554815559763,0.6285212712375698,19.576220912398252,200
M8 high force,16,Original MF-BCL-SAEA,0.8588191498155826,0.012758321589799164,192,0.8596583312823651,0.0810237244613022,0.08448680755735978,30.31336090881137,0.6324679296611921,19.063580421376262,200
M8 high force,17,Original MF-BCL-SAEA,0.8701001093241769,0.014407314687562747,185,0.8782201806604637,0.08509962142456248,0.07325925959184217,36.08993955803093,0.6777889709606634,19.028414386521433,200
M8 high force,18,Original MF-BCL-SAEA,0.8663452098896693,0.012878465838174178,189,0.8684161626344196,0.08823261496063513,0.07657475785004046,32.70358279291741,0.6242414951076688,19.934706124999472,200
M8 high force,19,Original MF-BCL-SAEA,0.8528927240231747,0.014795541868859844,189,0.8628195702255613,0.07460426657874186,0.07915878574417565,27.571835616906874,0.6545044917152539,18.779306011124383,200
M8 high force,20,Original MF-BCL-SAEA,0.8526017368815113,0.013949347078633292,198,0.8656175925304809,0.09166579478061321,0.08494711196913063,28.992402866314563,0.6897925566293059,20.211150755125068,200
M8 high force,21,Original MF-BCL-SAEA,0.8534852836920217,0.01477827743606526,196,0.8509728562786774,0.07304399863827032,0.07918974371554167,28.541583811470495,0.6562571396043497,19.502588575597454,200
M8 high force,22,Original MF-BCL-SAEA,0.863330109574261,0.013010585074236572,194,0.8382143537542716,0.08933358939228228,0.07130377699445406,33.051144017742665,0.6690512453452206,19.636243336069917,200
M8 high force,23,Original MF-BCL-SAEA,0.863167447546797,0.01372217197916351,185,0.8724070717886052,0.07582010765683815,0.07764376485972471,32.425168229729586,0.6654980671289639,20.271917640522993,200
M8 high force,24,Original MF-BCL-SAEA,0.8634558632064286,0.01484010645562389,187,0.8325016498404977,0.06741518284757497,0.08193948978303858,30.94664272706171,0.6653416319440382,19.245327616582873,200
M8 high force,25,Original MF-BCL-SAEA,0.85276789708739,0.015066330546920026,186,0.8849918749685668,0.07240333990096204,0.08511327235443697,31.236247266015,0.6663684838677473,18.61656000879523,200
M8 high force,26,Original MF-BCL-SAEA,0.8610401001008692,0.011639044788142252,193,0.8469213322641371,0.09081272701687408,0.07971789156275327,33.87570781061648,0.6296156345285918,18.784805768963583,200
M8 high force,27,Original MF-BCL-SAEA,0.8523272923714548,0.01843962302781226,189,0.8592314365683934,0.06978629516733749,0.08223710658849008,33.29563570982391,0.6814828013652738,20.351788459156946,200
M8 high force,28,Original MF-BCL-SAEA,0.8689818437649025,0.015111398135628203,189,0.8400657101894995,0.08337031694310032,0.06875377548825568,31.769938575634075,0.6594026039572293,19.950467021542742,200
M8 high force,29,Original MF-BCL-SAEA,0.8656272086530371,0.014412231467300037,185,0.8440481829033598,0.07124030513254541,0.08955991441928346,32.739003461737326,0.6653768498198274,18.903056825440284,200
M8 high force,30,Original MF-BCL-SAEA,0.8632564920001776,0.015493251210540803,195,0.8602696898323258,0.08340817461248044,0.08165897125025999,33.29627154882955,0.6278338495842515,21.774715816703562,200
M8 high force,1,ParEGO-GP,0.8343014307323726,0.016948347832624184,197,0.8254363855204163,0.1037032748071634,0.07040545888960037,30.25137289605994,0.622571335511491,21.80203367325682,200
M8 high force,2,ParEGO-GP,0.8450534806660462,0.01723023622122989,200,0.8416252356828738,0.10280521524039977,0.08504506399200551,28.91256088009956,0.6666781411895057,21.122057204910522,200
M8 high force,3,ParEGO-GP,0.8340691637043248,0.016727107021585072,200,0.8640557245801556,0.09695083728030111,0.08391746276350266,29.742037906571834,0.6936280421995825,23.875702806663156,200
M8 high force,4,ParEGO-GP,0.8594510599935447,0.015437555887203684,194,0.8436749452868328,0.10122536532613016,0.06583455739218132,31.33136196111392,0.6966743503381759,21.648531955048934,200
M8 high force,5,ParEGO-GP,0.8443394885460909,0.018090541522140804,200,0.8186297104534234,0.1035432797050856,0.08643173754781243,31.18919810721332,0.6733092470072701,20.605718980971865,200
M8 high force,6,ParEGO-GP,0.8453072724744596,0.019648636542037568,200,0.805009616229258,0.09600677810664214,0.08614504065135949,31.257295324809103,0.6778431951211074,21.67571642235081,200
M8 high force,7,ParEGO-GP,0.8467199629183799,0.016621179250546715,200,0.833872320010329,0.10047767999008908,0.07893788258150904,28.945575746958582,0.6819058177979621,20.580538069126664,200
M8 high force,8,ParEGO-GP,0.8452569146108552,0.0144815278134373,199,0.8316003654904772,0.10690510336847642,0.0793490302724953,32.3566977989869,0.6582371472580996,22.197100582327046,200
M8 high force,9,ParEGO-GP,0.8485579202734987,0.015314783514519276,198,0.8588015634724364,0.08637386529952694,0.08960143645067777,29.33437995842271,0.6605627038629243,23.075987452104833,200
M8 high force,10,ParEGO-GP,0.8468820511261642,0.017674877459392436,200,0.8452555786868855,0.10990407445613026,0.08753096472793585,31.91889807214924,0.683943914328018,20.673040054526282,200
M8 high force,11,ParEGO-GP,0.8379683590634827,0.01601915400590159,199,0.8156879030785014,0.10217519346203705,0.08826660557295023,29.2586580294164,0.6768090545979577,22.910687739347523,200
M8 high force,12,ParEGO-GP,0.8460119550066297,0.017629301854430436,200,0.861951890482154,0.09800041758626539,0.08017247177166247,30.75900497431926,0.681212958921314,21.44040740248536,200
M8 high force,13,ParEGO-GP,0.8567950575142812,0.01953915001745054,200,0.8464934766703338,0.08641095971964102,0.07361966477107265,29.686557424358316,0.6408434556587475,20.68744060737516,200
M8 high force,14,ParEGO-GP,0.855583406099887,0.01976359828541599,200,0.8435335518856196,0.08951966349192365,0.08103287721334694,33.14577500636284,0.6923259240614776,21.929352675281443,200
M8 high force,15,ParEGO-GP,0.842899728811515,0.017331399371289927,200,0.848400908702545,0.10537338048485423,0.088361397737686,27.89980338486798,0.6650748765772424,22.142320029875044,200
M8 high force,16,ParEGO-GP,0.8354196114667483,0.020101189611966552,200,0.8621887088849847,0.08308935702636445,0.08280167873104684,28.326204683633236,0.6783449888773944,22.059721029184708,200
M8 high force,17,ParEGO-GP,0.8338207214996021,0.016275397365750177,196,0.8488320773843285,0.10867420066748881,0.07659164203494659,30.919355816512066,0.6853021815051192,22.0021724321676,200
M8 high force,18,ParEGO-GP,0.8397043284835523,0.017694425534144798,200,0.8347392184658947,0.09422978130735393,0.08270024573534358,33.61233673046216,0.6395919563096566,21.566586496000998,200
M8 high force,19,ParEGO-GP,0.849215284649328,0.016977760766245024,200,0.8500897734398791,0.1072222045291784,0.0795488958643649,32.667453129721125,0.6523767906086672,22.6327570082906,200
M8 high force,20,ParEGO-GP,0.8392588676823771,0.017585912024670507,200,0.8365154443009748,0.10956176586082766,0.08378141299400005,31.762770171834234,0.6540000894044297,21.496081013425016,200
M8 high force,21,ParEGO-GP,0.8433935814087808,0.01533958824730014,200,0.8161690083604284,0.09290136906254581,0.08319347590049425,30.841835673727957,0.6429698910321854,21.250946734803318,200
M8 high force,22,ParEGO-GP,0.8460777505669262,0.018100364066486515,200,0.8599105523804981,0.10484230177120989,0.08990301303718529,31.23747470227937,0.7105911065502389,22.26305262910916,200
M8 high force,23,ParEGO-GP,0.8392269052074343,0.016294127685681004,198,0.7874556258835134,0.10899908088909403,0.09390876810017396,30.751320104872256,0.6724158482882143,21.08030331776845,200
M8 high force,24,ParEGO-GP,0.8411469079049678,0.014997580704352776,200,0.8617799779606848,0.09692675780265504,0.09023643545138282,33.216353950624885,0.6831431314853057,22.322793428372734,200
M8 high force,25,ParEGO-GP,0.8518049983485554,0.01933403123899839,200,0.8331072389601535,0.09601031318347433,0.0740320644287555,29.252283327614332,0.6698627976754145,21.813419333255386,200
M8 high force,26,ParEGO-GP,0.8373752496341926,0.016352648050413036,200,0.8358587684957678,0.09436123187786818,0.0894441333527457,30.292599056711268,0.6682593608340843,21.80207692145034,200
M8 high force,27,ParEGO-GP,0.8554073783926275,0.013132153323849316,200,0.8352912217195435,0.09024088002251911,0.08367257839622068,30.27379658185816,0.6864673195745243,22.40479020266574,200
M8 high force,28,ParEGO-GP,0.8525398779304992,0.016709451693040476,200,0.8473696596722399,0.09317621250054704,0.07624882204274144,29.411335684135448,0.6455083126078428,22.027231320096284,200
M8 high force,29,ParEGO-GP,0.8440076391735748,0.014823715530251356,200,0.8406115061022856,0.09458026899811615,0.07902837022825182,32.1982232470104,0.6160903483298639,22.165803645830746,200
M8 high force,30,ParEGO-GP,0.8452501403095244,0.01667210093063876,200,0.83491215750392,0.0825313746972984,0.0885800960358836,28.312371725275508,0.6420661378669232,22.058406602319977,200
