task,seed,method,normalized_HV,shape_error,force_MAPE
unseen LCE formulation A,1,Frank-WT MF-PIRN,0.8732148640101984,0.056390206800549895,0.0763387606314126
unseen LCE formulation A,2,Frank-WT MF-PIRN,0.878581542405457,0.05844327935357008,0.07745108396045042
unseen LCE formulation A,3,Frank-WT MF-PIRN,0.8792023662652982,0.04976069083145584,0.06308219931659789
unseen LCE formulation A,4,Frank-WT MF-PIRN,0.8636814006167196,0.05453922940076839,0.08863300652745655
unseen LCE formulation A,5,Frank-WT MF-PIRN,0.8838197533268959,0.05680766080477457,0.05592992734535919
unseen LCE formulation A,6,Frank-WT MF-PIRN,0.8789842947197694,0.05617566161501046,0.07256244066903124
unseen LCE formulation A,7,Frank-WT MF-PIRN,0.8517272358974779,0.049095296414210364,0.0699782037942499
unseen LCE formulation A,8,Frank-WT MF-PIRN,0.885871697221254,0.049812278715211794,0.07926163554385791
unseen LCE formulation A,9,Frank-WT MF-PIRN,0.8706533460703735,0.044612829760413086,0.06347832343017146
unseen LCE formulation A,10,Frank-WT MF-PIRN,0.8606761474444095,0.05180825015944453,0.060519359829431144
unseen LCE formulation A,11,Frank-WT MF-PIRN,0.8663284199404435,0.04863212100562278,0.08614240655268225
unseen LCE formulation A,12,Frank-WT MF-PIRN,0.8885148008787503,0.048591513651952065,0.06911618151280982
unseen LCE formulation A,13,Frank-WT MF-PIRN,0.8778310394101205,0.046266925441729494,0.07998032108495531
unseen LCE formulation A,14,Frank-WT MF-PIRN,0.8650470665883839,0.04993575969154954,0.08764298120802891
unseen LCE formulation A,15,Frank-WT MF-PIRN,0.8690315020681392,0.05966548337024135,0.07311542306510471
unseen LCE formulation A,16,Frank-WT MF-PIRN,0.8706552321835463,0.05957109113519142,0.09060279371464006
unseen LCE formulation A,17,Frank-WT MF-PIRN,0.8623611802794638,0.04549547192109145,0.07733812020900321
unseen LCE formulation A,18,Frank-WT MF-PIRN,0.8667675348898912,0.06079971358462288,0.07650291783242366
unseen LCE formulation A,19,Frank-WT MF-PIRN,0.8544934294499138,0.05812428427993567,0.07899762816320635
unseen LCE formulation A,20,Frank-WT MF-PIRN,0.8828516600773312,0.05350028447971645,0.06429096476894298
unseen LCE formulation A,1,MF-HVKG,0.8673501465654077,0.050541641197678705,0.07923334948730738
unseen LCE formulation A,2,MF-HVKG,0.8409299236648704,0.060749034247568987,0.0849758521147806
unseen LCE formulation A,3,MF-HVKG,0.8625428396244328,0.05471875732450117,0.09484319782102588
unseen LCE formulation A,4,MF-HVKG,0.8553211558888945,0.06809541785465868,0.09679199893627116
unseen LCE formulation A,5,MF-HVKG,0.8467646632650981,0.057998631709431994,0.09637666928825463
unseen LCE formulation A,6,MF-HVKG,0.8703662203005996,0.05771774340636092,0.0822027233352149
unseen LCE formulation A,7,MF-HVKG,0.8632468673619716,0.0682261683059284,0.09954813068651788
unseen LCE formulation A,8,MF-HVKG,0.8641109041957958,0.058912962581508056,0.08927962209539518
unseen LCE formulation A,9,MF-HVKG,0.872721627815874,0.07652813611664419,0.08787166933974036
unseen LCE formulation A,10,MF-HVKG,0.8636455441507066,0.045986167850419014,0.0958174665153097
unseen LCE formulation A,11,MF-HVKG,0.8626199299195663,0.06660299025479086,0.0886998605717457
unseen LCE formulation A,12,MF-HVKG,0.8858476508818657,0.05332069872742042,0.08561520288881301
unseen LCE formulation A,13,MF-HVKG,0.8700182428118757,0.07259140994147878,0.09255431837198569
unseen LCE formulation A,14,MF-HVKG,0.8549660618843284,0.07248232198061977,0.09410251193398972
unseen LCE formulation A,15,MF-HVKG,0.8655756411533079,0.058485472003474065,0.11975770632283815
unseen LCE formulation A,16,MF-HVKG,0.8731136117923052,0.06564966900111872,0.09133831309400851
unseen LCE formulation A,17,MF-HVKG,0.8595612437943136,0.061156242818669555,0.09878144101997764
unseen LCE formulation A,18,MF-HVKG,0.8637627315074424,0.06606067933377785,0.09531313467603543
unseen LCE formulation A,19,MF-HVKG,0.876391797442326,0.06639635151349943,0.10060289425542593
unseen LCE formulation A,20,MF-HVKG,0.842308260789987,0.062298940063964074,0.07969688553514179
unseen LCE formulation A,1,qLogNEHVI,0.8538376743615127,0.06836402660360792,0.0879658311609612
unseen LCE formulation A,2,qLogNEHVI,0.8410816995808398,0.05999023616207032,0.10124967619501014
unseen LCE formulation A,3,qLogNEHVI,0.8576469072492419,0.05995430725375454,0.09989255791568688
unseen LCE formulation A,4,qLogNEHVI,0.8678047836378433,0.06749338310566956,0.10742730621197642
unseen LCE formulation A,5,qLogNEHVI,0.8580564411005629,0.0675346589904557,0.10369237850200448
unseen LCE formulation A,6,qLogNEHVI,0.8723170598029031,0.05802069057271088,0.0984752749798738
unseen LCE formulation A,7,qLogNEHVI,0.8557850674545332,0.06967904553011661,0.08471686138461018
unseen LCE formulation A,8,qLogNEHVI,0.8423274986654778,0.07900041715856108,0.09843175666030012
unseen LCE formulation A,9,qLogNEHVI,0.8485093405622387,0.06747977103354798,0.1110344365948565
unseen LCE formulation A,10,qLogNEHVI,0.8723483849605761,0.06262334210639815,0.09222294690351432
unseen LCE formulation A,11,qLogNEHVI,0.8581602518761706,0.06106276800558199,0.11212717629613843
unseen LCE formulation A,12,qLogNEHVI,0.8636253569687272,0.06949742448040026,0.10636275117638674
unseen LCE formulation A,13,qLogNEHVI,0.8379966223286898,0.07157421531726307,0.13089425811363475
unseen LCE formulation A,14,qLogNEHVI,0.8631005980857533,0.06615627639764037,0.09663499163939825
unseen LCE formulation A,15,qLogNEHVI,0.8388352300712729,0.06942264934984063,0.09007351961391474
unseen LCE formulation A,16,qLogNEHVI,0.8662527405640559,0.06795441779053964,0.10188658165021636
unseen LCE formulation A,17,qLogNEHVI,0.8527952315317574,0.06874727501047914,0.11156893895736332
unseen LCE formulation A,18,qLogNEHVI,0.8538250604741434,0.07917871480917632,0.08797494760113392
unseen LCE formulation A,19,qLogNEHVI,0.8579157097541753,0.0672751002190014,0.10343660207156867
unseen LCE formulation A,20,qLogNEHVI,0.8700060850735994,0.061782294464458556,0.11105925524734007
unseen LCE formulation A,1,MOMF,0.8479979117973641,0.06199161320819677,0.11759951000069842
unseen LCE formulation A,2,MOMF,0.8491138176212356,0.07330091271121979,0.12230151542147004
unseen LCE formulation A,3,MOMF,0.8434079804578791,0.06633077450716822,0.1197436323913919
unseen LCE formulation A,4,MOMF,0.8349252548630048,0.07440735061742193,0.10390562468088485
unseen LCE formulation A,5,MOMF,0.8490520118924503,0.07426624253419992,0.1211838396993606
unseen LCE formulation A,6,MOMF,0.8365398931170852,0.08193785547153645,0.11119030791910621
unseen LCE formulation A,7,MOMF,0.8435736811648682,0.07893034812980133,0.1234409010569792
unseen LCE formulation A,8,MOMF,0.8242115977994393,0.07813378599803324,0.09881758567362657
unseen LCE formulation A,9,MOMF,0.8591761149088778,0.07575371472811854,0.12909344834178618
unseen LCE formulation A,10,MOMF,0.8391097531307165,0.0792900039960134,0.1124596371889657
unseen LCE formulation A,11,MOMF,0.8612640335290265,0.06960331790206203,0.12893512918189312
unseen LCE formulation A,12,MOMF,0.8350516990737378,0.09171720463927063,0.11999124638060095
unseen LCE formulation A,13,MOMF,0.8613256880170662,0.078043897726779,0.13178539886424698
unseen LCE formulation A,14,MOMF,0.8738866704714359,0.06962990876279028,0.0947887185754408
unseen LCE formulation A,15,MOMF,0.8365230427319874,0.07174939952533985,0.11715967326988942
unseen LCE formulation A,16,MOMF,0.8682710953180408,0.06735160107118589,0.1208549472271354
unseen LCE formulation A,17,MOMF,0.8454486484435436,0.07642316695776087,0.1137991458802183
unseen LCE formulation A,18,MOMF,0.8502935828629253,0.07531662843805201,0.1297982750219242
unseen LCE formulation A,19,MOMF,0.8421030260023649,0.08020264952611778,0.1190538536688618
unseen LCE formulation A,20,MOMF,0.8659202669173507,0.07320429981518706,0.0993256627210763
unseen LCE formulation A,1,PHSEA,0.84533407175188,0.08453957092822191,0.12817110904047752
unseen LCE formulation A,2,PHSEA,0.8522998759727363,0.08446020529392338,0.12302457538753729
unseen LCE formulation A,3,PHSEA,0.8288567307430398,0.08784325905094818,0.13164276304791048
unseen LCE formulation A,4,PHSEA,0.8327641996103758,0.08107074786656021,0.1372712266245604
unseen LCE formulation A,5,PHSEA,0.8307447403470899,0.08269963984819421,0.13911667125575755
unseen LCE formulation A,6,PHSEA,0.8438507959402407,0.07248388956463464,0.1418077655339622
unseen LCE formulation A,7,PHSEA,0.8253608335610083,0.09737904871946643,0.10345418934815936
unseen LCE formulation A,8,PHSEA,0.8446297739119686,0.07703512248715418,0.121977881661513
unseen LCE formulation A,9,PHSEA,0.8266354780080166,0.0729132488637737,0.14740502288076782
unseen LCE formulation A,10,PHSEA,0.8345557149676511,0.08722366156734908,0.1277481698739833
unseen LCE formulation A,11,PHSEA,0.8300755293263391,0.07735575335771407,0.12165778564523651
unseen LCE formulation A,12,PHSEA,0.8310977055163182,0.0865182708280668,0.12650622648401363
unseen LCE formulation A,13,PHSEA,0.8372646721459782,0.09181022753698079,0.12648866762371067
unseen LCE formulation A,14,PHSEA,0.8344020402228646,0.06941844029718805,0.13586113927975094
unseen LCE formulation A,15,PHSEA,0.820044921827858,0.09372663572974078,0.14037319765890252
unseen LCE formulation A,16,PHSEA,0.8198552678892654,0.091507011148974,0.1301323365164092
unseen LCE formulation A,17,PHSEA,0.8374367998449461,0.0954050160139933,0.13467665642531715
unseen LCE formulation A,18,PHSEA,0.8245555305444486,0.07251505336329303,0.1422441861554267
unseen LCE formulation A,19,PHSEA,0.8370875793371507,0.09339641432784562,0.1358763501013808
unseen LCE formulation A,20,PHSEA,0.8169923844932598,0.07750839503115294,0.1282710716351833
unseen LCE formulation A,1,MSAEA-DM,0.8501190638659655,0.09536580507041562,0.16352393904932988
unseen LCE formulation A,2,MSAEA-DM,0.8291099411262929,0.08717372020699035,0.16443558576787715
unseen LCE formulation A,3,MSAEA-DM,0.8247648628013606,0.10445277113206591,0.13509364259739232
unseen LCE formulation A,4,MSAEA-DM,0.8217260241512618,0.08282816087662201,0.1287177345736426
unseen LCE formulation A,5,MSAEA-DM,0.8124168400383321,0.09938389842653074,0.1444544295698623
unseen LCE formulation A,6,MSAEA-DM,0.8343467288769998,0.1004964929791407,0.12413794082970707
unseen LCE formulation A,7,MSAEA-DM,0.817383416306248,0.09875932735209295,0.13456988722220167
unseen LCE formulation A,8,MSAEA-DM,0.8152909139599911,0.09123708747658822,0.15611246477564353
unseen LCE formulation A,9,MSAEA-DM,0.8247178688435287,0.08719102519595454,0.15446631406806619
unseen LCE formulation A,10,MSAEA-DM,0.8355035184476877,0.09272178873231952,0.14160377330210752
unseen LCE formulation A,11,MSAEA-DM,0.8208926077878788,0.0899343701328713,0.1392840349171181
unseen LCE formulation A,12,MSAEA-DM,0.829749246856609,0.08772299955139395,0.13928975034661895
unseen LCE formulation A,13,MSAEA-DM,0.8093911306523586,0.09371947133814582,0.14893444911741968
unseen LCE formulation A,14,MSAEA-DM,0.8240811613037652,0.08856066755247662,0.1402445841407019
unseen LCE formulation A,15,MSAEA-DM,0.8298044165538204,0.09417360997121489,0.1352998897163584
unseen LCE formulation A,16,MSAEA-DM,0.832910833250418,0.09406293851435917,0.15596724654796992
unseen LCE formulation A,17,MSAEA-DM,0.8486671771732054,0.0976296179352324,0.1351321094068404
unseen LCE formulation A,18,MSAEA-DM,0.8408159002434737,0.09246452190018271,0.16028563615856634
unseen LCE formulation A,19,MSAEA-DM,0.8236311570392612,0.09406656121908853,0.13109098039865916
unseen LCE formulation A,20,MSAEA-DM,0.8234768340390813,0.08000275049812144,0.14758244612777768
unseen LCE formulation A,1,AS-SMEA,0.8053464515308792,0.1025607741851369,0.1507824703806057
unseen LCE formulation A,2,AS-SMEA,0.80754888165016,0.09692874466598542,0.1483811046173133
unseen LCE formulation A,3,AS-SMEA,0.8265038880796421,0.10166615183352343,0.1444135250450421
unseen LCE formulation A,4,AS-SMEA,0.8199440614314245,0.09963418541272598,0.15116174759137155
unseen LCE formulation A,5,AS-SMEA,0.8167138119870205,0.10853137601485939,0.14505568352389514
unseen LCE formulation A,6,AS-SMEA,0.8206193087905144,0.10056997922923266,0.1578475531475603
unseen LCE formulation A,7,AS-SMEA,0.810609248932049,0.09184621120934874,0.15026817622037308
unseen LCE formulation A,8,AS-SMEA,0.8185724784204562,0.10508878184794959,0.1371937536820672
unseen LCE formulation A,9,AS-SMEA,0.7901379366312201,0.09923520263368382,0.14165155765970275
unseen LCE formulation A,10,AS-SMEA,0.811459608667927,0.09372157915491926,0.16631108246075443
unseen LCE formulation A,11,AS-SMEA,0.8034709559700519,0.09130439511657872,0.15518838654323788
unseen LCE formulation A,12,AS-SMEA,0.8040955394917496,0.10753619011763016,0.16373296056785294
unseen LCE formulation A,13,AS-SMEA,0.8132096849360388,0.10316402890062452,0.1581510339294863
unseen LCE formulation A,14,AS-SMEA,0.8008742971299558,0.10693817913216587,0.15213573488102256
unseen LCE formulation A,15,AS-SMEA,0.8255240892748832,0.09932257603297673,0.16023267957332174
unseen LCE formulation A,16,AS-SMEA,0.8081419025620322,0.09990317482101657,0.1570066866161769
unseen LCE formulation A,17,AS-SMEA,0.8118707068880446,0.10558041429703555,0.1519324626559896
unseen LCE formulation A,18,AS-SMEA,0.8055933111562456,0.09935870604329153,0.14596597727737037
unseen LCE formulation A,19,AS-SMEA,0.8190988860929624,0.09646699988719659,0.15757863208521744
unseen LCE formulation A,20,AS-SMEA,0.8031638009349565,0.09260910685339409,0.16115073631429908
unseen LCE formulation B,1,Frank-WT MF-PIRN,0.8867566885954777,0.06438570973693222,0.06734962127904565
unseen LCE formulation B,2,Frank-WT MF-PIRN,0.9076823091516797,0.05105481311901919,0.08027897243088954
unseen LCE formulation B,3,Frank-WT MF-PIRN,0.8815754683325312,0.054732960322747125,0.07641275451980023
unseen LCE formulation B,4,Frank-WT MF-PIRN,0.8950179417273039,0.05142313253719449,0.0847753582822902
unseen LCE formulation B,5,Frank-WT MF-PIRN,0.9161773063299767,0.06403447626120257,0.06795055445945977
unseen LCE formulation B,6,Frank-WT MF-PIRN,0.8830880711496828,0.05136662080484535,0.07289148491531715
unseen LCE formulation B,7,Frank-WT MF-PIRN,0.9043424577210617,0.05180074461146355,0.07126033878677934
unseen LCE formulation B,8,Frank-WT MF-PIRN,0.8997405630369903,0.05328986852043454,0.07850016490665211
unseen LCE formulation B,9,Frank-WT MF-PIRN,0.8751644339772578,0.06193279528373181,0.07972144272519531
unseen LCE formulation B,10,Frank-WT MF-PIRN,0.9138580932866175,0.051845131818029536,0.07198417128317038
unseen LCE formulation B,11,Frank-WT MF-PIRN,0.8954809007598273,0.0611163158311605,0.07059357349660793
unseen LCE formulation B,12,Frank-WT MF-PIRN,0.8970587276370305,0.06378011633847264,0.07315575037003996
unseen LCE formulation B,13,Frank-WT MF-PIRN,0.9098188630548265,0.06337775679988822,0.06871516777091727
unseen LCE formulation B,14,Frank-WT MF-PIRN,0.8898787107066463,0.043653348199512575,0.06619138061506108
unseen LCE formulation B,15,Frank-WT MF-PIRN,0.9010395127802824,0.053583944883587545,0.07794433922197695
unseen LCE formulation B,16,Frank-WT MF-PIRN,0.9133166394704493,0.05777330243779196,0.07903550037950956
unseen LCE formulation B,17,Frank-WT MF-PIRN,0.9009239291442422,0.04549345565113587,0.0648683370707868
unseen LCE formulation B,18,Frank-WT MF-PIRN,0.887539372135231,0.03959117621523352,0.0837207936904997
unseen LCE formulation B,19,Frank-WT MF-PIRN,0.8840267300963156,0.0432507668609748,0.07156355775756121
unseen LCE formulation B,20,Frank-WT MF-PIRN,0.867233995874403,0.037242918968254164,0.08505182033036962
unseen LCE formulation B,1,MF-HVKG,0.8708539929252027,0.05834326498511201,0.09622588197501594
unseen LCE formulation B,2,MF-HVKG,0.8950357491273092,0.060223659441224875,0.10074143353447733
unseen LCE formulation B,3,MF-HVKG,0.8901184875119912,0.05310061725477152,0.08046527296045908
unseen LCE formulation B,4,MF-HVKG,0.8734333765214443,0.04594416037404933,0.0892670880154082
unseen LCE formulation B,5,MF-HVKG,0.883557839398844,0.04619174017400911,0.08099469156221435
unseen LCE formulation B,6,MF-HVKG,0.8776141639728582,0.06610316080566399,0.1041952014178901
unseen LCE formulation B,7,MF-HVKG,0.8729980150282484,0.06373983247394654,0.11251565256090748
unseen LCE formulation B,8,MF-HVKG,0.896001227223219,0.05645962524981763,0.09641917628588308
unseen LCE formulation B,9,MF-HVKG,0.8779780627838091,0.061240296820842186,0.08438752910649039
unseen LCE formulation B,10,MF-HVKG,0.9008240543503673,0.06782430954919948,0.10363249111131845
unseen LCE formulation B,11,MF-HVKG,0.8874505560200636,0.04519018544065527,0.07215882502712356
unseen LCE formulation B,12,MF-HVKG,0.8800499638951765,0.05787470379399348,0.09361254437002825
unseen LCE formulation B,13,MF-HVKG,0.877477786490841,0.05459835407758096,0.08283346163028694
unseen LCE formulation B,14,MF-HVKG,0.901863030660972,0.05447358233629027,0.08473558954917268
unseen LCE formulation B,15,MF-HVKG,0.8902705789324163,0.0506543908473819,0.10007601235868269
unseen LCE formulation B,16,MF-HVKG,0.8903735836040598,0.059034572412944,0.06884212601157551
unseen LCE formulation B,17,MF-HVKG,0.8715797402063922,0.05531011082609882,0.09178323771247422
unseen LCE formulation B,18,MF-HVKG,0.8827551482831127,0.056444704532684874,0.081292127700411
unseen LCE formulation B,19,MF-HVKG,0.888007894947711,0.05497075790125248,0.09204790767096065
unseen LCE formulation B,20,MF-HVKG,0.8723327558116042,0.056538603515907095,0.0702274409838019
unseen LCE formulation B,1,qLogNEHVI,0.852425780139816,0.06289912125650865,0.11621838641585405
unseen LCE formulation B,2,qLogNEHVI,0.8733187908093636,0.07002866712786625,0.10858067168396346
unseen LCE formulation B,3,qLogNEHVI,0.872413396845049,0.06392285488690301,0.09540178238433256
unseen LCE formulation B,4,qLogNEHVI,0.8678690782704441,0.06947090022250407,0.10137585709867504
unseen LCE formulation B,5,qLogNEHVI,0.8679121430606822,0.05984983886067017,0.09919532044796046
unseen LCE formulation B,6,qLogNEHVI,0.882864252413058,0.07030833634834563,0.10966285790518719
unseen LCE formulation B,7,qLogNEHVI,0.8717716725842243,0.06446946289578578,0.10737261724395375
unseen LCE formulation B,8,qLogNEHVI,0.8996901820383328,0.06666281970343699,0.1220646173315127
unseen LCE formulation B,9,qLogNEHVI,0.9039704658209374,0.059161834129652535,0.08822483011761
unseen LCE formulation B,10,qLogNEHVI,0.861979075363345,0.06859590816517243,0.09799087686035592
unseen LCE formulation B,11,qLogNEHVI,0.873308997457255,0.0724633229234826,0.08438943501713977
unseen LCE formulation B,12,qLogNEHVI,0.8706630871299265,0.05826797779235153,0.10298293290805177
unseen LCE formulation B,13,qLogNEHVI,0.8631041644153732,0.05767068229069926,0.10204137077409346
unseen LCE formulation B,14,qLogNEHVI,0.8722824975441189,0.07396893659683927,0.10981779423209573
unseen LCE formulation B,15,qLogNEHVI,0.8698072857701846,0.06771729297771982,0.09400732823397721
unseen LCE formulation B,16,qLogNEHVI,0.8568889041998364,0.07371429094324515,0.10330281363558366
unseen LCE formulation B,17,qLogNEHVI,0.857319242488395,0.063255089005822,0.12351063042038772
unseen LCE formulation B,18,qLogNEHVI,0.8777098602677209,0.06853814567049497,0.11915306880092057
unseen LCE formulation B,19,qLogNEHVI,0.852689612004333,0.0722560960080685,0.106124417939482
unseen LCE formulation B,20,qLogNEHVI,0.8646854641803744,0.06327536540205585,0.11421297549707025
unseen LCE formulation B,1,MOMF,0.8506443606515733,0.07858769119620707,0.12610563543180334
unseen LCE formulation B,2,MOMF,0.8708826773395839,0.07347707975651252,0.11679376042956494
unseen LCE formulation B,3,MOMF,0.8684217697707963,0.05896906034264263,0.10767643350507616
unseen LCE formulation B,4,MOMF,0.8730556844607051,0.07429836642170567,0.10161333019860161
unseen LCE formulation B,5,MOMF,0.8619483962415307,0.07504700450444886,0.1041036438611978
unseen LCE formulation B,6,MOMF,0.8430897761881457,0.05503414305459735,0.11697882031764494
unseen LCE formulation B,7,MOMF,0.8577796348486847,0.06674611408440057,0.110497233886303
unseen LCE formulation B,8,MOMF,0.8560393338659107,0.08156679920971216,0.11321502446682741
unseen LCE formulation B,9,MOMF,0.8790198120319042,0.08515802487610438,0.12492326733181379
unseen LCE formulation B,10,MOMF,0.8728879135024302,0.06700266309267759,0.13345128276152482
unseen LCE formulation B,11,MOMF,0.8581704380595483,0.08013796486097363,0.11684311269410846
unseen LCE formulation B,12,MOMF,0.8552525911835455,0.07522822256302752,0.09684733450614641
unseen LCE formulation B,13,MOMF,0.8376350450034888,0.07868595481311906,0.09804352916553953
unseen LCE formulation B,14,MOMF,0.866381795792645,0.07885218608814645,0.10309165453379711
unseen LCE formulation B,15,MOMF,0.8621686312865428,0.07678476362114707,0.12044382504066768
unseen LCE formulation B,16,MOMF,0.8613692514508169,0.09580492475848282,0.13173834422507333
unseen LCE formulation B,17,MOMF,0.8438972425074557,0.07513952972300784,0.1223559844789293
unseen LCE formulation B,18,MOMF,0.8761269000878321,0.0852260876775467,0.11464636275717206
unseen LCE formulation B,19,MOMF,0.863322154058292,0.08005125584252476,0.11188964459287629
unseen LCE formulation B,20,MOMF,0.8617828613902819,0.08189525320613476,0.1166594062039543
unseen LCE formulation B,1,PHSEA,0.8431739468700468,0.0779228834976176,0.13512629726577716
unseen LCE formulation B,2,PHSEA,0.8483071472498227,0.07276436910922557,0.12336203417528249
unseen LCE formulation B,3,PHSEA,0.8649860242341931,0.0910333476034797,0.12869817656259486
unseen LCE formulation B,4,PHSEA,0.8366805689955288,0.08035240596820364,0.11685292544649405
unseen LCE formulation B,5,PHSEA,0.8491480552822722,0.0870316822036624,0.12559218898778968
unseen LCE formulation B,6,PHSEA,0.8472928849336845,0.08930629644111794,0.11626037887698296
unseen LCE formulation B,7,PHSEA,0.855448967879203,0.08809660945616815,0.11592005564873162
unseen LCE formulation B,8,PHSEA,0.8493943460483684,0.08758920142393128,0.12277406476685862
unseen LCE formulation B,9,PHSEA,0.8607345472186732,0.08059607682362979,0.15045380292297744
unseen LCE formulation B,10,PHSEA,0.8605978533813272,0.08186744736850247,0.10219841318543378
unseen LCE formulation B,11,PHSEA,0.8531996173751616,0.07565262059963335,0.10235181514198312
unseen LCE formulation B,12,PHSEA,0.8358988595774118,0.0788539747486108,0.1266665970653881
unseen LCE formulation B,13,PHSEA,0.8483319620200445,0.0928827235661489,0.12318954933443653
unseen LCE formulation B,14,PHSEA,0.8598254648644295,0.07539457173310742,0.12164729076743376
unseen LCE formulation B,15,PHSEA,0.8609598247964906,0.08697205322776307,0.1332180547064605
unseen LCE formulation B,16,PHSEA,0.8346620696564353,0.07210571471272019,0.1385699420194022
unseen LCE formulation B,17,PHSEA,0.8707121104498544,0.07888684761505653,0.13632513941144594
unseen LCE formulation B,18,PHSEA,0.8389604917334812,0.07885190827469533,0.12299820308214346
unseen LCE formulation B,19,PHSEA,0.8509731751131447,0.08045160898568116,0.13547346801447782
unseen LCE formulation B,20,PHSEA,0.8412561836056767,0.06435631725812346,0.12347844704176998
unseen LCE formulation B,1,MSAEA-DM,0.8430576369754216,0.09337399233848401,0.14354329316670703
unseen LCE formulation B,2,MSAEA-DM,0.8199251652606265,0.10296120207835983,0.15526141406482702
unseen LCE formulation B,3,MSAEA-DM,0.8573957668398091,0.09877359860762402,0.13364028943298278
unseen LCE formulation B,4,MSAEA-DM,0.8431593400485635,0.09125979870887141,0.15532774405785543
unseen LCE formulation B,5,MSAEA-DM,0.8419896236739285,0.08797781120911544,0.15040679395715492
unseen LCE formulation B,6,MSAEA-DM,0.854483246852349,0.08944153549663209,0.1515250432821123
unseen LCE formulation B,7,MSAEA-DM,0.8488840420728676,0.09077802338702194,0.14690412804490724
unseen LCE formulation B,8,MSAEA-DM,0.8483677366021714,0.09740717203074307,0.1449481560393515
unseen LCE formulation B,9,MSAEA-DM,0.857786196201776,0.08736160392119599,0.14785449311207816
unseen LCE formulation B,10,MSAEA-DM,0.8552939060478169,0.08923781987430464,0.15437294482376823
unseen LCE formulation B,11,MSAEA-DM,0.8413708143450408,0.08909802670904428,0.14995164797324798
unseen LCE formulation B,12,MSAEA-DM,0.832708941855387,0.09710655867380562,0.13818498402822957
unseen LCE formulation B,13,MSAEA-DM,0.831067553562833,0.1011003000460207,0.14310374716283425
unseen LCE formulation B,14,MSAEA-DM,0.8175580327731093,0.09762273677648195,0.1640205236513892
unseen LCE formulation B,15,MSAEA-DM,0.8276657219703581,0.07416645333036959,0.12890617049322992
unseen LCE formulation B,16,MSAEA-DM,0.8559577466408301,0.09259960060534467,0.15037150708126135
unseen LCE formulation B,17,MSAEA-DM,0.8516839593363896,0.08294110499809577,0.1307441368663601
unseen LCE formulation B,18,MSAEA-DM,0.8590777969238687,0.09340842463337146,0.15013334712217097
unseen LCE formulation B,19,MSAEA-DM,0.8594038490972506,0.0943863346219973,0.15161911372476566
unseen LCE formulation B,20,MSAEA-DM,0.8587189163848284,0.09095175607007996,0.14556626057146294
unseen LCE formulation B,1,AS-SMEA,0.8372731947722102,0.09181419619572265,0.14190018487196956
unseen LCE formulation B,2,AS-SMEA,0.820116837547445,0.09819099347011052,0.16557175109220784
unseen LCE formulation B,3,AS-SMEA,0.8169614958472579,0.10036516149780511,0.1652526034094877
unseen LCE formulation B,4,AS-SMEA,0.8418441275262861,0.09588767919729096,0.17599641528228602
unseen LCE formulation B,5,AS-SMEA,0.8176609993262229,0.10546801357039554,0.17087383013630192
unseen LCE formulation B,6,AS-SMEA,0.827507010411518,0.10116646347188023,0.16455085943007836
unseen LCE formulation B,7,AS-SMEA,0.8040238652500131,0.11511981886703089,0.15601294163473609
unseen LCE formulation B,8,AS-SMEA,0.8421339466122293,0.09458270990380804,0.15253184405198814
unseen LCE formulation B,9,AS-SMEA,0.8166429246045377,0.0767850760790879,0.16429290398446414
unseen LCE formulation B,10,AS-SMEA,0.8363178565626256,0.10061335210015347,0.1740383907690099
unseen LCE formulation B,11,AS-SMEA,0.8332032285730736,0.08653186328652442,0.15729648353861334
unseen LCE formulation B,12,AS-SMEA,0.8231698450478376,0.10352901704874604,0.15717646896787532
unseen LCE formulation B,13,AS-SMEA,0.8062794494780484,0.09372308993477262,0.15005540920375973
unseen LCE formulation B,14,AS-SMEA,0.828147413876623,0.09638051238089577,0.16999056494263534
unseen LCE formulation B,15,AS-SMEA,0.8403923126878311,0.10869818056385173,0.17064904040879633
unseen LCE formulation B,16,AS-SMEA,0.8337923643342279,0.1086361220064714,0.15332339120474597
unseen LCE formulation B,17,AS-SMEA,0.8217017787300445,0.10900058601832135,0.16449144101623628
unseen LCE formulation B,18,AS-SMEA,0.80504309214623,0.0897368919024306,0.16048914782359391
unseen LCE formulation B,19,AS-SMEA,0.8440678432693297,0.11187716826857032,0.14479531095558162
unseen LCE formulation B,20,AS-SMEA,0.8078557662567922,0.11123795273068138,0.13337512149653186
short tight helix,1,Frank-WT MF-PIRN,0.8885801338190493,0.04349622421037723,0.06811325828781137
short tight helix,2,Frank-WT MF-PIRN,0.9106684023721933,0.053007626787814864,0.06958420461760204
short tight helix,3,Frank-WT MF-PIRN,0.9073149078023326,0.05666988339135584,0.06363748020406587
short tight helix,4,Frank-WT MF-PIRN,0.91098566086137,0.05118800504304477,0.07467694541957738
short tight helix,5,Frank-WT MF-PIRN,0.898320524231815,0.06358853887203852,0.072075238060652
short tight helix,6,Frank-WT MF-PIRN,0.8979285192579928,0.049193061712623526,0.06983588729018723
short tight helix,7,Frank-WT MF-PIRN,0.8961871366042048,0.038751107836466556,0.08205875153655368
short tight helix,8,Frank-WT MF-PIRN,0.9050891584150944,0.056277993985537775,0.07539894980503133
short tight helix,9,Frank-WT MF-PIRN,0.8953723784811546,0.04530729736062717,0.07657651853976025
short tight helix,10,Frank-WT MF-PIRN,0.8981142503848616,0.06014261256589931,0.06821638858824992
short tight helix,11,Frank-WT MF-PIRN,0.8923084336570252,0.04852451070764978,0.07071708255707729
short tight helix,12,Frank-WT MF-PIRN,0.9113170454451323,0.04628608735145361,0.05383655171795333
short tight helix,13,Frank-WT MF-PIRN,0.9025976489951669,0.04678020632062781,0.06347025629733787
short tight helix,14,Frank-WT MF-PIRN,0.90101708009276,0.05681457313834967,0.0810851148680768
short tight helix,15,Frank-WT MF-PIRN,0.907369782093629,0.047724916363920275,0.07709770981721692
short tight helix,16,Frank-WT MF-PIRN,0.8888736917013176,0.053602039030960835,0.08114205588627096
short tight helix,17,Frank-WT MF-PIRN,0.9138805233178785,0.05141808172503296,0.09185962118546322
short tight helix,18,Frank-WT MF-PIRN,0.9053069290173037,0.04498693148451491,0.06816977274450822
short tight helix,19,Frank-WT MF-PIRN,0.8928657562248994,0.04400783016935745,0.061238911065855
short tight helix,20,Frank-WT MF-PIRN,0.9124908074360191,0.04247721378149957,0.07686781483495891
short tight helix,1,MF-HVKG,0.9024690690108744,0.06211769262382769,0.10357879643593551
short tight helix,2,MF-HVKG,0.9003245307865922,0.06109622414952308,0.08836471897151021
short tight helix,3,MF-HVKG,0.9049268596330233,0.07181453379611326,0.10737782771119521
short tight helix,4,MF-HVKG,0.898701579370022,0.053090734394594205,0.08842984794850224
short tight helix,5,MF-HVKG,0.8829119894161147,0.05523696904176418,0.10771939081210374
short tight helix,6,MF-HVKG,0.8834094072685049,0.0631241579778748,0.09121333479912924
short tight helix,7,MF-HVKG,0.8854591227818026,0.06710705181107766,0.08169444827402218
short tight helix,8,MF-HVKG,0.8899758179852113,0.061841806496977084,0.07415163694559143
short tight helix,9,MF-HVKG,0.8723405250802817,0.04193928874910246,0.08346255851523628
short tight helix,10,MF-HVKG,0.8841536085286822,0.060546473833076694,0.08981225101326332
short tight helix,11,MF-HVKG,0.8999557730345477,0.07156197712496196,0.0986742395420393
short tight helix,12,MF-HVKG,0.8698627462035162,0.06717149248349094,0.08473487744229367
short tight helix,13,MF-HVKG,0.9064430192414324,0.05842276182016432,0.07485382698688692
short tight helix,14,MF-HVKG,0.9010546406578391,0.05940297744393145,0.09616278274199799
short tight helix,15,MF-HVKG,0.8792014651961472,0.05223316555496556,0.08482944198386147
short tight helix,16,MF-HVKG,0.8897805370241524,0.06175747905255873,0.0960004593039305
short tight helix,17,MF-HVKG,0.8695243070959408,0.059100298375781075,0.08702333372298444
short tight helix,18,MF-HVKG,0.8794683974657913,0.05004298694339904,0.1001092436885298
short tight helix,19,MF-HVKG,0.8838692849955355,0.06291553619691663,0.0948966910639457
short tight helix,20,MF-HVKG,0.8843466131004462,0.06732677256013135,0.09272394201419346
short tight helix,1,qLogNEHVI,0.8943315955231265,0.07277261820571017,0.11084500472997091
short tight helix,2,qLogNEHVI,0.8789820206059766,0.07733042457025024,0.09526091534360759
short tight helix,3,qLogNEHVI,0.8715289418992718,0.06691760454207524,0.10179947438229249
short tight helix,4,qLogNEHVI,0.9060908444102299,0.05943793850928061,0.10499441956929317
short tight helix,5,qLogNEHVI,0.8873284797670852,0.07026608624927937,0.11105144059215119
short tight helix,6,qLogNEHVI,0.8599828603956723,0.07588889411047724,0.10714819273159507
short tight helix,7,qLogNEHVI,0.8629133570705838,0.07045770271856933,0.09649981025365419
short tight helix,8,qLogNEHVI,0.8661066041575599,0.07044166572545216,0.11817563592853123
short tight helix,9,qLogNEHVI,0.8995841888693075,0.07200434201622073,0.10914552961018219
short tight helix,10,qLogNEHVI,0.8842021514607304,0.060920746784279174,0.0863238370482601
short tight helix,11,qLogNEHVI,0.8744237166184894,0.07452203387562303,0.09065787039436833
short tight helix,12,qLogNEHVI,0.8640390598765753,0.08478172117048217,0.11185457699200604
short tight helix,13,qLogNEHVI,0.8673976280491096,0.06349780869606109,0.09345882443124442
short tight helix,14,qLogNEHVI,0.8860564694990436,0.07178304368255023,0.10981780282101142
short tight helix,15,qLogNEHVI,0.8651541888824885,0.07389820232801939,0.07722465104677284
short tight helix,16,qLogNEHVI,0.8827326695052529,0.06333037954553214,0.11502058641742065
short tight helix,17,qLogNEHVI,0.895198086509392,0.06305126943451791,0.10630512363521624
short tight helix,18,qLogNEHVI,0.8722068494569137,0.07266468386550988,0.0866471612577168
short tight helix,19,qLogNEHVI,0.9017083467784778,0.0725767838908398,0.13050665306404788
short tight helix,20,qLogNEHVI,0.8825616450645631,0.06773683898273626,0.1062630721262944
short tight helix,1,MOMF,0.8598089398326819,0.07368816497335658,0.10612049786533498
short tight helix,2,MOMF,0.8747571304474385,0.08090504684185987,0.11220255365868156
short tight helix,3,MOMF,0.8508846783161657,0.08243913023831108,0.12401133751457488
short tight helix,4,MOMF,0.8799502651441916,0.07316899187941799,0.12699834266350182
short tight helix,5,MOMF,0.8601866662186031,0.07622527433041233,0.10557856581394565
short tight helix,6,MOMF,0.8573109924869781,0.0778068350606241,0.11726426815530992
short tight helix,7,MOMF,0.8540614196880382,0.07383785216916267,0.11527333108322263
short tight helix,8,MOMF,0.8847186617088602,0.06744454561678284,0.1037429058755866
short tight helix,9,MOMF,0.8762494680734617,0.08092330545339314,0.11219779023399803
short tight helix,10,MOMF,0.8891957813572384,0.0809208383787501,0.11711492676788557
short tight helix,11,MOMF,0.8568268145005696,0.07271265356580342,0.1186738778889955
short tight helix,12,MOMF,0.8790479138234243,0.06600504259383665,0.10466175798692283
short tight helix,13,MOMF,0.865628440461015,0.08088384468245575,0.11170302802046748
short tight helix,14,MOMF,0.8595261098474631,0.07588888200997614,0.11926456620386688
short tight helix,15,MOMF,0.8677692994063205,0.07422595886065436,0.10667809084521993
short tight helix,16,MOMF,0.8923670242031704,0.08572330864465873,0.12652508960063674
short tight helix,17,MOMF,0.8790397746857919,0.0837257473116481,0.11595084832711354
short tight helix,18,MOMF,0.8421415879965165,0.06603278612250518,0.11983608583598902
short tight helix,19,MOMF,0.8619546938293917,0.06422727776982567,0.11387600090122721
short tight helix,20,MOMF,0.855791534173767,0.07922978616187742,0.13208722718020646
short tight helix,1,PHSEA,0.8649205596697737,0.07919003978872885,0.1273064082576468
short tight helix,2,PHSEA,0.8721402649474621,0.10418393006504235,0.15384445324049262
short tight helix,3,PHSEA,0.8533712357915092,0.08362880778269166,0.1488415505910219
short tight helix,4,PHSEA,0.8586364101130382,0.07959003249166649,0.12998297883462928
short tight helix,5,PHSEA,0.8644422032226996,0.0925887787132026,0.14418565579094086
short tight helix,6,PHSEA,0.8774091176735054,0.08089820426871931,0.13538950346342526
short tight helix,7,PHSEA,0.8634404291905831,0.08148879921649535,0.11041595487322786
short tight helix,8,PHSEA,0.8616789738470382,0.08683826582585157,0.11855379159796778
short tight helix,9,PHSEA,0.8791285899126069,0.09083661223104716,0.1338902491903941
short tight helix,10,PHSEA,0.8635935676102845,0.07846881915747947,0.14017816760367804
short tight helix,11,PHSEA,0.8678027956357848,0.08311975182706503,0.1332995301115253
short tight helix,12,PHSEA,0.8650859194435782,0.08250468364882396,0.12985717041541328
short tight helix,13,PHSEA,0.8669796507186038,0.08343727840152361,0.11961832504237738
short tight helix,14,PHSEA,0.8528365628873542,0.07404104814199226,0.11484270105940124
short tight helix,15,PHSEA,0.8413273691651123,0.0888819335195634,0.11002110857864543
short tight helix,16,PHSEA,0.8730298316543819,0.07217461346911147,0.14666491061684805
short tight helix,17,PHSEA,0.8860973132935009,0.0802467208363688,0.12104860575878452
short tight helix,18,PHSEA,0.8713396919259505,0.07845853577617619,0.13474869069843418
short tight helix,19,PHSEA,0.8717786857490731,0.08831133426330559,0.13634664968353316
short tight helix,20,PHSEA,0.858307978044964,0.09517485385653973,0.10932950851983418
short tight helix,1,MSAEA-DM,0.8802754816609492,0.09597666466424129,0.12938372897314124
short tight helix,2,MSAEA-DM,0.8349730023485211,0.08873508687839995,0.15656408099170577
short tight helix,3,MSAEA-DM,0.8731560625786966,0.09491853399710143,0.139969705567115
short tight helix,4,MSAEA-DM,0.8449977328800077,0.09259013688091977,0.1673831137576995
short tight helix,5,MSAEA-DM,0.8415623331211074,0.10139148081367727,0.15927920608156082
short tight helix,6,MSAEA-DM,0.8502095072463385,0.08978097646100584,0.14655915551728035
short tight helix,7,MSAEA-DM,0.8630115851758609,0.09661529132018477,0.1348931883421804
short tight helix,8,MSAEA-DM,0.8330007049240635,0.09672682681361658,0.14439600667343463
short tight helix,9,MSAEA-DM,0.8562858545582885,0.1067833375271398,0.1487480237820334
short tight helix,10,MSAEA-DM,0.8248101195360901,0.09688315574137223,0.1407932765898092
short tight helix,11,MSAEA-DM,0.8439384743219913,0.0909359068712914,0.1577649177296247
short tight helix,12,MSAEA-DM,0.8277819801216612,0.09419178888801652,0.15168610950012684
short tight helix,13,MSAEA-DM,0.8480467821134334,0.0891831237200661,0.15317904618319197
short tight helix,14,MSAEA-DM,0.8481762996008599,0.08939947736661195,0.14385304004136834
short tight helix,15,MSAEA-DM,0.8615822405001436,0.09118014023175998,0.17282316096875622
short tight helix,16,MSAEA-DM,0.8552227463581378,0.0795587314499635,0.15449933008303213
short tight helix,17,MSAEA-DM,0.8609344125311477,0.0960663969005935,0.15104615993373127
short tight helix,18,MSAEA-DM,0.8483842301747546,0.09432955894415501,0.15470121354215832
short tight helix,19,MSAEA-DM,0.8498214692126038,0.08584403652569807,0.14353172157625452
short tight helix,20,MSAEA-DM,0.836446237573798,0.09223150475222608,0.160811219458228
short tight helix,1,AS-SMEA,0.823882989085269,0.10278483202370674,0.15264045876800006
short tight helix,2,AS-SMEA,0.8544604221916277,0.09059097368994139,0.16956436368568698
short tight helix,3,AS-SMEA,0.8411078990676313,0.1105774499644912,0.158556243007116
short tight helix,4,AS-SMEA,0.8442173169291379,0.09522349225924816,0.16350977607207182
short tight helix,5,AS-SMEA,0.8297570025343451,0.10177743679061159,0.15698123102738662
short tight helix,6,AS-SMEA,0.8584897342609236,0.10095351772783817,0.15902685811076367
short tight helix,7,AS-SMEA,0.8365383616398384,0.1008729237517791,0.17105180238253553
short tight helix,8,AS-SMEA,0.8471899963706389,0.09704854983632547,0.17231657059506933
short tight helix,9,AS-SMEA,0.8375821958536253,0.0974678755649254,0.15420515022593906
short tight helix,10,AS-SMEA,0.8332283826378806,0.10590981253252134,0.1574955270569284
short tight helix,11,AS-SMEA,0.8330412976693721,0.09820463727047407,0.16120180481099108
short tight helix,12,AS-SMEA,0.86042361602064,0.11099135374933722,0.15217182008673016
short tight helix,13,AS-SMEA,0.8450236535554646,0.10544108458567132,0.15465298705393332
short tight helix,14,AS-SMEA,0.8450904674342727,0.09322783159487233,0.15976866649690824
short tight helix,15,AS-SMEA,0.834398898385132,0.1070700862413509,0.15850588941388588
short tight helix,16,AS-SMEA,0.8580429946737171,0.10612297159780792,0.1444658132162478
short tight helix,17,AS-SMEA,0.8449717634507226,0.09912032408886708,0.16399132562885516
short tight helix,18,AS-SMEA,0.8289124766830739,0.09267970421074995,0.15869037392004787
short tight helix,19,AS-SMEA,0.8528495536944164,0.10817264543560208,0.1585184020876616
short tight helix,20,AS-SMEA,0.8402950198834188,0.10450261478138027,0.15641748985002285
long compliant helix,1,Frank-WT MF-PIRN,0.8912715118107031,0.0494927786385076,0.08142493754224182
long compliant helix,2,Frank-WT MF-PIRN,0.8981847765773061,0.059854237606678865,0.0798318517394666
long compliant helix,3,Frank-WT MF-PIRN,0.8970508469281343,0.051060575969775215,0.08562964824869194
long compliant helix,4,Frank-WT MF-PIRN,0.8880531419842963,0.03910824639765564,0.08246299908751029
long compliant helix,5,Frank-WT MF-PIRN,0.9031754642474931,0.047823222501841296,0.0947134005136342
long compliant helix,6,Frank-WT MF-PIRN,0.8918458932630313,0.05403825357159977,0.09098461774518721
long compliant helix,7,Frank-WT MF-PIRN,0.8848683398561026,0.04931392752508065,0.08957811763130225
long compliant helix,8,Frank-WT MF-PIRN,0.8913003641350987,0.04205474144044391,0.08935520007551855
long compliant helix,9,Frank-WT MF-PIRN,0.8902903347609363,0.04731049329101154,0.07181565435881468
long compliant helix,10,Frank-WT MF-PIRN,0.9163622532683666,0.058582333179871,0.08243447376749727
long compliant helix,11,Frank-WT MF-PIRN,0.9066396774874144,0.0401270610439639,0.0680861864732506
long compliant helix,12,Frank-WT MF-PIRN,0.8923664607815464,0.051305575066330544,0.06537081321128276
long compliant helix,13,Frank-WT MF-PIRN,0.8901053331347697,0.05390118470912455,0.0739902894159507
long compliant helix,14,Frank-WT MF-PIRN,0.8976066426654111,0.05485659685438579,0.09441715212520979
long compliant helix,15,Frank-WT MF-PIRN,0.8996361422310741,0.056093866933650226,0.06927286547560206
long compliant helix,16,Frank-WT MF-PIRN,0.9086517214445743,0.03707567732914186,0.06727608667337916
long compliant helix,17,Frank-WT MF-PIRN,0.8856232191905419,0.053974579155727585,0.07765165382960008
long compliant helix,18,Frank-WT MF-PIRN,0.8927301637054949,0.054835055711374335,0.06746793772064602
long compliant helix,19,Frank-WT MF-PIRN,0.9083690494887091,0.06543815626525071,0.07723559188117325
long compliant helix,20,Frank-WT MF-PIRN,0.8946171860391529,0.05285067094449045,0.06055386395754371
long compliant helix,1,MF-HVKG,0.8690619776963447,0.06248988837768722,0.08622925092986031
long compliant helix,2,MF-HVKG,0.8729178671857801,0.06157405890312378,0.09299117440709151
long compliant helix,3,MF-HVKG,0.8766737408520022,0.05280609120241242,0.07808466437841506
long compliant helix,4,MF-HVKG,0.8859607112298675,0.05262521958472772,0.0924984594038674
long compliant helix,5,MF-HVKG,0.857735631812085,0.06321237565079929,0.08657957806273855
long compliant helix,6,MF-HVKG,0.8758068714945438,0.06490646799953108,0.09183459247974136
long compliant helix,7,MF-HVKG,0.9006355432894185,0.06370221200190102,0.07356134481793729
long compliant helix,8,MF-HVKG,0.8983880164748934,0.03917006972068441,0.0940227746150524
long compliant helix,9,MF-HVKG,0.9111127187187,0.05406075420912772,0.08423666048216621
long compliant helix,10,MF-HVKG,0.8801775646415971,0.04901731700662181,0.08800509154601871
long compliant helix,11,MF-HVKG,0.8834717747670372,0.056997348364614744,0.08090567296972989
long compliant helix,12,MF-HVKG,0.8892199185771694,0.058695589620032865,0.08363878101085592
long compliant helix,13,MF-HVKG,0.8862869120206409,0.06023979069280143,0.08734137046913919
long compliant helix,14,MF-HVKG,0.8572408811979604,0.06727509869384625,0.09119877452265736
long compliant helix,15,MF-HVKG,0.8915584596722426,0.06292782176009591,0.08689660375894315
long compliant helix,16,MF-HVKG,0.9112292214859296,0.0696393248906062,0.08216867890090954
long compliant helix,17,MF-HVKG,0.8568232490215602,0.06793757517885594,0.09006417010405784
long compliant helix,18,MF-HVKG,0.8704006414569392,0.07281129446279389,0.08310603921364595
long compliant helix,19,MF-HVKG,0.8775967798072737,0.06484071594020711,0.08429690247829728
long compliant helix,20,MF-HVKG,0.8801895305215437,0.054377739006157444,0.08490110841516543
long compliant helix,1,qLogNEHVI,0.8750379881944435,0.06157305156085589,0.10062776862537655
long compliant helix,2,qLogNEHVI,0.8742685337836565,0.0795237858550903,0.10777466139072439
long compliant helix,3,qLogNEHVI,0.8841631499225903,0.06578782826752538,0.11445949414793034
long compliant helix,4,qLogNEHVI,0.8637544075087907,0.07231952513356923,0.09608916628136326
long compliant helix,5,qLogNEHVI,0.8743707592313225,0.07061930330769271,0.10281042248513468
long compliant helix,6,qLogNEHVI,0.8884940834947113,0.06580772464838541,0.09151871667222271
long compliant helix,7,qLogNEHVI,0.8571958480265067,0.07837229070413188,0.09313182811097699
long compliant helix,8,qLogNEHVI,0.8689690561508139,0.06384062154771539,0.07855561568180472
long compliant helix,9,qLogNEHVI,0.8825278176916558,0.060724158887478175,0.10369798446673054
long compliant helix,10,qLogNEHVI,0.8761175915298762,0.06772112667463002,0.09644667575709642
long compliant helix,11,qLogNEHVI,0.862494891713653,0.06267750632871069,0.1076413441511623
long compliant helix,12,qLogNEHVI,0.8628311496823083,0.06908142224446051,0.10889942392904477
long compliant helix,13,qLogNEHVI,0.8735847737822181,0.08035845134178823,0.09687874775562325
long compliant helix,14,qLogNEHVI,0.8933339943303801,0.07328441040685424,0.0959951344192245
long compliant helix,15,qLogNEHVI,0.866379038798169,0.07632293796583783,0.09425637354390684
long compliant helix,16,qLogNEHVI,0.8501569916011344,0.0700226351354373,0.10896494911065917
long compliant helix,17,qLogNEHVI,0.8607554937820685,0.05678530057459786,0.10488054388712242
long compliant helix,18,qLogNEHVI,0.8694400810677418,0.07445774666671706,0.09755828066159263
long compliant helix,19,qLogNEHVI,0.8930873511860068,0.06297233419103795,0.11583677643717354
long compliant helix,20,qLogNEHVI,0.8625841753461738,0.06666837357292422,0.11814863754310465
long compliant helix,1,MOMF,0.8675059656268616,0.0635064096185267,0.13409858873946554
long compliant helix,2,MOMF,0.8834079400991853,0.07372103512166985,0.1169293245658201
long compliant helix,3,MOMF,0.8626913823487848,0.08396680523768756,0.12110161927585505
long compliant helix,4,MOMF,0.880500102602432,0.0701658047010818,0.12172155194476794
long compliant helix,5,MOMF,0.8622538671215996,0.0698138098171613,0.119129360828766
long compliant helix,6,MOMF,0.8721821840218988,0.08957538045219478,0.11752227642033534
long compliant helix,7,MOMF,0.8506281980596782,0.06565870226162857,0.11888081587274077
long compliant helix,8,MOMF,0.8611349380099714,0.0800939962221757,0.11339984054798044
long compliant helix,9,MOMF,0.8616001193980793,0.06998355453322211,0.1299806379035199
long compliant helix,10,MOMF,0.8737233361981226,0.07144217480905621,0.11375780896950771
long compliant helix,11,MOMF,0.8598560710776508,0.0795488478706972,0.10230185364742497
long compliant helix,12,MOMF,0.8514548278957268,0.08799442124885484,0.11659129025714285
long compliant helix,13,MOMF,0.862165121836173,0.07161363119644837,0.11559550011890649
long compliant helix,14,MOMF,0.8784371781526146,0.07873196059117275,0.10037996266280833
long compliant helix,15,MOMF,0.8740255230897781,0.06505445060856732,0.12159422081035505
long compliant helix,16,MOMF,0.8569963018392315,0.08173919779261357,0.10255821978277015
long compliant helix,17,MOMF,0.8751929750362573,0.07158856503490131,0.12470067716112984
long compliant helix,18,MOMF,0.8996710115530339,0.07535395159414977,0.12153742050063131
long compliant helix,19,MOMF,0.8747757532023396,0.07778636752230937,0.11454722113777702
long compliant helix,20,MOMF,0.8764741222421388,0.0800288241492956,0.12072768721791471
long compliant helix,1,PHSEA,0.8547863073951028,0.07890816738075142,0.11391165444839796
long compliant helix,2,PHSEA,0.8681030076518731,0.08846706315057218,0.1278867402901163
long compliant helix,3,PHSEA,0.8566072362476004,0.07628102836465218,0.12858042378552847
long compliant helix,4,PHSEA,0.8567388376055624,0.07922575398776237,0.12567996789417182
long compliant helix,5,PHSEA,0.8761706453400303,0.09075019666398397,0.12939242883724625
long compliant helix,6,PHSEA,0.8603203781236658,0.08654029777015,0.12612606486397787
long compliant helix,7,PHSEA,0.8630285384113168,0.09257512476015145,0.10787503002636659
long compliant helix,8,PHSEA,0.8503234933974148,0.07602028372573788,0.1479855772640997
long compliant helix,9,PHSEA,0.821410778900446,0.07602382346415706,0.12404377045095266
long compliant helix,10,PHSEA,0.842693332033816,0.08208131200813663,0.13073840603640324
long compliant helix,11,PHSEA,0.851796420144039,0.08225551464470134,0.14494599223724236
long compliant helix,12,PHSEA,0.8295753946610095,0.06854652314297471,0.12213415094194419
long compliant helix,13,PHSEA,0.8355019039597171,0.08622252079894915,0.1407031378062335
long compliant helix,14,PHSEA,0.8683542424885916,0.08413605112630759,0.1200017391593034
long compliant helix,15,PHSEA,0.8678266630458503,0.07731775704083797,0.1453966987996781
long compliant helix,16,PHSEA,0.8546990150832411,0.07797105878851532,0.1316666482155738
long compliant helix,17,PHSEA,0.8563130719435335,0.0854936047589931,0.1276273017498971
long compliant helix,18,PHSEA,0.8499000500562011,0.09278563392968037,0.12740797142198879
long compliant helix,19,PHSEA,0.8655747969301827,0.07720981038504185,0.09253006176898218
long compliant helix,20,PHSEA,0.8495408830966208,0.09000390676549247,0.11218539630190365
long compliant helix,1,MSAEA-DM,0.8576289490104154,0.09056737404032017,0.147425976129492
long compliant helix,2,MSAEA-DM,0.8627200920637925,0.1048612291058686,0.1568087680526632
long compliant helix,3,MSAEA-DM,0.8484629064425799,0.09106072583867726,0.14288637874349958
long compliant helix,4,MSAEA-DM,0.8353230085614662,0.08806966003325734,0.12236651370549359
long compliant helix,5,MSAEA-DM,0.8365058281354684,0.0973048806971236,0.13182278761375765
long compliant helix,6,MSAEA-DM,0.8686594730984574,0.10447751431925452,0.1400035635338484
long compliant helix,7,MSAEA-DM,0.8563412224876207,0.09804918240935541,0.15585355283337288
long compliant helix,8,MSAEA-DM,0.8626939834253154,0.09181423409294209,0.14537864822723295
long compliant helix,9,MSAEA-DM,0.8427801466933253,0.09850086836962187,0.15399309629630367
long compliant helix,10,MSAEA-DM,0.8540548462274212,0.09496300872980995,0.1569614767872659
long compliant helix,11,MSAEA-DM,0.8517002873121524,0.08785536287652335,0.15127982874367607
long compliant helix,12,MSAEA-DM,0.8381692314130854,0.08105488414043852,0.14090092654438394
long compliant helix,13,MSAEA-DM,0.8393454309774059,0.08680347946997648,0.1600459252560919
long compliant helix,14,MSAEA-DM,0.8339261192138652,0.09006290918863101,0.1295414777584836
long compliant helix,15,MSAEA-DM,0.8329550172437765,0.08680837813246396,0.14563279772370202
long compliant helix,16,MSAEA-DM,0.8458098456460287,0.09333644390452447,0.14151562781996607
long compliant helix,17,MSAEA-DM,0.8641249530590358,0.09011784428208336,0.14845903092097454
long compliant helix,18,MSAEA-DM,0.8487679151819691,0.08896286526744303,0.1486308324358696
long compliant helix,19,MSAEA-DM,0.8462504847266499,0.09723704814189263,0.1261284839779825
long compliant helix,20,MSAEA-DM,0.8427370723907731,0.09412665979131403,0.17626392061844448
long compliant helix,1,AS-SMEA,0.8421416966670816,0.10456943454984238,0.1608344358919148
long compliant helix,2,AS-SMEA,0.845598453477665,0.09478922912449317,0.167312040154407
long compliant helix,3,AS-SMEA,0.8345908523457714,0.09468052302862072,0.15924328563593595
long compliant helix,4,AS-SMEA,0.8315849620189258,0.0947788608636856,0.14811006634898624
long compliant helix,5,AS-SMEA,0.8260962522796222,0.10966854325081264,0.16106481645142676
long compliant helix,6,AS-SMEA,0.8317198249291272,0.11391158079566197,0.18066247426433024
long compliant helix,7,AS-SMEA,0.8306746886953221,0.09532868857636709,0.1460668090080167
long compliant helix,8,AS-SMEA,0.8509494120105657,0.11034749700384433,0.16140741245549925
long compliant helix,9,AS-SMEA,0.8293268291216338,0.09604997932592126,0.17649327221407943
long compliant helix,10,AS-SMEA,0.8342276286723125,0.09334966717479014,0.13361174356887226
long compliant helix,11,AS-SMEA,0.831385230823304,0.1028675612324704,0.16591505538949305
long compliant helix,12,AS-SMEA,0.8381745607133085,0.09734873039083007,0.1579904934125746
long compliant helix,13,AS-SMEA,0.8423727296397995,0.10114587599348879,0.1563328150564262
long compliant helix,14,AS-SMEA,0.8547975876431207,0.11039488686641083,0.1587958685298245
long compliant helix,15,AS-SMEA,0.844499698167544,0.10631984956698357,0.14744125673658037
long compliant helix,16,AS-SMEA,0.820592594528461,0.08915423990948425,0.18296180827827813
long compliant helix,17,AS-SMEA,0.8456696166464515,0.08625383473295353,0.17318568785671268
long compliant helix,18,AS-SMEA,0.8853803182005746,0.10931079528879246,0.15338324586848057
long compliant helix,19,AS-SMEA,0.8307072154283096,0.1040141633414879,0.14909126157746572
long compliant helix,20,AS-SMEA,0.829490887385676,0.09759560325598478,0.1623041581892752
graded-pitch helix,1,Frank-WT MF-PIRN,0.8858296284847638,0.049891788886836694,0.08050232550718228
graded-pitch helix,2,Frank-WT MF-PIRN,0.8557042123934103,0.05030097008311699,0.06597257309135512
graded-pitch helix,3,Frank-WT MF-PIRN,0.8929392082623647,0.04471811835772107,0.08403661558214348
graded-pitch helix,4,Frank-WT MF-PIRN,0.8850096988945303,0.0489618479659257,0.07894922154374708
graded-pitch helix,5,Frank-WT MF-PIRN,0.8840887845790759,0.048560605516254185,0.08474886638071621
graded-pitch helix,6,Frank-WT MF-PIRN,0.8978043124930412,0.057322699279368006,0.07687503399233196
graded-pitch helix,7,Frank-WT MF-PIRN,0.8754204352439404,0.06227781388206491,0.07556275918568002
graded-pitch helix,8,Frank-WT MF-PIRN,0.8911885640179409,0.05268800851733745,0.06251027508573677
graded-pitch helix,9,Frank-WT MF-PIRN,0.8696848527122475,0.05265936603460732,0.08433054901373054
graded-pitch helix,10,Frank-WT MF-PIRN,0.8875854750491237,0.04487505343001754,0.07714827803038052
graded-pitch helix,11,Frank-WT MF-PIRN,0.8628088533175264,0.057951988492314664,0.07388092764576609
graded-pitch helix,12,Frank-WT MF-PIRN,0.8680001605139287,0.06313881072100581,0.07154030455315048
graded-pitch helix,13,Frank-WT MF-PIRN,0.8644173694914478,0.05454789254429231,0.06665769755167202
graded-pitch helix,14,Frank-WT MF-PIRN,0.8651954030747214,0.05280057423855431,0.06008365523829938
graded-pitch helix,15,Frank-WT MF-PIRN,0.8950556878382482,0.05803085161751566,0.08187670164250598
graded-pitch helix,16,Frank-WT MF-PIRN,0.8920430880061948,0.05026709610762103,0.06702872006454491
graded-pitch helix,17,Frank-WT MF-PIRN,0.8666076698767375,0.04795736082209136,0.0699514660431313
graded-pitch helix,18,Frank-WT MF-PIRN,0.885699210106397,0.055798524182000486,0.07197091908096491
graded-pitch helix,19,Frank-WT MF-PIRN,0.8847091595546692,0.050433780681352645,0.09083433048258274
graded-pitch helix,20,Frank-WT MF-PIRN,0.8728712071006959,0.05519144700613288,0.05594086340055249
graded-pitch helix,1,MF-HVKG,0.8737782618896661,0.05810450508318295,0.0930526966851241
graded-pitch helix,2,MF-HVKG,0.8963598906520795,0.055787133297895024,0.09254090009849203
graded-pitch helix,3,MF-HVKG,0.8926093271582635,0.06051535298008807,0.07895318587807677
graded-pitch helix,4,MF-HVKG,0.8795558274065305,0.06417490720163531,0.09478509443481062
graded-pitch helix,5,MF-HVKG,0.9023782449268483,0.05994655264092552,0.06373037906375062
graded-pitch helix,6,MF-HVKG,0.8888065574199089,0.05688588134639626,0.08655722393579185
graded-pitch helix,7,MF-HVKG,0.8860888682821526,0.05594001874509343,0.09254005456440591
graded-pitch helix,8,MF-HVKG,0.8811883280543051,0.06253301409094413,0.0949271610110543
graded-pitch helix,9,MF-HVKG,0.8788571542576153,0.059166766635013815,0.09363172336701217
graded-pitch helix,10,MF-HVKG,0.8772002411719239,0.04652265910870641,0.09708249712110227
graded-pitch helix,11,MF-HVKG,0.8608361312395635,0.05281015502516698,0.08860619477061775
graded-pitch helix,12,MF-HVKG,0.8619543948387737,0.05853494017928881,0.08333236765850917
graded-pitch helix,13,MF-HVKG,0.8681189131855196,0.05811580531689639,0.07559172712094189
graded-pitch helix,14,MF-HVKG,0.8632148119342802,0.052332437384311564,0.1091755082372302
graded-pitch helix,15,MF-HVKG,0.8756984620533911,0.05601177982162643,0.0915906769032714
graded-pitch helix,16,MF-HVKG,0.8842226595705903,0.058704581925772784,0.08970556726641687
graded-pitch helix,17,MF-HVKG,0.8734102262153262,0.05989106418872829,0.07624374073935944
graded-pitch helix,18,MF-HVKG,0.8951976196948968,0.052688903158823304,0.09744068077423147
graded-pitch helix,19,MF-HVKG,0.8798669508631519,0.05770881891308477,0.09754603749277659
graded-pitch helix,20,MF-HVKG,0.8779772141835135,0.04967006702104242,0.10506582843738703
graded-pitch helix,1,qLogNEHVI,0.8659930587771103,0.08039011259757237,0.09981355053641776
graded-pitch helix,2,qLogNEHVI,0.8831889247847253,0.07477850376110176,0.10635032011998749
graded-pitch helix,3,qLogNEHVI,0.851617191731429,0.07228678438373307,0.09493705189918746
graded-pitch helix,4,qLogNEHVI,0.8807460667404647,0.06682302930681246,0.0976067887152455
graded-pitch helix,5,qLogNEHVI,0.8682133313894389,0.07429873394677974,0.1016373736207409
graded-pitch helix,6,qLogNEHVI,0.8659777368384457,0.07382082449770719,0.11576697740797111
graded-pitch helix,7,qLogNEHVI,0.8636719909226718,0.06488984498925758,0.09905281264070934
graded-pitch helix,8,qLogNEHVI,0.8622620620997072,0.08252704534698985,0.11295328529970844
graded-pitch helix,9,qLogNEHVI,0.8603406732813973,0.06468302467302856,0.08130505289094586
graded-pitch helix,10,qLogNEHVI,0.8629337494276369,0.07067298224494306,0.10350388041884899
graded-pitch helix,11,qLogNEHVI,0.8480649237749879,0.06152964981269948,0.0919647607721972
graded-pitch helix,12,qLogNEHVI,0.8461004096204447,0.06695993382836056,0.09832924615262367
graded-pitch helix,13,qLogNEHVI,0.849279467218549,0.06807582092387506,0.10749906714166031
graded-pitch helix,14,qLogNEHVI,0.8504405043538201,0.07665936210877682,0.08824305546603231
graded-pitch helix,15,qLogNEHVI,0.8686438433554374,0.05986643320806241,0.10469309884689451
graded-pitch helix,16,qLogNEHVI,0.8495010546348848,0.08683913152239432,0.10409243163371633
graded-pitch helix,17,qLogNEHVI,0.8594108133824694,0.06074388659886491,0.08645714187496012
graded-pitch helix,18,qLogNEHVI,0.8846486194306292,0.06959899720335067,0.12156816649551036
graded-pitch helix,19,qLogNEHVI,0.8586371522623429,0.08365690446131217,0.07499603495183657
graded-pitch helix,20,qLogNEHVI,0.8537998649625467,0.06798503991743085,0.11436749987545475
graded-pitch helix,1,MOMF,0.8400426584954009,0.08194684200393759,0.11800085762480379
graded-pitch helix,2,MOMF,0.8388364418733743,0.0701463440592566,0.09393088425829127
graded-pitch helix,3,MOMF,0.8585699685496132,0.0748962183295135,0.10591253994265784
graded-pitch helix,4,MOMF,0.8329765226596092,0.07575143769846375,0.11407085393871853
graded-pitch helix,5,MOMF,0.8542901522104759,0.07657554822391169,0.12185165525311345
graded-pitch helix,6,MOMF,0.8505358647941805,0.0748184001638919,0.11374855454753076
graded-pitch helix,7,MOMF,0.8636647137598443,0.06729909581539803,0.14207463214110744
graded-pitch helix,8,MOMF,0.8581410605388214,0.06603300669630266,0.10527110943652356
graded-pitch helix,9,MOMF,0.8533442098608052,0.07600254147210657,0.11598827595034084
graded-pitch helix,10,MOMF,0.854543028806378,0.07089801619772226,0.10398442856647097
graded-pitch helix,11,MOMF,0.8808671298925754,0.0840160759468416,0.12611759178380733
graded-pitch helix,12,MOMF,0.8707441833810452,0.09490403564301687,0.11866632372014721
graded-pitch helix,13,MOMF,0.8498272498149831,0.07824201520892092,0.1298203681978617
graded-pitch helix,14,MOMF,0.8620606751132781,0.07696522336413227,0.12322171573171159
graded-pitch helix,15,MOMF,0.8473351165387395,0.08046666964110777,0.11845801034308856
graded-pitch helix,16,MOMF,0.8496324017843648,0.06971820619114652,0.13617171770280093
graded-pitch helix,17,MOMF,0.854547044074092,0.07842075045770379,0.1203798742858568
graded-pitch helix,18,MOMF,0.8588251587114308,0.08924370882501821,0.11984910115198476
graded-pitch helix,19,MOMF,0.849270441088607,0.08087770662556096,0.1083173418178734
graded-pitch helix,20,MOMF,0.8329978776128406,0.07581058648759627,0.12553454577334539
graded-pitch helix,1,PHSEA,0.832058625154848,0.07965541167394032,0.13670763924492918
graded-pitch helix,2,PHSEA,0.8706700615266714,0.08882804534001436,0.12756518825165514
graded-pitch helix,3,PHSEA,0.8329535288518232,0.09044063413353445,0.1417685140183791
graded-pitch helix,4,PHSEA,0.8406966220384903,0.08066606439620448,0.12656334067902197
graded-pitch helix,5,PHSEA,0.8428378210916846,0.08703418912697301,0.13294464221563043
graded-pitch helix,6,PHSEA,0.8461837290960783,0.08725608472564413,0.11717282580577336
graded-pitch helix,7,PHSEA,0.8397411726917059,0.08859065582856672,0.11873396018971712
graded-pitch helix,8,PHSEA,0.8304315075406083,0.09827126185209042,0.12840017622769528
graded-pitch helix,9,PHSEA,0.8248222898168635,0.08156451942959893,0.14156434344572447
graded-pitch helix,10,PHSEA,0.8390054935660751,0.0798577951678382,0.12235827261185661
graded-pitch helix,11,PHSEA,0.8591624668214026,0.08293380249739157,0.1385349954949917
graded-pitch helix,12,PHSEA,0.8490546900857999,0.08203305788953952,0.11587918105900097
graded-pitch helix,13,PHSEA,0.8395984544648344,0.08668629435767304,0.12762908459312025
graded-pitch helix,14,PHSEA,0.8497596626989676,0.06927728913149826,0.13605580825472952
graded-pitch helix,15,PHSEA,0.8566051606265426,0.08837363801699208,0.13117492331588304
graded-pitch helix,16,PHSEA,0.8582644608500405,0.09698982436463417,0.12846513891931438
graded-pitch helix,17,PHSEA,0.8468580227930976,0.07920833027505873,0.13921235727795775
graded-pitch helix,18,PHSEA,0.8435973208169644,0.0841194837530861,0.13869438194124487
graded-pitch helix,19,PHSEA,0.8387289538521852,0.09098140394941784,0.12957086064935758
graded-pitch helix,20,PHSEA,0.8457900898700438,0.08057775735616293,0.13078870341697377
graded-pitch helix,1,MSAEA-DM,0.8028557994481157,0.08616779777016206,0.15630268114868942
graded-pitch helix,2,MSAEA-DM,0.8636588565090382,0.10880654995038831,0.1347317453922745
graded-pitch helix,3,MSAEA-DM,0.8352399565512997,0.09706224599059478,0.13334553805701418
graded-pitch helix,4,MSAEA-DM,0.8299218501612807,0.08586560922978939,0.1516530216822074
graded-pitch helix,5,MSAEA-DM,0.8449038490971099,0.08673152541365009,0.15723926880126382
graded-pitch helix,6,MSAEA-DM,0.8347881814886972,0.09556421305502048,0.15850634356791413
graded-pitch helix,7,MSAEA-DM,0.810601922884907,0.09095093046666601,0.1377318874039193
graded-pitch helix,8,MSAEA-DM,0.845022750002277,0.0982093706741004,0.14945528194217092
graded-pitch helix,9,MSAEA-DM,0.8312164873095099,0.09292723891872429,0.14672567227994254
graded-pitch helix,10,MSAEA-DM,0.8284881868815213,0.09443741366370902,0.14612512154197047
graded-pitch helix,11,MSAEA-DM,0.811380434569895,0.08635852928101055,0.13749773794597198
graded-pitch helix,12,MSAEA-DM,0.8417448284031612,0.08692381950246872,0.14770618495585763
graded-pitch helix,13,MSAEA-DM,0.8236691585149621,0.09307934600172929,0.1444117296931141
graded-pitch helix,14,MSAEA-DM,0.8052741458512324,0.08544638515283709,0.14408149514503954
graded-pitch helix,15,MSAEA-DM,0.8136879067627681,0.09664183505920786,0.14433775182747285
graded-pitch helix,16,MSAEA-DM,0.8301528171787431,0.08396765161146198,0.15515183472262545
graded-pitch helix,17,MSAEA-DM,0.83410427283157,0.08848247244862323,0.14476091257228668
graded-pitch helix,18,MSAEA-DM,0.8198848761367876,0.08705242223757918,0.12963487806135968
graded-pitch helix,19,MSAEA-DM,0.8409847465626523,0.08605555532939613,0.15747405958596822
graded-pitch helix,20,MSAEA-DM,0.8212493748705944,0.0994642251340518,0.14671408790967597
graded-pitch helix,1,AS-SMEA,0.8258976158624145,0.10010959927655003,0.15210659606522578
graded-pitch helix,2,AS-SMEA,0.8373937880081183,0.10267779409955326,0.15739947471487925
graded-pitch helix,3,AS-SMEA,0.8253426735498035,0.10049901808826728,0.1747362355037435
graded-pitch helix,4,AS-SMEA,0.818084219947,0.09096862129957566,0.15058478889161084
graded-pitch helix,5,AS-SMEA,0.8170437712283013,0.10299483132363411,0.16386742722670933
graded-pitch helix,6,AS-SMEA,0.8285189505738629,0.10274144946776978,0.15513487968860487
graded-pitch helix,7,AS-SMEA,0.8063853083988813,0.10343128811601734,0.17063948771168325
graded-pitch helix,8,AS-SMEA,0.8276405731317457,0.09642545337513134,0.16820709927873229
graded-pitch helix,9,AS-SMEA,0.8311063629305535,0.08939096774140791,0.15464265084673368
graded-pitch helix,10,AS-SMEA,0.8157558819326497,0.10188228717990826,0.1592328718921176
graded-pitch helix,11,AS-SMEA,0.8217911749415541,0.100911539380895,0.1546775045662127
graded-pitch helix,12,AS-SMEA,0.8374719620750117,0.11089085274963223,0.16239759761938913
graded-pitch helix,13,AS-SMEA,0.806478360416337,0.1055386357918183,0.14794963115547075
graded-pitch helix,14,AS-SMEA,0.8282229239979059,0.09633491348310247,0.1348894233544335
graded-pitch helix,15,AS-SMEA,0.8394430530152347,0.09180771074532403,0.1666672381937646
graded-pitch helix,16,AS-SMEA,0.8503127728164258,0.11043556240771067,0.16710580830860125
graded-pitch helix,17,AS-SMEA,0.8199409936628913,0.09616993488754179,0.16913682200036526
graded-pitch helix,18,AS-SMEA,0.8202673208201939,0.09486059824732837,0.1517698502783547
graded-pitch helix,19,AS-SMEA,0.8079069140120212,0.11089540996058501,0.17479225768172998
graded-pitch helix,20,AS-SMEA,0.811241773328657,0.09355543008434346,0.16191549257970003
variable-radius helix,1,Frank-WT MF-PIRN,0.8630255861753088,0.03711266518843286,0.06359327274378385
variable-radius helix,2,Frank-WT MF-PIRN,0.8580983185367745,0.056271722498969896,0.07138585124214454
variable-radius helix,3,Frank-WT MF-PIRN,0.8788165062002283,0.044724095350350386,0.08467014587173723
variable-radius helix,4,Frank-WT MF-PIRN,0.8680642383101849,0.06098891831040655,0.0941051096024366
variable-radius helix,5,Frank-WT MF-PIRN,0.8737980843985153,0.04762857169829686,0.05013795513570115
variable-radius helix,6,Frank-WT MF-PIRN,0.8824642766687291,0.05896983926868718,0.07011966729654773
variable-radius helix,7,Frank-WT MF-PIRN,0.8853940550282162,0.05939365949226217,0.06510214434618115
variable-radius helix,8,Frank-WT MF-PIRN,0.8750015170683981,0.060732827977892465,0.06749590507310713
variable-radius helix,9,Frank-WT MF-PIRN,0.8703866280054815,0.0509549778468191,0.07618960700660081
variable-radius helix,10,Frank-WT MF-PIRN,0.8738452063284579,0.045102595036022625,0.06277069723554657
variable-radius helix,11,Frank-WT MF-PIRN,0.8433784156913643,0.05249074971074719,0.0809140694518465
variable-radius helix,12,Frank-WT MF-PIRN,0.8514168541675854,0.05802274185368706,0.07956367858517233
variable-radius helix,13,Frank-WT MF-PIRN,0.8682236431328133,0.05636945273861837,0.05887459726424406
variable-radius helix,14,Frank-WT MF-PIRN,0.8730252621528669,0.04587419741234187,0.08883889054389726
variable-radius helix,15,Frank-WT MF-PIRN,0.8839882220598557,0.05838075776925705,0.07567275848178245
variable-radius helix,16,Frank-WT MF-PIRN,0.8916063570000528,0.052930735404598715,0.07911676217815386
variable-radius helix,17,Frank-WT MF-PIRN,0.8733206628291964,0.05645503129979353,0.06674931325403921
variable-radius helix,18,Frank-WT MF-PIRN,0.8842656415783073,0.06368709107968694,0.06844388932680745
variable-radius helix,19,Frank-WT MF-PIRN,0.8586483033348742,0.04580941068083268,0.08702805674458117
variable-radius helix,20,Frank-WT MF-PIRN,0.866257681128083,0.05689834423727615,0.0637727388436454
variable-radius helix,1,MF-HVKG,0.8443442273754147,0.06489600816633637,0.09152100605048379
variable-radius helix,2,MF-HVKG,0.8600317097992685,0.06683792685293143,0.09821436693084803
variable-radius helix,3,MF-HVKG,0.8710354208913433,0.05575580417383271,0.10229085242726846
variable-radius helix,4,MF-HVKG,0.8351130605961652,0.06343550754731123,0.09686637546267263
variable-radius helix,5,MF-HVKG,0.8589281823225878,0.047826585166201974,0.10583895475919011
variable-radius helix,6,MF-HVKG,0.8522788007539212,0.051216010106234215,0.09177091540845674
variable-radius helix,7,MF-HVKG,0.8369747357429629,0.06306422932184533,0.1057501842664922
variable-radius helix,8,MF-HVKG,0.8660061652921185,0.06965523681405242,0.06984395520914195
variable-radius helix,9,MF-HVKG,0.8640259262529955,0.06390063303827956,0.10633170569240524
variable-radius helix,10,MF-HVKG,0.8751412119128471,0.05751225168544477,0.09333943176162629
variable-radius helix,11,MF-HVKG,0.8421895185268576,0.06162902920024009,0.10162040788175805
variable-radius helix,12,MF-HVKG,0.8707697182362071,0.05736914320363812,0.09643491908387779
variable-radius helix,13,MF-HVKG,0.8835632293479941,0.05299262907369734,0.08840099484073063
variable-radius helix,14,MF-HVKG,0.874671393014969,0.06652655547142743,0.08083988379882923
variable-radius helix,15,MF-HVKG,0.854856967343846,0.06090755184498702,0.08143271059169226
variable-radius helix,16,MF-HVKG,0.8723044585440823,0.06982896416464097,0.08715551231070427
variable-radius helix,17,MF-HVKG,0.8613279539543648,0.06872100131875727,0.09870865892201501
variable-radius helix,18,MF-HVKG,0.8335596812280046,0.06199312866057144,0.11266522290009498
variable-radius helix,19,MF-HVKG,0.8352503240380451,0.05899148953501763,0.08478101635275509
variable-radius helix,20,MF-HVKG,0.8601902081137381,0.053609416542971564,0.08444391711414212
variable-radius helix,1,qLogNEHVI,0.8523552366448214,0.0637475496380419,0.08251561664092646
variable-radius helix,2,qLogNEHVI,0.8440485005435093,0.07374283911584288,0.11386024088460707
variable-radius helix,3,qLogNEHVI,0.838392473003744,0.06844970275278271,0.10503429183841884
variable-radius helix,4,qLogNEHVI,0.8214875699479788,0.054267494727756535,0.11703311672892837
variable-radius helix,5,qLogNEHVI,0.8490349693047394,0.06446787544663718,0.09215482781827457
variable-radius helix,6,qLogNEHVI,0.8672336050724653,0.0757967410561017,0.09796774344097049
variable-radius helix,7,qLogNEHVI,0.8465570639568815,0.07269975871680012,0.0983482245274721
variable-radius helix,8,qLogNEHVI,0.8323744837360735,0.06558829237616391,0.10853305060087678
variable-radius helix,9,qLogNEHVI,0.8569942218524539,0.05775629880652455,0.09651961446876767
variable-radius helix,10,qLogNEHVI,0.8609709658895035,0.07654054378113503,0.09110801913146425
variable-radius helix,11,qLogNEHVI,0.8311723861513488,0.06316059035753646,0.10976182955150318
variable-radius helix,12,qLogNEHVI,0.855488919659533,0.07459129958721626,0.10403750984961202
variable-radius helix,13,qLogNEHVI,0.8506637462494486,0.07598067041658138,0.09937624589496036
variable-radius helix,14,qLogNEHVI,0.8352926508551447,0.07716557491413945,0.11597505277151116
variable-radius helix,15,qLogNEHVI,0.8296047861078637,0.07348035345118355,0.10125538559088763
variable-radius helix,16,qLogNEHVI,0.8144076662324646,0.06515386694417415,0.12431273483006694
variable-radius helix,17,qLogNEHVI,0.8681323690342577,0.06425944815155228,0.1011852469868704
variable-radius helix,18,qLogNEHVI,0.8432572258564908,0.0660855968916389,0.1097411473711271
variable-radius helix,19,qLogNEHVI,0.8479166594558459,0.07628456002683756,0.07963078001301256
variable-radius helix,20,qLogNEHVI,0.8215994675745438,0.0662970178929356,0.10436442992222345
variable-radius helix,1,MOMF,0.817771133072306,0.07314890728223289,0.1179308978912669
variable-radius helix,2,MOMF,0.8300380526222942,0.07765219673909642,0.12063709088914967
variable-radius helix,3,MOMF,0.8439752678838787,0.07484312817525425,0.10540159014276035
variable-radius helix,4,MOMF,0.8381237334958755,0.08303537181001965,0.11683389344875873
variable-radius helix,5,MOMF,0.8428383839274831,0.07502144627090894,0.1109074665388111
variable-radius helix,6,MOMF,0.8457551328325422,0.08238753125957911,0.12235962033309027
variable-radius helix,7,MOMF,0.8408393704280684,0.0789763234371062,0.11612444003072034
variable-radius helix,8,MOMF,0.8285458272527523,0.07392536179999391,0.13301622328798615
variable-radius helix,9,MOMF,0.8263023019355368,0.09088805441355063,0.12179704147274478
variable-radius helix,10,MOMF,0.8354348853123466,0.07266787766465618,0.11379431793312929
variable-radius helix,11,MOMF,0.8428244545259126,0.07914209920674305,0.11701997233782359
variable-radius helix,12,MOMF,0.8157937634437197,0.08721582186057535,0.11443368499774148
variable-radius helix,13,MOMF,0.8453914105349738,0.08175063707986584,0.11916799481682472
variable-radius helix,14,MOMF,0.8672260911465476,0.07972546021159801,0.10207749158376858
variable-radius helix,15,MOMF,0.8229574743951529,0.07162693272867575,0.12755408155382214
variable-radius helix,16,MOMF,0.8332655024580587,0.07445804642458854,0.1019374186285052
variable-radius helix,17,MOMF,0.8131910618231692,0.07983203921108153,0.1083611856742842
variable-radius helix,18,MOMF,0.8291729833234647,0.07629417789536945,0.13030570328209748
variable-radius helix,19,MOMF,0.8396512380429947,0.07359503513177412,0.10612526161474291
variable-radius helix,20,MOMF,0.8607858729542222,0.07728309809529209,0.13512110425045706
variable-radius helix,1,PHSEA,0.8218454704273226,0.08754084077122712,0.1195021359599166
variable-radius helix,2,PHSEA,0.8346665753854081,0.08839722737496167,0.11962686349119163
variable-radius helix,3,PHSEA,0.8367721971384303,0.0784721212855863,0.12935106611726313
variable-radius helix,4,PHSEA,0.8334341921363441,0.07947583039227425,0.12522406832986263
variable-radius helix,5,PHSEA,0.8190061689179605,0.08170517399365723,0.14615372654771927
variable-radius helix,6,PHSEA,0.8255183212734571,0.07193533790623496,0.11685466888366833
variable-radius helix,7,PHSEA,0.8260774271333678,0.09521356795371035,0.14817646498600578
variable-radius helix,8,PHSEA,0.8243576763495579,0.0701026737066732,0.13123000280258387
variable-radius helix,9,PHSEA,0.8355076370598872,0.07959635191099872,0.13680405246013444
variable-radius helix,10,PHSEA,0.8205318447392781,0.07453298143384036,0.1319831380856475
variable-radius helix,11,PHSEA,0.819137916913167,0.08833613815431489,0.12238347801437384
variable-radius helix,12,PHSEA,0.8197997538142993,0.07352239642083963,0.14923439675244127
variable-radius helix,13,PHSEA,0.8077629111457691,0.07753983216042236,0.13685804079830477
variable-radius helix,14,PHSEA,0.8357246566294904,0.08762377169980289,0.1280680856461489
variable-radius helix,15,PHSEA,0.8244746282949782,0.08111421843989164,0.152669996573231
variable-radius helix,16,PHSEA,0.8309333838668099,0.0784895557716284,0.15848025091054468
variable-radius helix,17,PHSEA,0.8118156235159137,0.08949091633094887,0.10526442189726082
variable-radius helix,18,PHSEA,0.8317439653304615,0.10043872807531402,0.11960225127120136
variable-radius helix,19,PHSEA,0.8307484468842283,0.08260683745447626,0.15035136908902227
variable-radius helix,20,PHSEA,0.8068429885343866,0.0945604525226621,0.11796776967516251
variable-radius helix,1,MSAEA-DM,0.8001003616457745,0.10093090533993967,0.1481771305478735
variable-radius helix,2,MSAEA-DM,0.8279521432526817,0.09559042845717741,0.1343679515171673
variable-radius helix,3,MSAEA-DM,0.8259426877877112,0.10191870014923624,0.15152406455931666
variable-radius helix,4,MSAEA-DM,0.7967358929221775,0.08925354350681688,0.14619760985131522
variable-radius helix,5,MSAEA-DM,0.815249440845917,0.08904643494067473,0.1392450131437722
variable-radius helix,6,MSAEA-DM,0.835372530453917,0.10596945365532265,0.15009446578378113
variable-radius helix,7,MSAEA-DM,0.8060565196418448,0.09256731740013677,0.14794715050072227
variable-radius helix,8,MSAEA-DM,0.8202110999027928,0.11124846347525685,0.15469399147806115
variable-radius helix,9,MSAEA-DM,0.8223208329123709,0.09754999695157285,0.15148162554115485
variable-radius helix,10,MSAEA-DM,0.8029703430564753,0.09785082621184386,0.14696452077097918
variable-radius helix,11,MSAEA-DM,0.8338967083404144,0.08776912475265894,0.15137041226724068
variable-radius helix,12,MSAEA-DM,0.8324243751431074,0.10394296752416339,0.13439729079122636
variable-radius helix,13,MSAEA-DM,0.8058098936205134,0.08821084144453954,0.1479705398170924
variable-radius helix,14,MSAEA-DM,0.8130073427907925,0.08181346397338302,0.13329844154327597
variable-radius helix,15,MSAEA-DM,0.7950481037662592,0.09786795917238467,0.15614192528991544
variable-radius helix,16,MSAEA-DM,0.8245710633948343,0.10652855156862022,0.14675371428540904
variable-radius helix,17,MSAEA-DM,0.7960495439442331,0.08490448368304597,0.15635805188443166
variable-radius helix,18,MSAEA-DM,0.8145192855452775,0.08904701602198398,0.13932306419350698
variable-radius helix,19,MSAEA-DM,0.8215615527431568,0.08791098921321121,0.15447961589276046
variable-radius helix,20,MSAEA-DM,0.812750187992284,0.09647915202658054,0.11904501262722039
variable-radius helix,1,AS-SMEA,0.7917106212978096,0.08741368445521175,0.18067757686730126
variable-radius helix,2,AS-SMEA,0.815317578194441,0.098819507045696,0.16811122814163718
variable-radius helix,3,AS-SMEA,0.7986414532788253,0.10321113514555114,0.15372478363870865
variable-radius helix,4,AS-SMEA,0.8092037462130806,0.10350618328605068,0.15065415327326578
variable-radius helix,5,AS-SMEA,0.8164617588216562,0.10473585858756182,0.14709107528194135
variable-radius helix,6,AS-SMEA,0.8435391799027953,0.11052133445930803,0.16346691115427484
variable-radius helix,7,AS-SMEA,0.8075679125104933,0.10247331341278706,0.15424751890122573
variable-radius helix,8,AS-SMEA,0.7995371596406836,0.11752747221668125,0.16993666381349956
variable-radius helix,9,AS-SMEA,0.8161676459277648,0.10232075800804771,0.16556495853410344
variable-radius helix,10,AS-SMEA,0.8176329980520987,0.10592089826181357,0.1546355020334236
variable-radius helix,11,AS-SMEA,0.8288381606806259,0.1000015016339233,0.17381990699225283
variable-radius helix,12,AS-SMEA,0.7985839397488295,0.0994238677100106,0.1570179157939647
variable-radius helix,13,AS-SMEA,0.7692626660001372,0.10354359476980812,0.13766985078057087
variable-radius helix,14,AS-SMEA,0.829163991310263,0.10098433322457066,0.1632393950058869
variable-radius helix,15,AS-SMEA,0.805094187259285,0.10045166824928438,0.16372863792962064
variable-radius helix,16,AS-SMEA,0.806329659068857,0.10090385378094978,0.15252759594309703
variable-radius helix,17,AS-SMEA,0.7952288303051026,0.09985221307396418,0.1675220531019663
variable-radius helix,18,AS-SMEA,0.8184614036769358,0.09829303561610059,0.15651091336337536
variable-radius helix,19,AS-SMEA,0.8113236012930242,0.09596057652175519,0.15737828571698406
variable-radius helix,20,AS-SMEA,0.82129314476168,0.09816199987829786,0.16985935600428664
torsional coil,1,Frank-WT MF-PIRN,0.8148151898610086,0.05623963100700543,0.07079083898805139
torsional coil,2,Frank-WT MF-PIRN,0.8105097367840812,0.06090965238918766,0.06220793836279152
torsional coil,3,Frank-WT MF-PIRN,0.8168255985902676,0.05318619559114498,0.07909125416072535
torsional coil,4,Frank-WT MF-PIRN,0.8245499457527753,0.05060696865213315,0.05798821523763012
torsional coil,5,Frank-WT MF-PIRN,0.8410224809092316,0.04839331777737096,0.08090060325550834
torsional coil,6,Frank-WT MF-PIRN,0.819573148416844,0.052567944258454354,0.05349590771152202
torsional coil,7,Frank-WT MF-PIRN,0.8202078076692635,0.05584260009332094,0.08352946612307338
torsional coil,8,Frank-WT MF-PIRN,0.8058057849634243,0.04900892577938184,0.09951084753019226
torsional coil,9,Frank-WT MF-PIRN,0.8215044099728794,0.05006894586314911,0.09215186968662127
torsional coil,10,Frank-WT MF-PIRN,0.8249963392779488,0.04236768089033856,0.08399382098844774
torsional coil,11,Frank-WT MF-PIRN,0.8156824591541164,0.050491792852409935,0.07824917932664996
torsional coil,12,Frank-WT MF-PIRN,0.8337681644820432,0.0547249934777929,0.07092413675956014
torsional coil,13,Frank-WT MF-PIRN,0.8205720960689595,0.048820455015839814,0.0596787280251207
torsional coil,14,Frank-WT MF-PIRN,0.8418454111481819,0.04627748205511546,0.07447721435908804
torsional coil,15,Frank-WT MF-PIRN,0.8215746272367352,0.04871822179777411,0.0664432192933991
torsional coil,16,Frank-WT MF-PIRN,0.802405048807125,0.03853129053090035,0.06630506407829866
torsional coil,17,Frank-WT MF-PIRN,0.8057025759139458,0.06212823052228554,0.06947079277354572
torsional coil,18,Frank-WT MF-PIRN,0.8067869821068991,0.041968996466039424,0.08923622112235732
torsional coil,19,Frank-WT MF-PIRN,0.8112115145733624,0.04825386020793236,0.07435731592529536
torsional coil,20,Frank-WT MF-PIRN,0.834942805500215,0.048158501871918946,0.09144277458071293
torsional coil,1,MF-HVKG,0.8616812175120466,0.058063363038693916,0.07521414160930065
torsional coil,2,MF-HVKG,0.8293403537758216,0.06867498344432027,0.0857781618430353
torsional coil,3,MF-HVKG,0.8393023935404588,0.05721972508735177,0.07226860335929386
torsional coil,4,MF-HVKG,0.8447165644098172,0.06416967438907517,0.09327368119585212
torsional coil,5,MF-HVKG,0.8501528702427725,0.0620652098862739,0.09690583325378879
torsional coil,6,MF-HVKG,0.8153727500157429,0.05656819254696374,0.09599262304781607
torsional coil,7,MF-HVKG,0.8392782560842217,0.052993679844122905,0.0846820959913971
torsional coil,8,MF-HVKG,0.8536194618039711,0.058989459183316856,0.08836786506181013
torsional coil,9,MF-HVKG,0.8427294891370928,0.054273478041287286,0.09989455635770395
torsional coil,10,MF-HVKG,0.8334362298649838,0.058557843373744665,0.08027367086496842
torsional coil,11,MF-HVKG,0.834697224687287,0.06446294872072636,0.09732253418401056
torsional coil,12,MF-HVKG,0.8354248871229963,0.05975468723498404,0.08731130519751787
torsional coil,13,MF-HVKG,0.8383330876740317,0.043879712902191344,0.0974866123288519
torsional coil,14,MF-HVKG,0.8150646120148786,0.059802413452041556,0.08703457924216597
torsional coil,15,MF-HVKG,0.8354890725058592,0.051191801465040584,0.09809249228988706
torsional coil,16,MF-HVKG,0.8181020115588843,0.0549591881459765,0.10051523253421525
torsional coil,17,MF-HVKG,0.8451652680453732,0.06230103769529768,0.08785423432997241
torsional coil,18,MF-HVKG,0.8459563425251628,0.06973384971256841,0.10732362866836018
torsional coil,19,MF-HVKG,0.8152609056400596,0.06665953592963625,0.08850224780825462
torsional coil,20,MF-HVKG,0.8437160528730452,0.07160290654838439,0.09460876687654075
torsional coil,1,qLogNEHVI,0.8477573250087227,0.0775883150036761,0.09578676210898993
torsional coil,2,qLogNEHVI,0.8352365552905295,0.07146061243105208,0.09307541514444419
torsional coil,3,qLogNEHVI,0.8397412068649169,0.06968614541330816,0.0889954171469797
torsional coil,4,qLogNEHVI,0.832164422331109,0.0775651717263584,0.11456625985247916
torsional coil,5,qLogNEHVI,0.8236567254463967,0.06875031797669406,0.09058245128560212
torsional coil,6,qLogNEHVI,0.8322756732487215,0.07553724446657037,0.1159178178320481
torsional coil,7,qLogNEHVI,0.8441502371906048,0.08166293540340686,0.102622982166676
torsional coil,8,qLogNEHVI,0.8255862684418165,0.07246748999435049,0.11248016042401603
torsional coil,9,qLogNEHVI,0.835557939662914,0.07482778044442473,0.09059611688306116
torsional coil,10,qLogNEHVI,0.8385427194478985,0.06337364397676715,0.10259231297214992
torsional coil,11,qLogNEHVI,0.8269771112920596,0.06217004195877733,0.0952821819861567
torsional coil,12,qLogNEHVI,0.8571206512779678,0.08172259001692248,0.11111865192586497
torsional coil,13,qLogNEHVI,0.850538564233903,0.07239056526900524,0.09470996226724125
torsional coil,14,qLogNEHVI,0.8572406245642592,0.06929657284263933,0.09573781691073496
torsional coil,15,qLogNEHVI,0.8456239997870272,0.06598216594018892,0.08529948800249307
torsional coil,16,qLogNEHVI,0.829747976732037,0.059044060559201104,0.08689374549157476
torsional coil,17,qLogNEHVI,0.823934663216222,0.06409144739546485,0.10056095681255518
torsional coil,18,qLogNEHVI,0.8500279974593474,0.07081574919166819,0.10266306583776448
torsional coil,19,qLogNEHVI,0.8473014513622273,0.06919930123433597,0.08834000260513114
torsional coil,20,qLogNEHVI,0.8377063233125185,0.06745270177956238,0.09849252606455669
torsional coil,1,MOMF,0.8241018433609638,0.07831451194593254,0.10649512587384942
torsional coil,2,MOMF,0.8140726990256392,0.07420783555646837,0.10695172485762693
torsional coil,3,MOMF,0.8402637953918788,0.08005402864392351,0.12488902225714318
torsional coil,4,MOMF,0.8016338402267791,0.06521432819268348,0.12113136704764597
torsional coil,5,MOMF,0.8292330869756505,0.08322434182670801,0.12070630535991625
torsional coil,6,MOMF,0.8158423384295397,0.06898092859428784,0.08761591086000786
torsional coil,7,MOMF,0.819743719604912,0.08073699623851868,0.12742577526838492
torsional coil,8,MOMF,0.8130489089754395,0.07023475818353465,0.10738142600315079
torsional coil,9,MOMF,0.825385738028705,0.09115807274871762,0.11905236983133735
torsional coil,10,MOMF,0.8421944481583699,0.07961041158213548,0.11967308555619595
torsional coil,11,MOMF,0.822923300949025,0.08122566197359775,0.11484083055719085
torsional coil,12,MOMF,0.8197138119986113,0.062204872128056865,0.11682717569678995
torsional coil,13,MOMF,0.828547373801688,0.0797166201394401,0.14631381277910016
torsional coil,14,MOMF,0.848370579206788,0.08100014230429736,0.12650182666255588
torsional coil,15,MOMF,0.8080653930898013,0.08278540309485954,0.12203213683469159
torsional coil,16,MOMF,0.828759127689177,0.08244534127162462,0.10223090441205793
torsional coil,17,MOMF,0.8069458321459689,0.06524049730576827,0.12393498639370307
torsional coil,18,MOMF,0.8225057820292935,0.08631507368009382,0.1063306438916254
torsional coil,19,MOMF,0.8148965157560862,0.06608683011362432,0.111550268401087
torsional coil,20,MOMF,0.8103612832431776,0.07283632540699433,0.10748760464853183
torsional coil,1,PHSEA,0.8222843905899363,0.08140436058227905,0.10768077520720419
torsional coil,2,PHSEA,0.7918642798598098,0.09542730236396071,0.1249977153701344
torsional coil,3,PHSEA,0.8288616915880332,0.09196541234333057,0.14647155061366512
torsional coil,4,PHSEA,0.8057871371600206,0.07751334452302797,0.15280892119469197
torsional coil,5,PHSEA,0.8254854135057588,0.09153010539573764,0.1325964571126997
torsional coil,6,PHSEA,0.8112690135061521,0.07648820008575703,0.11998443836641881
torsional coil,7,PHSEA,0.8400740856753093,0.07914564032672163,0.149741859887141
torsional coil,8,PHSEA,0.8194516233939211,0.08102958239278894,0.13151782506179674
torsional coil,9,PHSEA,0.7831345040550248,0.08555947481685412,0.11811839156897604
torsional coil,10,PHSEA,0.8093623565594911,0.06889394273383094,0.12653744583583643
torsional coil,11,PHSEA,0.8313296870458443,0.08394837210097601,0.13559692941834495
torsional coil,12,PHSEA,0.8000497954293004,0.08894291467575234,0.12924536296672567
torsional coil,13,PHSEA,0.7968568250578973,0.0939230518551843,0.14135057372810775
torsional coil,14,PHSEA,0.822135019793395,0.08060394712322784,0.14299726683763375
torsional coil,15,PHSEA,0.7926859562907166,0.0962058306545243,0.11316483573163026
torsional coil,16,PHSEA,0.8290173433126499,0.08078915405948073,0.12034435797272508
torsional coil,17,PHSEA,0.8114989637811021,0.07640323826377939,0.12386140738430342
torsional coil,18,PHSEA,0.8092551788349692,0.0859243040862875,0.13587235565589503
torsional coil,19,PHSEA,0.8004943598698969,0.08667318671463368,0.11699492533843173
torsional coil,20,PHSEA,0.8054329682393666,0.07358938392214524,0.14581516761850086
torsional coil,1,MSAEA-DM,0.799234589682468,0.0887683013358158,0.1530114692917073
torsional coil,2,MSAEA-DM,0.8010492375963245,0.09481536691538668,0.12240481069539873
torsional coil,3,MSAEA-DM,0.8091843168982917,0.08813730395910256,0.14060697830987307
torsional coil,4,MSAEA-DM,0.7915149286902367,0.0949517144391236,0.14357090079533028
torsional coil,5,MSAEA-DM,0.8080444167236484,0.087064629567518,0.1508246758040816
torsional coil,6,MSAEA-DM,0.8031623115451131,0.09438508080005437,0.14996880080061528
torsional coil,7,MSAEA-DM,0.8021371424992153,0.09179806862456656,0.13431784825607437
torsional coil,8,MSAEA-DM,0.8078616347330538,0.08173193956004349,0.13858136721307093
torsional coil,9,MSAEA-DM,0.7849088065952633,0.10244312428736596,0.15503731287506367
torsional coil,10,MSAEA-DM,0.8174462011157465,0.08586421260319384,0.16130100546283557
torsional coil,11,MSAEA-DM,0.7963569837351735,0.08943111539831278,0.13402393639533486
torsional coil,12,MSAEA-DM,0.7934791876596509,0.09878161010448193,0.13585750693350346
torsional coil,13,MSAEA-DM,0.8067813112044748,0.09661716512542509,0.1664622206095806
torsional coil,14,MSAEA-DM,0.8089886605299009,0.10443047997783023,0.14928304205833426
torsional coil,15,MSAEA-DM,0.7968310497281011,0.07537167686065749,0.15036319717320187
torsional coil,16,MSAEA-DM,0.817654092502853,0.08304468580928463,0.13237655763127582
torsional coil,17,MSAEA-DM,0.7912980534166145,0.08373240261073173,0.15300060113757993
torsional coil,18,MSAEA-DM,0.7843316461746072,0.09549805840262292,0.13319081659631593
torsional coil,19,MSAEA-DM,0.8118993828526718,0.08846702708622711,0.14098853316886115
torsional coil,20,MSAEA-DM,0.8060618444739507,0.08310719897807228,0.122507215587075
torsional coil,1,AS-SMEA,0.8002454825461883,0.1028200452645504,0.14583563258693685
torsional coil,2,AS-SMEA,0.8141506019704448,0.09267810055866384,0.15681801187245467
torsional coil,3,AS-SMEA,0.8206268527570832,0.09773331391527865,0.15416997007645833
torsional coil,4,AS-SMEA,0.7693911279289374,0.10804440150519837,0.12878653461343503
torsional coil,5,AS-SMEA,0.7686249696309936,0.10392981026183863,0.16723088594992352
torsional coil,6,AS-SMEA,0.7802112561707341,0.10685036137370883,0.14482008885583533
torsional coil,7,AS-SMEA,0.7929883061730592,0.0949873862780328,0.16639935029007982
torsional coil,8,AS-SMEA,0.7946624707956305,0.11161590292086371,0.15375597139050398
torsional coil,9,AS-SMEA,0.7939535684364268,0.11161039851312786,0.14442135141577017
torsional coil,10,AS-SMEA,0.7953696203043896,0.10170104582595789,0.16472368180209945
torsional coil,11,AS-SMEA,0.7916999660595794,0.11638758901523592,0.1503230527675304
torsional coil,12,AS-SMEA,0.8312399768588983,0.09483084989239568,0.1667114050873201
torsional coil,13,AS-SMEA,0.784865294542586,0.11009065543920944,0.16675614973552427
torsional coil,14,AS-SMEA,0.8011215603267323,0.08739898218618673,0.1436162990665415
torsional coil,15,AS-SMEA,0.776324691297882,0.097380784713362,0.15197629255724032
torsional coil,16,AS-SMEA,0.7884833087257264,0.10150913146508087,0.17291950960225005
torsional coil,17,AS-SMEA,0.7936847052817855,0.09800055938593216,0.1747355560635032
torsional coil,18,AS-SMEA,0.7812555491306203,0.09479463982638074,0.17123946520168518
torsional coil,19,AS-SMEA,0.7719047783559221,0.09000871691501777,0.17330524625506494
torsional coil,20,AS-SMEA,0.7860008193266687,0.09724958771903337,0.1752512498056704
double helix,1,Frank-WT MF-PIRN,0.8119407012718002,0.0620202396105851,0.07723725094666667
double helix,2,Frank-WT MF-PIRN,0.8184554478596909,0.06883349444001434,0.08662416851037569
double helix,3,Frank-WT MF-PIRN,0.8225902283282075,0.04963730167978867,0.06415227084108406
double helix,4,Frank-WT MF-PIRN,0.8121480153665228,0.05471094899803435,0.07814007664846319
double helix,5,Frank-WT MF-PIRN,0.8139211421310665,0.04840100677275721,0.0787080305696545
double helix,6,Frank-WT MF-PIRN,0.8083056716882815,0.04938703596003519,0.07805963824213834
double helix,7,Frank-WT MF-PIRN,0.7980180994903829,0.059397206565295325,0.06285631320387144
double helix,8,Frank-WT MF-PIRN,0.8183310910323491,0.061845012982622176,0.07744025620543159
double helix,9,Frank-WT MF-PIRN,0.8279906156932639,0.04183296391463016,0.07943993155408836
double helix,10,Frank-WT MF-PIRN,0.8113241101449037,0.04406282599511496,0.07358201833117785
double helix,11,Frank-WT MF-PIRN,0.8105891651736724,0.05989101416719679,0.06543832635769134
double helix,12,Frank-WT MF-PIRN,0.813863707044068,0.0541444603583501,0.07263811846601645
double helix,13,Frank-WT MF-PIRN,0.8233841090728735,0.039208425792745555,0.06692118355872617
double helix,14,Frank-WT MF-PIRN,0.8061191672860544,0.04526204479168137,0.08041974131443223
double helix,15,Frank-WT MF-PIRN,0.8025101371392335,0.046478307400934636,0.06579364087034213
double helix,16,Frank-WT MF-PIRN,0.8310489820587715,0.05313008301229537,0.07623326049525292
double helix,17,Frank-WT MF-PIRN,0.8503201773816347,0.052157753621130364,0.06815035580864655
double helix,18,Frank-WT MF-PIRN,0.8270348468509457,0.05218353356813017,0.06825640757876983
double helix,19,Frank-WT MF-PIRN,0.8273196865738468,0.054095267192513036,0.0853826856298101
double helix,20,Frank-WT MF-PIRN,0.8518151116424274,0.04865616234311592,0.07997858277836624
double helix,1,MF-HVKG,0.8392008949218642,0.058370916744363406,0.06975850936581662
double helix,2,MF-HVKG,0.8456710241693454,0.06293006109291488,0.10198938466936462
double helix,3,MF-HVKG,0.8597889277246673,0.054439417795344884,0.09150773783637663
double helix,4,MF-HVKG,0.8456168530978644,0.06608558210652184,0.06497368229137548
double helix,5,MF-HVKG,0.8446370941490573,0.06051919099613426,0.09113829373222156
double helix,6,MF-HVKG,0.8489998776058346,0.07428045994775687,0.08948068922335174
double helix,7,MF-HVKG,0.8408028362850548,0.0699690075554603,0.0775285984514239
double helix,8,MF-HVKG,0.8510260712921683,0.05419657229216846,0.08937766634793343
double helix,9,MF-HVKG,0.8409952201778694,0.07268323108552771,0.09336161341970313
double helix,10,MF-HVKG,0.8344657875969254,0.06791320879854218,0.09714706009231702
double helix,11,MF-HVKG,0.8130344363776113,0.06026503165793835,0.10053917991897031
double helix,12,MF-HVKG,0.8556337855371655,0.06342522659408448,0.11281039451802936
double helix,13,MF-HVKG,0.8176965602593239,0.05477388016997512,0.08541573814425003
double helix,14,MF-HVKG,0.8341803667592634,0.05495895116103453,0.09416933829848446
double helix,15,MF-HVKG,0.8492967872135547,0.05043749166043882,0.0899116217375084
double helix,16,MF-HVKG,0.8342359576729625,0.03970480476507347,0.07625657902184357
double helix,17,MF-HVKG,0.8430375980139675,0.05547031291041786,0.09607879319546923
double helix,18,MF-HVKG,0.8615795988965231,0.050820332051787376,0.08295446118412082
double helix,19,MF-HVKG,0.8534746029721572,0.05551710007880276,0.0802100807878313
double helix,20,MF-HVKG,0.8362016243376503,0.06671031890743634,0.0919670503513544
double helix,1,qLogNEHVI,0.8235697152186129,0.07142384118915202,0.12517070530306543
double helix,2,qLogNEHVI,0.8412614650280208,0.06553168367274265,0.11871459471312379
double helix,3,qLogNEHVI,0.8328307426578249,0.07452679079334236,0.10008618810169322
double helix,4,qLogNEHVI,0.8127156631755655,0.06912396577549652,0.11650885287692254
double helix,5,qLogNEHVI,0.8329633450059164,0.06658043572360837,0.10557591952025405
double helix,6,qLogNEHVI,0.8431404631204299,0.07017710777567085,0.09425829733714251
double helix,7,qLogNEHVI,0.8243757016781831,0.06463102792720694,0.11106257525044208
double helix,8,qLogNEHVI,0.8253253968213647,0.06772429449032669,0.11062054722966737
double helix,9,qLogNEHVI,0.8322639984703945,0.07189886308440929,0.1079618354901009
double helix,10,qLogNEHVI,0.8213431604610035,0.08068008111905722,0.09791489828872103
double helix,11,qLogNEHVI,0.827038425275431,0.07583364580631848,0.10315488582438184
double helix,12,qLogNEHVI,0.8262736843742693,0.0757803711800358,0.10088260550990548
double helix,13,qLogNEHVI,0.8470460224185097,0.05810442197804502,0.1002480212065009
double helix,14,qLogNEHVI,0.8301205443722937,0.07140157340760943,0.10460351500953315
double helix,15,qLogNEHVI,0.8268443152110246,0.06394921002502404,0.08846988160686509
double helix,16,qLogNEHVI,0.8184377356083352,0.06195131930916303,0.10103081850598414
double helix,17,qLogNEHVI,0.8196045276028352,0.07676963710559721,0.09934565334424142
double helix,18,qLogNEHVI,0.8278071660230899,0.07633378442173214,0.09661323810657887
double helix,19,qLogNEHVI,0.8289212456439452,0.06215606129500366,0.101157859039558
double helix,20,qLogNEHVI,0.8261472236123656,0.06638117303628038,0.09443298410474371
double helix,1,MOMF,0.8236530152545822,0.07526758781872028,0.12155994837216569
double helix,2,MOMF,0.8346319869028763,0.07862040363939356,0.10354838381054499
double helix,3,MOMF,0.8351589996748318,0.07591284689201082,0.11571445020152017
double helix,4,MOMF,0.826223173129794,0.07581529548691605,0.13170080065035833
double helix,5,MOMF,0.820277056903537,0.08301903677270324,0.12000556501089883
double helix,6,MOMF,0.8049681478006301,0.07856789833744143,0.12946121329954444
double helix,7,MOMF,0.8339214502959206,0.08395463055401158,0.12286373901800252
double helix,8,MOMF,0.8298751918501345,0.08111284092587902,0.12544960356014162
double helix,9,MOMF,0.8228478463980095,0.08996264013570318,0.10904178755140248
double helix,10,MOMF,0.8267965330405167,0.08088896527626804,0.11082205373871752
double helix,11,MOMF,0.8388353252131736,0.07541757186513891,0.1128622030831688
double helix,12,MOMF,0.8169511803360576,0.0776074881696289,0.11801605402241007
double helix,13,MOMF,0.8483745155872238,0.0690703130663425,0.11329978788071499
double helix,14,MOMF,0.8469493876280502,0.08173792787894336,0.11557797539374329
double helix,15,MOMF,0.8142782187588764,0.0812506267080603,0.09435466836842824
double helix,16,MOMF,0.8227791776115262,0.08117383714843061,0.10501158928997084
double helix,17,MOMF,0.8326041081750013,0.07543340979794472,0.12470581283536096
double helix,18,MOMF,0.8194605979484492,0.07922930862266328,0.11227464607405259
double helix,19,MOMF,0.8373227096472445,0.07462331063764391,0.10350233548061247
double helix,20,MOMF,0.8115386624442407,0.059879947757196544,0.10972978144888501
double helix,1,PHSEA,0.8161017660060141,0.07619292048464468,0.12639403195973525
double helix,2,PHSEA,0.8081838379480797,0.08558643887445967,0.14112275641499084
double helix,3,PHSEA,0.815365069632873,0.07418161714443525,0.12339355584419238
double helix,4,PHSEA,0.7918260594939959,0.07716762537466132,0.12736674575489096
double helix,5,PHSEA,0.7877103537651663,0.0738539509701764,0.12708530474099314
double helix,6,PHSEA,0.8287608616317154,0.07999646298844652,0.13525665819812854
double helix,7,PHSEA,0.8268868511459802,0.08155895002870739,0.14554334489646703
double helix,8,PHSEA,0.811531735528088,0.07417973241803497,0.1298802977982028
double helix,9,PHSEA,0.8290227072992928,0.09080593418991473,0.12039796234073334
double helix,10,PHSEA,0.8130127104907202,0.0890446535251227,0.13176093193666485
double helix,11,PHSEA,0.8089475239465049,0.0985104283480741,0.11329455848088263
double helix,12,PHSEA,0.8012452084380516,0.08071463669791719,0.13390750618452119
double helix,13,PHSEA,0.8178242919255053,0.06873346431043866,0.1338461786967195
double helix,14,PHSEA,0.8174800314460493,0.08661486701785681,0.11686367103657481
double helix,15,PHSEA,0.8156364985585559,0.08634433952518904,0.12054934308694785
double helix,16,PHSEA,0.8265797248276395,0.07694087287361297,0.14697874611146075
double helix,17,PHSEA,0.8096775088099906,0.09561856807210282,0.1337461742422984
double helix,18,PHSEA,0.7969891952272057,0.08067250175312364,0.11166493954453921
double helix,19,PHSEA,0.831699536187784,0.08377265304177545,0.1225577787769424
double helix,20,PHSEA,0.821377561784961,0.08814782611560092,0.12241833077788293
double helix,1,MSAEA-DM,0.8064352252417348,0.09514539087581818,0.143442478457525
double helix,2,MSAEA-DM,0.7898806001174942,0.10463441507645874,0.1480099736858462
double helix,3,MSAEA-DM,0.8073127805113715,0.09746740179032114,0.15958798048765127
double helix,4,MSAEA-DM,0.8007290347784838,0.0921956824670952,0.13808202612165194
double helix,5,MSAEA-DM,0.7985436517607871,0.08156044908843994,0.13671066596130912
double helix,6,MSAEA-DM,0.8152320380742817,0.09119846288316874,0.15235483114797516
double helix,7,MSAEA-DM,0.7941904441949084,0.08419893971470681,0.12678095146334828
double helix,8,MSAEA-DM,0.8224687509141985,0.08833048316038843,0.1477923723195999
double helix,9,MSAEA-DM,0.7880640766431738,0.08838387394561424,0.13589580931953044
double helix,10,MSAEA-DM,0.8004612729802237,0.07676352551016019,0.15361752330984801
double helix,11,MSAEA-DM,0.7872466460248728,0.09848952246751914,0.16440183543861123
double helix,12,MSAEA-DM,0.7907664209904917,0.11058725513414824,0.13025786968573896
double helix,13,MSAEA-DM,0.8175434662553628,0.0832836967182259,0.1363795819855618
double helix,14,MSAEA-DM,0.8045767391793435,0.07706134080042377,0.15705760122056583
double helix,15,MSAEA-DM,0.782446835212556,0.0866023479066564,0.14309358763051822
double helix,16,MSAEA-DM,0.8026911486423619,0.10466741785402184,0.14826018437729668
double helix,17,MSAEA-DM,0.7889201196294399,0.08718847698452181,0.15294226036972974
double helix,18,MSAEA-DM,0.802199482936301,0.0981130162944224,0.15031697373535777
double helix,19,MSAEA-DM,0.8035137093948511,0.10560824796555981,0.13876843983145346
double helix,20,MSAEA-DM,0.7809318802826617,0.09273612292809333,0.14293080743279482
double helix,1,AS-SMEA,0.8274163322869582,0.09708624405100738,0.15617325411248575
double helix,2,AS-SMEA,0.8281285028531056,0.10471493808579062,0.17123691960763585
double helix,3,AS-SMEA,0.8362818241777994,0.10039886884326393,0.1550868331201389
double helix,4,AS-SMEA,0.8358169640191807,0.09590501528408989,0.14548761862274912
double helix,5,AS-SMEA,0.8263104136186235,0.10423960740814762,0.1559061139360466
double helix,6,AS-SMEA,0.8701385734743439,0.10911676086582565,0.17247837466134053
double helix,7,AS-SMEA,0.8350823925070002,0.10484039158063518,0.1452767163169108
double helix,8,AS-SMEA,0.822931845148639,0.09963772257612932,0.1574854298467632
double helix,9,AS-SMEA,0.8416767591792389,0.09305918254022932,0.1629371372954895
double helix,10,AS-SMEA,0.8248736066315264,0.0919220673913728,0.1528159289429781
double helix,11,AS-SMEA,0.8251391456514033,0.09546694987300097,0.15730968785001018
double helix,12,AS-SMEA,0.8253660208445112,0.09401836848807461,0.16788559830647987
double helix,13,AS-SMEA,0.8462306241520013,0.09095249322882346,0.14836859812027595
double helix,14,AS-SMEA,0.8381684850587309,0.0963500227854052,0.16622312100200712
double helix,15,AS-SMEA,0.8683356037209956,0.09937257495570007,0.17026879144705942
double helix,16,AS-SMEA,0.8384601534914917,0.09545478327160759,0.1475914010838941
double helix,17,AS-SMEA,0.8160478442249551,0.10363591848475802,0.18234609609264504
double helix,18,AS-SMEA,0.8225939497139695,0.11148294455319371,0.160583368349924
double helix,19,AS-SMEA,0.8411518372775415,0.11475484672521431,0.17384865275589687
double helix,20,AS-SMEA,0.8243188978157753,0.107633114702114,0.17154730353731332
high-force actuator,1,Frank-WT MF-PIRN,0.8497475597613183,0.05403891218109397,0.07124357490436062
high-force actuator,2,Frank-WT MF-PIRN,0.8228602696578418,0.0541059217056102,0.08283482688527599
high-force actuator,3,Frank-WT MF-PIRN,0.8679836438856945,0.06641363113960597,0.07003724327889127
high-force actuator,4,Frank-WT MF-PIRN,0.859627872243105,0.04751437320331011,0.08720309953804667
high-force actuator,5,Frank-WT MF-PIRN,0.8588597179997335,0.04477845538845011,0.06701007424004539
high-force actuator,6,Frank-WT MF-PIRN,0.837743514625883,0.05093751257772148,0.08013002059731711
high-force actuator,7,Frank-WT MF-PIRN,0.8826674254033243,0.05506498481037339,0.06123840472413776
high-force actuator,8,Frank-WT MF-PIRN,0.8613774653508219,0.06103915744276523,0.07554962722402164
high-force actuator,9,Frank-WT MF-PIRN,0.8624493391493254,0.050781309977315656,0.08020338836357961
high-force actuator,10,Frank-WT MF-PIRN,0.8701736285162941,0.04734395283857375,0.07776033343388818
high-force actuator,11,Frank-WT MF-PIRN,0.8597419785324754,0.046544407139524666,0.08434509693157603
high-force actuator,12,Frank-WT MF-PIRN,0.8889202675921103,0.049278656201955526,0.07045067007422788
high-force actuator,13,Frank-WT MF-PIRN,0.840584509258183,0.03986813079522667,0.07974937970931786
high-force actuator,14,Frank-WT MF-PIRN,0.8754033907064899,0.054653965801408945,0.06323530800937842
high-force actuator,15,Frank-WT MF-PIRN,0.8535081774503421,0.06046593764351868,0.07096163811393927
high-force actuator,16,Frank-WT MF-PIRN,0.8558075523718046,0.05678169764687721,0.09859276861618232
high-force actuator,17,Frank-WT MF-PIRN,0.8502612118698004,0.0569405133200029,0.04572927793548432
high-force actuator,18,Frank-WT MF-PIRN,0.8453274793304406,0.055434624241306914,0.07368706180989534
high-force actuator,19,Frank-WT MF-PIRN,0.8567535823287171,0.050656218386735376,0.08267063912489939
high-force actuator,20,Frank-WT MF-PIRN,0.8366269782445254,0.054294676933554206,0.06618812972484632
high-force actuator,1,MF-HVKG,0.8526008975723985,0.0425638529515556,0.09158468061183664
high-force actuator,2,MF-HVKG,0.8345593270016687,0.05319510992798848,0.0809223901702999
high-force actuator,3,MF-HVKG,0.8534728775289151,0.05475523599445791,0.10286171500415764
high-force actuator,4,MF-HVKG,0.8390454415203259,0.06397333339398951,0.0990037869272298
high-force actuator,5,MF-HVKG,0.8457457858633964,0.056034005127486505,0.10736874439268451
high-force actuator,6,MF-HVKG,0.8546988481216139,0.05869461918913701,0.09753838501693009
high-force actuator,7,MF-HVKG,0.8731837741688088,0.05388905850440115,0.07803232321350977
high-force actuator,8,MF-HVKG,0.8701668623423181,0.06786391438599758,0.08519955679218759
high-force actuator,9,MF-HVKG,0.8363437242407725,0.059568178902287904,0.09432636829263025
high-force actuator,10,MF-HVKG,0.8491501166405621,0.041420686301742525,0.09433552835493089
high-force actuator,11,MF-HVKG,0.8545921846056254,0.05898166318410758,0.097800660211051
high-force actuator,12,MF-HVKG,0.841247548758219,0.070372691439863,0.08270384498686056
high-force actuator,13,MF-HVKG,0.8520811900025472,0.057633149097844796,0.09744260779508597
high-force actuator,14,MF-HVKG,0.856624194295792,0.05255013311031427,0.09673700655404942
high-force actuator,15,MF-HVKG,0.8509285487669445,0.05869875285192953,0.10316620465803181
high-force actuator,16,MF-HVKG,0.8378689256471086,0.058192176290629595,0.0949224221340687
high-force actuator,17,MF-HVKG,0.8548385416278885,0.07009203585577409,0.09311268621176086
high-force actuator,18,MF-HVKG,0.8625324749838097,0.0668259476663997,0.0807428614426924
high-force actuator,19,MF-HVKG,0.8556378456251715,0.05839937870403964,0.07395585328482344
high-force actuator,20,MF-HVKG,0.8492518921660864,0.06663025002816682,0.07028556086757462
high-force actuator,1,qLogNEHVI,0.8357415659728997,0.07428221131283255,0.10546222008929115
high-force actuator,2,qLogNEHVI,0.8366389994687479,0.07183244095706544,0.10076319743857935
high-force actuator,3,qLogNEHVI,0.8356955603110564,0.06506731521322522,0.10596906614987436
high-force actuator,4,qLogNEHVI,0.8190228766124462,0.07922801859381409,0.09885319617374974
high-force actuator,5,qLogNEHVI,0.8582587467186239,0.06660855036550668,0.09690472697260658
high-force actuator,6,qLogNEHVI,0.8445339032063036,0.06521760993458638,0.10584011832530585
high-force actuator,7,qLogNEHVI,0.854852644761128,0.068024002213923,0.11935531735651778
high-force actuator,8,qLogNEHVI,0.8236067821422596,0.06400084566703179,0.10357368970681712
high-force actuator,9,qLogNEHVI,0.8546778324589491,0.0656302952390923,0.10995455813647713
high-force actuator,10,qLogNEHVI,0.8479380311586227,0.06580727902790424,0.09687524184131029
high-force actuator,11,qLogNEHVI,0.8489769316278089,0.070557253173345,0.0903804569186926
high-force actuator,12,qLogNEHVI,0.8296482692390826,0.06331531148814486,0.09926943349778802
high-force actuator,13,qLogNEHVI,0.8486599997403257,0.060024813479561505,0.0993308553873837
high-force actuator,14,qLogNEHVI,0.834969163667711,0.06619429358403667,0.11124896467189904
high-force actuator,15,qLogNEHVI,0.8509175348523318,0.07389678166912966,0.092103268991467
high-force actuator,16,qLogNEHVI,0.8312192616159124,0.06162896030075636,0.11870928264836907
high-force actuator,17,qLogNEHVI,0.8332647036389046,0.0758044380155236,0.0961774788232319
high-force actuator,18,qLogNEHVI,0.8668340377513601,0.07115971601524808,0.1075779697774238
high-force actuator,19,qLogNEHVI,0.8505707976706123,0.06933600487444583,0.11099707578455541
high-force actuator,20,qLogNEHVI,0.8311733780217605,0.07371921531982195,0.09868210763621114
high-force actuator,1,MOMF,0.813674150510812,0.06677405549761004,0.10961597322289884
high-force actuator,2,MOMF,0.8140770467420299,0.07704670651150078,0.11412381506129694
high-force actuator,3,MOMF,0.8270665420745779,0.08278648722691966,0.12025639386813992
high-force actuator,4,MOMF,0.8196318705640337,0.07567461592516243,0.10831599047399315
high-force actuator,5,MOMF,0.8306360256850088,0.07356908829789723,0.12865430934828512
high-force actuator,6,MOMF,0.8147852906910987,0.06792387056797197,0.11484666354741445
high-force actuator,7,MOMF,0.8333469839804968,0.07244052512427056,0.11715965983213263
high-force actuator,8,MOMF,0.8235947363548615,0.07035293937029277,0.12609941950210968
high-force actuator,9,MOMF,0.8034020660001194,0.06602122938884288,0.12818811864481422
high-force actuator,10,MOMF,0.8187256101523239,0.07980402744497382,0.10902501678270253
high-force actuator,11,MOMF,0.8351538801843067,0.0771525158843765,0.1329750011208847
high-force actuator,12,MOMF,0.8107566035387973,0.06853221326808219,0.12074271617265435
high-force actuator,13,MOMF,0.826066100982125,0.08186454874328386,0.11711222082187588
high-force actuator,14,MOMF,0.8293871955621629,0.08561421748088902,0.12821614941239187
high-force actuator,15,MOMF,0.8274791689730551,0.07855737645261848,0.1279120158498013
high-force actuator,16,MOMF,0.8558881050947814,0.07794378561240764,0.1307395435596454
high-force actuator,17,MOMF,0.8334259000969215,0.09153217605275388,0.1292129793900697
high-force actuator,18,MOMF,0.8178721528979962,0.07929610004556135,0.12468098698649016
high-force actuator,19,MOMF,0.8415492363025113,0.08166425252087064,0.0946651880464199
high-force actuator,20,MOMF,0.8320250318252393,0.065411415674751,0.11340183397166317
high-force actuator,1,PHSEA,0.8094147227493403,0.08603949157171528,0.12496333344004897
high-force actuator,2,PHSEA,0.8267921808437911,0.0939272038372745,0.15075159853180506
high-force actuator,3,PHSEA,0.833247039439168,0.08383662154157892,0.13998347020671525
high-force actuator,4,PHSEA,0.8254625226858298,0.0903205049182039,0.11331529131392545
high-force actuator,5,PHSEA,0.8276390582059562,0.08119835613014612,0.14304954618534169
high-force actuator,6,PHSEA,0.8165777296676378,0.09565703056997969,0.13605787832618133
high-force actuator,7,PHSEA,0.7978021794015828,0.09340630018905229,0.1230600171591163
high-force actuator,8,PHSEA,0.8130711366010587,0.069148407404535,0.13047553033182505
high-force actuator,9,PHSEA,0.8073176046740514,0.09038674962725576,0.1546068788280222
high-force actuator,10,PHSEA,0.8350276475790803,0.0805612910252144,0.13533775558935235
high-force actuator,11,PHSEA,0.8176396970377389,0.08139713259586581,0.13459734266492684
high-force actuator,12,PHSEA,0.8266045685422071,0.07947540733450666,0.14234439576808885
high-force actuator,13,PHSEA,0.8511318045928927,0.09109682789894936,0.14366920823445029
high-force actuator,14,PHSEA,0.8136700794567854,0.07858031320570023,0.12575964090359995
high-force actuator,15,PHSEA,0.8272334570007979,0.0790132189111671,0.12875408157094856
high-force actuator,16,PHSEA,0.8127552508755966,0.08430754177815629,0.12253865990856447
high-force actuator,17,PHSEA,0.8072896823607236,0.07944838962008884,0.13628599931319765
high-force actuator,18,PHSEA,0.8361421090938145,0.08485760605749808,0.13029799997171093
high-force actuator,19,PHSEA,0.8623425075460708,0.08649761899242105,0.1204684185007698
high-force actuator,20,PHSEA,0.8215815004992594,0.08638141329292051,0.1177940984003105
high-force actuator,1,MSAEA-DM,0.8229639781190378,0.09276401142107699,0.15683769177601128
high-force actuator,2,MSAEA-DM,0.8015500131321857,0.1149403696448027,0.12667829531836822
high-force actuator,3,MSAEA-DM,0.8027210015370116,0.07984511550019624,0.13978698012902085
high-force actuator,4,MSAEA-DM,0.8172266628111347,0.088727727591004,0.15115353637564513
high-force actuator,5,MSAEA-DM,0.8245603540566846,0.10050565299888188,0.1429760975897105
high-force actuator,6,MSAEA-DM,0.8038923127837493,0.09849472094679407,0.14303537591152748
high-force actuator,7,MSAEA-DM,0.8227842802088144,0.09400360019488231,0.1424522777514221
high-force actuator,8,MSAEA-DM,0.8152669510527765,0.09347001052643812,0.15916817052046
high-force actuator,9,MSAEA-DM,0.8155432555330622,0.09557951174729622,0.16059065831288277
high-force actuator,10,MSAEA-DM,0.8143706900580255,0.0934365911200291,0.1582018141981621
high-force actuator,11,MSAEA-DM,0.7996100981015447,0.09216426634414222,0.13156254942501108
high-force actuator,12,MSAEA-DM,0.7882523116137471,0.08532513168831869,0.12710105830520388
high-force actuator,13,MSAEA-DM,0.8058598885234936,0.08352523995463734,0.14408349542563065
high-force actuator,14,MSAEA-DM,0.8088716348634873,0.09000389398581371,0.16173297507572842
high-force actuator,15,MSAEA-DM,0.813808339271552,0.08267324045966921,0.14363332652944705
high-force actuator,16,MSAEA-DM,0.8026179542585257,0.09408031866461224,0.13736466702358882
high-force actuator,17,MSAEA-DM,0.7959908583264654,0.08602376738596079,0.13850746312583212
high-force actuator,18,MSAEA-DM,0.8049051121312726,0.09614654038886768,0.14263000886242133
high-force actuator,19,MSAEA-DM,0.81142947189627,0.07926627315556437,0.14584620008480179
high-force actuator,20,MSAEA-DM,0.8039114808448702,0.09794342380125734,0.13846799319194678
high-force actuator,1,AS-SMEA,0.7996838416172289,0.10769227899654764,0.16751382238649823
high-force actuator,2,AS-SMEA,0.7933534714943713,0.09974093340849033,0.1730899500035414
high-force actuator,3,AS-SMEA,0.8090345564389525,0.09647747319974684,0.18170105378822785
high-force actuator,4,AS-SMEA,0.8113102658894216,0.09854560446869987,0.14509883584442793
high-force actuator,5,AS-SMEA,0.806360747714343,0.09617729203534739,0.17645259877704705
high-force actuator,6,AS-SMEA,0.7865175618370673,0.09738202860622046,0.18000221438464653
high-force actuator,7,AS-SMEA,0.8023002296227438,0.09793282750846408,0.17685258256046169
high-force actuator,8,AS-SMEA,0.8222804605412868,0.1005856526307585,0.16367849750769364
high-force actuator,9,AS-SMEA,0.7914736542871044,0.09437008170740621,0.1661901734532078
high-force actuator,10,AS-SMEA,0.7695724558889262,0.11442536199263124,0.16369024154042072
high-force actuator,11,AS-SMEA,0.792431862604908,0.1085093210209566,0.15071633792698041
high-force actuator,12,AS-SMEA,0.7997239868644134,0.09646316984822877,0.15411857276280183
high-force actuator,13,AS-SMEA,0.7839893475062444,0.09281742472544006,0.14625497996135478
high-force actuator,14,AS-SMEA,0.7895306711898965,0.09590835000041656,0.1550523017281063
high-force actuator,15,AS-SMEA,0.8126065749291789,0.10782981891303309,0.14664371128210466
high-force actuator,16,AS-SMEA,0.8003526117202908,0.1070669759553404,0.16131658320291592
high-force actuator,17,AS-SMEA,0.8065662258464482,0.10592063029417681,0.15957663711908748
high-force actuator,18,AS-SMEA,0.7845274294848629,0.10303002991331808,0.14880992066552196
high-force actuator,19,AS-SMEA,0.8250524678754074,0.11552194369520548,0.17428795747452325
high-force actuator,20,AS-SMEA,0.7837500418213946,0.09450054908670727,0.16287719402098624
low-stress actuator,1,Frank-WT MF-PIRN,0.881147151645772,0.03946206191224018,0.07585540784817614
low-stress actuator,2,Frank-WT MF-PIRN,0.8679561678673003,0.06237255757976974,0.09054630577025383
low-stress actuator,3,Frank-WT MF-PIRN,0.8821254532430354,0.056414909437655245,0.09091188701037223
low-stress actuator,4,Frank-WT MF-PIRN,0.8886163251940665,0.03763468892759294,0.07220346138280925
low-stress actuator,5,Frank-WT MF-PIRN,0.8723241705471692,0.05804272041145107,0.07044249180369841
low-stress actuator,6,Frank-WT MF-PIRN,0.8885726208063095,0.03709631624467998,0.0851473599227212
low-stress actuator,7,Frank-WT MF-PIRN,0.8610753382439973,0.05619105116583535,0.06493408705813328
low-stress actuator,8,Frank-WT MF-PIRN,0.8775205118019636,0.05607695729816224,0.08277819424500751
low-stress actuator,9,Frank-WT MF-PIRN,0.8671475445728944,0.061452061000659225,0.08612402796604147
low-stress actuator,10,Frank-WT MF-PIRN,0.8654055401752108,0.04968136479799935,0.06616061376830462
low-stress actuator,11,Frank-WT MF-PIRN,0.8778852758778177,0.05129067940599073,0.0854218763835648
low-stress actuator,12,Frank-WT MF-PIRN,0.8877058491085654,0.06078873721184172,0.07038241598974915
low-stress actuator,13,Frank-WT MF-PIRN,0.8600863902998523,0.04413042019936271,0.06453519087624236
low-stress actuator,14,Frank-WT MF-PIRN,0.8711063701574997,0.05508426036441071,0.07117579919106581
low-stress actuator,15,Frank-WT MF-PIRN,0.8994582628553357,0.04937072133488564,0.07848095225662563
low-stress actuator,16,Frank-WT MF-PIRN,0.8720644929597643,0.06299711685933279,0.07189428462181047
low-stress actuator,17,Frank-WT MF-PIRN,0.8874131161301009,0.04256036256152579,0.06544143567496823
low-stress actuator,18,Frank-WT MF-PIRN,0.8896727235598169,0.04758331196447534,0.07479675483939979
low-stress actuator,19,Frank-WT MF-PIRN,0.8607534238603718,0.052504215925784414,0.07145359672440565
low-stress actuator,20,Frank-WT MF-PIRN,0.8677175718164898,0.051427188066230936,0.07399505591594496
low-stress actuator,1,MF-HVKG,0.875794774949267,0.06205414754187384,0.09474592349162855
low-stress actuator,2,MF-HVKG,0.8809768112180637,0.05533662331306493,0.09114890634469734
low-stress actuator,3,MF-HVKG,0.8815948421630607,0.06317995949285528,0.07305357532053115
low-stress actuator,4,MF-HVKG,0.8632910669380275,0.06101058819198633,0.0866627412015641
low-stress actuator,5,MF-HVKG,0.855945412561717,0.06789989468615189,0.08293048409542557
low-stress actuator,6,MF-HVKG,0.8584203082509045,0.05271985626892277,0.09145593636354726
low-stress actuator,7,MF-HVKG,0.8685169826000642,0.05850102806229659,0.09537254727573793
low-stress actuator,8,MF-HVKG,0.8766122433880545,0.07477446459150948,0.0998748076549612
low-stress actuator,9,MF-HVKG,0.8482137266080834,0.06278019613468702,0.0888746352315439
low-stress actuator,10,MF-HVKG,0.861580548850893,0.06355877810529946,0.08517414492257729
low-stress actuator,11,MF-HVKG,0.892095067532078,0.05832007343146941,0.07968089392614083
low-stress actuator,12,MF-HVKG,0.8503394394158694,0.0607357246215519,0.07987957136908963
low-stress actuator,13,MF-HVKG,0.852765423084407,0.0459462101228062,0.07690771059311773
low-stress actuator,14,MF-HVKG,0.8731280570122518,0.07340722389471953,0.09001632440565016
low-stress actuator,15,MF-HVKG,0.8664374479469136,0.053956259057601735,0.0909924670240476
low-stress actuator,16,MF-HVKG,0.889872460665329,0.055294677468709176,0.09541191312135074
low-stress actuator,17,MF-HVKG,0.8478410609591016,0.06823878730074293,0.0983381780333161
low-stress actuator,18,MF-HVKG,0.8785498321147516,0.06266926821024507,0.08702884249506566
low-stress actuator,19,MF-HVKG,0.8546179729339367,0.0534539970035095,0.06965891771021925
low-stress actuator,20,MF-HVKG,0.8653831713902602,0.05682186374988472,0.08206989069151281
low-stress actuator,1,qLogNEHVI,0.8700006283293745,0.05573188535646998,0.12208795766259974
low-stress actuator,2,qLogNEHVI,0.8586604238152293,0.062028950039897744,0.09219865955080789
low-stress actuator,3,qLogNEHVI,0.8483958199838818,0.050386925170689226,0.08682707732795425
low-stress actuator,4,qLogNEHVI,0.8791715199895401,0.05151550311931013,0.10834049717727165
low-stress actuator,5,qLogNEHVI,0.8447532524758161,0.07587549821186862,0.10874257531025983
low-stress actuator,6,qLogNEHVI,0.8545892973556014,0.06916367347584698,0.10401644401009782
low-stress actuator,7,qLogNEHVI,0.8571733816225625,0.07004873538198503,0.12631705783305747
low-stress actuator,8,qLogNEHVI,0.855535247444153,0.0791445550969113,0.11532563093695995
low-stress actuator,9,qLogNEHVI,0.8436565284256008,0.0633184410500835,0.08750125228620381
low-stress actuator,10,qLogNEHVI,0.8646368252778049,0.06129619268525439,0.10496874072805494
low-stress actuator,11,qLogNEHVI,0.879350580483704,0.07029408226804232,0.11406159871411856
low-stress actuator,12,qLogNEHVI,0.8386482938136995,0.07097044940957477,0.1159484212030797
low-stress actuator,13,qLogNEHVI,0.8640053907102945,0.07482079459270406,0.09475820351738744
low-stress actuator,14,qLogNEHVI,0.86811775937349,0.0741800460925345,0.11031564189897887
low-stress actuator,15,qLogNEHVI,0.8615155400399063,0.0692806571321421,0.08689734057356509
low-stress actuator,16,qLogNEHVI,0.8526709523416353,0.07055431725804004,0.1129344656780572
low-stress actuator,17,qLogNEHVI,0.8541316255961546,0.06033419076836162,0.10758069233915617
low-stress actuator,18,qLogNEHVI,0.8669528279682097,0.0807387726434729,0.1074943425240227
low-stress actuator,19,qLogNEHVI,0.867305420495401,0.07165912895084864,0.11923803061531482
low-stress actuator,20,qLogNEHVI,0.8357257987996511,0.07353940320090382,0.10093864802671314
low-stress actuator,1,MOMF,0.8494090379634117,0.07741343952800903,0.1073986462986411
low-stress actuator,2,MOMF,0.8469894644305056,0.068175592083824,0.11946892400398983
low-stress actuator,3,MOMF,0.8714313428173324,0.07751601815543059,0.11634514815244842
low-stress actuator,4,MOMF,0.8501176361025612,0.06552012317323444,0.11365939304653218
low-stress actuator,5,MOMF,0.8322946156896798,0.07983499932111054,0.11831353843673484
low-stress actuator,6,MOMF,0.83234773041556,0.07517537694532592,0.11911709282387922
low-stress actuator,7,MOMF,0.8518264505835387,0.07595732260977864,0.1228729185979611
low-stress actuator,8,MOMF,0.8547572634193276,0.08036655545423904,0.11556676107889181
low-stress actuator,9,MOMF,0.8572363428582884,0.06723604920001042,0.12490346314910748
low-stress actuator,10,MOMF,0.8751237405028693,0.07294648945141707,0.11576692203735112
low-stress actuator,11,MOMF,0.8446879392451684,0.08796657975315314,0.11477097946491896
low-stress actuator,12,MOMF,0.8722255906822857,0.08108064242842006,0.11713392146838228
low-stress actuator,13,MOMF,0.8355020693293416,0.08130979547549409,0.11257335972372692
low-stress actuator,14,MOMF,0.838687102084377,0.07875641831765752,0.11875340958327929
low-stress actuator,15,MOMF,0.8362325128484022,0.07801750964352291,0.10990808791561095
low-stress actuator,16,MOMF,0.8399856303749546,0.0831832218584434,0.1376061854102941
low-stress actuator,17,MOMF,0.8218063775259227,0.08435849088316627,0.10941865122457632
low-stress actuator,18,MOMF,0.8394829296927393,0.0758947268984049,0.11996804036374242
low-stress actuator,19,MOMF,0.8375932492555166,0.07363201961006023,0.1120720914263751
low-stress actuator,20,MOMF,0.8681359249478344,0.06291734472145051,0.11337989073848735
low-stress actuator,1,PHSEA,0.8459829379727024,0.08552749583590422,0.13921202177917927
low-stress actuator,2,PHSEA,0.8364568921520562,0.0831151823655256,0.12416444843123649
low-stress actuator,3,PHSEA,0.8421049221745169,0.08893990494906513,0.13859969646672282
low-stress actuator,4,PHSEA,0.8452443548235168,0.09716176650073297,0.12296594248279158
low-stress actuator,5,PHSEA,0.8401669126278947,0.08140562031223222,0.1307330704975451
low-stress actuator,6,PHSEA,0.8409139326505102,0.08862934078742346,0.13093715593254118
low-stress actuator,7,PHSEA,0.8523325326779332,0.08349467431704632,0.14302947958180307
low-stress actuator,8,PHSEA,0.8221524674242054,0.09694377688974343,0.13024915639553508
low-stress actuator,9,PHSEA,0.8472747077423476,0.0935219374418795,0.1497724075682419
low-stress actuator,10,PHSEA,0.8463836381647593,0.08641449526663574,0.13805086278702194
low-stress actuator,11,PHSEA,0.8475385641877969,0.08118129271828742,0.11809363973109238
low-stress actuator,12,PHSEA,0.8511112553938539,0.0835158241832553,0.1274033678678848
low-stress actuator,13,PHSEA,0.8444278861474362,0.08029129561393694,0.13567020648012987
low-stress actuator,14,PHSEA,0.8344904401156772,0.09225250760978135,0.1384451974764932
low-stress actuator,15,PHSEA,0.834316080399674,0.0878603382353734,0.13250513185555735
low-stress actuator,16,PHSEA,0.8317938441658878,0.08398952672046134,0.134397957978099
low-stress actuator,17,PHSEA,0.8438117825340855,0.09610011573741253,0.12922610181106473
low-stress actuator,18,PHSEA,0.8593465751989694,0.07443793683493197,0.13508173687926814
low-stress actuator,19,PHSEA,0.8358633483746345,0.08841963302568022,0.14499715747165706
low-stress actuator,20,PHSEA,0.8372818085129042,0.09288308965822487,0.12043094507149472
low-stress actuator,1,MSAEA-DM,0.8517791859230244,0.10294613574210347,0.1433836097824979
low-stress actuator,2,MSAEA-DM,0.8352198201440711,0.082814568802153,0.15030690827922413
low-stress actuator,3,MSAEA-DM,0.8457726246469182,0.08596007025046817,0.12918418627239947
low-stress actuator,4,MSAEA-DM,0.8387176092817809,0.08256022179557565,0.1373668789025312
low-stress actuator,5,MSAEA-DM,0.8406653571553355,0.10144832561912806,0.1351880020213166
low-stress actuator,6,MSAEA-DM,0.8239134608917579,0.09971119183528633,0.15904283495450144
low-stress actuator,7,MSAEA-DM,0.8191223782473547,0.07890892473841647,0.14139200824884257
low-stress actuator,8,MSAEA-DM,0.8260454191024682,0.0942396291119659,0.15723026738632057
low-stress actuator,9,MSAEA-DM,0.8317880014968974,0.09871273403107524,0.13842515167551295
low-stress actuator,10,MSAEA-DM,0.8288168084159896,0.09442470292457235,0.1450208222099895
low-stress actuator,11,MSAEA-DM,0.8184302008060323,0.08976926946591995,0.13852036407608323
low-stress actuator,12,MSAEA-DM,0.8016741351992505,0.09501836006877287,0.15467802779569187
low-stress actuator,13,MSAEA-DM,0.8134234197364563,0.09570195630772932,0.13287145730941574
low-stress actuator,14,MSAEA-DM,0.8214011194320077,0.07962638097507777,0.13058748174253826
low-stress actuator,15,MSAEA-DM,0.8298274127475848,0.10344403610727142,0.158477355321621
low-stress actuator,16,MSAEA-DM,0.8232430163852199,0.10472988988751962,0.1417927480516765
low-stress actuator,17,MSAEA-DM,0.8191253481760732,0.08501342624624589,0.13485224563590054
low-stress actuator,18,MSAEA-DM,0.8432821225482495,0.08791183462921207,0.14039186621283548
low-stress actuator,19,MSAEA-DM,0.835953970686613,0.09294459447736383,0.13762015354516927
low-stress actuator,20,MSAEA-DM,0.835040511596092,0.08363767207072637,0.14842691148151874
low-stress actuator,1,AS-SMEA,0.8128308879739722,0.10255962527460144,0.14974634016347824
low-stress actuator,2,AS-SMEA,0.8295969893806477,0.09783610948351512,0.1653614008921595
low-stress actuator,3,AS-SMEA,0.8169822809306038,0.10423908448344657,0.1524301245212141
low-stress actuator,4,AS-SMEA,0.8325625222345868,0.0912882520185162,0.14959876167422617
low-stress actuator,5,AS-SMEA,0.8221155187285333,0.08771740147918938,0.1814408267668855
low-stress actuator,6,AS-SMEA,0.8464770238529395,0.10132725826398827,0.1514821484064945
low-stress actuator,7,AS-SMEA,0.8315888756270486,0.10014835882140127,0.17104378950091464
low-stress actuator,8,AS-SMEA,0.8042431269498281,0.09770915034979596,0.15817809784731135
low-stress actuator,9,AS-SMEA,0.8314386261403576,0.10913824516058596,0.16007068212668446
low-stress actuator,10,AS-SMEA,0.8153941824062692,0.09904851170871683,0.17438881268688985
low-stress actuator,11,AS-SMEA,0.8108692792355614,0.0972013952284698,0.1639441744268132
low-stress actuator,12,AS-SMEA,0.8186882126734335,0.08924807920421261,0.15751964957382786
low-stress actuator,13,AS-SMEA,0.804580263710198,0.10370918759474822,0.15988192681951824
low-stress actuator,14,AS-SMEA,0.8051540400560263,0.10166489430172665,0.16510114380469312
low-stress actuator,15,AS-SMEA,0.8186295621205352,0.10516220913498969,0.1742906043693248
low-stress actuator,16,AS-SMEA,0.8080783859844354,0.09404920651646305,0.16057092037386442
low-stress actuator,17,AS-SMEA,0.8209825125147916,0.09311639953807288,0.15238296578096194
low-stress actuator,18,AS-SMEA,0.8363998309486987,0.11235192423225078,0.17882464377331547
low-stress actuator,19,AS-SMEA,0.821484987995713,0.09157353391192502,0.17510502858452992
low-stress actuator,20,AS-SMEA,0.8279471088324527,0.09981752898101319,0.15512279622683317
fast-response actuator,1,Frank-WT MF-PIRN,0.8859787533867661,0.054753428986875616,0.07560467451485885
fast-response actuator,2,Frank-WT MF-PIRN,0.9097282168221826,0.06295677165079462,0.08156226374815613
fast-response actuator,3,Frank-WT MF-PIRN,0.8936985500778843,0.04592546428628921,0.06365800040887408
fast-response actuator,4,Frank-WT MF-PIRN,0.877883653904638,0.04748402035151984,0.09050795866960468
fast-response actuator,5,Frank-WT MF-PIRN,0.9177374097326411,0.050097396516808966,0.05586314603908879
fast-response actuator,6,Frank-WT MF-PIRN,0.9088227380105617,0.06337665212380962,0.0686697713004952
fast-response actuator,7,Frank-WT MF-PIRN,0.8976947839908234,0.047183749329091626,0.09756244698092445
fast-response actuator,8,Frank-WT MF-PIRN,0.8917188442787704,0.050017523556585994,0.0738428864267054
fast-response actuator,9,Frank-WT MF-PIRN,0.9253107565923915,0.05555700575785148,0.0726342340982786
fast-response actuator,10,Frank-WT MF-PIRN,0.8867278113053155,0.06160724839696642,0.07490185639002074
fast-response actuator,11,Frank-WT MF-PIRN,0.9089044313316285,0.04591277922508868,0.07550183792441205
fast-response actuator,12,Frank-WT MF-PIRN,0.8768466934041296,0.051687084619995535,0.08442405401359217
fast-response actuator,13,Frank-WT MF-PIRN,0.8767123408534545,0.05252517455652339,0.0707940924329077
fast-response actuator,14,Frank-WT MF-PIRN,0.9081577632226798,0.06443001402796343,0.05953733937505419
fast-response actuator,15,Frank-WT MF-PIRN,0.8964542650592083,0.04793199183157763,0.07271102154530293
fast-response actuator,16,Frank-WT MF-PIRN,0.8789374099674915,0.043764043399021,0.07363074795442898
fast-response actuator,17,Frank-WT MF-PIRN,0.892462265904498,0.05411696278787673,0.06225475673062406
fast-response actuator,18,Frank-WT MF-PIRN,0.9005980861188877,0.05989262275148704,0.0958173151861283
fast-response actuator,19,Frank-WT MF-PIRN,0.8902970059944623,0.044615096014892636,0.08178439450334397
fast-response actuator,20,Frank-WT MF-PIRN,0.8833113092604475,0.05651384730710094,0.0978053916005586
fast-response actuator,1,MF-HVKG,0.8979302564006467,0.046265614155545656,0.09922885937241983
fast-response actuator,2,MF-HVKG,0.8822624449258095,0.05753104004319559,0.09225107684136521
fast-response actuator,3,MF-HVKG,0.8730135135318157,0.06680347401221656,0.09989984239775393
fast-response actuator,4,MF-HVKG,0.9011143567414674,0.05421684716347801,0.08131694835204607
fast-response actuator,5,MF-HVKG,0.8964467234539185,0.06138473833194511,0.06899499460779598
fast-response actuator,6,MF-HVKG,0.889918185318772,0.059867267935848546,0.09239243178384213
fast-response actuator,7,MF-HVKG,0.8629128632370471,0.05862713157207565,0.0789869457140638
fast-response actuator,8,MF-HVKG,0.8885882844811113,0.07227188644670915,0.08509540631728198
fast-response actuator,9,MF-HVKG,0.8890288268097737,0.059501699805015615,0.08782515751086456
fast-response actuator,10,MF-HVKG,0.877338530079696,0.06228857462594741,0.06618006967806853
fast-response actuator,11,MF-HVKG,0.8827232859851524,0.06108943557276313,0.10670852654773183
fast-response actuator,12,MF-HVKG,0.8785923135293199,0.05645725950202796,0.10365983607463358
fast-response actuator,13,MF-HVKG,0.903122330071226,0.05209528190771495,0.0917942190454125
fast-response actuator,14,MF-HVKG,0.9039026235879881,0.06995721797136933,0.08948443125888864
fast-response actuator,15,MF-HVKG,0.8697781248375386,0.06882669600403946,0.08587176336764964
fast-response actuator,16,MF-HVKG,0.8793830123304136,0.06153870494884334,0.10620545277814816
fast-response actuator,17,MF-HVKG,0.8797773659742794,0.0644959525888409,0.09173309703288478
fast-response actuator,18,MF-HVKG,0.8797563560801563,0.05357778391041753,0.09982145953475383
fast-response actuator,19,MF-HVKG,0.8829601749907601,0.04895607407060482,0.09741732914987068
fast-response actuator,20,MF-HVKG,0.9010327865836995,0.05418097966245422,0.08290403768763252
fast-response actuator,1,qLogNEHVI,0.8708890714341997,0.054945150376270686,0.09325784660004502
fast-response actuator,2,qLogNEHVI,0.85120513949425,0.06824804586250938,0.10194322591367783
fast-response actuator,3,qLogNEHVI,0.8727629534716366,0.07213579033280666,0.10095431134519091
fast-response actuator,4,qLogNEHVI,0.8680582117653591,0.0644244011969286,0.09411813497965592
fast-response actuator,5,qLogNEHVI,0.8719482624643466,0.059154862192651085,0.09490700618609246
fast-response actuator,6,qLogNEHVI,0.8643682146370543,0.06932166828006707,0.09990343771725092
fast-response actuator,7,qLogNEHVI,0.883198152106958,0.07202878205971652,0.08551172785548428
fast-response actuator,8,qLogNEHVI,0.8679479838969375,0.06968940226612143,0.10256396799466794
fast-response actuator,9,qLogNEHVI,0.8727644206335994,0.0764037085784007,0.11016067405467422
fast-response actuator,10,qLogNEHVI,0.8712517445136292,0.07122773981932908,0.08053472452212203
fast-response actuator,11,qLogNEHVI,0.8778723224688976,0.06438267661058336,0.10058527728071263
fast-response actuator,12,qLogNEHVI,0.8729913048802633,0.067303180428743,0.11769332183432832
fast-response actuator,13,qLogNEHVI,0.8764715612646735,0.07579654263746172,0.11182091740280303
fast-response actuator,14,qLogNEHVI,0.8843302213584399,0.05219192994441251,0.09983814063471953
fast-response actuator,15,qLogNEHVI,0.8984209620983932,0.05427413471340331,0.09921517683749088
fast-response actuator,16,qLogNEHVI,0.8802556443921965,0.06497368727566713,0.09248700249777561
fast-response actuator,17,qLogNEHVI,0.8678307980833313,0.06694941982152769,0.10957966740595478
fast-response actuator,18,qLogNEHVI,0.8674121007796661,0.0626373605714419,0.12847952226596465
fast-response actuator,19,qLogNEHVI,0.8842511793599621,0.07579966639785327,0.08279117707741834
fast-response actuator,20,qLogNEHVI,0.8696954661364149,0.06549928048695072,0.1257217894052566
fast-response actuator,1,MOMF,0.8546249183320136,0.0841675017532326,0.10460596165911959
fast-response actuator,2,MOMF,0.8728515112281865,0.071291543826897,0.11093201295195088
fast-response actuator,3,MOMF,0.8492863442324444,0.0771268396638404,0.12057200886075027
fast-response actuator,4,MOMF,0.8611333607322184,0.06207049066305439,0.12949282406697651
fast-response actuator,5,MOMF,0.8495911418493479,0.06798354025796174,0.11810523775966231
fast-response actuator,6,MOMF,0.875205761422187,0.06546938424261704,0.11216246018595201
fast-response actuator,7,MOMF,0.8700781349985368,0.08523077277748531,0.10123276364537492
fast-response actuator,8,MOMF,0.833366276390156,0.06341533024468142,0.1124627988813346
fast-response actuator,9,MOMF,0.8755991726357459,0.07968646099430406,0.1282393742415909
fast-response actuator,10,MOMF,0.8639915420126582,0.07676034060051228,0.11490277377965721
fast-response actuator,11,MOMF,0.8743551273716633,0.06878598760971004,0.09805425346692673
fast-response actuator,12,MOMF,0.8666487039534875,0.07366073359297397,0.12431676006503059
fast-response actuator,13,MOMF,0.8726023812262189,0.0752894280589864,0.11749152557553447
fast-response actuator,14,MOMF,0.863986027837663,0.07793317898465706,0.11866931973576646
fast-response actuator,15,MOMF,0.8499467369495989,0.06353923250566947,0.1313363007052211
fast-response actuator,16,MOMF,0.867715455788235,0.07593739640040206,0.123858213017791
fast-response actuator,17,MOMF,0.8481302891665595,0.07838493578292102,0.12141762968065715
fast-response actuator,18,MOMF,0.8676374203577555,0.06136987977137211,0.1171767968281789
fast-response actuator,19,MOMF,0.8547835052846126,0.0807919813966756,0.11772666308473946
fast-response actuator,20,MOMF,0.8616146758632984,0.06366192837762377,0.12481455702064566
fast-response actuator,1,PHSEA,0.868080992204746,0.07903203246626646,0.1406205669201652
fast-response actuator,2,PHSEA,0.862350434426943,0.08750749288621684,0.12906248660102054
fast-response actuator,3,PHSEA,0.8357335564109984,0.09228986172971311,0.11147197248473867
fast-response actuator,4,PHSEA,0.8595041009471224,0.08638714197921313,0.10888558690016482
fast-response actuator,5,PHSEA,0.847388493265972,0.0746867543278261,0.1300184651386092
fast-response actuator,6,PHSEA,0.8490109188852265,0.09093221088327416,0.11949328741997794
fast-response actuator,7,PHSEA,0.8392954759223723,0.08774824207810451,0.08844300254796846
fast-response actuator,8,PHSEA,0.8433912014425193,0.08133117952372171,0.13217935395584174
fast-response actuator,9,PHSEA,0.8587375448975072,0.08675973659266895,0.12996092852492996
fast-response actuator,10,PHSEA,0.8594813684033351,0.07891409020205842,0.13083814236720567
fast-response actuator,11,PHSEA,0.8409807061630901,0.09599075016319522,0.1366725779309719
fast-response actuator,12,PHSEA,0.8549064841923858,0.08292089815945075,0.14153158498502527
fast-response actuator,13,PHSEA,0.8556461535778439,0.08642247819933316,0.14523181224681714
fast-response actuator,14,PHSEA,0.8671580974924953,0.07828691161095572,0.1316951152128295
fast-response actuator,15,PHSEA,0.8442659090405745,0.08648623973653152,0.12487184504677046
fast-response actuator,16,PHSEA,0.8630163906875842,0.09371941445510347,0.1211162162564935
fast-response actuator,17,PHSEA,0.827787331298627,0.09682863868700826,0.12553161171653432
fast-response actuator,18,PHSEA,0.8567906613925214,0.08146852243063255,0.14448917250948692
fast-response actuator,19,PHSEA,0.877938015419968,0.09052515150979301,0.15091962511608212
fast-response actuator,20,PHSEA,0.8467723871428458,0.08292807840810958,0.12777878506282578
fast-response actuator,1,MSAEA-DM,0.8292156575946934,0.08322442910535448,0.15936596665736463
fast-response actuator,2,MSAEA-DM,0.8779192284630882,0.09687483201826806,0.14592274519897178
fast-response actuator,3,MSAEA-DM,0.8531416643138604,0.08030804532184477,0.1343990166307281
fast-response actuator,4,MSAEA-DM,0.848562911344016,0.09427280148324667,0.14596051478221053
fast-response actuator,5,MSAEA-DM,0.8499804181312768,0.08017066318691989,0.1482886297874496
fast-response actuator,6,MSAEA-DM,0.8447177255160246,0.08781377194717925,0.1575257374046921
fast-response actuator,7,MSAEA-DM,0.8567331989233802,0.08832178982517194,0.16538823777014758
fast-response actuator,8,MSAEA-DM,0.8276962667487204,0.08555048802548332,0.1492657169213756
fast-response actuator,9,MSAEA-DM,0.8487198509351761,0.08411717070747475,0.1690959093495563
fast-response actuator,10,MSAEA-DM,0.8407674169321688,0.08964798065063397,0.14079668808126902
fast-response actuator,11,MSAEA-DM,0.8480735071346315,0.09112040800183753,0.13791337247037755
fast-response actuator,12,MSAEA-DM,0.842299102394376,0.09069235285763876,0.15793711152618622
fast-response actuator,13,MSAEA-DM,0.8567338485122118,0.09574075589411457,0.1395762679012297
fast-response actuator,14,MSAEA-DM,0.852227897665269,0.08963001690023784,0.15786540608294358
fast-response actuator,15,MSAEA-DM,0.8435286945363143,0.09298092886054658,0.1612536135685551
fast-response actuator,16,MSAEA-DM,0.8500557883771389,0.09376787273825446,0.14056653448405454
fast-response actuator,17,MSAEA-DM,0.8444767569051874,0.09455919202409356,0.15242575190913787
fast-response actuator,18,MSAEA-DM,0.8498121899111022,0.0894023665453295,0.15774384848826759
fast-response actuator,19,MSAEA-DM,0.8474990279461465,0.09174458645936638,0.14762296079941653
fast-response actuator,20,MSAEA-DM,0.8471263855812078,0.10273868984017594,0.14958277591391564
fast-response actuator,1,AS-SMEA,0.8386579613223081,0.10391648755479498,0.1619863499441785
fast-response actuator,2,AS-SMEA,0.8305655518937388,0.10946160770930552,0.15697422393001303
fast-response actuator,3,AS-SMEA,0.8536112807866392,0.09631171646353062,0.1671833319644926
fast-response actuator,4,AS-SMEA,0.8313179018604621,0.10392518454288596,0.1600908351984974
fast-response actuator,5,AS-SMEA,0.8378201064469538,0.10554887516849067,0.16872764156962664
fast-response actuator,6,AS-SMEA,0.8345212596616137,0.09123504291030915,0.159254639818731
fast-response actuator,7,AS-SMEA,0.8278750315779267,0.09145821871871901,0.16098173355944465
fast-response actuator,8,AS-SMEA,0.8491227984159981,0.0997299341590935,0.16415114932707844
fast-response actuator,9,AS-SMEA,0.8445988995047149,0.10073913317042686,0.18291945810720128
fast-response actuator,10,AS-SMEA,0.8374073241267358,0.0985329192498538,0.17629594362935722
fast-response actuator,11,AS-SMEA,0.8396963812340925,0.09924477780300735,0.1406142494293638
fast-response actuator,12,AS-SMEA,0.8400483227897086,0.09189387798611598,0.14832321619043543
fast-response actuator,13,AS-SMEA,0.8460272419569665,0.09484654220310393,0.15094230913872125
fast-response actuator,14,AS-SMEA,0.8280980145053894,0.10111817306364512,0.15499827298954608
fast-response actuator,15,AS-SMEA,0.7953909864421542,0.09481099511477276,0.16672518288589516
fast-response actuator,16,AS-SMEA,0.8250035907990348,0.09498489464891416,0.171052606257402
fast-response actuator,17,AS-SMEA,0.7819703458261306,0.09955439707402272,0.15235186313362079
fast-response actuator,18,AS-SMEA,0.8199079914309338,0.09592208987544155,0.1485404309864738
fast-response actuator,19,AS-SMEA,0.8379306483510058,0.09969952846970494,0.13963134059119922
fast-response actuator,20,AS-SMEA,0.8203829227369798,0.08720558784578956,0.15802782826692602
manufacturing-tolerance shift,1,Frank-WT MF-PIRN,0.8950010929658655,0.05549969867804343,0.061251032369223746
manufacturing-tolerance shift,2,Frank-WT MF-PIRN,0.9014709148412845,0.050552209211515604,0.07968868761313452
manufacturing-tolerance shift,3,Frank-WT MF-PIRN,0.887991143715665,0.047465672441717253,0.07694508039959227
manufacturing-tolerance shift,4,Frank-WT MF-PIRN,0.9041852188664169,0.05265425652103043,0.08046556287718265
manufacturing-tolerance shift,5,Frank-WT MF-PIRN,0.8940742263549004,0.053775374087655564,0.06275390241369225
manufacturing-tolerance shift,6,Frank-WT MF-PIRN,0.8996908342605342,0.05126030333716145,0.07502319454933586
manufacturing-tolerance shift,7,Frank-WT MF-PIRN,0.894500624046693,0.05409565488907604,0.06419059191363259
manufacturing-tolerance shift,8,Frank-WT MF-PIRN,0.8912413033143924,0.051565629158398844,0.07881771944331906
manufacturing-tolerance shift,9,Frank-WT MF-PIRN,0.8918013137324808,0.04898549229470761,0.08706236169771395
manufacturing-tolerance shift,10,Frank-WT MF-PIRN,0.877326429142737,0.05510379139800016,0.07433189138048212
manufacturing-tolerance shift,11,Frank-WT MF-PIRN,0.8977781911049706,0.06062288279077191,0.0785341658334708
manufacturing-tolerance shift,12,Frank-WT MF-PIRN,0.8923539997521672,0.05515082583114271,0.08431670620915241
manufacturing-tolerance shift,13,Frank-WT MF-PIRN,0.8974889015336307,0.05113464846554511,0.08072844509008992
manufacturing-tolerance shift,14,Frank-WT MF-PIRN,0.902995139382689,0.04953734335183331,0.07605868408678922
manufacturing-tolerance shift,15,Frank-WT MF-PIRN,0.8863042895551411,0.05452531063280722,0.06003991831111667
manufacturing-tolerance shift,16,Frank-WT MF-PIRN,0.9159507216626323,0.04633163941624375,0.08622518560692964
manufacturing-tolerance shift,17,Frank-WT MF-PIRN,0.9093152500784616,0.0452644412386606,0.07881986122627072
manufacturing-tolerance shift,18,Frank-WT MF-PIRN,0.9110885677940365,0.049366253829905456,0.07291159145706846
manufacturing-tolerance shift,19,Frank-WT MF-PIRN,0.9071973923112241,0.04866691918723252,0.060953620042282455
manufacturing-tolerance shift,20,Frank-WT MF-PIRN,0.8873310320829046,0.05834565306937641,0.08429910392064356
manufacturing-tolerance shift,1,MF-HVKG,0.9021275113504676,0.05504360101288151,0.10772456499351041
manufacturing-tolerance shift,2,MF-HVKG,0.9032780488716147,0.05201784440907702,0.09120647628809526
manufacturing-tolerance shift,3,MF-HVKG,0.8874070747279988,0.06139970304897525,0.07573150676550242
manufacturing-tolerance shift,4,MF-HVKG,0.8878674194989706,0.0582334194534611,0.09439271128902985
manufacturing-tolerance shift,5,MF-HVKG,0.8953057534304325,0.0597043048284068,0.10867131444507697
manufacturing-tolerance shift,6,MF-HVKG,0.8668421382869247,0.05047603924727849,0.10156791295657744
manufacturing-tolerance shift,7,MF-HVKG,0.8767386577427351,0.06775229686656929,0.09001231506898245
manufacturing-tolerance shift,8,MF-HVKG,0.8856485551406104,0.06444614261117161,0.08047492191613552
manufacturing-tolerance shift,9,MF-HVKG,0.877001211919192,0.06003974879195885,0.08235550294168187
manufacturing-tolerance shift,10,MF-HVKG,0.8847900166953475,0.04996450787613155,0.07849939231518112
manufacturing-tolerance shift,11,MF-HVKG,0.8787005314430046,0.06584786479023087,0.08594651806686439
manufacturing-tolerance shift,12,MF-HVKG,0.9057804176208293,0.05544687562413635,0.09048262446724041
manufacturing-tolerance shift,13,MF-HVKG,0.8850429547778657,0.06808299037804512,0.09085350686623554
manufacturing-tolerance shift,14,MF-HVKG,0.8787981997482734,0.07508265631959354,0.06952214768275178
manufacturing-tolerance shift,15,MF-HVKG,0.8741779691037094,0.05841477391253843,0.07654290725012747
manufacturing-tolerance shift,16,MF-HVKG,0.8905944872625511,0.06980181788455943,0.10168176277121303
manufacturing-tolerance shift,17,MF-HVKG,0.8927295873567986,0.06602354510342617,0.0727450392972935
manufacturing-tolerance shift,18,MF-HVKG,0.8978833849678197,0.06524085513896936,0.09632004247592786
manufacturing-tolerance shift,19,MF-HVKG,0.8813296825725514,0.06618322716982367,0.0936426248442072
manufacturing-tolerance shift,20,MF-HVKG,0.8905102072374831,0.05230878380813835,0.09090165813652591
manufacturing-tolerance shift,1,qLogNEHVI,0.86335403735689,0.07038249703152315,0.11389817500913349
manufacturing-tolerance shift,2,qLogNEHVI,0.87017795942148,0.07384453899726727,0.11783801559321506
manufacturing-tolerance shift,3,qLogNEHVI,0.885528069353811,0.06279699570631314,0.0961230806074085
manufacturing-tolerance shift,4,qLogNEHVI,0.882316428799522,0.0679679930701274,0.09467561266932033
manufacturing-tolerance shift,5,qLogNEHVI,0.8733061412610271,0.07870102256018406,0.10463961801151503
manufacturing-tolerance shift,6,qLogNEHVI,0.8862984483000671,0.06848971236913476,0.11437699757059384
manufacturing-tolerance shift,7,qLogNEHVI,0.887732229256077,0.06545517938549597,0.10828234674993861
manufacturing-tolerance shift,8,qLogNEHVI,0.8688120491944834,0.06351457385106547,0.10393422483305857
manufacturing-tolerance shift,9,qLogNEHVI,0.8559085370051107,0.07696470783960949,0.09812660563759532
manufacturing-tolerance shift,10,qLogNEHVI,0.8625002110558578,0.06020350343562876,0.1130540991231497
manufacturing-tolerance shift,11,qLogNEHVI,0.8881167881808268,0.06567755586352939,0.10515370443392502
manufacturing-tolerance shift,12,qLogNEHVI,0.8676259425313994,0.07539402562187841,0.09758727991664952
manufacturing-tolerance shift,13,qLogNEHVI,0.8740483866674591,0.07122677912460602,0.07773563298902547
manufacturing-tolerance shift,14,qLogNEHVI,0.9008599570228576,0.07344587124926567,0.11370969132396708
manufacturing-tolerance shift,15,qLogNEHVI,0.8646951125182688,0.06136718199953524,0.11313394146236158
manufacturing-tolerance shift,16,qLogNEHVI,0.8933485769381176,0.06710989407143514,0.10209727503670983
manufacturing-tolerance shift,17,qLogNEHVI,0.8725843275542301,0.057727206524676646,0.10085278016589774
manufacturing-tolerance shift,18,qLogNEHVI,0.8768539079069122,0.06636144565286128,0.09944836547184929
manufacturing-tolerance shift,19,qLogNEHVI,0.892872111109534,0.07079378589076317,0.11620629442574129
manufacturing-tolerance shift,20,qLogNEHVI,0.8725433392823095,0.06935818695927143,0.10377158629974936
manufacturing-tolerance shift,1,MOMF,0.872537393036739,0.08261894995260537,0.1107466273405919
manufacturing-tolerance shift,2,MOMF,0.8674971930057918,0.07487804040474341,0.12425070173529268
manufacturing-tolerance shift,3,MOMF,0.8595756464349698,0.07197870762848063,0.13029084917514874
manufacturing-tolerance shift,4,MOMF,0.8807513765309608,0.07169735959165546,0.12488531807235184
manufacturing-tolerance shift,5,MOMF,0.8637923758071979,0.08304749403775148,0.10989823892759452
manufacturing-tolerance shift,6,MOMF,0.8809714478391114,0.07510398171042808,0.0933890780330577
manufacturing-tolerance shift,7,MOMF,0.8719579417947698,0.07757415049168316,0.11669035781986528
manufacturing-tolerance shift,8,MOMF,0.8603726802850317,0.08402782888942578,0.12049096698374615
manufacturing-tolerance shift,9,MOMF,0.8684015099190842,0.07960487169424321,0.10435946760936939
manufacturing-tolerance shift,10,MOMF,0.8652644044167797,0.07299801541540603,0.11237007439016694
manufacturing-tolerance shift,11,MOMF,0.8739171551488,0.07498129120754882,0.10942157718370409
manufacturing-tolerance shift,12,MOMF,0.8627550578358913,0.07200896916346751,0.12685195151868722
manufacturing-tolerance shift,13,MOMF,0.8676765966375127,0.08079815416278706,0.10773663731304005
manufacturing-tolerance shift,14,MOMF,0.8767016565999664,0.08804679043651077,0.11963727403368975
manufacturing-tolerance shift,15,MOMF,0.878711922131258,0.07857479617759999,0.11823433820610722
manufacturing-tolerance shift,16,MOMF,0.8539136066705224,0.0764034160259493,0.11912747232900495
manufacturing-tolerance shift,17,MOMF,0.8570337981696188,0.06970786144935527,0.11168556386480172
manufacturing-tolerance shift,18,MOMF,0.8700105179861496,0.08360374904351377,0.13013733225401428
manufacturing-tolerance shift,19,MOMF,0.8655262403931647,0.0649932349906047,0.11226292967341645
manufacturing-tolerance shift,20,MOMF,0.8711741257150228,0.0854310115043987,0.12245742130620896
manufacturing-tolerance shift,1,PHSEA,0.8467419241409597,0.07523712363789033,0.12378381361279857
manufacturing-tolerance shift,2,PHSEA,0.8449414780108476,0.07169127663755852,0.129579802172129
manufacturing-tolerance shift,3,PHSEA,0.8489326912593372,0.0873980966242269,0.1448355461151682
manufacturing-tolerance shift,4,PHSEA,0.8271278492273794,0.0730577989470187,0.11619011692071501
manufacturing-tolerance shift,5,PHSEA,0.8512149087018157,0.08119821317107008,0.15118491389928426
manufacturing-tolerance shift,6,PHSEA,0.8627078767208616,0.07484279169859026,0.1366735092033152
manufacturing-tolerance shift,7,PHSEA,0.8370170490640504,0.07952479161567144,0.13284584487647338
manufacturing-tolerance shift,8,PHSEA,0.8426356360625687,0.0778328135060808,0.13854305816962423
manufacturing-tolerance shift,9,PHSEA,0.8611402977784619,0.08894952799233347,0.1332827483765179
manufacturing-tolerance shift,10,PHSEA,0.8566151604757576,0.07672535330319555,0.1370396173000558
manufacturing-tolerance shift,11,PHSEA,0.8601802318341658,0.09000627806583823,0.14026478598146183
manufacturing-tolerance shift,12,PHSEA,0.869882135452915,0.08444170162213492,0.12862110231960996
manufacturing-tolerance shift,13,PHSEA,0.8690955109451993,0.08659701062221913,0.12430501647908083
manufacturing-tolerance shift,14,PHSEA,0.8429795008027394,0.08438427437576458,0.12640780550067654
manufacturing-tolerance shift,15,PHSEA,0.8474884388577207,0.07288183224956511,0.11503133848705738
manufacturing-tolerance shift,16,PHSEA,0.8645582114603982,0.08883998709677558,0.13591509425627435
manufacturing-tolerance shift,17,PHSEA,0.8784410174682611,0.07888470823578693,0.13468412531465881
manufacturing-tolerance shift,18,PHSEA,0.8557043802302612,0.09207156927289484,0.13778362224277785
manufacturing-tolerance shift,19,PHSEA,0.8591283175411678,0.08878162595998308,0.13945339893659658
manufacturing-tolerance shift,20,PHSEA,0.8613900596700613,0.09485526317120913,0.13515143167077187
manufacturing-tolerance shift,1,MSAEA-DM,0.8458237970592928,0.09267744776297969,0.13071675462318091
manufacturing-tolerance shift,2,MSAEA-DM,0.8276003152460677,0.08317151748420629,0.13798993299979834
manufacturing-tolerance shift,3,MSAEA-DM,0.8058545639928936,0.09268315827914653,0.1445682709236753
manufacturing-tolerance shift,4,MSAEA-DM,0.8444513046112311,0.0883223091414184,0.13700154731678044
manufacturing-tolerance shift,5,MSAEA-DM,0.8640628498738943,0.0965415641105767,0.13022579728419717
manufacturing-tolerance shift,6,MSAEA-DM,0.8435631609999145,0.09332598838116114,0.1437554242160417
manufacturing-tolerance shift,7,MSAEA-DM,0.8707016279701563,0.09840835948896735,0.1511318086141736
manufacturing-tolerance shift,8,MSAEA-DM,0.8446132901821246,0.08615767222104397,0.13052286226891668
manufacturing-tolerance shift,9,MSAEA-DM,0.8598777749767808,0.08622049554742953,0.12851907707874063
manufacturing-tolerance shift,10,MSAEA-DM,0.8361084462228563,0.09305122723775971,0.1262943659332239
manufacturing-tolerance shift,11,MSAEA-DM,0.8320427817226815,0.09147993431408775,0.1464254642438089
manufacturing-tolerance shift,12,MSAEA-DM,0.8420663433110376,0.0847195100787641,0.14446946334261287
manufacturing-tolerance shift,13,MSAEA-DM,0.8661283151560422,0.10382617401594597,0.1640014328115439
manufacturing-tolerance shift,14,MSAEA-DM,0.8467550218088158,0.09147098409734913,0.14434739652838907
manufacturing-tolerance shift,15,MSAEA-DM,0.8289277154085853,0.08465966360183669,0.148232434311645
manufacturing-tolerance shift,16,MSAEA-DM,0.8344426885068217,0.07860504123506931,0.13252873974817433
manufacturing-tolerance shift,17,MSAEA-DM,0.856390311164163,0.08775408724412102,0.13172404296047097
manufacturing-tolerance shift,18,MSAEA-DM,0.8540975859210734,0.09962897655058346,0.14043676401331645
manufacturing-tolerance shift,19,MSAEA-DM,0.8574716048654488,0.08626673607295383,0.1596525086020891
manufacturing-tolerance shift,20,MSAEA-DM,0.8516071428086165,0.1003950540705603,0.13914028070053946
manufacturing-tolerance shift,1,AS-SMEA,0.841678409608897,0.09671515938741634,0.16998179356405863
manufacturing-tolerance shift,2,AS-SMEA,0.8407079694368946,0.10052505384576627,0.14480948540462718
manufacturing-tolerance shift,3,AS-SMEA,0.8473996261672219,0.09777837074417875,0.15076846180335624
manufacturing-tolerance shift,4,AS-SMEA,0.8324841244797849,0.08974405957026918,0.18171468783401176
manufacturing-tolerance shift,5,AS-SMEA,0.8580339932986873,0.10748847017152861,0.14641640306392958
manufacturing-tolerance shift,6,AS-SMEA,0.8458747732336824,0.10112846618010067,0.16414749827551084
manufacturing-tolerance shift,7,AS-SMEA,0.8369327492063011,0.09653147707815524,0.14567103682039606
manufacturing-tolerance shift,8,AS-SMEA,0.836678534857853,0.10127037542368711,0.1639279593608802
manufacturing-tolerance shift,9,AS-SMEA,0.8156290745823173,0.1116378294685311,0.15986008619444664
manufacturing-tolerance shift,10,AS-SMEA,0.8506349241181113,0.09109309788509164,0.16539843332688953
manufacturing-tolerance shift,11,AS-SMEA,0.847320275569273,0.09518245311667212,0.1622652667056978
manufacturing-tolerance shift,12,AS-SMEA,0.8380292038548464,0.10127388390835315,0.17597374274429944
manufacturing-tolerance shift,13,AS-SMEA,0.8432158666505404,0.08898349019963393,0.1381059889647346
manufacturing-tolerance shift,14,AS-SMEA,0.8295271086906699,0.08764315495211415,0.14863834917188434
manufacturing-tolerance shift,15,AS-SMEA,0.8519056854072808,0.10832305693310527,0.15999468677465778
manufacturing-tolerance shift,16,AS-SMEA,0.8368324967173143,0.10210013594279461,0.1514256663007552
manufacturing-tolerance shift,17,AS-SMEA,0.847822598207918,0.1195465153023955,0.15346900599574528
manufacturing-tolerance shift,18,AS-SMEA,0.8406251531566873,0.0762860202150582,0.16731799633560293
manufacturing-tolerance shift,19,AS-SMEA,0.8332711536692421,0.08669831547366764,0.15616786693823972
manufacturing-tolerance shift,20,AS-SMEA,0.8458511830614985,0.1066986831643185,0.17463929138843054
