scenario,level,method,seed,normalized_HV,feasible_fraction
geometry_tolerance_pct,0,Frank-WT MF-PIRN,1,0.9283503419022575,0.948422100308559
geometry_tolerance_pct,0,Frank-WT MF-PIRN,2,0.9324556555391729,0.9465667664240676
geometry_tolerance_pct,0,Frank-WT MF-PIRN,3,0.9259286539329831,0.9443367782842159
geometry_tolerance_pct,0,Frank-WT MF-PIRN,4,0.9337838769863714,0.9580090083972732
geometry_tolerance_pct,0,Frank-WT MF-PIRN,5,0.9387963686855115,0.9476611790579048
geometry_tolerance_pct,0,Frank-WT MF-PIRN,6,0.9299681104041225,0.9568004699086009
geometry_tolerance_pct,0,Frank-WT MF-PIRN,7,0.9274853298858646,0.9447294134573323
geometry_tolerance_pct,0,Frank-WT MF-PIRN,8,0.9258002726695441,0.9547601048193809
geometry_tolerance_pct,0,Frank-WT MF-PIRN,9,0.9357118324962761,0.9255306918552332
geometry_tolerance_pct,0,Frank-WT MF-PIRN,10,0.9225082933163768,0.9438501477405292
geometry_tolerance_pct,0,Frank-WT MF-PIRN,11,0.9194875625839114,0.9553062804803802
geometry_tolerance_pct,0,Frank-WT MF-PIRN,12,0.9259042551726164,0.9637928991263242
geometry_tolerance_pct,0,Frank-WT MF-PIRN,13,0.9288216347098492,0.94787158038194
geometry_tolerance_pct,0,Frank-WT MF-PIRN,14,0.9270943619473333,0.9287956157460611
geometry_tolerance_pct,0,Frank-WT MF-PIRN,15,0.930358972231347,0.9107532944353862
geometry_tolerance_pct,0,Frank-WT MF-PIRN,16,0.9329400467228633,0.9485855730711547
geometry_tolerance_pct,0,Frank-WT MF-PIRN,17,0.9302809258029807,0.9271859109522471
geometry_tolerance_pct,0,Frank-WT MF-PIRN,18,0.9304279998066984,0.9393959456439872
geometry_tolerance_pct,0,Frank-WT MF-PIRN,19,0.9303677856739546,0.9535440137792244
geometry_tolerance_pct,0,Frank-WT MF-PIRN,20,0.9327560125672157,0.9542982335692042
geometry_tolerance_pct,1,Frank-WT MF-PIRN,1,0.930796013649881,0.9108947094400447
geometry_tolerance_pct,1,Frank-WT MF-PIRN,2,0.9308421112612801,0.9491967327794713
geometry_tolerance_pct,1,Frank-WT MF-PIRN,3,0.9275954562705002,0.9244929350411638
geometry_tolerance_pct,1,Frank-WT MF-PIRN,4,0.924388945126125,0.9184693908372801
geometry_tolerance_pct,1,Frank-WT MF-PIRN,5,0.930147398019696,0.9193910689827984
geometry_tolerance_pct,1,Frank-WT MF-PIRN,6,0.9226308177040559,0.9237355749991397
geometry_tolerance_pct,1,Frank-WT MF-PIRN,7,0.9229201999228391,0.9015883437585801
geometry_tolerance_pct,1,Frank-WT MF-PIRN,8,0.9194646561380727,0.9057642191695204
geometry_tolerance_pct,1,Frank-WT MF-PIRN,9,0.9249423337136393,0.9292196827083365
geometry_tolerance_pct,1,Frank-WT MF-PIRN,10,0.9280785287411196,0.9557002043795559
geometry_tolerance_pct,1,Frank-WT MF-PIRN,11,0.9232583045282965,0.9373807742153468
geometry_tolerance_pct,1,Frank-WT MF-PIRN,12,0.9298085458958297,0.9345267492565547
geometry_tolerance_pct,1,Frank-WT MF-PIRN,13,0.9351312787930929,0.8980001858175136
geometry_tolerance_pct,1,Frank-WT MF-PIRN,14,0.9343224507248556,0.9427631123439746
geometry_tolerance_pct,1,Frank-WT MF-PIRN,15,0.9325499860059703,0.9265833551146321
geometry_tolerance_pct,1,Frank-WT MF-PIRN,16,0.9363204655986954,0.9382278504529973
geometry_tolerance_pct,1,Frank-WT MF-PIRN,17,0.9242383885345561,0.8976545820346056
geometry_tolerance_pct,1,Frank-WT MF-PIRN,18,0.922695828444277,0.9487656491715488
geometry_tolerance_pct,1,Frank-WT MF-PIRN,19,0.9269975142313813,0.8972975140811793
geometry_tolerance_pct,1,Frank-WT MF-PIRN,20,0.9265087447061532,0.919286252005502
geometry_tolerance_pct,2,Frank-WT MF-PIRN,1,0.922445704292919,0.9270555196458911
geometry_tolerance_pct,2,Frank-WT MF-PIRN,2,0.9220696817821727,0.922160838166961
geometry_tolerance_pct,2,Frank-WT MF-PIRN,3,0.9310453657823596,0.9159631543368759
geometry_tolerance_pct,2,Frank-WT MF-PIRN,4,0.9303333156887584,0.9092292341429328
geometry_tolerance_pct,2,Frank-WT MF-PIRN,5,0.9190804370624752,0.9200794599934178
geometry_tolerance_pct,2,Frank-WT MF-PIRN,6,0.9317644660837383,0.905417725449394
geometry_tolerance_pct,2,Frank-WT MF-PIRN,7,0.924063541818842,0.9377656019255329
geometry_tolerance_pct,2,Frank-WT MF-PIRN,8,0.9248298820188523,0.9108416696025845
geometry_tolerance_pct,2,Frank-WT MF-PIRN,9,0.9181048350738149,0.9344595321250695
geometry_tolerance_pct,2,Frank-WT MF-PIRN,10,0.9263555985593014,0.8958878439470835
geometry_tolerance_pct,2,Frank-WT MF-PIRN,11,0.9339721832182553,0.9117910886557105
geometry_tolerance_pct,2,Frank-WT MF-PIRN,12,0.9234453499271285,0.9060459001057188
geometry_tolerance_pct,2,Frank-WT MF-PIRN,13,0.9135651634982342,0.941269520524616
geometry_tolerance_pct,2,Frank-WT MF-PIRN,14,0.912356625096434,0.8959656290747284
geometry_tolerance_pct,2,Frank-WT MF-PIRN,15,0.922224260989146,0.8972688149737787
geometry_tolerance_pct,2,Frank-WT MF-PIRN,16,0.9188184569669264,0.9247204893490559
geometry_tolerance_pct,2,Frank-WT MF-PIRN,17,0.9195971961484167,0.924239572731829
geometry_tolerance_pct,2,Frank-WT MF-PIRN,18,0.9270571880999212,0.9015040776705383
geometry_tolerance_pct,2,Frank-WT MF-PIRN,19,0.9190559533966545,0.9197444537736456
geometry_tolerance_pct,2,Frank-WT MF-PIRN,20,0.920557895853235,0.9198608358203095
geometry_tolerance_pct,4,Frank-WT MF-PIRN,1,0.9114119136870404,0.8869708374353362
geometry_tolerance_pct,4,Frank-WT MF-PIRN,2,0.930729110367,0.9079630997436426
geometry_tolerance_pct,4,Frank-WT MF-PIRN,3,0.9157928164985648,0.8909488404130803
geometry_tolerance_pct,4,Frank-WT MF-PIRN,4,0.904229424832816,0.8919196811692521
geometry_tolerance_pct,4,Frank-WT MF-PIRN,5,0.9230673697921262,0.8825676950220812
geometry_tolerance_pct,4,Frank-WT MF-PIRN,6,0.9219424328693857,0.8948120218858154
geometry_tolerance_pct,4,Frank-WT MF-PIRN,7,0.9129627228765641,0.8882561555391216
geometry_tolerance_pct,4,Frank-WT MF-PIRN,8,0.9113468984318263,0.881250392147415
geometry_tolerance_pct,4,Frank-WT MF-PIRN,9,0.9144313992970152,0.9111448735445575
geometry_tolerance_pct,4,Frank-WT MF-PIRN,10,0.9144510040953405,0.8859060691292496
geometry_tolerance_pct,4,Frank-WT MF-PIRN,11,0.9148055899246931,0.9084621893188206
geometry_tolerance_pct,4,Frank-WT MF-PIRN,12,0.909073707885149,0.907557172387219
geometry_tolerance_pct,4,Frank-WT MF-PIRN,13,0.9131752983841558,0.8556805575276216
geometry_tolerance_pct,4,Frank-WT MF-PIRN,14,0.9222564623766762,0.8950799808344969
geometry_tolerance_pct,4,Frank-WT MF-PIRN,15,0.9095572835612636,0.9075827973046916
geometry_tolerance_pct,4,Frank-WT MF-PIRN,16,0.906462243513117,0.9163664321385774
geometry_tolerance_pct,4,Frank-WT MF-PIRN,17,0.9098905437967884,0.8939306650294353
geometry_tolerance_pct,4,Frank-WT MF-PIRN,18,0.9122438107931473,0.8710064992831007
geometry_tolerance_pct,4,Frank-WT MF-PIRN,19,0.9124928105996999,0.8850640233510823
geometry_tolerance_pct,4,Frank-WT MF-PIRN,20,0.9186624968044255,0.8847390691335769
geometry_tolerance_pct,6,Frank-WT MF-PIRN,1,0.9041937073546137,0.8637250682634063
geometry_tolerance_pct,6,Frank-WT MF-PIRN,2,0.9053525618383476,0.8699164749416191
geometry_tolerance_pct,6,Frank-WT MF-PIRN,3,0.8951338825604671,0.8382221099767806
geometry_tolerance_pct,6,Frank-WT MF-PIRN,4,0.9009825271699958,0.8461141368628924
geometry_tolerance_pct,6,Frank-WT MF-PIRN,5,0.9068522917684055,0.879726426820474
geometry_tolerance_pct,6,Frank-WT MF-PIRN,6,0.9092230327965749,0.8592568317271781
geometry_tolerance_pct,6,Frank-WT MF-PIRN,7,0.909973714304009,0.869116010260057
geometry_tolerance_pct,6,Frank-WT MF-PIRN,8,0.9051650813848392,0.8832434752182448
geometry_tolerance_pct,6,Frank-WT MF-PIRN,9,0.8938178994812884,0.8820858530018655
geometry_tolerance_pct,6,Frank-WT MF-PIRN,10,0.9139225135201607,0.8822321707411285
geometry_tolerance_pct,6,Frank-WT MF-PIRN,11,0.9025005252483657,0.8754503045896178
geometry_tolerance_pct,6,Frank-WT MF-PIRN,12,0.8998147532477473,0.8599987971299309
geometry_tolerance_pct,6,Frank-WT MF-PIRN,13,0.9085570017027691,0.8860466973521812
geometry_tolerance_pct,6,Frank-WT MF-PIRN,14,0.9068599527823642,0.8748575832314968
geometry_tolerance_pct,6,Frank-WT MF-PIRN,15,0.9047016701431155,0.8776024959361902
geometry_tolerance_pct,6,Frank-WT MF-PIRN,16,0.9073051681274716,0.8721047632095389
geometry_tolerance_pct,6,Frank-WT MF-PIRN,17,0.8939082088385141,0.8782584454866355
geometry_tolerance_pct,6,Frank-WT MF-PIRN,18,0.9088590032184346,0.8616154185308129
geometry_tolerance_pct,6,Frank-WT MF-PIRN,19,0.8924263179609194,0.8822764439968589
geometry_tolerance_pct,6,Frank-WT MF-PIRN,20,0.8960146897183099,0.8638512373843945
geometry_tolerance_pct,0,MF-HVKG,1,0.9092391190312951,0.9005749021421584
geometry_tolerance_pct,0,MF-HVKG,2,0.9067436382792631,0.9501902288660252
geometry_tolerance_pct,0,MF-HVKG,3,0.9001661538288068,0.9130127032249841
geometry_tolerance_pct,0,MF-HVKG,4,0.9025728384568071,0.948445627635753
geometry_tolerance_pct,0,MF-HVKG,5,0.895272858993318,0.9128290450302022
geometry_tolerance_pct,0,MF-HVKG,6,0.906318810057137,0.9529939249925421
geometry_tolerance_pct,0,MF-HVKG,7,0.8879732443387518,0.9315099987408154
geometry_tolerance_pct,0,MF-HVKG,8,0.9085807570732006,0.9445183781151263
geometry_tolerance_pct,0,MF-HVKG,9,0.8914268510337359,0.9544510661625925
geometry_tolerance_pct,0,MF-HVKG,10,0.9101940148752382,0.9500509934906031
geometry_tolerance_pct,0,MF-HVKG,11,0.9027156894346763,0.930728627195698
geometry_tolerance_pct,0,MF-HVKG,12,0.8931990095880331,0.9332195631866294
geometry_tolerance_pct,0,MF-HVKG,13,0.906988523801653,0.9206062303269501
geometry_tolerance_pct,0,MF-HVKG,14,0.8981572921341188,0.9387976570129435
geometry_tolerance_pct,0,MF-HVKG,15,0.9044429381152829,0.9567571995333892
geometry_tolerance_pct,0,MF-HVKG,16,0.8946521507089964,0.9471442007796179
geometry_tolerance_pct,0,MF-HVKG,17,0.9026545402294611,0.9553746040315477
geometry_tolerance_pct,0,MF-HVKG,18,0.9144167758768793,0.9173202419415319
geometry_tolerance_pct,0,MF-HVKG,19,0.9011430359375336,0.9433620455688206
geometry_tolerance_pct,0,MF-HVKG,20,0.9000061916304365,0.9591215653211599
geometry_tolerance_pct,1,MF-HVKG,1,0.9029726258599472,0.9239316515687224
geometry_tolerance_pct,1,MF-HVKG,2,0.8954569954940454,0.9142044500205014
geometry_tolerance_pct,1,MF-HVKG,3,0.8994558563211464,0.914413519250636
geometry_tolerance_pct,1,MF-HVKG,4,0.895695593467982,0.9324285845317556
geometry_tolerance_pct,1,MF-HVKG,5,0.9003497610326255,0.9088267519425449
geometry_tolerance_pct,1,MF-HVKG,6,0.8803427656364571,0.9348378265397514
geometry_tolerance_pct,1,MF-HVKG,7,0.8995451501489463,0.9370001196694205
geometry_tolerance_pct,1,MF-HVKG,8,0.899725846869952,0.9350159078558229
geometry_tolerance_pct,1,MF-HVKG,9,0.8918267599331267,0.8943556946977131
geometry_tolerance_pct,1,MF-HVKG,10,0.8907407815840443,0.9237313663420831
geometry_tolerance_pct,1,MF-HVKG,11,0.8954611917346466,0.8991384054370503
geometry_tolerance_pct,1,MF-HVKG,12,0.8924171742590422,0.9178821809559263
geometry_tolerance_pct,1,MF-HVKG,13,0.899388823777324,0.8958832275064638
geometry_tolerance_pct,1,MF-HVKG,14,0.9015624011179982,0.956254309824214
geometry_tolerance_pct,1,MF-HVKG,15,0.9017288039228928,0.9242404323349102
geometry_tolerance_pct,1,MF-HVKG,16,0.8980055363814404,0.9111860843678165
geometry_tolerance_pct,1,MF-HVKG,17,0.8979798121259426,0.9126231536961819
geometry_tolerance_pct,1,MF-HVKG,18,0.8945340560297809,0.9247343610370675
geometry_tolerance_pct,1,MF-HVKG,19,0.8980799913165353,0.9534790905714714
geometry_tolerance_pct,1,MF-HVKG,20,0.9076903897539511,0.9201721046569411
geometry_tolerance_pct,2,MF-HVKG,1,0.8934111055776518,0.8949110888501943
geometry_tolerance_pct,2,MF-HVKG,2,0.8887904617914867,0.8956840323182277
geometry_tolerance_pct,2,MF-HVKG,3,0.8945116058772273,0.9147738687835227
geometry_tolerance_pct,2,MF-HVKG,4,0.8839169704760383,0.9098262265959464
geometry_tolerance_pct,2,MF-HVKG,5,0.8844139356431775,0.9137504444692796
geometry_tolerance_pct,2,MF-HVKG,6,0.8821687959677097,0.9355934351076836
geometry_tolerance_pct,2,MF-HVKG,7,0.9075351153795943,0.921705221579894
geometry_tolerance_pct,2,MF-HVKG,8,0.8933270273393087,0.9103911462600489
geometry_tolerance_pct,2,MF-HVKG,9,0.8807404566592449,0.911880682289688
geometry_tolerance_pct,2,MF-HVKG,10,0.8995405880244239,0.8947523996537081
geometry_tolerance_pct,2,MF-HVKG,11,0.8854958843843631,0.9162214368936699
geometry_tolerance_pct,2,MF-HVKG,12,0.8800860422977759,0.934266707162717
geometry_tolerance_pct,2,MF-HVKG,13,0.8824572458604888,0.9000186386500376
geometry_tolerance_pct,2,MF-HVKG,14,0.894479743082844,0.9236557258542245
geometry_tolerance_pct,2,MF-HVKG,15,0.8920154709535077,0.9269124045359263
geometry_tolerance_pct,2,MF-HVKG,16,0.8891367808215584,0.9281212905892183
geometry_tolerance_pct,2,MF-HVKG,17,0.8773143638761757,0.9273600185249995
geometry_tolerance_pct,2,MF-HVKG,18,0.8927519705916878,0.921546413870228
geometry_tolerance_pct,2,MF-HVKG,19,0.8884660258376094,0.8923494399566305
geometry_tolerance_pct,2,MF-HVKG,20,0.88862432963902,0.9242543695803715
geometry_tolerance_pct,4,MF-HVKG,1,0.8764537683145773,0.8590596577791437
geometry_tolerance_pct,4,MF-HVKG,2,0.8695887105922679,0.8692121680754151
geometry_tolerance_pct,4,MF-HVKG,3,0.873143121462876,0.8851701526216554
geometry_tolerance_pct,4,MF-HVKG,4,0.8767323588632158,0.8827105640263647
geometry_tolerance_pct,4,MF-HVKG,5,0.8847075749976577,0.877713169821104
geometry_tolerance_pct,4,MF-HVKG,6,0.8852170613932777,0.8795320693092153
geometry_tolerance_pct,4,MF-HVKG,7,0.874362868250676,0.874944731916224
geometry_tolerance_pct,4,MF-HVKG,8,0.8743749929427549,0.876579071908307
geometry_tolerance_pct,4,MF-HVKG,9,0.8852833139565942,0.880591918013172
geometry_tolerance_pct,4,MF-HVKG,10,0.8872489915044294,0.884271817347295
geometry_tolerance_pct,4,MF-HVKG,11,0.8751205502604527,0.8775762308428586
geometry_tolerance_pct,4,MF-HVKG,12,0.8741883055319776,0.8546315518613198
geometry_tolerance_pct,4,MF-HVKG,13,0.883190970733293,0.8542770993235188
geometry_tolerance_pct,4,MF-HVKG,14,0.8747684775864674,0.8812573535699738
geometry_tolerance_pct,4,MF-HVKG,15,0.8691867451582027,0.8862504058559589
geometry_tolerance_pct,4,MF-HVKG,16,0.8849214190640663,0.8404581734195148
geometry_tolerance_pct,4,MF-HVKG,17,0.8805711986867635,0.8731482362772137
geometry_tolerance_pct,4,MF-HVKG,18,0.8847324102334534,0.8868486314807383
geometry_tolerance_pct,4,MF-HVKG,19,0.8811472245552969,0.8906599758347596
geometry_tolerance_pct,4,MF-HVKG,20,0.8700605950629224,0.8650902094451686
geometry_tolerance_pct,6,MF-HVKG,1,0.8550657990794682,0.8452357209555443
geometry_tolerance_pct,6,MF-HVKG,2,0.8568767059888835,0.8318286545721447
geometry_tolerance_pct,6,MF-HVKG,3,0.868071289779289,0.8295494784975731
geometry_tolerance_pct,6,MF-HVKG,4,0.8603227219696206,0.8402596969383176
geometry_tolerance_pct,6,MF-HVKG,5,0.865837893525788,0.8436237926723393
geometry_tolerance_pct,6,MF-HVKG,6,0.8552776028256317,0.8493341848410829
geometry_tolerance_pct,6,MF-HVKG,7,0.8714352425423312,0.8142594888942494
geometry_tolerance_pct,6,MF-HVKG,8,0.8604453495302864,0.8051956386124097
geometry_tolerance_pct,6,MF-HVKG,9,0.8505857802430598,0.8332777852079013
geometry_tolerance_pct,6,MF-HVKG,10,0.8719258333180845,0.8387686493219264
geometry_tolerance_pct,6,MF-HVKG,11,0.873102992547797,0.8328669381679004
geometry_tolerance_pct,6,MF-HVKG,12,0.864180228091898,0.8403041959758325
geometry_tolerance_pct,6,MF-HVKG,13,0.8690834015622166,0.8418447473682283
geometry_tolerance_pct,6,MF-HVKG,14,0.8706999231543189,0.849667937461014
geometry_tolerance_pct,6,MF-HVKG,15,0.8720480569619367,0.8119052028876009
geometry_tolerance_pct,6,MF-HVKG,16,0.8707675619278618,0.8516349813398478
geometry_tolerance_pct,6,MF-HVKG,17,0.8650659372223408,0.8435795945616341
geometry_tolerance_pct,6,MF-HVKG,18,0.8616353281256639,0.8417773265659
geometry_tolerance_pct,6,MF-HVKG,19,0.8596559502982618,0.8290399194020801
geometry_tolerance_pct,6,MF-HVKG,20,0.8594631401473782,0.8358989978649184
geometry_tolerance_pct,0,qLogNEHVI,1,0.9001748877987511,0.9265531298595104
geometry_tolerance_pct,0,qLogNEHVI,2,0.9047511205749644,0.9435692369835109
geometry_tolerance_pct,0,qLogNEHVI,3,0.8896092576200457,0.9265807814002024
geometry_tolerance_pct,0,qLogNEHVI,4,0.8919179179073523,0.9607205302921561
geometry_tolerance_pct,0,qLogNEHVI,5,0.8944859198590059,0.968358630079502
geometry_tolerance_pct,0,qLogNEHVI,6,0.9010743506219254,0.9417787435996023
geometry_tolerance_pct,0,qLogNEHVI,7,0.9008705250728422,0.9513979216036723
geometry_tolerance_pct,0,qLogNEHVI,8,0.8934458077164571,0.9398984876781061
geometry_tolerance_pct,0,qLogNEHVI,9,0.894813876616111,0.904842485147364
geometry_tolerance_pct,0,qLogNEHVI,10,0.8932039379022325,0.9416811691543663
geometry_tolerance_pct,0,qLogNEHVI,11,0.9035444714712032,0.9596375337337004
geometry_tolerance_pct,0,qLogNEHVI,12,0.8944042543335017,0.9510176200265062
geometry_tolerance_pct,0,qLogNEHVI,13,0.8946673246874969,0.9115400194036313
geometry_tolerance_pct,0,qLogNEHVI,14,0.8962520851453606,0.9272865492749895
geometry_tolerance_pct,0,qLogNEHVI,15,0.8963022977537396,0.9290455972209203
geometry_tolerance_pct,0,qLogNEHVI,16,0.9030930826512623,0.941005517260075
geometry_tolerance_pct,0,qLogNEHVI,17,0.8874463028570232,0.937640331137884
geometry_tolerance_pct,0,qLogNEHVI,18,0.8968312873631283,0.948247642336254
geometry_tolerance_pct,0,qLogNEHVI,19,0.8919384406920801,0.9388682793914578
geometry_tolerance_pct,0,qLogNEHVI,20,0.8967682505805665,0.9332930167128592
geometry_tolerance_pct,1,qLogNEHVI,1,0.8883660503063324,0.9370893372834076
geometry_tolerance_pct,1,qLogNEHVI,2,0.8798345719912909,0.9056795862785205
geometry_tolerance_pct,1,qLogNEHVI,3,0.8906503563327086,0.9484684076573577
geometry_tolerance_pct,1,qLogNEHVI,4,0.8952005584935823,0.9238039851250541
geometry_tolerance_pct,1,qLogNEHVI,5,0.8874361772430691,0.9242366403014928
geometry_tolerance_pct,1,qLogNEHVI,6,0.8760226683562861,0.908852323431253
geometry_tolerance_pct,1,qLogNEHVI,7,0.8947168873997052,0.9126493723443828
geometry_tolerance_pct,1,qLogNEHVI,8,0.8982207780832481,0.9387334697778161
geometry_tolerance_pct,1,qLogNEHVI,9,0.8801424263504134,0.9250330127573042
geometry_tolerance_pct,1,qLogNEHVI,10,0.9007827725799108,0.9271941994647993
geometry_tolerance_pct,1,qLogNEHVI,11,0.8918654056676957,0.9088912406589957
geometry_tolerance_pct,1,qLogNEHVI,12,0.9033933744471373,0.9307238262576064
geometry_tolerance_pct,1,qLogNEHVI,13,0.8830200791119525,0.9054092232164849
geometry_tolerance_pct,1,qLogNEHVI,14,0.8864394929470105,0.9328504671437202
geometry_tolerance_pct,1,qLogNEHVI,15,0.8886431757489868,0.9215829037960629
geometry_tolerance_pct,1,qLogNEHVI,16,0.8902201764695629,0.9250243495150047
geometry_tolerance_pct,1,qLogNEHVI,17,0.8872766109079435,0.9160871405326426
geometry_tolerance_pct,1,qLogNEHVI,18,0.8934969798781827,0.917468886015117
geometry_tolerance_pct,1,qLogNEHVI,19,0.8961096312547321,0.9239685775372593
geometry_tolerance_pct,1,qLogNEHVI,20,0.9064905489291907,0.9301657677170923
geometry_tolerance_pct,2,qLogNEHVI,1,0.888674825240471,0.9118181341860315
geometry_tolerance_pct,2,qLogNEHVI,2,0.8898079184388146,0.92860137887913
geometry_tolerance_pct,2,qLogNEHVI,3,0.8856390669008689,0.8716070178786178
geometry_tolerance_pct,2,qLogNEHVI,4,0.8826623078634231,0.906623055612053
geometry_tolerance_pct,2,qLogNEHVI,5,0.8930438129629722,0.8938788618876902
geometry_tolerance_pct,2,qLogNEHVI,6,0.8914693041153863,0.9348256772319169
geometry_tolerance_pct,2,qLogNEHVI,7,0.8835556284816326,0.8873211412661837
geometry_tolerance_pct,2,qLogNEHVI,8,0.8810926787925744,0.8978498646259332
geometry_tolerance_pct,2,qLogNEHVI,9,0.8855081959249642,0.9074086522160706
geometry_tolerance_pct,2,qLogNEHVI,10,0.8841054311803281,0.8800987943973178
geometry_tolerance_pct,2,qLogNEHVI,11,0.8885491748552936,0.9317391610516654
geometry_tolerance_pct,2,qLogNEHVI,12,0.8840408806355786,0.9222600217105585
geometry_tolerance_pct,2,qLogNEHVI,13,0.8767399562859984,0.905497203709921
geometry_tolerance_pct,2,qLogNEHVI,14,0.8861444166034562,0.9277213883367756
geometry_tolerance_pct,2,qLogNEHVI,15,0.8926583354234379,0.8658653786694993
geometry_tolerance_pct,2,qLogNEHVI,16,0.8922905675955654,0.8818025804981832
geometry_tolerance_pct,2,qLogNEHVI,17,0.8877486952879731,0.9016184898017366
geometry_tolerance_pct,2,qLogNEHVI,18,0.8905658502144006,0.9139470653849858
geometry_tolerance_pct,2,qLogNEHVI,19,0.8948157861532257,0.9062531678893238
geometry_tolerance_pct,2,qLogNEHVI,20,0.8880378124587467,0.8937832687248145
geometry_tolerance_pct,4,qLogNEHVI,1,0.8755120937517868,0.8788830158175693
geometry_tolerance_pct,4,qLogNEHVI,2,0.8683523213162879,0.9037309764870489
geometry_tolerance_pct,4,qLogNEHVI,3,0.871585092495383,0.8588659395530902
geometry_tolerance_pct,4,qLogNEHVI,4,0.8722561840087945,0.8458808707552589
geometry_tolerance_pct,4,qLogNEHVI,5,0.8777307845359564,0.8604357041008933
geometry_tolerance_pct,4,qLogNEHVI,6,0.8745544022474571,0.8550592180035718
geometry_tolerance_pct,4,qLogNEHVI,7,0.8669189071772089,0.872160867808534
geometry_tolerance_pct,4,qLogNEHVI,8,0.874305749860458,0.8661648158033957
geometry_tolerance_pct,4,qLogNEHVI,9,0.8726112970724749,0.8644599867116489
geometry_tolerance_pct,4,qLogNEHVI,10,0.8697347203881007,0.8828026633951293
geometry_tolerance_pct,4,qLogNEHVI,11,0.8680854643008699,0.8427881610444388
geometry_tolerance_pct,4,qLogNEHVI,12,0.8721653331972271,0.8708098190854581
geometry_tolerance_pct,4,qLogNEHVI,13,0.8707430657278428,0.8717980666598332
geometry_tolerance_pct,4,qLogNEHVI,14,0.8651649020664595,0.862641036607698
geometry_tolerance_pct,4,qLogNEHVI,15,0.8811709931671897,0.8619334838777937
geometry_tolerance_pct,4,qLogNEHVI,16,0.8649557580568693,0.8858978321939414
geometry_tolerance_pct,4,qLogNEHVI,17,0.8662830038843772,0.8607123291408917
geometry_tolerance_pct,4,qLogNEHVI,18,0.8724654870320324,0.8703939260218414
geometry_tolerance_pct,4,qLogNEHVI,19,0.8834942390612487,0.8849423926414617
geometry_tolerance_pct,4,qLogNEHVI,20,0.8714164345595782,0.8595139132668039
geometry_tolerance_pct,6,qLogNEHVI,1,0.8525752498172214,0.8409702916988463
geometry_tolerance_pct,6,qLogNEHVI,2,0.8535850217030877,0.8439767784863775
geometry_tolerance_pct,6,qLogNEHVI,3,0.8588880377791407,0.8394596297482053
geometry_tolerance_pct,6,qLogNEHVI,4,0.8750115900424659,0.8261406962433604
geometry_tolerance_pct,6,qLogNEHVI,5,0.8593040027003203,0.8296774013486609
geometry_tolerance_pct,6,qLogNEHVI,6,0.8545897117999789,0.8430658152307694
geometry_tolerance_pct,6,qLogNEHVI,7,0.8562259184271684,0.830360456419487
geometry_tolerance_pct,6,qLogNEHVI,8,0.8570434856394273,0.8153489743731702
geometry_tolerance_pct,6,qLogNEHVI,9,0.8736185512903167,0.8569660355812014
geometry_tolerance_pct,6,qLogNEHVI,10,0.8625498935042625,0.8311218149057891
geometry_tolerance_pct,6,qLogNEHVI,11,0.8564712221502878,0.8411281896784553
geometry_tolerance_pct,6,qLogNEHVI,12,0.8671804689816557,0.8240021043167968
geometry_tolerance_pct,6,qLogNEHVI,13,0.8508548251871109,0.8384514991183023
geometry_tolerance_pct,6,qLogNEHVI,14,0.8680808098929189,0.8527135392267677
geometry_tolerance_pct,6,qLogNEHVI,15,0.8471681959873494,0.8492377393110825
geometry_tolerance_pct,6,qLogNEHVI,16,0.8678104497592302,0.8422471405692521
geometry_tolerance_pct,6,qLogNEHVI,17,0.8608433256670486,0.8176192204212394
geometry_tolerance_pct,6,qLogNEHVI,18,0.8674365321085726,0.8251012923723879
geometry_tolerance_pct,6,qLogNEHVI,19,0.8599988250533969,0.8514754452790904
geometry_tolerance_pct,6,qLogNEHVI,20,0.8588619803880273,0.8198025452926161
geometry_tolerance_pct,0,PHSEA,1,0.8898866685946624,0.9493138351164402
geometry_tolerance_pct,0,PHSEA,2,0.8946144410992642,0.9576468798164819
geometry_tolerance_pct,0,PHSEA,3,0.8797742517670585,0.9546848230342869
geometry_tolerance_pct,0,PHSEA,4,0.8904185895198369,0.948054064926802
geometry_tolerance_pct,0,PHSEA,5,0.8901553341693068,0.942458323563272
geometry_tolerance_pct,0,PHSEA,6,0.8865320371745299,0.9439208842741432
geometry_tolerance_pct,0,PHSEA,7,0.8916703259793661,0.9269532665131068
geometry_tolerance_pct,0,PHSEA,8,0.8968218779198381,0.9526715373164509
geometry_tolerance_pct,0,PHSEA,9,0.8904660767569017,0.9312547495076363
geometry_tolerance_pct,0,PHSEA,10,0.8892221737084901,0.9334631323208112
geometry_tolerance_pct,0,PHSEA,11,0.8764571979932999,0.9064167017997049
geometry_tolerance_pct,0,PHSEA,12,0.8842850438108802,0.9428086795634445
geometry_tolerance_pct,0,PHSEA,13,0.8847758925212701,0.9442181070953284
geometry_tolerance_pct,0,PHSEA,14,0.8925971822280725,0.9481661508441265
geometry_tolerance_pct,0,PHSEA,15,0.8849087781308917,0.9200498098824912
geometry_tolerance_pct,0,PHSEA,16,0.891646879539333,0.9622272456477581
geometry_tolerance_pct,0,PHSEA,17,0.8904547561715631,0.952552511707408
geometry_tolerance_pct,0,PHSEA,18,0.8881276010935628,0.9229599042340662
geometry_tolerance_pct,0,PHSEA,19,0.8942812845015722,0.9425431844070631
geometry_tolerance_pct,0,PHSEA,20,0.8871434914316275,0.9252918987549681
geometry_tolerance_pct,1,PHSEA,1,0.8869648944943712,0.9225399679964562
geometry_tolerance_pct,1,PHSEA,2,0.8793950457730182,0.9097314035130735
geometry_tolerance_pct,1,PHSEA,3,0.8963719663534844,0.9359614328769459
geometry_tolerance_pct,1,PHSEA,4,0.8938256832874977,0.9271539989354675
geometry_tolerance_pct,1,PHSEA,5,0.8852257527904117,0.9153138128462326
geometry_tolerance_pct,1,PHSEA,6,0.8804642389712868,0.9233833060259037
geometry_tolerance_pct,1,PHSEA,7,0.8782207960586927,0.9228651004746569
geometry_tolerance_pct,1,PHSEA,8,0.8883567930414008,0.9359232568772932
geometry_tolerance_pct,1,PHSEA,9,0.8785453530470448,0.9533066759939858
geometry_tolerance_pct,1,PHSEA,10,0.8780346441224207,0.9228473248202347
geometry_tolerance_pct,1,PHSEA,11,0.8728445191288934,0.9266023504596591
geometry_tolerance_pct,1,PHSEA,12,0.8834854246019186,0.922561260270278
geometry_tolerance_pct,1,PHSEA,13,0.8899604451632336,0.92139351309827
geometry_tolerance_pct,1,PHSEA,14,0.8876595189101519,0.9200595652318402
geometry_tolerance_pct,1,PHSEA,15,0.8847473278935996,0.9285907466918234
geometry_tolerance_pct,1,PHSEA,16,0.8893351202614529,0.9225609183105314
geometry_tolerance_pct,1,PHSEA,17,0.8844906095031325,0.9366784095572415
geometry_tolerance_pct,1,PHSEA,18,0.8745800604637084,0.9077700873637382
geometry_tolerance_pct,1,PHSEA,19,0.8906068910611822,0.9277882349061954
geometry_tolerance_pct,1,PHSEA,20,0.8840510811862069,0.9099101039397095
geometry_tolerance_pct,2,PHSEA,1,0.885454424056675,0.8845464491331053
geometry_tolerance_pct,2,PHSEA,2,0.879190710803458,0.9205403718868046
geometry_tolerance_pct,2,PHSEA,3,0.8675578754119015,0.9146371461413092
geometry_tolerance_pct,2,PHSEA,4,0.8746624262200707,0.8867658921813768
geometry_tolerance_pct,2,PHSEA,5,0.8797391150172229,0.9109057720888866
geometry_tolerance_pct,2,PHSEA,6,0.8804729726339577,0.9028528241538433
geometry_tolerance_pct,2,PHSEA,7,0.8798958643899535,0.9102630065958177
geometry_tolerance_pct,2,PHSEA,8,0.8740925544785869,0.8926418976664717
geometry_tolerance_pct,2,PHSEA,9,0.8801659688444063,0.9111047867009503
geometry_tolerance_pct,2,PHSEA,10,0.8789343669012335,0.9232003270785822
geometry_tolerance_pct,2,PHSEA,11,0.877657473114128,0.9240107060392183
geometry_tolerance_pct,2,PHSEA,12,0.8795205390713092,0.9167479027441582
geometry_tolerance_pct,2,PHSEA,13,0.8772831031001268,0.8947159731605152
geometry_tolerance_pct,2,PHSEA,14,0.8748313746998846,0.8851538749925596
geometry_tolerance_pct,2,PHSEA,15,0.8818924765152241,0.912383661181644
geometry_tolerance_pct,2,PHSEA,16,0.8842786039980862,0.909527715695028
geometry_tolerance_pct,2,PHSEA,17,0.8713544506666664,0.8805057663703031
geometry_tolerance_pct,2,PHSEA,18,0.8743860283275123,0.9121665902468682
geometry_tolerance_pct,2,PHSEA,19,0.8789915861410753,0.8965652161442639
geometry_tolerance_pct,2,PHSEA,20,0.8886207047165492,0.9017344191227119
geometry_tolerance_pct,4,PHSEA,1,0.8582134606241251,0.886443914362031
geometry_tolerance_pct,4,PHSEA,2,0.8621634374492645,0.9005237917566536
geometry_tolerance_pct,4,PHSEA,3,0.8658723226904945,0.8788669680997107
geometry_tolerance_pct,4,PHSEA,4,0.8758358606946606,0.8936867844040587
geometry_tolerance_pct,4,PHSEA,5,0.861121003059067,0.8669971305583215
geometry_tolerance_pct,4,PHSEA,6,0.8662901822035592,0.8632801259493198
geometry_tolerance_pct,4,PHSEA,7,0.8637816754502573,0.8906882124715402
geometry_tolerance_pct,4,PHSEA,8,0.8692518888810898,0.8442286995913119
geometry_tolerance_pct,4,PHSEA,9,0.859221381175264,0.8710642077794498
geometry_tolerance_pct,4,PHSEA,10,0.8528277478920282,0.8684035651802768
geometry_tolerance_pct,4,PHSEA,11,0.8665451959394191,0.8909776661910453
geometry_tolerance_pct,4,PHSEA,12,0.8634317363846782,0.8734472308482356
geometry_tolerance_pct,4,PHSEA,13,0.8812420962511615,0.8592871847674355
geometry_tolerance_pct,4,PHSEA,14,0.8781463889934105,0.8582612566896342
geometry_tolerance_pct,4,PHSEA,15,0.8794846239840487,0.8769822978243567
geometry_tolerance_pct,4,PHSEA,16,0.871647481361724,0.8784232926897961
geometry_tolerance_pct,4,PHSEA,17,0.8692246521516148,0.8737315042222034
geometry_tolerance_pct,4,PHSEA,18,0.8742437073350646,0.8880475633213253
geometry_tolerance_pct,4,PHSEA,19,0.8710578341967136,0.912071586967895
geometry_tolerance_pct,4,PHSEA,20,0.8876425405260404,0.8852473106475842
geometry_tolerance_pct,6,PHSEA,1,0.8560411755810807,0.8431877436020795
geometry_tolerance_pct,6,PHSEA,2,0.8466266351728607,0.8491519261274632
geometry_tolerance_pct,6,PHSEA,3,0.8594900859613822,0.8588031907014968
geometry_tolerance_pct,6,PHSEA,4,0.8549634930537554,0.8362681594814417
geometry_tolerance_pct,6,PHSEA,5,0.8565025309657515,0.8563512391167615
geometry_tolerance_pct,6,PHSEA,6,0.8594708733476266,0.8496183652281907
geometry_tolerance_pct,6,PHSEA,7,0.8512457762306153,0.8304495164501288
geometry_tolerance_pct,6,PHSEA,8,0.8532394596874192,0.8457511150650385
geometry_tolerance_pct,6,PHSEA,9,0.836796479358266,0.8484721248997432
geometry_tolerance_pct,6,PHSEA,10,0.8509725864142004,0.8377930859584514
geometry_tolerance_pct,6,PHSEA,11,0.8512860646860424,0.860830146944229
geometry_tolerance_pct,6,PHSEA,12,0.8524282835104509,0.8390357453047849
geometry_tolerance_pct,6,PHSEA,13,0.8648338376322426,0.8375734727637758
geometry_tolerance_pct,6,PHSEA,14,0.8632784139243534,0.8563965959107918
geometry_tolerance_pct,6,PHSEA,15,0.8493701476594451,0.8272948642167091
geometry_tolerance_pct,6,PHSEA,16,0.8628388419574891,0.8607509928007786
geometry_tolerance_pct,6,PHSEA,17,0.8607121579809254,0.8623531242019049
geometry_tolerance_pct,6,PHSEA,18,0.8520403253194159,0.8770510664376235
geometry_tolerance_pct,6,PHSEA,19,0.8570955545637303,0.8529466445410522
geometry_tolerance_pct,6,PHSEA,20,0.8537655532662752,0.8433315265557466
geometry_tolerance_pct,0,AS-SMEA,1,0.8882000260019176,0.9302647169148919
geometry_tolerance_pct,0,AS-SMEA,2,0.8798747744965993,0.9186619787101088
geometry_tolerance_pct,0,AS-SMEA,3,0.8802527083247964,0.9248928488996956
geometry_tolerance_pct,0,AS-SMEA,4,0.888400920090029,0.9411063844593388
geometry_tolerance_pct,0,AS-SMEA,5,0.8848072688222185,0.9406664106560382
geometry_tolerance_pct,0,AS-SMEA,6,0.872979605446953,0.9415062744848132
geometry_tolerance_pct,0,AS-SMEA,7,0.880229446079248,0.9500575346338465
geometry_tolerance_pct,0,AS-SMEA,8,0.8860072089043766,0.9375067079051803
geometry_tolerance_pct,0,AS-SMEA,9,0.8955663960535796,0.9494676359823663
geometry_tolerance_pct,0,AS-SMEA,10,0.8898250741754901,0.9469382825296534
geometry_tolerance_pct,0,AS-SMEA,11,0.8765979065861942,0.9451347641373711
geometry_tolerance_pct,0,AS-SMEA,12,0.8958935635028639,0.953079908449404
geometry_tolerance_pct,0,AS-SMEA,13,0.881276140073574,0.9330476689468737
geometry_tolerance_pct,0,AS-SMEA,14,0.8820743115497848,0.9442347657344717
geometry_tolerance_pct,0,AS-SMEA,15,0.8894022167830316,0.9360835823666698
geometry_tolerance_pct,0,AS-SMEA,16,0.8895168681659213,0.9436241197428128
geometry_tolerance_pct,0,AS-SMEA,17,0.88121003147031,0.9317526105244897
geometry_tolerance_pct,0,AS-SMEA,18,0.8842579663496567,0.9429061851728116
geometry_tolerance_pct,0,AS-SMEA,19,0.8889419214078087,0.9191028769398951
geometry_tolerance_pct,0,AS-SMEA,20,0.8935665509689923,0.9360777407678093
geometry_tolerance_pct,1,AS-SMEA,1,0.8808948001511786,0.9257593245743623
geometry_tolerance_pct,1,AS-SMEA,2,0.8930230476339458,0.9169450341837789
geometry_tolerance_pct,1,AS-SMEA,3,0.8735468911725767,0.9361834997182604
geometry_tolerance_pct,1,AS-SMEA,4,0.8833005132851576,0.9256104513432061
geometry_tolerance_pct,1,AS-SMEA,5,0.8767083059671137,0.9162466675778278
geometry_tolerance_pct,1,AS-SMEA,6,0.8753674895125252,0.9256022046732872
geometry_tolerance_pct,1,AS-SMEA,7,0.8754267302622301,0.9036317341594832
geometry_tolerance_pct,1,AS-SMEA,8,0.8796651777295287,0.9168651365775478
geometry_tolerance_pct,1,AS-SMEA,9,0.8922244243323113,0.9154176591892516
geometry_tolerance_pct,1,AS-SMEA,10,0.8838115640727312,0.9314001653936675
geometry_tolerance_pct,1,AS-SMEA,11,0.8765017307754589,0.928346387197429
geometry_tolerance_pct,1,AS-SMEA,12,0.8783378985196807,0.9415716092779088
geometry_tolerance_pct,1,AS-SMEA,13,0.8821485321720227,0.9484790616001583
geometry_tolerance_pct,1,AS-SMEA,14,0.8696892071024214,0.9384529236092147
geometry_tolerance_pct,1,AS-SMEA,15,0.8790822155485525,0.9105665722597703
geometry_tolerance_pct,1,AS-SMEA,16,0.8814973291849972,0.9131650208529047
geometry_tolerance_pct,1,AS-SMEA,17,0.8725344855839767,0.9057860823047235
geometry_tolerance_pct,1,AS-SMEA,18,0.8816847428747283,0.9003412033676759
geometry_tolerance_pct,1,AS-SMEA,19,0.8798077269805422,0.9317615945331209
geometry_tolerance_pct,1,AS-SMEA,20,0.8816229290455683,0.9451314338816218
geometry_tolerance_pct,2,AS-SMEA,1,0.8711973922681036,0.9125220153183767
geometry_tolerance_pct,2,AS-SMEA,2,0.8743009287405367,0.9116669794442199
geometry_tolerance_pct,2,AS-SMEA,3,0.8768536675205219,0.8892655491939659
geometry_tolerance_pct,2,AS-SMEA,4,0.8687788752436314,0.9028817909486633
geometry_tolerance_pct,2,AS-SMEA,5,0.8831878044160125,0.9117125079159966
geometry_tolerance_pct,2,AS-SMEA,6,0.882591306973428,0.9035059591558331
geometry_tolerance_pct,2,AS-SMEA,7,0.8730950809738193,0.896536613265306
geometry_tolerance_pct,2,AS-SMEA,8,0.8678968210614519,0.8951348869092464
geometry_tolerance_pct,2,AS-SMEA,9,0.8819950666521698,0.8941672769024004
geometry_tolerance_pct,2,AS-SMEA,10,0.8680946905993928,0.879969898612532
geometry_tolerance_pct,2,AS-SMEA,11,0.8794256916821283,0.9065173127389332
geometry_tolerance_pct,2,AS-SMEA,12,0.8776420942195025,0.9039701930002373
geometry_tolerance_pct,2,AS-SMEA,13,0.8653519276331507,0.9142818405961296
geometry_tolerance_pct,2,AS-SMEA,14,0.8810861172736314,0.8831920598183555
geometry_tolerance_pct,2,AS-SMEA,15,0.881970269863383,0.9131396310221388
geometry_tolerance_pct,2,AS-SMEA,16,0.8758317281252939,0.8956598549990045
geometry_tolerance_pct,2,AS-SMEA,17,0.8747898903625546,0.8947717051107974
geometry_tolerance_pct,2,AS-SMEA,18,0.8752748123703232,0.8943217035739606
geometry_tolerance_pct,2,AS-SMEA,19,0.8659596531269108,0.9085269789134408
geometry_tolerance_pct,2,AS-SMEA,20,0.8810022815671721,0.9295747251820501
geometry_tolerance_pct,4,AS-SMEA,1,0.8618847932388116,0.8632639071303074
geometry_tolerance_pct,4,AS-SMEA,2,0.8613299616039938,0.849008350641186
geometry_tolerance_pct,4,AS-SMEA,3,0.8633095626889102,0.8787259307762808
geometry_tolerance_pct,4,AS-SMEA,4,0.871025607347375,0.860384880868894
geometry_tolerance_pct,4,AS-SMEA,5,0.8705757942681157,0.8538839928391668
geometry_tolerance_pct,4,AS-SMEA,6,0.8663431449143625,0.8914912061510717
geometry_tolerance_pct,4,AS-SMEA,7,0.8700835695366637,0.8614944320541431
geometry_tolerance_pct,4,AS-SMEA,8,0.8644613826966722,0.8779141375729282
geometry_tolerance_pct,4,AS-SMEA,9,0.8584659781240098,0.8909118733501998
geometry_tolerance_pct,4,AS-SMEA,10,0.8600808091621587,0.8551559732212449
geometry_tolerance_pct,4,AS-SMEA,11,0.8604324422948698,0.8671650879454637
geometry_tolerance_pct,4,AS-SMEA,12,0.8662442153649564,0.8727528545858058
geometry_tolerance_pct,4,AS-SMEA,13,0.8764707104230344,0.874518127374622
geometry_tolerance_pct,4,AS-SMEA,14,0.8650134252487993,0.8694493176410789
geometry_tolerance_pct,4,AS-SMEA,15,0.8615222491068667,0.8800259917770408
geometry_tolerance_pct,4,AS-SMEA,16,0.8650740201829392,0.8837317452513828
geometry_tolerance_pct,4,AS-SMEA,17,0.8625797171550397,0.8732693673488618
geometry_tolerance_pct,4,AS-SMEA,18,0.8640761028477367,0.8875561122177716
geometry_tolerance_pct,4,AS-SMEA,19,0.8674809697523032,0.867838251188164
geometry_tolerance_pct,4,AS-SMEA,20,0.8588554662226683,0.8902620005153231
geometry_tolerance_pct,6,AS-SMEA,1,0.8557870700733355,0.8218644551080808
geometry_tolerance_pct,6,AS-SMEA,2,0.8510189128243904,0.8506086776802121
geometry_tolerance_pct,6,AS-SMEA,3,0.8495563975294638,0.8640795098690085
geometry_tolerance_pct,6,AS-SMEA,4,0.849444894024251,0.8412418899810777
geometry_tolerance_pct,6,AS-SMEA,5,0.8469225094149558,0.845708997287595
geometry_tolerance_pct,6,AS-SMEA,6,0.8403819175386292,0.8443559624742432
geometry_tolerance_pct,6,AS-SMEA,7,0.8600972106955901,0.8479332543128514
geometry_tolerance_pct,6,AS-SMEA,8,0.8535572219099158,0.8707069433445039
geometry_tolerance_pct,6,AS-SMEA,9,0.851249993840146,0.8408476397307125
geometry_tolerance_pct,6,AS-SMEA,10,0.8429900059435481,0.8379137158465244
geometry_tolerance_pct,6,AS-SMEA,11,0.8432208769023426,0.8229375778171487
geometry_tolerance_pct,6,AS-SMEA,12,0.8570580419898332,0.8415953518834762
geometry_tolerance_pct,6,AS-SMEA,13,0.8369463359852357,0.8624254916825692
geometry_tolerance_pct,6,AS-SMEA,14,0.8464935086716348,0.8422423499539602
geometry_tolerance_pct,6,AS-SMEA,15,0.846318935640406,0.8466443376209104
geometry_tolerance_pct,6,AS-SMEA,16,0.8470860899592905,0.8265665249681642
geometry_tolerance_pct,6,AS-SMEA,17,0.8463775852087473,0.8434513491329775
geometry_tolerance_pct,6,AS-SMEA,18,0.8570254482903162,0.8174759397026561
geometry_tolerance_pct,6,AS-SMEA,19,0.8474186969017798,0.8401160885644983
geometry_tolerance_pct,6,AS-SMEA,20,0.8509318873168608,0.8406017366412586
material_parameter_noise_pct,0,Frank-WT MF-PIRN,1,0.9290793916743534,0.9308863464867418
material_parameter_noise_pct,0,Frank-WT MF-PIRN,2,0.9337741357280331,0.9618818500369866
material_parameter_noise_pct,0,Frank-WT MF-PIRN,3,0.9337123685083942,0.9477147745465981
material_parameter_noise_pct,0,Frank-WT MF-PIRN,4,0.9281591488956659,0.9595963510667028
material_parameter_noise_pct,0,Frank-WT MF-PIRN,5,0.9380165504089607,0.947281956582842
material_parameter_noise_pct,0,Frank-WT MF-PIRN,6,0.9350158929835354,0.9542676918827464
material_parameter_noise_pct,0,Frank-WT MF-PIRN,7,0.9174546599011534,0.9503354341634338
material_parameter_noise_pct,0,Frank-WT MF-PIRN,8,0.9248063365513824,0.9462544099972588
material_parameter_noise_pct,0,Frank-WT MF-PIRN,9,0.9313740403289047,0.9259825835009529
material_parameter_noise_pct,0,Frank-WT MF-PIRN,10,0.9344749062067651,0.9178644063364397
material_parameter_noise_pct,0,Frank-WT MF-PIRN,11,0.9288822300041351,0.935374529944018
material_parameter_noise_pct,0,Frank-WT MF-PIRN,12,0.9261121739637813,0.9150775625700731
material_parameter_noise_pct,0,Frank-WT MF-PIRN,13,0.9369434187619209,0.9595861197940021
material_parameter_noise_pct,0,Frank-WT MF-PIRN,14,0.9232203167729004,0.930822224945747
material_parameter_noise_pct,0,Frank-WT MF-PIRN,15,0.9163238425547564,0.9461298043784492
material_parameter_noise_pct,0,Frank-WT MF-PIRN,16,0.9310883094132537,0.9777456768676372
material_parameter_noise_pct,0,Frank-WT MF-PIRN,17,0.9319740093454482,0.9560518218114861
material_parameter_noise_pct,0,Frank-WT MF-PIRN,18,0.9259499455328692,0.9844775790817715
material_parameter_noise_pct,0,Frank-WT MF-PIRN,19,0.9285553539051705,0.933088741097908
material_parameter_noise_pct,0,Frank-WT MF-PIRN,20,0.9328958836048195,0.9358982859747929
material_parameter_noise_pct,2,Frank-WT MF-PIRN,1,0.9232577009259234,0.8881513620283468
material_parameter_noise_pct,2,Frank-WT MF-PIRN,2,0.9302845661471769,0.9306375090497546
material_parameter_noise_pct,2,Frank-WT MF-PIRN,3,0.9276773782008759,0.9332172654346357
material_parameter_noise_pct,2,Frank-WT MF-PIRN,4,0.9273288788236239,0.933302830419248
material_parameter_noise_pct,2,Frank-WT MF-PIRN,5,0.930095203918965,0.9129683075015472
material_parameter_noise_pct,2,Frank-WT MF-PIRN,6,0.9287597712590265,0.931380330900356
material_parameter_noise_pct,2,Frank-WT MF-PIRN,7,0.9315324008355896,0.9318255031661733
material_parameter_noise_pct,2,Frank-WT MF-PIRN,8,0.9375482452031149,0.9342887125837849
material_parameter_noise_pct,2,Frank-WT MF-PIRN,9,0.9159996851143987,0.9573088634353916
material_parameter_noise_pct,2,Frank-WT MF-PIRN,10,0.9253155707953614,0.9557424942166954
material_parameter_noise_pct,2,Frank-WT MF-PIRN,11,0.9301801540958313,0.9712324706942708
material_parameter_noise_pct,2,Frank-WT MF-PIRN,12,0.9341669944439556,0.9197343632659747
material_parameter_noise_pct,2,Frank-WT MF-PIRN,13,0.9341500728317219,0.9295001737154378
material_parameter_noise_pct,2,Frank-WT MF-PIRN,14,0.9267908607425847,0.9121159347049465
material_parameter_noise_pct,2,Frank-WT MF-PIRN,15,0.9289905880939003,0.9473410220311037
material_parameter_noise_pct,2,Frank-WT MF-PIRN,16,0.9343373874596979,0.9510838210111316
material_parameter_noise_pct,2,Frank-WT MF-PIRN,17,0.9325077487693245,0.9206584579632707
material_parameter_noise_pct,2,Frank-WT MF-PIRN,18,0.9174390335564457,0.9135401088839649
material_parameter_noise_pct,2,Frank-WT MF-PIRN,19,0.9111192298529353,0.9506787967767286
material_parameter_noise_pct,2,Frank-WT MF-PIRN,20,0.928556336579462,0.9273511736020916
material_parameter_noise_pct,5,Frank-WT MF-PIRN,1,0.9222797711271358,0.9035920294108998
material_parameter_noise_pct,5,Frank-WT MF-PIRN,2,0.9274678732568221,0.8947226468346373
material_parameter_noise_pct,5,Frank-WT MF-PIRN,3,0.9304528819836536,0.9063091863465117
material_parameter_noise_pct,5,Frank-WT MF-PIRN,4,0.9273530069788496,0.900900491293074
material_parameter_noise_pct,5,Frank-WT MF-PIRN,5,0.9253993120331071,0.922799131561889
material_parameter_noise_pct,5,Frank-WT MF-PIRN,6,0.922216788916144,0.9235910472288229
material_parameter_noise_pct,5,Frank-WT MF-PIRN,7,0.9158902807560937,0.912682553989431
material_parameter_noise_pct,5,Frank-WT MF-PIRN,8,0.9382257448566573,0.9137490597823873
material_parameter_noise_pct,5,Frank-WT MF-PIRN,9,0.9218854526723644,0.9002724897285151
material_parameter_noise_pct,5,Frank-WT MF-PIRN,10,0.9274417789432117,0.9337387336385579
material_parameter_noise_pct,5,Frank-WT MF-PIRN,11,0.9164198841512681,0.918466524599043
material_parameter_noise_pct,5,Frank-WT MF-PIRN,12,0.9197780458329183,0.909872712852237
material_parameter_noise_pct,5,Frank-WT MF-PIRN,13,0.9292958316636108,0.9121840490217347
material_parameter_noise_pct,5,Frank-WT MF-PIRN,14,0.9328163254916766,0.912040397525749
material_parameter_noise_pct,5,Frank-WT MF-PIRN,15,0.9142302476098573,0.9380613643504554
material_parameter_noise_pct,5,Frank-WT MF-PIRN,16,0.9289643197598557,0.9035133359956024
material_parameter_noise_pct,5,Frank-WT MF-PIRN,17,0.925994799355697,0.9270608363739644
material_parameter_noise_pct,5,Frank-WT MF-PIRN,18,0.92296428712625,0.9335723760640067
material_parameter_noise_pct,5,Frank-WT MF-PIRN,19,0.9234898305710932,0.8884492663609997
material_parameter_noise_pct,5,Frank-WT MF-PIRN,20,0.920759814133191,0.9130721483170523
material_parameter_noise_pct,10,Frank-WT MF-PIRN,1,0.9030078502626954,0.9093975078066378
material_parameter_noise_pct,10,Frank-WT MF-PIRN,2,0.9122682516083835,0.8877733895907476
material_parameter_noise_pct,10,Frank-WT MF-PIRN,3,0.9165367962518809,0.8847934519587969
material_parameter_noise_pct,10,Frank-WT MF-PIRN,4,0.9115947231103401,0.8642635883566123
material_parameter_noise_pct,10,Frank-WT MF-PIRN,5,0.9187413559105042,0.8871534732171485
material_parameter_noise_pct,10,Frank-WT MF-PIRN,6,0.9136366967011494,0.8823159345524866
material_parameter_noise_pct,10,Frank-WT MF-PIRN,7,0.9075097246839035,0.8896787567828845
material_parameter_noise_pct,10,Frank-WT MF-PIRN,8,0.9170899771100246,0.8934097274886738
material_parameter_noise_pct,10,Frank-WT MF-PIRN,9,0.9040394865568132,0.8867792473571376
material_parameter_noise_pct,10,Frank-WT MF-PIRN,10,0.9285213995931594,0.9036096066682209
material_parameter_noise_pct,10,Frank-WT MF-PIRN,11,0.9128479462032036,0.8962312508377629
material_parameter_noise_pct,10,Frank-WT MF-PIRN,12,0.9243046227719995,0.9083259735733364
material_parameter_noise_pct,10,Frank-WT MF-PIRN,13,0.9138101975000911,0.8971045861333826
material_parameter_noise_pct,10,Frank-WT MF-PIRN,14,0.9282432036155319,0.8964631353311988
material_parameter_noise_pct,10,Frank-WT MF-PIRN,15,0.8991482116558505,0.8944152801172922
material_parameter_noise_pct,10,Frank-WT MF-PIRN,16,0.9082096711185813,0.9049687202968064
material_parameter_noise_pct,10,Frank-WT MF-PIRN,17,0.9145893494797785,0.9052680728876034
material_parameter_noise_pct,10,Frank-WT MF-PIRN,18,0.9065794924331976,0.8807528702629155
material_parameter_noise_pct,10,Frank-WT MF-PIRN,19,0.9160501102719029,0.9003324961429321
material_parameter_noise_pct,10,Frank-WT MF-PIRN,20,0.9052278560861585,0.8611175540940608
material_parameter_noise_pct,15,Frank-WT MF-PIRN,1,0.9041401377805487,0.8599012241378667
material_parameter_noise_pct,15,Frank-WT MF-PIRN,2,0.9053565820826128,0.861482345438266
material_parameter_noise_pct,15,Frank-WT MF-PIRN,3,0.9042296405238677,0.8263410881231028
material_parameter_noise_pct,15,Frank-WT MF-PIRN,4,0.8990568175374143,0.8506956604599305
material_parameter_noise_pct,15,Frank-WT MF-PIRN,5,0.9001753612327886,0.8704582514383289
material_parameter_noise_pct,15,Frank-WT MF-PIRN,6,0.8957590811517111,0.8875713264473427
material_parameter_noise_pct,15,Frank-WT MF-PIRN,7,0.8965752202789731,0.8607923690319035
material_parameter_noise_pct,15,Frank-WT MF-PIRN,8,0.8950042191244649,0.8754060601577874
material_parameter_noise_pct,15,Frank-WT MF-PIRN,9,0.9150313879541185,0.8362424856597472
material_parameter_noise_pct,15,Frank-WT MF-PIRN,10,0.902664350351371,0.8471629617460376
material_parameter_noise_pct,15,Frank-WT MF-PIRN,11,0.9089480874875367,0.8613693421855907
material_parameter_noise_pct,15,Frank-WT MF-PIRN,12,0.9067495335227107,0.8845778665958027
material_parameter_noise_pct,15,Frank-WT MF-PIRN,13,0.903978846550899,0.8539781683569757
material_parameter_noise_pct,15,Frank-WT MF-PIRN,14,0.9042428583438216,0.8516462063609266
material_parameter_noise_pct,15,Frank-WT MF-PIRN,15,0.9048145677369117,0.865425399771496
material_parameter_noise_pct,15,Frank-WT MF-PIRN,16,0.9050115512373402,0.8843983479648074
material_parameter_noise_pct,15,Frank-WT MF-PIRN,17,0.9027118393349101,0.8559371470513764
material_parameter_noise_pct,15,Frank-WT MF-PIRN,18,0.9068833216044951,0.8476447361649943
material_parameter_noise_pct,15,Frank-WT MF-PIRN,19,0.9151580760525617,0.87753520983931
material_parameter_noise_pct,15,Frank-WT MF-PIRN,20,0.9053972549796347,0.8878933488742392
material_parameter_noise_pct,0,MF-HVKG,1,0.8983344442310441,0.9662022889595184
material_parameter_noise_pct,0,MF-HVKG,2,0.8943043930968573,0.9663280492991626
material_parameter_noise_pct,0,MF-HVKG,3,0.9016717077984976,0.9275216866045525
material_parameter_noise_pct,0,MF-HVKG,4,0.9016174790177848,0.9390415923730485
material_parameter_noise_pct,0,MF-HVKG,5,0.8954411554260057,0.9091042906734058
material_parameter_noise_pct,0,MF-HVKG,6,0.9113752070475688,0.9385946331087673
material_parameter_noise_pct,0,MF-HVKG,7,0.9042151381682784,0.9470636492925685
material_parameter_noise_pct,0,MF-HVKG,8,0.9112055664977771,0.9509841288483594
material_parameter_noise_pct,0,MF-HVKG,9,0.9057833601361159,0.9432927428268274
material_parameter_noise_pct,0,MF-HVKG,10,0.8959795176888088,0.9305011631915762
material_parameter_noise_pct,0,MF-HVKG,11,0.8966816065646487,0.9393165546879989
material_parameter_noise_pct,0,MF-HVKG,12,0.9033964870052804,0.9131143902413733
material_parameter_noise_pct,0,MF-HVKG,13,0.8995931942674711,0.9369962326599223
material_parameter_noise_pct,0,MF-HVKG,14,0.90765796875197,0.9383377048404328
material_parameter_noise_pct,0,MF-HVKG,15,0.9084796584864556,0.9459163840106168
material_parameter_noise_pct,0,MF-HVKG,16,0.9025642295954993,0.9283671476181505
material_parameter_noise_pct,0,MF-HVKG,17,0.906814030360635,0.9349223323010063
material_parameter_noise_pct,0,MF-HVKG,18,0.8936604877292582,0.9184823330084227
material_parameter_noise_pct,0,MF-HVKG,19,0.8972706418773905,0.9310590802878028
material_parameter_noise_pct,0,MF-HVKG,20,0.9010321017075611,0.9271620807745145
material_parameter_noise_pct,2,MF-HVKG,1,0.8906866117752097,0.8916631804032018
material_parameter_noise_pct,2,MF-HVKG,2,0.9026706395749938,0.9154262623589838
material_parameter_noise_pct,2,MF-HVKG,3,0.9048593149510076,0.9340509030143064
material_parameter_noise_pct,2,MF-HVKG,4,0.8882528445608108,0.9570585378368427
material_parameter_noise_pct,2,MF-HVKG,5,0.9001564342351535,0.9574686288733504
material_parameter_noise_pct,2,MF-HVKG,6,0.8955656775561244,0.9360388919224714
material_parameter_noise_pct,2,MF-HVKG,7,0.902400755275129,0.9458523619468423
material_parameter_noise_pct,2,MF-HVKG,8,0.8960913237241399,0.920081631898018
material_parameter_noise_pct,2,MF-HVKG,9,0.8974426350315219,0.9547527944757884
material_parameter_noise_pct,2,MF-HVKG,10,0.888650197115684,0.9122373522147152
material_parameter_noise_pct,2,MF-HVKG,11,0.9064521106034962,0.9378294667425884
material_parameter_noise_pct,2,MF-HVKG,12,0.9009539343678129,0.9261254458740273
material_parameter_noise_pct,2,MF-HVKG,13,0.9004152575048394,0.9126171314607892
material_parameter_noise_pct,2,MF-HVKG,14,0.906250782012619,0.9201523274012987
material_parameter_noise_pct,2,MF-HVKG,15,0.9047643896502222,0.9316899109640153
material_parameter_noise_pct,2,MF-HVKG,16,0.9012471771370175,0.9338672067923569
material_parameter_noise_pct,2,MF-HVKG,17,0.9050186482257404,0.9111231461121188
material_parameter_noise_pct,2,MF-HVKG,18,0.8978618003313376,0.9310530482543448
material_parameter_noise_pct,2,MF-HVKG,19,0.8944589607886775,0.9257167416828704
material_parameter_noise_pct,2,MF-HVKG,20,0.9080848946829356,0.9246217207916444
material_parameter_noise_pct,5,MF-HVKG,1,0.8910326189872488,0.9347528820583704
material_parameter_noise_pct,5,MF-HVKG,2,0.8941169610687973,0.9104316854023994
material_parameter_noise_pct,5,MF-HVKG,3,0.8892782451717566,0.9092951825510591
material_parameter_noise_pct,5,MF-HVKG,4,0.8889038226776819,0.9060992805707224
material_parameter_noise_pct,5,MF-HVKG,5,0.895666242844699,0.8908646987152181
material_parameter_noise_pct,5,MF-HVKG,6,0.8937874653876384,0.8789987647254418
material_parameter_noise_pct,5,MF-HVKG,7,0.9006913998837071,0.8958502013520442
material_parameter_noise_pct,5,MF-HVKG,8,0.8838649387721123,0.931660471051857
material_parameter_noise_pct,5,MF-HVKG,9,0.904860057062528,0.8722565225788468
material_parameter_noise_pct,5,MF-HVKG,10,0.8902446239460432,0.8896291461364475
material_parameter_noise_pct,5,MF-HVKG,11,0.8895054245766643,0.9099963552853247
material_parameter_noise_pct,5,MF-HVKG,12,0.8971874663770428,0.8870909609177569
material_parameter_noise_pct,5,MF-HVKG,13,0.875774632400172,0.9120751474777972
material_parameter_noise_pct,5,MF-HVKG,14,0.8965302232474064,0.9309224506321137
material_parameter_noise_pct,5,MF-HVKG,15,0.8912200082441945,0.8910116799156867
material_parameter_noise_pct,5,MF-HVKG,16,0.8943235530370475,0.9194948454184062
material_parameter_noise_pct,5,MF-HVKG,17,0.8967052297230039,0.9070938234707117
material_parameter_noise_pct,5,MF-HVKG,18,0.8932828112995516,0.8870921070381371
material_parameter_noise_pct,5,MF-HVKG,19,0.8947664534820612,0.9304034162497292
material_parameter_noise_pct,5,MF-HVKG,20,0.8963885611278531,0.9038779743669253
material_parameter_noise_pct,10,MF-HVKG,1,0.8786647856064644,0.8835232708128895
material_parameter_noise_pct,10,MF-HVKG,2,0.8813157513430835,0.8944886128227669
material_parameter_noise_pct,10,MF-HVKG,3,0.8792520712573593,0.8889847460994558
material_parameter_noise_pct,10,MF-HVKG,4,0.8731533161618105,0.8624482089711669
material_parameter_noise_pct,10,MF-HVKG,5,0.8789830346853676,0.8551915426079286
material_parameter_noise_pct,10,MF-HVKG,6,0.8811028101577686,0.87286478059363
material_parameter_noise_pct,10,MF-HVKG,7,0.888769431395949,0.881301629838402
material_parameter_noise_pct,10,MF-HVKG,8,0.8700899776923686,0.8607563586030552
material_parameter_noise_pct,10,MF-HVKG,9,0.8701774646525994,0.8759795075346101
material_parameter_noise_pct,10,MF-HVKG,10,0.890207853373244,0.9014909796637964
material_parameter_noise_pct,10,MF-HVKG,11,0.8683093289395719,0.8506131008725476
material_parameter_noise_pct,10,MF-HVKG,12,0.873919917526407,0.8836101193848309
material_parameter_noise_pct,10,MF-HVKG,13,0.8791201437590129,0.8695270816482719
material_parameter_noise_pct,10,MF-HVKG,14,0.8604968740291129,0.8555276388228926
material_parameter_noise_pct,10,MF-HVKG,15,0.8791680375655803,0.8816284653113792
material_parameter_noise_pct,10,MF-HVKG,16,0.8761853503557567,0.8723880240409295
material_parameter_noise_pct,10,MF-HVKG,17,0.8781851581775413,0.8740257946994773
material_parameter_noise_pct,10,MF-HVKG,18,0.8766710237994734,0.867259245671098
material_parameter_noise_pct,10,MF-HVKG,19,0.8803279967873557,0.8714332019652078
material_parameter_noise_pct,10,MF-HVKG,20,0.8831542867538543,0.8577773932848543
material_parameter_noise_pct,15,MF-HVKG,1,0.8563102384667471,0.8140257950508099
material_parameter_noise_pct,15,MF-HVKG,2,0.8776274425781673,0.8705026937300048
material_parameter_noise_pct,15,MF-HVKG,3,0.8608515054039956,0.849864743033494
material_parameter_noise_pct,15,MF-HVKG,4,0.8675598519933304,0.8678749756144772
material_parameter_noise_pct,15,MF-HVKG,5,0.862359022737776,0.8512120302508029
material_parameter_noise_pct,15,MF-HVKG,6,0.8637980731297867,0.849494446847008
material_parameter_noise_pct,15,MF-HVKG,7,0.8718173167281179,0.8289146083379662
material_parameter_noise_pct,15,MF-HVKG,8,0.868740055747792,0.840534551438596
material_parameter_noise_pct,15,MF-HVKG,9,0.8611762952264245,0.8365110559548017
material_parameter_noise_pct,15,MF-HVKG,10,0.8653403611279781,0.8410375331619753
material_parameter_noise_pct,15,MF-HVKG,11,0.8666099544067579,0.8360622176462542
material_parameter_noise_pct,15,MF-HVKG,12,0.8664368070136823,0.8197695958416876
material_parameter_noise_pct,15,MF-HVKG,13,0.8558365071156608,0.8255147215909557
material_parameter_noise_pct,15,MF-HVKG,14,0.8636020042185675,0.8376668993407264
material_parameter_noise_pct,15,MF-HVKG,15,0.8622532796161413,0.8697112102474646
material_parameter_noise_pct,15,MF-HVKG,16,0.8657027690467493,0.8417517350904471
material_parameter_noise_pct,15,MF-HVKG,17,0.860590575631101,0.849370028020745
material_parameter_noise_pct,15,MF-HVKG,18,0.8686611395518558,0.8382572751113656
material_parameter_noise_pct,15,MF-HVKG,19,0.8639378819900067,0.8392295424553569
material_parameter_noise_pct,15,MF-HVKG,20,0.8692467008886775,0.8326293806059195
material_parameter_noise_pct,0,qLogNEHVI,1,0.9060718741102511,0.9467539378576338
material_parameter_noise_pct,0,qLogNEHVI,2,0.8874448405326939,0.9377864930448941
material_parameter_noise_pct,0,qLogNEHVI,3,0.896811282331488,0.9324520261442661
material_parameter_noise_pct,0,qLogNEHVI,4,0.9019646200384043,0.9414059696644227
material_parameter_noise_pct,0,qLogNEHVI,5,0.8922847597750813,0.9425640995882162
material_parameter_noise_pct,0,qLogNEHVI,6,0.8887984555872173,0.945142234711644
material_parameter_noise_pct,0,qLogNEHVI,7,0.8837255411072046,0.9298943450525128
material_parameter_noise_pct,0,qLogNEHVI,8,0.8990947677098081,0.957228009099367
material_parameter_noise_pct,0,qLogNEHVI,9,0.8842501139668095,0.955773267868766
material_parameter_noise_pct,0,qLogNEHVI,10,0.8907767085192502,0.9283146699060866
material_parameter_noise_pct,0,qLogNEHVI,11,0.8914063654748237,0.9589571261339133
material_parameter_noise_pct,0,qLogNEHVI,12,0.8991811436287033,0.9451228018166877
material_parameter_noise_pct,0,qLogNEHVI,13,0.8918376805302092,0.9558066198876174
material_parameter_noise_pct,0,qLogNEHVI,14,0.9016690590130882,0.9273982438953667
material_parameter_noise_pct,0,qLogNEHVI,15,0.8882578034671619,0.9369701017872166
material_parameter_noise_pct,0,qLogNEHVI,16,0.8961117750506997,0.9383119771485406
material_parameter_noise_pct,0,qLogNEHVI,17,0.8854125168964888,0.9134037746730053
material_parameter_noise_pct,0,qLogNEHVI,18,0.9023202878889881,0.9285182925519665
material_parameter_noise_pct,0,qLogNEHVI,19,0.8957834395229017,0.9471355499704877
material_parameter_noise_pct,0,qLogNEHVI,20,0.8919296986963707,0.9312105723532256
material_parameter_noise_pct,2,qLogNEHVI,1,0.8993607153311496,0.914672565161891
material_parameter_noise_pct,2,qLogNEHVI,2,0.8954737240069273,0.9097194082022474
material_parameter_noise_pct,2,qLogNEHVI,3,0.892852981786436,0.9320774005204475
material_parameter_noise_pct,2,qLogNEHVI,4,0.8980501712378032,0.8953711353262326
material_parameter_noise_pct,2,qLogNEHVI,5,0.8890646524692174,0.9243296799979922
material_parameter_noise_pct,2,qLogNEHVI,6,0.8846892647167893,0.9258712410545592
material_parameter_noise_pct,2,qLogNEHVI,7,0.8959627020861148,0.9147853274308861
material_parameter_noise_pct,2,qLogNEHVI,8,0.8874462570398329,0.9267114179491477
material_parameter_noise_pct,2,qLogNEHVI,9,0.8860157781572741,0.9049536769198995
material_parameter_noise_pct,2,qLogNEHVI,10,0.895353016499224,0.9037567818544074
material_parameter_noise_pct,2,qLogNEHVI,11,0.8868685226574611,0.925259042815403
material_parameter_noise_pct,2,qLogNEHVI,12,0.909315387194721,0.9297373843967749
material_parameter_noise_pct,2,qLogNEHVI,13,0.8895812384332897,0.9217222346407737
material_parameter_noise_pct,2,qLogNEHVI,14,0.9016354402715187,0.9204540258799982
material_parameter_noise_pct,2,qLogNEHVI,15,0.8816588898450167,0.9136995137053427
material_parameter_noise_pct,2,qLogNEHVI,16,0.8971214229013804,0.9165551123584357
material_parameter_noise_pct,2,qLogNEHVI,17,0.8897983397224082,0.9035380798043788
material_parameter_noise_pct,2,qLogNEHVI,18,0.8893450107689104,0.9203026983729589
material_parameter_noise_pct,2,qLogNEHVI,19,0.8841912014604767,0.9458916442378384
material_parameter_noise_pct,2,qLogNEHVI,20,0.8926173501832798,0.9316366354358682
material_parameter_noise_pct,5,qLogNEHVI,1,0.8926598539801545,0.8955193795813685
material_parameter_noise_pct,5,qLogNEHVI,2,0.888006874694604,0.9249671860840367
material_parameter_noise_pct,5,qLogNEHVI,3,0.8877279479447455,0.9147437199346014
material_parameter_noise_pct,5,qLogNEHVI,4,0.8790130206859336,0.8978202083632193
material_parameter_noise_pct,5,qLogNEHVI,5,0.8877026335106629,0.9164534647920661
material_parameter_noise_pct,5,qLogNEHVI,6,0.8860361689709438,0.8855131156014037
material_parameter_noise_pct,5,qLogNEHVI,7,0.8820381990212787,0.9211133795020253
material_parameter_noise_pct,5,qLogNEHVI,8,0.8909610445188159,0.9039572201230152
material_parameter_noise_pct,5,qLogNEHVI,9,0.8885446219399954,0.9015587362367506
material_parameter_noise_pct,5,qLogNEHVI,10,0.8755023059507155,0.8897329890730303
material_parameter_noise_pct,5,qLogNEHVI,11,0.8892036324140374,0.9160132853617646
material_parameter_noise_pct,5,qLogNEHVI,12,0.8872446475907281,0.9106660292044483
material_parameter_noise_pct,5,qLogNEHVI,13,0.8855549915338478,0.9068483518573944
material_parameter_noise_pct,5,qLogNEHVI,14,0.8864606998724176,0.8994205541949688
material_parameter_noise_pct,5,qLogNEHVI,15,0.8884855312658565,0.907169485290978
material_parameter_noise_pct,5,qLogNEHVI,16,0.892921098203772,0.911620435427927
material_parameter_noise_pct,5,qLogNEHVI,17,0.8816022364794579,0.9253155330935984
material_parameter_noise_pct,5,qLogNEHVI,18,0.8919856220392616,0.8972853470862858
material_parameter_noise_pct,5,qLogNEHVI,19,0.8996954133734782,0.9120588764423214
material_parameter_noise_pct,5,qLogNEHVI,20,0.8687167043173672,0.9199482567325253
material_parameter_noise_pct,10,qLogNEHVI,1,0.8792957331789627,0.8760979228271
material_parameter_noise_pct,10,qLogNEHVI,2,0.8728973884019432,0.8715026414825072
material_parameter_noise_pct,10,qLogNEHVI,3,0.865395955750716,0.8969329969512789
material_parameter_noise_pct,10,qLogNEHVI,4,0.8808149692550248,0.865928761670088
material_parameter_noise_pct,10,qLogNEHVI,5,0.8813214483942753,0.86746644019786
material_parameter_noise_pct,10,qLogNEHVI,6,0.8772679537224752,0.8581858338617242
material_parameter_noise_pct,10,qLogNEHVI,7,0.8756633599688425,0.8802015265098028
material_parameter_noise_pct,10,qLogNEHVI,8,0.8655449624085527,0.8713528395740173
material_parameter_noise_pct,10,qLogNEHVI,9,0.8694949763667665,0.878234624231703
material_parameter_noise_pct,10,qLogNEHVI,10,0.8692551780000213,0.8361480634626721
material_parameter_noise_pct,10,qLogNEHVI,11,0.8808812154507294,0.867567572110443
material_parameter_noise_pct,10,qLogNEHVI,12,0.8784824745463004,0.8614256948007252
material_parameter_noise_pct,10,qLogNEHVI,13,0.8759296148151411,0.8857871509805089
material_parameter_noise_pct,10,qLogNEHVI,14,0.8739205269878221,0.8821723543593849
material_parameter_noise_pct,10,qLogNEHVI,15,0.8736098141389567,0.875034436003949
material_parameter_noise_pct,10,qLogNEHVI,16,0.8811225459226967,0.8656857768952233
material_parameter_noise_pct,10,qLogNEHVI,17,0.880070732765485,0.8907976186009108
material_parameter_noise_pct,10,qLogNEHVI,18,0.867172801540975,0.8654244191706251
material_parameter_noise_pct,10,qLogNEHVI,19,0.8605078744962877,0.8892200770526063
material_parameter_noise_pct,10,qLogNEHVI,20,0.872625340062138,0.8612603860458389
material_parameter_noise_pct,15,qLogNEHVI,1,0.866417931941864,0.825714462667544
material_parameter_noise_pct,15,qLogNEHVI,2,0.8575894643524001,0.8224143258883824
material_parameter_noise_pct,15,qLogNEHVI,3,0.8635024007727239,0.8466373332028504
material_parameter_noise_pct,15,qLogNEHVI,4,0.8596192049917771,0.8287570955372996
material_parameter_noise_pct,15,qLogNEHVI,5,0.8627503751820953,0.8436031366636813
material_parameter_noise_pct,15,qLogNEHVI,6,0.8584739473458702,0.8452950734654402
material_parameter_noise_pct,15,qLogNEHVI,7,0.857828375000645,0.8414229342053723
material_parameter_noise_pct,15,qLogNEHVI,8,0.8775073215257396,0.8211260403263866
material_parameter_noise_pct,15,qLogNEHVI,9,0.8474397835360015,0.8199667707868782
material_parameter_noise_pct,15,qLogNEHVI,10,0.8560592104403663,0.8686203134922881
material_parameter_noise_pct,15,qLogNEHVI,11,0.857600788758166,0.8365368468593669
material_parameter_noise_pct,15,qLogNEHVI,12,0.8732555048329846,0.8170319212651218
material_parameter_noise_pct,15,qLogNEHVI,13,0.8596677223374448,0.8351592995866844
material_parameter_noise_pct,15,qLogNEHVI,14,0.8583162529446521,0.8408266515651371
material_parameter_noise_pct,15,qLogNEHVI,15,0.8612597689760502,0.8310496697619519
material_parameter_noise_pct,15,qLogNEHVI,16,0.8584567035426542,0.864927651056847
material_parameter_noise_pct,15,qLogNEHVI,17,0.8605137095841726,0.8233671758907642
material_parameter_noise_pct,15,qLogNEHVI,18,0.8650541953739892,0.8441799312223734
material_parameter_noise_pct,15,qLogNEHVI,19,0.855979456241581,0.83817306469633
material_parameter_noise_pct,15,qLogNEHVI,20,0.8628340733829328,0.8502268963949451
material_parameter_noise_pct,0,PHSEA,1,0.8954375669009804,0.968037546456557
material_parameter_noise_pct,0,PHSEA,2,0.8896234332842434,0.9239158126678015
material_parameter_noise_pct,0,PHSEA,3,0.8844732373996141,0.908264890471357
material_parameter_noise_pct,0,PHSEA,4,0.8908590856855351,0.941837702207022
material_parameter_noise_pct,0,PHSEA,5,0.8969623160720134,0.9428068650618497
material_parameter_noise_pct,0,PHSEA,6,0.8960263532689076,0.9152750943668403
material_parameter_noise_pct,0,PHSEA,7,0.8835225409556279,0.9488194536192016
material_parameter_noise_pct,0,PHSEA,8,0.8808263974992263,0.9276867949999907
material_parameter_noise_pct,0,PHSEA,9,0.8745367172498312,0.9362770227521157
material_parameter_noise_pct,0,PHSEA,10,0.8885915821439693,0.9283260124165278
material_parameter_noise_pct,0,PHSEA,11,0.8935389869563196,0.9460196172210413
material_parameter_noise_pct,0,PHSEA,12,0.892508481573886,0.9362798920959255
material_parameter_noise_pct,0,PHSEA,13,0.8895432280434916,0.9270091460472638
material_parameter_noise_pct,0,PHSEA,14,0.900135889282173,0.9052239715114833
material_parameter_noise_pct,0,PHSEA,15,0.8861447513345226,0.9412294139437878
material_parameter_noise_pct,0,PHSEA,16,0.8864276895020747,0.9597186265825524
material_parameter_noise_pct,0,PHSEA,17,0.8797491183789206,0.9155407520518013
material_parameter_noise_pct,0,PHSEA,18,0.8893914732320204,0.9625059754649304
material_parameter_noise_pct,0,PHSEA,19,0.8979184555099848,0.9453785511999556
material_parameter_noise_pct,0,PHSEA,20,0.8883138456676861,0.9170589635945218
material_parameter_noise_pct,2,PHSEA,1,0.885571083871862,0.9037843325508294
material_parameter_noise_pct,2,PHSEA,2,0.8869873491078802,0.9140905763352187
material_parameter_noise_pct,2,PHSEA,3,0.892232042994375,0.9415201578176046
material_parameter_noise_pct,2,PHSEA,4,0.8822798194827477,0.9162853077889848
material_parameter_noise_pct,2,PHSEA,5,0.878549851797137,0.9576804588041612
material_parameter_noise_pct,2,PHSEA,6,0.8810283234769509,0.936147931208917
material_parameter_noise_pct,2,PHSEA,7,0.8870836457337892,0.8964157942330395
material_parameter_noise_pct,2,PHSEA,8,0.8831952647174056,0.9053155345883622
material_parameter_noise_pct,2,PHSEA,9,0.87763481045791,0.9608306098453512
material_parameter_noise_pct,2,PHSEA,10,0.8826299368748567,0.9352716785937807
material_parameter_noise_pct,2,PHSEA,11,0.8955523071186587,0.9200691644450104
material_parameter_noise_pct,2,PHSEA,12,0.8827029760673518,0.9113323592771894
material_parameter_noise_pct,2,PHSEA,13,0.888098984594796,0.927629729765568
material_parameter_noise_pct,2,PHSEA,14,0.8854344840852014,0.9314768613084845
material_parameter_noise_pct,2,PHSEA,15,0.8870610360133944,0.8960290282169047
material_parameter_noise_pct,2,PHSEA,16,0.8846424475754427,0.9232387404596859
material_parameter_noise_pct,2,PHSEA,17,0.8765663325890414,0.928102530532363
material_parameter_noise_pct,2,PHSEA,18,0.8869823849092159,0.907457644772074
material_parameter_noise_pct,2,PHSEA,19,0.8888906215453468,0.919741931176992
material_parameter_noise_pct,2,PHSEA,20,0.8950880083395576,0.9404652727843015
material_parameter_noise_pct,5,PHSEA,1,0.8754245050453587,0.9004912445892033
material_parameter_noise_pct,5,PHSEA,2,0.8890820505749584,0.903972618782294
material_parameter_noise_pct,5,PHSEA,3,0.8792316294617434,0.8872184565407187
material_parameter_noise_pct,5,PHSEA,4,0.8795866934142688,0.9226743191635072
material_parameter_noise_pct,5,PHSEA,5,0.8819958357997748,0.8939502091462613
material_parameter_noise_pct,5,PHSEA,6,0.8781774747222638,0.88676625601705
material_parameter_noise_pct,5,PHSEA,7,0.8730268073445872,0.9164954024972846
material_parameter_noise_pct,5,PHSEA,8,0.8782110956537811,0.9119588764208614
material_parameter_noise_pct,5,PHSEA,9,0.8777678318543302,0.8902494923236653
material_parameter_noise_pct,5,PHSEA,10,0.875509147089882,0.8929280566903335
material_parameter_noise_pct,5,PHSEA,11,0.8756929912344067,0.9121876706381511
material_parameter_noise_pct,5,PHSEA,12,0.8797001358044678,0.9070422645305087
material_parameter_noise_pct,5,PHSEA,13,0.8837768107031001,0.9208311696763064
material_parameter_noise_pct,5,PHSEA,14,0.8668380796508679,0.901999281497689
material_parameter_noise_pct,5,PHSEA,15,0.8793493600640915,0.8966178672520635
material_parameter_noise_pct,5,PHSEA,16,0.8805970463432102,0.8898845607623417
material_parameter_noise_pct,5,PHSEA,17,0.8823677157879682,0.9116339397344372
material_parameter_noise_pct,5,PHSEA,18,0.8814708562934084,0.8907665892959463
material_parameter_noise_pct,5,PHSEA,19,0.8788891663688938,0.9191569692166618
material_parameter_noise_pct,5,PHSEA,20,0.8842620448600622,0.918251568389357
material_parameter_noise_pct,10,PHSEA,1,0.8564355566437801,0.8963556833194452
material_parameter_noise_pct,10,PHSEA,2,0.8572333324344751,0.8694843066834771
material_parameter_noise_pct,10,PHSEA,3,0.8599058445002186,0.8811100808701222
material_parameter_noise_pct,10,PHSEA,4,0.8826860717507917,0.86952802630236
material_parameter_noise_pct,10,PHSEA,5,0.8633321459598724,0.8692153796850174
material_parameter_noise_pct,10,PHSEA,6,0.8798940968356571,0.8638616246174685
material_parameter_noise_pct,10,PHSEA,7,0.8675875643595778,0.8938974153877345
material_parameter_noise_pct,10,PHSEA,8,0.8615499406361677,0.8659190486635188
material_parameter_noise_pct,10,PHSEA,9,0.8633485449011659,0.8661547810974045
material_parameter_noise_pct,10,PHSEA,10,0.8686646656677378,0.8867947046320744
material_parameter_noise_pct,10,PHSEA,11,0.855401810945635,0.870672856487097
material_parameter_noise_pct,10,PHSEA,12,0.876504752566432,0.8731358355683826
material_parameter_noise_pct,10,PHSEA,13,0.8687773732296055,0.8679741695023848
material_parameter_noise_pct,10,PHSEA,14,0.8753077124810539,0.9085840065679286
material_parameter_noise_pct,10,PHSEA,15,0.8714637771052324,0.823941450715833
material_parameter_noise_pct,10,PHSEA,16,0.878326829080473,0.886641055970494
material_parameter_noise_pct,10,PHSEA,17,0.8827591597073484,0.8512496011146089
material_parameter_noise_pct,10,PHSEA,18,0.8712442131316241,0.846934098751522
material_parameter_noise_pct,10,PHSEA,19,0.8718117749570553,0.8870275379241791
material_parameter_noise_pct,10,PHSEA,20,0.8673925720302939,0.8974738607809944
material_parameter_noise_pct,15,PHSEA,1,0.8513736309236726,0.8452624478246784
material_parameter_noise_pct,15,PHSEA,2,0.8508627173115053,0.8411097451255892
material_parameter_noise_pct,15,PHSEA,3,0.8509076752288395,0.8557176946329079
material_parameter_noise_pct,15,PHSEA,4,0.8644488235020564,0.8512457602273354
material_parameter_noise_pct,15,PHSEA,5,0.8625921138881921,0.836263012612459
material_parameter_noise_pct,15,PHSEA,6,0.8526750463392643,0.8408648869517917
material_parameter_noise_pct,15,PHSEA,7,0.865788413271625,0.8521510578579539
material_parameter_noise_pct,15,PHSEA,8,0.8435699096952272,0.8156366146557912
material_parameter_noise_pct,15,PHSEA,9,0.8564017074962073,0.8514609149526872
material_parameter_noise_pct,15,PHSEA,10,0.8558355934552893,0.8420499733947038
material_parameter_noise_pct,15,PHSEA,11,0.856627351675124,0.8556043698115579
material_parameter_noise_pct,15,PHSEA,12,0.8568064556838789,0.8278587821712874
material_parameter_noise_pct,15,PHSEA,13,0.8579624412767385,0.8532952152740441
material_parameter_noise_pct,15,PHSEA,14,0.8504030911333651,0.8254897741131927
material_parameter_noise_pct,15,PHSEA,15,0.85698051547328,0.8704868634934239
material_parameter_noise_pct,15,PHSEA,16,0.861723783734289,0.8309638905458833
material_parameter_noise_pct,15,PHSEA,17,0.8580224561662028,0.8437954331705826
material_parameter_noise_pct,15,PHSEA,18,0.8633326830038277,0.8588894665895377
material_parameter_noise_pct,15,PHSEA,19,0.8539856405921386,0.8199790033448338
material_parameter_noise_pct,15,PHSEA,20,0.8637241647933933,0.8499932458232737
material_parameter_noise_pct,0,AS-SMEA,1,0.8815920997825928,0.9310630803922848
material_parameter_noise_pct,0,AS-SMEA,2,0.8813919223132617,0.9436378918341887
material_parameter_noise_pct,0,AS-SMEA,3,0.8849708640735923,0.9280798377840761
material_parameter_noise_pct,0,AS-SMEA,4,0.8778012538306526,0.9461490692868688
material_parameter_noise_pct,0,AS-SMEA,5,0.8886232586359498,0.9240502727438715
material_parameter_noise_pct,0,AS-SMEA,6,0.8917474492961623,0.9414431188177036
material_parameter_noise_pct,0,AS-SMEA,7,0.8784549958594406,0.9410008873504834
material_parameter_noise_pct,0,AS-SMEA,8,0.8858542909784629,0.9409337114915305
material_parameter_noise_pct,0,AS-SMEA,9,0.895902436007463,0.9550893250965319
material_parameter_noise_pct,0,AS-SMEA,10,0.8884459503343887,0.9398652082488205
material_parameter_noise_pct,0,AS-SMEA,11,0.8852659941279175,0.9116155644179743
material_parameter_noise_pct,0,AS-SMEA,12,0.882847695742955,0.9630237363180976
material_parameter_noise_pct,0,AS-SMEA,13,0.8895218598429001,0.9313771440095702
material_parameter_noise_pct,0,AS-SMEA,14,0.883848952462394,0.9332187427949419
material_parameter_noise_pct,0,AS-SMEA,15,0.8754988153113681,0.9382360326748649
material_parameter_noise_pct,0,AS-SMEA,16,0.8841995453309722,0.9644797948130928
material_parameter_noise_pct,0,AS-SMEA,17,0.8848929373246498,0.9292724713171102
material_parameter_noise_pct,0,AS-SMEA,18,0.8796592140848704,0.9817321260733802
material_parameter_noise_pct,0,AS-SMEA,19,0.8830495122708414,0.9220375840272086
material_parameter_noise_pct,0,AS-SMEA,20,0.8847572581936243,0.9564092779532698
material_parameter_noise_pct,2,AS-SMEA,1,0.8819187840187943,0.931961178484083
material_parameter_noise_pct,2,AS-SMEA,2,0.8837573283209618,0.9215698684715395
material_parameter_noise_pct,2,AS-SMEA,3,0.8719867747460536,0.9235600168165571
material_parameter_noise_pct,2,AS-SMEA,4,0.8821862479522997,0.9333762325920864
material_parameter_noise_pct,2,AS-SMEA,5,0.8891243801922353,0.8998702188050959
material_parameter_noise_pct,2,AS-SMEA,6,0.8882805407298965,0.9123409114615508
material_parameter_noise_pct,2,AS-SMEA,7,0.8867361802133403,0.9072647532598198
material_parameter_noise_pct,2,AS-SMEA,8,0.8884323328595227,0.9320585523365356
material_parameter_noise_pct,2,AS-SMEA,9,0.8840539872329118,0.9277677253774508
material_parameter_noise_pct,2,AS-SMEA,10,0.8927072261726688,0.925206042641769
material_parameter_noise_pct,2,AS-SMEA,11,0.8755006266348654,0.9079701991122128
material_parameter_noise_pct,2,AS-SMEA,12,0.8835534925924485,0.900874586227124
material_parameter_noise_pct,2,AS-SMEA,13,0.8726030676466242,0.9146450397913155
material_parameter_noise_pct,2,AS-SMEA,14,0.8809549559522079,0.9130920676263354
material_parameter_noise_pct,2,AS-SMEA,15,0.888973531758942,0.9285732489986916
material_parameter_noise_pct,2,AS-SMEA,16,0.8860315935894724,0.9360660706039681
material_parameter_noise_pct,2,AS-SMEA,17,0.8720019257570117,0.9095675316564246
material_parameter_noise_pct,2,AS-SMEA,18,0.8756238237764741,0.8991589120488025
material_parameter_noise_pct,2,AS-SMEA,19,0.881322407160322,0.9107318372937451
material_parameter_noise_pct,2,AS-SMEA,20,0.8896507178494498,0.9087406036152614
material_parameter_noise_pct,5,AS-SMEA,1,0.8798273743465332,0.9232645645763147
material_parameter_noise_pct,5,AS-SMEA,2,0.8795394928501197,0.899888089966831
material_parameter_noise_pct,5,AS-SMEA,3,0.8807146173168156,0.911121481878672
material_parameter_noise_pct,5,AS-SMEA,4,0.8783625348350482,0.8937960184017704
material_parameter_noise_pct,5,AS-SMEA,5,0.876214828490145,0.8864583423919192
material_parameter_noise_pct,5,AS-SMEA,6,0.8823132183497436,0.9048341526277045
material_parameter_noise_pct,5,AS-SMEA,7,0.8836265601628527,0.9205605961159335
material_parameter_noise_pct,5,AS-SMEA,8,0.8700537969948122,0.9114969964143919
material_parameter_noise_pct,5,AS-SMEA,9,0.8866352834482062,0.880727075501272
material_parameter_noise_pct,5,AS-SMEA,10,0.87176998302594,0.8934967150791304
material_parameter_noise_pct,5,AS-SMEA,11,0.8799962820443303,0.8843460075832984
material_parameter_noise_pct,5,AS-SMEA,12,0.8658244363087515,0.9148205259290649
material_parameter_noise_pct,5,AS-SMEA,13,0.8805221855391278,0.8829037728991457
material_parameter_noise_pct,5,AS-SMEA,14,0.8745837372799554,0.9037919954240228
material_parameter_noise_pct,5,AS-SMEA,15,0.8823056142825652,0.895287143452653
material_parameter_noise_pct,5,AS-SMEA,16,0.8747744061845348,0.9313639282843009
material_parameter_noise_pct,5,AS-SMEA,17,0.8816842521234988,0.9079812960123863
material_parameter_noise_pct,5,AS-SMEA,18,0.87421516565427,0.9179443312978777
material_parameter_noise_pct,5,AS-SMEA,19,0.8871109062281465,0.9122615800109376
material_parameter_noise_pct,5,AS-SMEA,20,0.8921431856580203,0.8828738124671289
material_parameter_noise_pct,10,AS-SMEA,1,0.8639564112083724,0.8671659004174446
material_parameter_noise_pct,10,AS-SMEA,2,0.8702193480257382,0.8843918467565296
material_parameter_noise_pct,10,AS-SMEA,3,0.8613935540296521,0.8638542730585763
material_parameter_noise_pct,10,AS-SMEA,4,0.8702969660361167,0.8736962858752124
material_parameter_noise_pct,10,AS-SMEA,5,0.8563443420568341,0.8670455333646911
material_parameter_noise_pct,10,AS-SMEA,6,0.8820745361751999,0.8715895447832498
material_parameter_noise_pct,10,AS-SMEA,7,0.8624906839206133,0.8424084082538547
material_parameter_noise_pct,10,AS-SMEA,8,0.8657203526566378,0.8727390242711115
material_parameter_noise_pct,10,AS-SMEA,9,0.8700397375160412,0.8613464575493512
material_parameter_noise_pct,10,AS-SMEA,10,0.8654102425643783,0.8644943064428615
material_parameter_noise_pct,10,AS-SMEA,11,0.8613451562276352,0.8507723970203065
material_parameter_noise_pct,10,AS-SMEA,12,0.8708415141886965,0.8601716928220328
material_parameter_noise_pct,10,AS-SMEA,13,0.8564982871057327,0.8823876283908381
material_parameter_noise_pct,10,AS-SMEA,14,0.868906981921493,0.8699940337090389
material_parameter_noise_pct,10,AS-SMEA,15,0.8524138721256891,0.859097423079793
material_parameter_noise_pct,10,AS-SMEA,16,0.8648834540564648,0.8658306379208838
material_parameter_noise_pct,10,AS-SMEA,17,0.8559769050834836,0.8697025091854301
material_parameter_noise_pct,10,AS-SMEA,18,0.8713020115661647,0.8914761724417287
material_parameter_noise_pct,10,AS-SMEA,19,0.8620200639833254,0.8731541140373207
material_parameter_noise_pct,10,AS-SMEA,20,0.86201731998978,0.8800674902563979
material_parameter_noise_pct,15,AS-SMEA,1,0.8493474684247919,0.8567849398375109
material_parameter_noise_pct,15,AS-SMEA,2,0.8472182313513879,0.8523822882827858
material_parameter_noise_pct,15,AS-SMEA,3,0.8471661633203001,0.8243144125447582
material_parameter_noise_pct,15,AS-SMEA,4,0.8468792472407569,0.8043441220449722
material_parameter_noise_pct,15,AS-SMEA,5,0.8468642085179922,0.8400474258439002
material_parameter_noise_pct,15,AS-SMEA,6,0.8395900202026165,0.8243332606842073
material_parameter_noise_pct,15,AS-SMEA,7,0.8409345956315718,0.8589720499513993
material_parameter_noise_pct,15,AS-SMEA,8,0.8511764066638857,0.8443446393550066
material_parameter_noise_pct,15,AS-SMEA,9,0.8458598221322916,0.8119066538348843
material_parameter_noise_pct,15,AS-SMEA,10,0.8460691728528081,0.8256935628499542
material_parameter_noise_pct,15,AS-SMEA,11,0.845106406284031,0.8361756586530993
material_parameter_noise_pct,15,AS-SMEA,12,0.8576276008196063,0.8398741540420513
material_parameter_noise_pct,15,AS-SMEA,13,0.8461393558813187,0.8264302264303758
material_parameter_noise_pct,15,AS-SMEA,14,0.8584051299799432,0.8302950376767853
material_parameter_noise_pct,15,AS-SMEA,15,0.8455907508944813,0.8499350829149029
material_parameter_noise_pct,15,AS-SMEA,16,0.8529380984935107,0.8323487248073833
material_parameter_noise_pct,15,AS-SMEA,17,0.8458507372775481,0.8191528807044728
material_parameter_noise_pct,15,AS-SMEA,18,0.8456910219839457,0.8337467689801644
material_parameter_noise_pct,15,AS-SMEA,19,0.8508662890270103,0.8431942115129908
material_parameter_noise_pct,15,AS-SMEA,20,0.8540357888329763,0.8286307447801187
transition_temperature_shift_C,0,Frank-WT MF-PIRN,1,0.9266907338470277,0.9315292301804228
transition_temperature_shift_C,0,Frank-WT MF-PIRN,2,0.9233819584162047,0.9384127719199763
transition_temperature_shift_C,0,Frank-WT MF-PIRN,3,0.9331136794462392,0.9393779962425235
transition_temperature_shift_C,0,Frank-WT MF-PIRN,4,0.9327088385864069,0.9661363959329722
transition_temperature_shift_C,0,Frank-WT MF-PIRN,5,0.9372051986136581,0.9339101965639767
transition_temperature_shift_C,0,Frank-WT MF-PIRN,6,0.9246380882147608,0.9400924402687258
transition_temperature_shift_C,0,Frank-WT MF-PIRN,7,0.9304907655660276,0.9187678798060591
transition_temperature_shift_C,0,Frank-WT MF-PIRN,8,0.9346439412919042,0.917487495589852
transition_temperature_shift_C,0,Frank-WT MF-PIRN,9,0.9362694673144116,0.9623740687149943
transition_temperature_shift_C,0,Frank-WT MF-PIRN,10,0.9200864431832522,0.9311810831224488
transition_temperature_shift_C,0,Frank-WT MF-PIRN,11,0.9304734886981932,0.9472601943906444
transition_temperature_shift_C,0,Frank-WT MF-PIRN,12,0.9257257641064848,0.9423382100154889
transition_temperature_shift_C,0,Frank-WT MF-PIRN,13,0.9387403127424817,0.9356979656788912
transition_temperature_shift_C,0,Frank-WT MF-PIRN,14,0.9343603350016774,0.9343742078697935
transition_temperature_shift_C,0,Frank-WT MF-PIRN,15,0.929235022877308,0.9137834985922179
transition_temperature_shift_C,0,Frank-WT MF-PIRN,16,0.940075572042194,0.9345736115207456
transition_temperature_shift_C,0,Frank-WT MF-PIRN,17,0.9361881504236863,0.9538208483119393
transition_temperature_shift_C,0,Frank-WT MF-PIRN,18,0.9292618466507039,0.9522291355017686
transition_temperature_shift_C,0,Frank-WT MF-PIRN,19,0.9355918844723701,0.928250649591448
transition_temperature_shift_C,0,Frank-WT MF-PIRN,20,0.9273386293752194,0.9579930455246081
transition_temperature_shift_C,3,Frank-WT MF-PIRN,1,0.9255238146443089,0.9334950249189595
transition_temperature_shift_C,3,Frank-WT MF-PIRN,2,0.9194679011094468,0.9293142649625861
transition_temperature_shift_C,3,Frank-WT MF-PIRN,3,0.9299997206856502,0.9374031308467842
transition_temperature_shift_C,3,Frank-WT MF-PIRN,4,0.9260977401397805,0.9306999417743327
transition_temperature_shift_C,3,Frank-WT MF-PIRN,5,0.9263748004679435,0.910418395538762
transition_temperature_shift_C,3,Frank-WT MF-PIRN,6,0.923036150919307,0.914227839912239
transition_temperature_shift_C,3,Frank-WT MF-PIRN,7,0.9220077648230014,0.9181802210373604
transition_temperature_shift_C,3,Frank-WT MF-PIRN,8,0.9211724163390542,0.894985647286772
transition_temperature_shift_C,3,Frank-WT MF-PIRN,9,0.9271300448268253,0.9376745478442869
transition_temperature_shift_C,3,Frank-WT MF-PIRN,10,0.930180070508661,0.9232244634024572
transition_temperature_shift_C,3,Frank-WT MF-PIRN,11,0.9200600284837483,0.8926985752948203
transition_temperature_shift_C,3,Frank-WT MF-PIRN,12,0.925598566730988,0.9257313395425771
transition_temperature_shift_C,3,Frank-WT MF-PIRN,13,0.9182374961898985,0.944608067119396
transition_temperature_shift_C,3,Frank-WT MF-PIRN,14,0.9246216765550067,0.9225518410150725
transition_temperature_shift_C,3,Frank-WT MF-PIRN,15,0.9243279720867159,0.9202419949891872
transition_temperature_shift_C,3,Frank-WT MF-PIRN,16,0.9285713239232262,0.9281231761498802
transition_temperature_shift_C,3,Frank-WT MF-PIRN,17,0.9230757257318111,0.909146093004048
transition_temperature_shift_C,3,Frank-WT MF-PIRN,18,0.9276696393197893,0.9188144044217087
transition_temperature_shift_C,3,Frank-WT MF-PIRN,19,0.914160027777949,0.9226820780747289
transition_temperature_shift_C,3,Frank-WT MF-PIRN,20,0.9133401361594592,0.9378785788017743
transition_temperature_shift_C,6,Frank-WT MF-PIRN,1,0.9313181002443126,0.9285046211964969
transition_temperature_shift_C,6,Frank-WT MF-PIRN,2,0.9159118179434408,0.9135500559287668
transition_temperature_shift_C,6,Frank-WT MF-PIRN,3,0.9187179064933312,0.8986467293038194
transition_temperature_shift_C,6,Frank-WT MF-PIRN,4,0.908752824554538,0.9085987756590015
transition_temperature_shift_C,6,Frank-WT MF-PIRN,5,0.9251095759607104,0.9058435221025483
transition_temperature_shift_C,6,Frank-WT MF-PIRN,6,0.9228065419566691,0.8935239066139863
transition_temperature_shift_C,6,Frank-WT MF-PIRN,7,0.9146214249652361,0.9180021153142773
transition_temperature_shift_C,6,Frank-WT MF-PIRN,8,0.9119554307508736,0.9300319617720247
transition_temperature_shift_C,6,Frank-WT MF-PIRN,9,0.9180560342539648,0.9212366252338279
transition_temperature_shift_C,6,Frank-WT MF-PIRN,10,0.9282826009571774,0.9195264506128185
transition_temperature_shift_C,6,Frank-WT MF-PIRN,11,0.9161798820383638,0.9181808361681414
transition_temperature_shift_C,6,Frank-WT MF-PIRN,12,0.9192349922122158,0.9073694879748121
transition_temperature_shift_C,6,Frank-WT MF-PIRN,13,0.9239383022173941,0.8968155658417125
transition_temperature_shift_C,6,Frank-WT MF-PIRN,14,0.9082316945216127,0.9034643488301278
transition_temperature_shift_C,6,Frank-WT MF-PIRN,15,0.9133411533711865,0.9080493217481135
transition_temperature_shift_C,6,Frank-WT MF-PIRN,16,0.9185030627323654,0.8967487497826518
transition_temperature_shift_C,6,Frank-WT MF-PIRN,17,0.9260113251667795,0.9010594682500754
transition_temperature_shift_C,6,Frank-WT MF-PIRN,18,0.9165829769397306,0.9209328140345907
transition_temperature_shift_C,6,Frank-WT MF-PIRN,19,0.9086850407436302,0.8925871574073375
transition_temperature_shift_C,6,Frank-WT MF-PIRN,20,0.9264591197492158,0.9086662381754246
transition_temperature_shift_C,9,Frank-WT MF-PIRN,1,0.9132258693466484,0.8864199048913761
transition_temperature_shift_C,9,Frank-WT MF-PIRN,2,0.9102639483121985,0.8689887248072408
transition_temperature_shift_C,9,Frank-WT MF-PIRN,3,0.9077392590978873,0.8992376283182624
transition_temperature_shift_C,9,Frank-WT MF-PIRN,4,0.911881681653851,0.8773709902970698
transition_temperature_shift_C,9,Frank-WT MF-PIRN,5,0.915295321635604,0.8838491446640141
transition_temperature_shift_C,9,Frank-WT MF-PIRN,6,0.9136747640786177,0.8724075393939885
transition_temperature_shift_C,9,Frank-WT MF-PIRN,7,0.9099039836642855,0.8628644010711172
transition_temperature_shift_C,9,Frank-WT MF-PIRN,8,0.9086328312007305,0.8702729104020633
transition_temperature_shift_C,9,Frank-WT MF-PIRN,9,0.9220463720875558,0.8835282099846287
transition_temperature_shift_C,9,Frank-WT MF-PIRN,10,0.9158641916404369,0.8870662745052725
transition_temperature_shift_C,9,Frank-WT MF-PIRN,11,0.9072250683878943,0.8808940954160743
transition_temperature_shift_C,9,Frank-WT MF-PIRN,12,0.912606962946645,0.8584024856892608
transition_temperature_shift_C,9,Frank-WT MF-PIRN,13,0.9121434804699247,0.8827856014299136
transition_temperature_shift_C,9,Frank-WT MF-PIRN,14,0.918336393279846,0.8663433742375791
transition_temperature_shift_C,9,Frank-WT MF-PIRN,15,0.9015213535130988,0.9139305467205462
transition_temperature_shift_C,9,Frank-WT MF-PIRN,16,0.91213524977101,0.897819234608046
transition_temperature_shift_C,9,Frank-WT MF-PIRN,17,0.9114302960553741,0.9011043100914118
transition_temperature_shift_C,9,Frank-WT MF-PIRN,18,0.9168939131674178,0.8899837279085977
transition_temperature_shift_C,9,Frank-WT MF-PIRN,19,0.9058732975238626,0.8861099814257786
transition_temperature_shift_C,9,Frank-WT MF-PIRN,20,0.9128828685765318,0.8935695187695429
transition_temperature_shift_C,12,Frank-WT MF-PIRN,1,0.9024056619293972,0.8491400021257882
transition_temperature_shift_C,12,Frank-WT MF-PIRN,2,0.9112424693402755,0.867166206999834
transition_temperature_shift_C,12,Frank-WT MF-PIRN,3,0.9042242158398637,0.8387129783558339
transition_temperature_shift_C,12,Frank-WT MF-PIRN,4,0.9052771432565517,0.8889422628532494
transition_temperature_shift_C,12,Frank-WT MF-PIRN,5,0.9013683184613798,0.8410235591417168
transition_temperature_shift_C,12,Frank-WT MF-PIRN,6,0.9013024089153068,0.8468760729823467
transition_temperature_shift_C,12,Frank-WT MF-PIRN,7,0.9046095853106481,0.8588323186072238
transition_temperature_shift_C,12,Frank-WT MF-PIRN,8,0.9042979757697829,0.83920192623906
transition_temperature_shift_C,12,Frank-WT MF-PIRN,9,0.9013102523898721,0.8647429403082431
transition_temperature_shift_C,12,Frank-WT MF-PIRN,10,0.917265320367298,0.8750374933928167
transition_temperature_shift_C,12,Frank-WT MF-PIRN,11,0.9117088606495957,0.8895854984431778
transition_temperature_shift_C,12,Frank-WT MF-PIRN,12,0.906163403746164,0.8690767056622528
transition_temperature_shift_C,12,Frank-WT MF-PIRN,13,0.9018585458279896,0.8821379896573969
transition_temperature_shift_C,12,Frank-WT MF-PIRN,14,0.9201554820333493,0.8663170352961441
transition_temperature_shift_C,12,Frank-WT MF-PIRN,15,0.902539286702597,0.8477772061623916
transition_temperature_shift_C,12,Frank-WT MF-PIRN,16,0.908105737489791,0.8771816944246628
transition_temperature_shift_C,12,Frank-WT MF-PIRN,17,0.910529105628098,0.8660826110910084
transition_temperature_shift_C,12,Frank-WT MF-PIRN,18,0.9088793960223277,0.8633556828645615
transition_temperature_shift_C,12,Frank-WT MF-PIRN,19,0.9006121020771441,0.8689185290013673
transition_temperature_shift_C,12,Frank-WT MF-PIRN,20,0.905121887768655,0.8605211171034718
transition_temperature_shift_C,0,MF-HVKG,1,0.8945640081842948,0.9313704407496476
transition_temperature_shift_C,0,MF-HVKG,2,0.9026345458357201,0.9355117909864722
transition_temperature_shift_C,0,MF-HVKG,3,0.8932937169172991,0.9345813638257799
transition_temperature_shift_C,0,MF-HVKG,4,0.9057412237644226,0.9548659710739806
transition_temperature_shift_C,0,MF-HVKG,5,0.9090480043858813,0.9365413437424973
transition_temperature_shift_C,0,MF-HVKG,6,0.9024184671998131,0.9455096142420556
transition_temperature_shift_C,0,MF-HVKG,7,0.8905752208786059,0.9522817557730677
transition_temperature_shift_C,0,MF-HVKG,8,0.900838021308863,0.9600441745742263
transition_temperature_shift_C,0,MF-HVKG,9,0.9007822521956205,0.9385113410019231
transition_temperature_shift_C,0,MF-HVKG,10,0.9066627009754797,0.9378500026447645
transition_temperature_shift_C,0,MF-HVKG,11,0.8970955928520181,0.9325458856541574
transition_temperature_shift_C,0,MF-HVKG,12,0.9000230554512771,0.9313423828070159
transition_temperature_shift_C,0,MF-HVKG,13,0.906840859246451,0.9413965114592666
transition_temperature_shift_C,0,MF-HVKG,14,0.9004620398262092,0.9202822851334294
transition_temperature_shift_C,0,MF-HVKG,15,0.8970662528869909,0.9247001522978804
transition_temperature_shift_C,0,MF-HVKG,16,0.8963558543797958,0.9292394000082784
transition_temperature_shift_C,0,MF-HVKG,17,0.9120798624044308,0.9348979730651897
transition_temperature_shift_C,0,MF-HVKG,18,0.899803069498002,0.9372668561630999
transition_temperature_shift_C,0,MF-HVKG,19,0.9088864049964381,0.9518500446723739
transition_temperature_shift_C,0,MF-HVKG,20,0.8980864659874724,0.9305224347976778
transition_temperature_shift_C,3,MF-HVKG,1,0.8884647522845627,0.931483210516279
transition_temperature_shift_C,3,MF-HVKG,2,0.8929129641938437,0.937075979206654
transition_temperature_shift_C,3,MF-HVKG,3,0.8899966945793605,0.9253571839579422
transition_temperature_shift_C,3,MF-HVKG,4,0.8996630416851645,0.9257384433525225
transition_temperature_shift_C,3,MF-HVKG,5,0.8955815346296714,0.9029814504022012
transition_temperature_shift_C,3,MF-HVKG,6,0.8905828021960368,0.9222586385174384
transition_temperature_shift_C,3,MF-HVKG,7,0.892698069395569,0.9268159827156018
transition_temperature_shift_C,3,MF-HVKG,8,0.9025526771015441,0.9126291920896281
transition_temperature_shift_C,3,MF-HVKG,9,0.896964654694312,0.8993579420410729
transition_temperature_shift_C,3,MF-HVKG,10,0.9021508424794776,0.9167329190945664
transition_temperature_shift_C,3,MF-HVKG,11,0.8966317669490226,0.9492963167453011
transition_temperature_shift_C,3,MF-HVKG,12,0.8921531894859243,0.9199830035051141
transition_temperature_shift_C,3,MF-HVKG,13,0.8947379568223124,0.9185553864131004
transition_temperature_shift_C,3,MF-HVKG,14,0.8965364322996009,0.9513096043666792
transition_temperature_shift_C,3,MF-HVKG,15,0.8929397790556488,0.9208766295475017
transition_temperature_shift_C,3,MF-HVKG,16,0.8928415623007063,0.9323002826073793
transition_temperature_shift_C,3,MF-HVKG,17,0.8935083045424022,0.924848608784495
transition_temperature_shift_C,3,MF-HVKG,18,0.8960183445043046,0.936852693809168
transition_temperature_shift_C,3,MF-HVKG,19,0.8945602598906788,0.9262838236271667
transition_temperature_shift_C,3,MF-HVKG,20,0.9041114624093447,0.9092038427432009
transition_temperature_shift_C,6,MF-HVKG,1,0.8866387577306211,0.8937753225589885
transition_temperature_shift_C,6,MF-HVKG,2,0.8871174684867199,0.8948724924529027
transition_temperature_shift_C,6,MF-HVKG,3,0.882718463800539,0.8965609569157461
transition_temperature_shift_C,6,MF-HVKG,4,0.8901444678249952,0.8743860814501224
transition_temperature_shift_C,6,MF-HVKG,5,0.8754576221472841,0.8767869974203892
transition_temperature_shift_C,6,MF-HVKG,6,0.8837955059315057,0.8957972152933491
transition_temperature_shift_C,6,MF-HVKG,7,0.8844930860637629,0.9069912067469543
transition_temperature_shift_C,6,MF-HVKG,8,0.8834344543422021,0.8933602470225144
transition_temperature_shift_C,6,MF-HVKG,9,0.8825340393853204,0.8777145545470305
transition_temperature_shift_C,6,MF-HVKG,10,0.8795590378530627,0.8830475783687334
transition_temperature_shift_C,6,MF-HVKG,11,0.885944874759218,0.9097453902100469
transition_temperature_shift_C,6,MF-HVKG,12,0.8827571698634449,0.8924474775637323
transition_temperature_shift_C,6,MF-HVKG,13,0.8755241924157684,0.8956128663549909
transition_temperature_shift_C,6,MF-HVKG,14,0.8886024957513655,0.9182868803718424
transition_temperature_shift_C,6,MF-HVKG,15,0.8971216603891929,0.8973336988682852
transition_temperature_shift_C,6,MF-HVKG,16,0.8941975973773237,0.8890602146252196
transition_temperature_shift_C,6,MF-HVKG,17,0.8847196869684673,0.9081709245473846
transition_temperature_shift_C,6,MF-HVKG,18,0.8982850361050841,0.8964842176492136
transition_temperature_shift_C,6,MF-HVKG,19,0.8850221241741357,0.8798299932513647
transition_temperature_shift_C,6,MF-HVKG,20,0.8783246653633737,0.8977539426580292
transition_temperature_shift_C,9,MF-HVKG,1,0.8785308604616145,0.896234166446369
transition_temperature_shift_C,9,MF-HVKG,2,0.8723781916661304,0.9010628643387728
transition_temperature_shift_C,9,MF-HVKG,3,0.8898430759881367,0.8666539442872163
transition_temperature_shift_C,9,MF-HVKG,4,0.8716270993346982,0.8721189192825652
transition_temperature_shift_C,9,MF-HVKG,5,0.8800359926849789,0.8675918643566247
transition_temperature_shift_C,9,MF-HVKG,6,0.8683402046743421,0.8843401570239481
transition_temperature_shift_C,9,MF-HVKG,7,0.8772269529312597,0.8669397460316025
transition_temperature_shift_C,9,MF-HVKG,8,0.8779817653756598,0.8774902565756526
transition_temperature_shift_C,9,MF-HVKG,9,0.8678991475651869,0.8391634880577865
transition_temperature_shift_C,9,MF-HVKG,10,0.8820870977474634,0.8481791515750878
transition_temperature_shift_C,9,MF-HVKG,11,0.8814035755533719,0.8687782901339449
transition_temperature_shift_C,9,MF-HVKG,12,0.8730721715527798,0.8454176380391364
transition_temperature_shift_C,9,MF-HVKG,13,0.8726947719546161,0.8701412475990726
transition_temperature_shift_C,9,MF-HVKG,14,0.8757502683527162,0.8503585729565312
transition_temperature_shift_C,9,MF-HVKG,15,0.8782442930747476,0.867209648950082
transition_temperature_shift_C,9,MF-HVKG,16,0.869764909004912,0.8810165794523942
transition_temperature_shift_C,9,MF-HVKG,17,0.873062074493578,0.8647742785942301
transition_temperature_shift_C,9,MF-HVKG,18,0.8789924445159201,0.8654570777613407
transition_temperature_shift_C,9,MF-HVKG,19,0.8805065678528297,0.8503619785155455
transition_temperature_shift_C,9,MF-HVKG,20,0.8735701439796111,0.8576703714414065
transition_temperature_shift_C,12,MF-HVKG,1,0.8723079123711998,0.8130561993208129
transition_temperature_shift_C,12,MF-HVKG,2,0.8718655396971323,0.84702218220442
transition_temperature_shift_C,12,MF-HVKG,3,0.8609400174662908,0.8221568198378274
transition_temperature_shift_C,12,MF-HVKG,4,0.8610223773898563,0.8309104893785952
transition_temperature_shift_C,12,MF-HVKG,5,0.8683448089056729,0.8447597750913678
transition_temperature_shift_C,12,MF-HVKG,6,0.8629587954228807,0.8257725456808813
transition_temperature_shift_C,12,MF-HVKG,7,0.8643213747147993,0.8020043081325489
transition_temperature_shift_C,12,MF-HVKG,8,0.8647584352653646,0.8350055797939044
transition_temperature_shift_C,12,MF-HVKG,9,0.8610330526714871,0.8267497004053806
transition_temperature_shift_C,12,MF-HVKG,10,0.8644633414493114,0.8222304416577823
transition_temperature_shift_C,12,MF-HVKG,11,0.8636476463842946,0.8354320659408587
transition_temperature_shift_C,12,MF-HVKG,12,0.8701555995021519,0.8339640077911353
transition_temperature_shift_C,12,MF-HVKG,13,0.8585575463160212,0.837677678120787
transition_temperature_shift_C,12,MF-HVKG,14,0.863858571099832,0.8142525960508691
transition_temperature_shift_C,12,MF-HVKG,15,0.8713207121175809,0.8400203752623329
transition_temperature_shift_C,12,MF-HVKG,16,0.8600251484223588,0.8648481017810402
transition_temperature_shift_C,12,MF-HVKG,17,0.8668839133493219,0.8335923330071805
transition_temperature_shift_C,12,MF-HVKG,18,0.860096672026679,0.8452189488176713
transition_temperature_shift_C,12,MF-HVKG,19,0.8716233347262435,0.8535057260861518
transition_temperature_shift_C,12,MF-HVKG,20,0.870009639371076,0.8272410611577589
transition_temperature_shift_C,0,qLogNEHVI,1,0.8944015448451984,0.9173090272520884
transition_temperature_shift_C,0,qLogNEHVI,2,0.8996063323897728,0.9477117350751887
transition_temperature_shift_C,0,qLogNEHVI,3,0.893069761799468,0.9394258456174587
transition_temperature_shift_C,0,qLogNEHVI,4,0.8930140015626248,0.9559312255262549
transition_temperature_shift_C,0,qLogNEHVI,5,0.899022115906278,0.9582904292492552
transition_temperature_shift_C,0,qLogNEHVI,6,0.882058098692403,0.9412959885221015
transition_temperature_shift_C,0,qLogNEHVI,7,0.9103132803477664,0.9444972149259201
transition_temperature_shift_C,0,qLogNEHVI,8,0.8888967645867957,0.9168089245860024
transition_temperature_shift_C,0,qLogNEHVI,9,0.8973958418426555,0.9247684456715528
transition_temperature_shift_C,0,qLogNEHVI,10,0.8949163011774519,0.9550160535179166
transition_temperature_shift_C,0,qLogNEHVI,11,0.8999708566954272,0.909463545352705
transition_temperature_shift_C,0,qLogNEHVI,12,0.8966854431360561,0.9061076378624596
transition_temperature_shift_C,0,qLogNEHVI,13,0.8828381995043194,0.9460024089152058
transition_temperature_shift_C,0,qLogNEHVI,14,0.8906135576570792,0.9309890274525431
transition_temperature_shift_C,0,qLogNEHVI,15,0.8910276115824338,0.9472034695075967
transition_temperature_shift_C,0,qLogNEHVI,16,0.8969026911090677,0.9443965938363593
transition_temperature_shift_C,0,qLogNEHVI,17,0.8997717477954932,0.9422676856737279
transition_temperature_shift_C,0,qLogNEHVI,18,0.8951817974682533,0.9231570325921805
transition_temperature_shift_C,0,qLogNEHVI,19,0.897128439287433,0.9302453826173265
transition_temperature_shift_C,0,qLogNEHVI,20,0.9011727443332112,0.9645519325086429
transition_temperature_shift_C,3,qLogNEHVI,1,0.8768396071152227,0.9056226876077097
transition_temperature_shift_C,3,qLogNEHVI,2,0.8917470118622305,0.9053791448633661
transition_temperature_shift_C,3,qLogNEHVI,3,0.8769091673419557,0.9490251185710388
transition_temperature_shift_C,3,qLogNEHVI,4,0.8921649777163919,0.9188744313846379
transition_temperature_shift_C,3,qLogNEHVI,5,0.8907644992391575,0.9184360745059948
transition_temperature_shift_C,3,qLogNEHVI,6,0.8907652889138168,0.904397311045346
transition_temperature_shift_C,3,qLogNEHVI,7,0.8793798699151981,0.9298791450222249
transition_temperature_shift_C,3,qLogNEHVI,8,0.8956846842250353,0.9229213096695043
transition_temperature_shift_C,3,qLogNEHVI,9,0.889644254981478,0.9395523687540973
transition_temperature_shift_C,3,qLogNEHVI,10,0.8889695526513878,0.9179080443974594
transition_temperature_shift_C,3,qLogNEHVI,11,0.8778658054965691,0.9392488587155137
transition_temperature_shift_C,3,qLogNEHVI,12,0.8934095434418731,0.8819103875859766
transition_temperature_shift_C,3,qLogNEHVI,13,0.8894414444960478,0.9104821045501593
transition_temperature_shift_C,3,qLogNEHVI,14,0.8917070026056421,0.8803011070995878
transition_temperature_shift_C,3,qLogNEHVI,15,0.8866628671569579,0.9282853308594984
transition_temperature_shift_C,3,qLogNEHVI,16,0.885360070300597,0.9111534705966547
transition_temperature_shift_C,3,qLogNEHVI,17,0.8807960685298828,0.9047883358782861
transition_temperature_shift_C,3,qLogNEHVI,18,0.8902204500368037,0.8994373461016991
transition_temperature_shift_C,3,qLogNEHVI,19,0.8939093322675651,0.9028424956669782
transition_temperature_shift_C,3,qLogNEHVI,20,0.8812771329923154,0.9217329583409672
transition_temperature_shift_C,6,qLogNEHVI,1,0.8732724510903453,0.878730872079572
transition_temperature_shift_C,6,qLogNEHVI,2,0.8762857436029649,0.8738322928600033
transition_temperature_shift_C,6,qLogNEHVI,3,0.8719262667468705,0.9014242692744845
transition_temperature_shift_C,6,qLogNEHVI,4,0.8876854260654168,0.9333136552067791
transition_temperature_shift_C,6,qLogNEHVI,5,0.8849685471553169,0.8678952241106707
transition_temperature_shift_C,6,qLogNEHVI,6,0.8814239930872357,0.9106053072648868
transition_temperature_shift_C,6,qLogNEHVI,7,0.8664186896132134,0.8908573786880404
transition_temperature_shift_C,6,qLogNEHVI,8,0.8782603841571995,0.9008466713561079
transition_temperature_shift_C,6,qLogNEHVI,9,0.8782054925439352,0.8946797155113043
transition_temperature_shift_C,6,qLogNEHVI,10,0.8798900757949938,0.9145855629145081
transition_temperature_shift_C,6,qLogNEHVI,11,0.8847533486259034,0.8874085382764295
transition_temperature_shift_C,6,qLogNEHVI,12,0.8867141753658094,0.8859913850849952
transition_temperature_shift_C,6,qLogNEHVI,13,0.8766223934238639,0.8778165161025139
transition_temperature_shift_C,6,qLogNEHVI,14,0.8795871133344197,0.8852297494025126
transition_temperature_shift_C,6,qLogNEHVI,15,0.8693607059279099,0.9003023290441461
transition_temperature_shift_C,6,qLogNEHVI,16,0.8718374491926869,0.869590947331202
transition_temperature_shift_C,6,qLogNEHVI,17,0.879297537177087,0.8953729246348071
transition_temperature_shift_C,6,qLogNEHVI,18,0.8818135144433153,0.887761516930526
transition_temperature_shift_C,6,qLogNEHVI,19,0.873905131325889,0.9079893425982778
transition_temperature_shift_C,6,qLogNEHVI,20,0.881514438700142,0.900228683761819
transition_temperature_shift_C,9,qLogNEHVI,1,0.8720850976004189,0.8645971495907686
transition_temperature_shift_C,9,qLogNEHVI,2,0.8804284760437173,0.848818186818517
transition_temperature_shift_C,9,qLogNEHVI,3,0.8721123396570063,0.8460489147901957
transition_temperature_shift_C,9,qLogNEHVI,4,0.8729557176678792,0.8952514073914768
transition_temperature_shift_C,9,qLogNEHVI,5,0.8626200207699534,0.8589669774856897
transition_temperature_shift_C,9,qLogNEHVI,6,0.8658979313542524,0.8693299656820571
transition_temperature_shift_C,9,qLogNEHVI,7,0.8649446374482057,0.8660925902601666
transition_temperature_shift_C,9,qLogNEHVI,8,0.8681205198885977,0.8600596950894045
transition_temperature_shift_C,9,qLogNEHVI,9,0.8791138774221753,0.8518450792953547
transition_temperature_shift_C,9,qLogNEHVI,10,0.8751951509730352,0.8447873920665795
transition_temperature_shift_C,9,qLogNEHVI,11,0.8664847501208469,0.8729279287990976
transition_temperature_shift_C,9,qLogNEHVI,12,0.8708113695294556,0.8570361322011852
transition_temperature_shift_C,9,qLogNEHVI,13,0.8801225600576709,0.876178132458732
transition_temperature_shift_C,9,qLogNEHVI,14,0.8695048804045661,0.8590625632119134
transition_temperature_shift_C,9,qLogNEHVI,15,0.8695077856805637,0.8649716476074916
transition_temperature_shift_C,9,qLogNEHVI,16,0.8726506572322383,0.8481019879453285
transition_temperature_shift_C,9,qLogNEHVI,17,0.8644409612914399,0.8268638333602405
transition_temperature_shift_C,9,qLogNEHVI,18,0.8600636658649418,0.8528937365212408
transition_temperature_shift_C,9,qLogNEHVI,19,0.8795081195286473,0.855402162331276
transition_temperature_shift_C,9,qLogNEHVI,20,0.8740180109155943,0.864158378640467
transition_temperature_shift_C,12,qLogNEHVI,1,0.871151315577548,0.8380048335183475
transition_temperature_shift_C,12,qLogNEHVI,2,0.8642698059840044,0.8178210473641822
transition_temperature_shift_C,12,qLogNEHVI,3,0.8610253645941426,0.8379640175555138
transition_temperature_shift_C,12,qLogNEHVI,4,0.8675809445966182,0.811158344729432
transition_temperature_shift_C,12,qLogNEHVI,5,0.8657048372218574,0.8200558776454255
transition_temperature_shift_C,12,qLogNEHVI,6,0.8619987367899015,0.8485639924019128
transition_temperature_shift_C,12,qLogNEHVI,7,0.8662327033384433,0.8369798363794514
transition_temperature_shift_C,12,qLogNEHVI,8,0.8538775056166723,0.8155761958376208
transition_temperature_shift_C,12,qLogNEHVI,9,0.8555895943163662,0.8234042839421779
transition_temperature_shift_C,12,qLogNEHVI,10,0.8533780777117529,0.8285682218506586
transition_temperature_shift_C,12,qLogNEHVI,11,0.856931447591341,0.8411528539144522
transition_temperature_shift_C,12,qLogNEHVI,12,0.856292377130357,0.8237969082761479
transition_temperature_shift_C,12,qLogNEHVI,13,0.8585945107316749,0.8327131617177008
transition_temperature_shift_C,12,qLogNEHVI,14,0.8509106463530299,0.8457657206589452
transition_temperature_shift_C,12,qLogNEHVI,15,0.862443334355336,0.8076550988146053
transition_temperature_shift_C,12,qLogNEHVI,16,0.8579224963479715,0.8400295810967586
transition_temperature_shift_C,12,qLogNEHVI,17,0.8510276315682519,0.8198194456247778
transition_temperature_shift_C,12,qLogNEHVI,18,0.8574428632618718,0.8198923446391277
transition_temperature_shift_C,12,qLogNEHVI,19,0.8533433022208028,0.8310943189209489
transition_temperature_shift_C,12,qLogNEHVI,20,0.861539067687977,0.8489479080180938
transition_temperature_shift_C,0,PHSEA,1,0.8896670689624198,0.948497221391621
transition_temperature_shift_C,0,PHSEA,2,0.8864150897341442,0.9163200725405658
transition_temperature_shift_C,0,PHSEA,3,0.8825940722552019,0.9561481915264703
transition_temperature_shift_C,0,PHSEA,4,0.8946295684618165,0.9509169832307257
transition_temperature_shift_C,0,PHSEA,5,0.884976495671114,0.9659058918658041
transition_temperature_shift_C,0,PHSEA,6,0.8938251663797075,0.9533224631090936
transition_temperature_shift_C,0,PHSEA,7,0.8864358497351524,0.9477148938367143
transition_temperature_shift_C,0,PHSEA,8,0.8901324085315881,0.9360416205304013
transition_temperature_shift_C,0,PHSEA,9,0.8845378477841803,0.9516785457268057
transition_temperature_shift_C,0,PHSEA,10,0.8893542598088297,0.9040530082120551
transition_temperature_shift_C,0,PHSEA,11,0.8888960668243441,0.9134545600534804
transition_temperature_shift_C,0,PHSEA,12,0.8984383867101506,0.9391396089365688
transition_temperature_shift_C,0,PHSEA,13,0.8846297555008917,0.9326891080991179
transition_temperature_shift_C,0,PHSEA,14,0.8836582922878687,0.9277116776961241
transition_temperature_shift_C,0,PHSEA,15,0.8972808801159567,0.923000860379098
transition_temperature_shift_C,0,PHSEA,16,0.8876056613357229,0.9233214279559109
transition_temperature_shift_C,0,PHSEA,17,0.887318973418228,0.9252635239811307
transition_temperature_shift_C,0,PHSEA,18,0.8877938019435401,0.9124134107505213
transition_temperature_shift_C,0,PHSEA,19,0.8882872532299967,0.9445222852307976
transition_temperature_shift_C,0,PHSEA,20,0.8839073021628501,0.9365348871304896
transition_temperature_shift_C,3,PHSEA,1,0.8834200110080538,0.9205185580931806
transition_temperature_shift_C,3,PHSEA,2,0.8707134605524149,0.9145841209882715
transition_temperature_shift_C,3,PHSEA,3,0.8846196357146661,0.8992811515421965
transition_temperature_shift_C,3,PHSEA,4,0.8843380533454958,0.9102904829499523
transition_temperature_shift_C,3,PHSEA,5,0.8754244931469164,0.9051990981055245
transition_temperature_shift_C,3,PHSEA,6,0.8769912450020284,0.9169683236805086
transition_temperature_shift_C,3,PHSEA,7,0.88640046885794,0.9293482310415399
transition_temperature_shift_C,3,PHSEA,8,0.894112095776915,0.8949354787157093
transition_temperature_shift_C,3,PHSEA,9,0.8840537068079668,0.9092480001572886
transition_temperature_shift_C,3,PHSEA,10,0.8741118004785549,0.9293665351129288
transition_temperature_shift_C,3,PHSEA,11,0.8877499415099522,0.9207613472049982
transition_temperature_shift_C,3,PHSEA,12,0.8887301054464238,0.9322864440168681
transition_temperature_shift_C,3,PHSEA,13,0.8866164769222793,0.9207669490273609
transition_temperature_shift_C,3,PHSEA,14,0.8917245600062403,0.9230502144412284
transition_temperature_shift_C,3,PHSEA,15,0.8769414936233046,0.9101941259762959
transition_temperature_shift_C,3,PHSEA,16,0.8908579430315451,0.9209427865568424
transition_temperature_shift_C,3,PHSEA,17,0.8774764283554319,0.8950711441340443
transition_temperature_shift_C,3,PHSEA,18,0.8836844587093473,0.9152575727370619
transition_temperature_shift_C,3,PHSEA,19,0.8674631195773131,0.9139993510680033
transition_temperature_shift_C,3,PHSEA,20,0.8805989810661289,0.9251167125691464
transition_temperature_shift_C,6,PHSEA,1,0.8674878119703981,0.8796924715951678
transition_temperature_shift_C,6,PHSEA,2,0.8724557003203658,0.8969117083153104
transition_temperature_shift_C,6,PHSEA,3,0.873375627460374,0.89921961840711
transition_temperature_shift_C,6,PHSEA,4,0.8718887087816769,0.9071270261517195
transition_temperature_shift_C,6,PHSEA,5,0.8692788038219205,0.9095391184072522
transition_temperature_shift_C,6,PHSEA,6,0.8763340152099175,0.8992996599030569
transition_temperature_shift_C,6,PHSEA,7,0.8691500807485628,0.9090484124678482
transition_temperature_shift_C,6,PHSEA,8,0.8781271149708382,0.8767522705246533
transition_temperature_shift_C,6,PHSEA,9,0.8621571792671223,0.8985492093226528
transition_temperature_shift_C,6,PHSEA,10,0.8618689965087337,0.887305153224524
transition_temperature_shift_C,6,PHSEA,11,0.8723073632788725,0.9080543567132898
transition_temperature_shift_C,6,PHSEA,12,0.8715242301669636,0.9113684310769511
transition_temperature_shift_C,6,PHSEA,13,0.8793015333161673,0.8649326622630648
transition_temperature_shift_C,6,PHSEA,14,0.8721369419889925,0.9047466754418746
transition_temperature_shift_C,6,PHSEA,15,0.8766291619666111,0.8772736767959984
transition_temperature_shift_C,6,PHSEA,16,0.8694154983386462,0.8917146229918579
transition_temperature_shift_C,6,PHSEA,17,0.8734315093285261,0.8793337903363795
transition_temperature_shift_C,6,PHSEA,18,0.8704903386048645,0.8805844429248925
transition_temperature_shift_C,6,PHSEA,19,0.8720054712143952,0.8929131021418236
transition_temperature_shift_C,6,PHSEA,20,0.8662821902116619,0.9081363411823159
transition_temperature_shift_C,9,PHSEA,1,0.8701453825140836,0.8604035925498008
transition_temperature_shift_C,9,PHSEA,2,0.8666854253420577,0.8650314323624594
transition_temperature_shift_C,9,PHSEA,3,0.8571310985249649,0.869408019572671
transition_temperature_shift_C,9,PHSEA,4,0.8649888791946371,0.8906448839064929
transition_temperature_shift_C,9,PHSEA,5,0.8724372891495781,0.8522799105383347
transition_temperature_shift_C,9,PHSEA,6,0.862428408676187,0.8663204190305037
transition_temperature_shift_C,9,PHSEA,7,0.8653729504311215,0.8602914010047927
transition_temperature_shift_C,9,PHSEA,8,0.8573232760503531,0.8573204635100135
transition_temperature_shift_C,9,PHSEA,9,0.8617684167571845,0.8612068477540089
transition_temperature_shift_C,9,PHSEA,10,0.8711089498694043,0.8824203164868595
transition_temperature_shift_C,9,PHSEA,11,0.8669096700497089,0.8682849865613766
transition_temperature_shift_C,9,PHSEA,12,0.8693366273169665,0.8839162335888874
transition_temperature_shift_C,9,PHSEA,13,0.864865912367586,0.8468219370677563
transition_temperature_shift_C,9,PHSEA,14,0.8634705048360957,0.8776619435157025
transition_temperature_shift_C,9,PHSEA,15,0.8682509277021889,0.8789886856760846
transition_temperature_shift_C,9,PHSEA,16,0.8748582808268625,0.8938369912840854
transition_temperature_shift_C,9,PHSEA,17,0.8668140996932929,0.8661052188408315
transition_temperature_shift_C,9,PHSEA,18,0.8664560430178896,0.8713964889356433
transition_temperature_shift_C,9,PHSEA,19,0.8682064780151905,0.8698583386935435
transition_temperature_shift_C,9,PHSEA,20,0.8605743930568388,0.8763953437567447
transition_temperature_shift_C,12,PHSEA,1,0.864870771909152,0.8540820143733716
transition_temperature_shift_C,12,PHSEA,2,0.8486290680701932,0.8493214256438741
transition_temperature_shift_C,12,PHSEA,3,0.8568475780916656,0.8551235941624603
transition_temperature_shift_C,12,PHSEA,4,0.8615613191995001,0.8523669444693104
transition_temperature_shift_C,12,PHSEA,5,0.8640991486505725,0.8538181987190289
transition_temperature_shift_C,12,PHSEA,6,0.8626901536297149,0.8331909468120379
transition_temperature_shift_C,12,PHSEA,7,0.8561171708143821,0.8331668348768998
transition_temperature_shift_C,12,PHSEA,8,0.8470980705120216,0.842980588798079
transition_temperature_shift_C,12,PHSEA,9,0.8498957505714111,0.8548747106711432
transition_temperature_shift_C,12,PHSEA,10,0.8575011644542775,0.8427268987425615
transition_temperature_shift_C,12,PHSEA,11,0.8532766517002327,0.8670357642960148
transition_temperature_shift_C,12,PHSEA,12,0.8686218009007711,0.8383498276598443
transition_temperature_shift_C,12,PHSEA,13,0.8542035921304602,0.8585972335272968
transition_temperature_shift_C,12,PHSEA,14,0.8535701369492738,0.8402719946531106
transition_temperature_shift_C,12,PHSEA,15,0.8404625338371411,0.856320441993283
transition_temperature_shift_C,12,PHSEA,16,0.8656241158520422,0.8534946833818297
transition_temperature_shift_C,12,PHSEA,17,0.8549304593159232,0.8368155068903662
transition_temperature_shift_C,12,PHSEA,18,0.8408314938166385,0.8172527916986362
transition_temperature_shift_C,12,PHSEA,19,0.8618162478271193,0.8640356879001396
transition_temperature_shift_C,12,PHSEA,20,0.8554171333275302,0.8334605844704979
transition_temperature_shift_C,0,AS-SMEA,1,0.8874635651666867,0.9282025738739681
transition_temperature_shift_C,0,AS-SMEA,2,0.8958619860433762,0.9328132492327662
transition_temperature_shift_C,0,AS-SMEA,3,0.8799529220196407,0.9450818066610359
transition_temperature_shift_C,0,AS-SMEA,4,0.8702482777363121,0.9147953854902593
transition_temperature_shift_C,0,AS-SMEA,5,0.8978788992464132,0.9189028099573328
transition_temperature_shift_C,0,AS-SMEA,6,0.8785931625985882,0.9667853869710167
transition_temperature_shift_C,0,AS-SMEA,7,0.8911377715460053,0.9612741299806407
transition_temperature_shift_C,0,AS-SMEA,8,0.880065954240581,0.923829573999708
transition_temperature_shift_C,0,AS-SMEA,9,0.8858848769647677,0.9561440295640189
transition_temperature_shift_C,0,AS-SMEA,10,0.8900581052679192,0.9348309054877951
transition_temperature_shift_C,0,AS-SMEA,11,0.8885404218099069,0.9598607141612062
transition_temperature_shift_C,0,AS-SMEA,12,0.890728641784056,0.9041690639425785
transition_temperature_shift_C,0,AS-SMEA,13,0.8793946817161926,0.9363978492058281
transition_temperature_shift_C,0,AS-SMEA,14,0.885082436121136,0.9246774805273787
transition_temperature_shift_C,0,AS-SMEA,15,0.8866486592675162,0.9438550361177058
transition_temperature_shift_C,0,AS-SMEA,16,0.8819365295525352,0.94750281576158
transition_temperature_shift_C,0,AS-SMEA,17,0.8920428337355977,0.9340042111799344
transition_temperature_shift_C,0,AS-SMEA,18,0.9003957232928976,0.95437795282698
transition_temperature_shift_C,0,AS-SMEA,19,0.8844124855762396,0.970133548566906
transition_temperature_shift_C,0,AS-SMEA,20,0.8935017928301109,0.9521306533008134
transition_temperature_shift_C,3,AS-SMEA,1,0.8759872922182383,0.9277487124620823
transition_temperature_shift_C,3,AS-SMEA,2,0.8761301467145766,0.8881588100451969
transition_temperature_shift_C,3,AS-SMEA,3,0.8716824563421983,0.9252541481435199
transition_temperature_shift_C,3,AS-SMEA,4,0.8806932702924748,0.9054283943166136
transition_temperature_shift_C,3,AS-SMEA,5,0.8729043247384718,0.9216320019712724
transition_temperature_shift_C,3,AS-SMEA,6,0.8828646458954763,0.9320847880918198
transition_temperature_shift_C,3,AS-SMEA,7,0.8838084985836036,0.938998203338407
transition_temperature_shift_C,3,AS-SMEA,8,0.880264796728607,0.8982782859661407
transition_temperature_shift_C,3,AS-SMEA,9,0.8753714479579372,0.9306037955552817
transition_temperature_shift_C,3,AS-SMEA,10,0.8789955815706247,0.9022509691852684
transition_temperature_shift_C,3,AS-SMEA,11,0.8715732512391726,0.9378800290535249
transition_temperature_shift_C,3,AS-SMEA,12,0.8752005356293832,0.9125571419587362
transition_temperature_shift_C,3,AS-SMEA,13,0.8724921506647999,0.9053197185717012
transition_temperature_shift_C,3,AS-SMEA,14,0.8765248272409335,0.9100422604006121
transition_temperature_shift_C,3,AS-SMEA,15,0.867705151167177,0.9183992095419139
transition_temperature_shift_C,3,AS-SMEA,16,0.8838709591549583,0.9258189852505828
transition_temperature_shift_C,3,AS-SMEA,17,0.8781268590644895,0.8832842180644851
transition_temperature_shift_C,3,AS-SMEA,18,0.8863046524427208,0.8961242274047091
transition_temperature_shift_C,3,AS-SMEA,19,0.8797021742942805,0.9378963158029484
transition_temperature_shift_C,3,AS-SMEA,20,0.8639396016348168,0.9387667603265797
transition_temperature_shift_C,6,AS-SMEA,1,0.8578351624638078,0.8906172448656109
transition_temperature_shift_C,6,AS-SMEA,2,0.868569204684363,0.9206532844838026
transition_temperature_shift_C,6,AS-SMEA,3,0.884929423019886,0.85211579980632
transition_temperature_shift_C,6,AS-SMEA,4,0.8646843598247875,0.9081828578994265
transition_temperature_shift_C,6,AS-SMEA,5,0.871012321345277,0.9049630868995141
transition_temperature_shift_C,6,AS-SMEA,6,0.8622891466536539,0.8763109485288155
transition_temperature_shift_C,6,AS-SMEA,7,0.8666767954645658,0.9010208824076852
transition_temperature_shift_C,6,AS-SMEA,8,0.8731229880484839,0.9024011749228781
transition_temperature_shift_C,6,AS-SMEA,9,0.8705530292827706,0.8986497741622231
transition_temperature_shift_C,6,AS-SMEA,10,0.8679727281999812,0.8748424764018289
transition_temperature_shift_C,6,AS-SMEA,11,0.8694974042046738,0.9109001889464791
transition_temperature_shift_C,6,AS-SMEA,12,0.86999024685333,0.9061573533765499
transition_temperature_shift_C,6,AS-SMEA,13,0.8745339970091742,0.90427260876367
transition_temperature_shift_C,6,AS-SMEA,14,0.8698967179645487,0.8928816971748382
transition_temperature_shift_C,6,AS-SMEA,15,0.8627012569319298,0.8673553852644095
transition_temperature_shift_C,6,AS-SMEA,16,0.8599842073062539,0.8757306389728187
transition_temperature_shift_C,6,AS-SMEA,17,0.8773310858327573,0.9126566688243224
transition_temperature_shift_C,6,AS-SMEA,18,0.864598351108656,0.916471982972619
transition_temperature_shift_C,6,AS-SMEA,19,0.8475942168846459,0.8792614416360677
transition_temperature_shift_C,6,AS-SMEA,20,0.8596723277909435,0.8862964870564704
transition_temperature_shift_C,9,AS-SMEA,1,0.855391047053595,0.8336018347133523
transition_temperature_shift_C,9,AS-SMEA,2,0.8609785045561474,0.8590828342532849
transition_temperature_shift_C,9,AS-SMEA,3,0.8625844929635778,0.8679101211097457
transition_temperature_shift_C,9,AS-SMEA,4,0.86278205141114,0.844700736177113
transition_temperature_shift_C,9,AS-SMEA,5,0.8713548666468166,0.8669107330209208
transition_temperature_shift_C,9,AS-SMEA,6,0.860151938317658,0.8806418557993824
transition_temperature_shift_C,9,AS-SMEA,7,0.8705378868179253,0.8749506875327857
transition_temperature_shift_C,9,AS-SMEA,8,0.8569472773045131,0.8700699101510321
transition_temperature_shift_C,9,AS-SMEA,9,0.8612233497654442,0.8769793966740468
transition_temperature_shift_C,9,AS-SMEA,10,0.8535473520430822,0.8585012262369324
transition_temperature_shift_C,9,AS-SMEA,11,0.8602957622888132,0.8607379881806178
transition_temperature_shift_C,9,AS-SMEA,12,0.8643948124512294,0.865424463984786
transition_temperature_shift_C,9,AS-SMEA,13,0.8676010857615698,0.8639451641262776
transition_temperature_shift_C,9,AS-SMEA,14,0.8720545681812724,0.8477447183896359
transition_temperature_shift_C,9,AS-SMEA,15,0.8594188879304135,0.8706074088145556
transition_temperature_shift_C,9,AS-SMEA,16,0.8677124579797818,0.8657755553426992
transition_temperature_shift_C,9,AS-SMEA,17,0.8634917380764363,0.8628981831420334
transition_temperature_shift_C,9,AS-SMEA,18,0.8602387271625105,0.8426296861554263
transition_temperature_shift_C,9,AS-SMEA,19,0.8639891763353315,0.8603785172384087
transition_temperature_shift_C,9,AS-SMEA,20,0.858596079331467,0.8635161428566147
transition_temperature_shift_C,12,AS-SMEA,1,0.8377941166245874,0.8019239722621039
transition_temperature_shift_C,12,AS-SMEA,2,0.8459651386579569,0.8276878655218151
transition_temperature_shift_C,12,AS-SMEA,3,0.8498215186545325,0.8569377796812665
transition_temperature_shift_C,12,AS-SMEA,4,0.8449592389475659,0.8398380991189062
transition_temperature_shift_C,12,AS-SMEA,5,0.8605011745735204,0.8435524021248966
transition_temperature_shift_C,12,AS-SMEA,6,0.854221703363579,0.8585780394133222
transition_temperature_shift_C,12,AS-SMEA,7,0.8492146862207038,0.8430457752948621
transition_temperature_shift_C,12,AS-SMEA,8,0.8409862001097391,0.8344859918616967
transition_temperature_shift_C,12,AS-SMEA,9,0.8531490719314015,0.841021144553053
transition_temperature_shift_C,12,AS-SMEA,10,0.8525871507686501,0.8370317995826861
transition_temperature_shift_C,12,AS-SMEA,11,0.845631075039238,0.8476167044002021
transition_temperature_shift_C,12,AS-SMEA,12,0.8377245041431625,0.846768557250419
transition_temperature_shift_C,12,AS-SMEA,13,0.8450309033305303,0.8556980969934328
transition_temperature_shift_C,12,AS-SMEA,14,0.8531604978444436,0.8633791634480673
transition_temperature_shift_C,12,AS-SMEA,15,0.8402147430806635,0.8129714612830794
transition_temperature_shift_C,12,AS-SMEA,16,0.8595094702335264,0.8551171662072394
transition_temperature_shift_C,12,AS-SMEA,17,0.8510777031420642,0.8315376385701488
transition_temperature_shift_C,12,AS-SMEA,18,0.8535554148900111,0.8463341677039256
transition_temperature_shift_C,12,AS-SMEA,19,0.8519881050206032,0.8406550502922383
transition_temperature_shift_C,12,AS-SMEA,20,0.8428545577514938,0.8449329728966961
missing_fidelity_pairs_pct,0,Frank-WT MF-PIRN,1,0.9289818604233934,0.9292491788833778
missing_fidelity_pairs_pct,0,Frank-WT MF-PIRN,2,0.9153240998269956,0.9618358348625903
missing_fidelity_pairs_pct,0,Frank-WT MF-PIRN,3,0.9210576573487009,0.9445927581968272
missing_fidelity_pairs_pct,0,Frank-WT MF-PIRN,4,0.9183175079858502,0.9397886282973977
missing_fidelity_pairs_pct,0,Frank-WT MF-PIRN,5,0.9235184856099105,0.9321672072670514
missing_fidelity_pairs_pct,0,Frank-WT MF-PIRN,6,0.930590791734394,0.928909971761651
missing_fidelity_pairs_pct,0,Frank-WT MF-PIRN,7,0.9251288093911418,0.9442707826839654
missing_fidelity_pairs_pct,0,Frank-WT MF-PIRN,8,0.9270342061578186,0.9375242846004402
missing_fidelity_pairs_pct,0,Frank-WT MF-PIRN,9,0.9308364685495606,0.945470902001191
missing_fidelity_pairs_pct,0,Frank-WT MF-PIRN,10,0.927276690338357,0.9437448893941467
missing_fidelity_pairs_pct,0,Frank-WT MF-PIRN,11,0.9189345653091849,0.947604449914008
missing_fidelity_pairs_pct,0,Frank-WT MF-PIRN,12,0.9327936000432688,0.938837114180974
missing_fidelity_pairs_pct,0,Frank-WT MF-PIRN,13,0.9248050083397632,0.9357435460829726
missing_fidelity_pairs_pct,0,Frank-WT MF-PIRN,14,0.9257678997127421,0.9441420948635891
missing_fidelity_pairs_pct,0,Frank-WT MF-PIRN,15,0.9339929326071728,0.9408068362418491
missing_fidelity_pairs_pct,0,Frank-WT MF-PIRN,16,0.9238206349638486,0.9374541878028558
missing_fidelity_pairs_pct,0,Frank-WT MF-PIRN,17,0.9264913523064903,0.9259145240230506
missing_fidelity_pairs_pct,0,Frank-WT MF-PIRN,18,0.9387174378728725,0.9492079502983056
missing_fidelity_pairs_pct,0,Frank-WT MF-PIRN,19,0.9436114463659663,0.9438948311773349
missing_fidelity_pairs_pct,0,Frank-WT MF-PIRN,20,0.9257330581045566,0.9460549633772658
missing_fidelity_pairs_pct,10,Frank-WT MF-PIRN,1,0.9332256036898885,0.9115276912085774
missing_fidelity_pairs_pct,10,Frank-WT MF-PIRN,2,0.9330811021435778,0.9188358843985999
missing_fidelity_pairs_pct,10,Frank-WT MF-PIRN,3,0.9256411827422294,0.9146356877602833
missing_fidelity_pairs_pct,10,Frank-WT MF-PIRN,4,0.9318596889374272,0.9324367034274971
missing_fidelity_pairs_pct,10,Frank-WT MF-PIRN,5,0.9233343822725179,0.9309142764915703
missing_fidelity_pairs_pct,10,Frank-WT MF-PIRN,6,0.9337324212044824,0.9283620055868487
missing_fidelity_pairs_pct,10,Frank-WT MF-PIRN,7,0.9271656608673347,0.9245983081992137
missing_fidelity_pairs_pct,10,Frank-WT MF-PIRN,8,0.931043294692344,0.9300179473350303
missing_fidelity_pairs_pct,10,Frank-WT MF-PIRN,9,0.9320557385112156,0.9343501286244289
missing_fidelity_pairs_pct,10,Frank-WT MF-PIRN,10,0.9284255485490839,0.9430667030305769
missing_fidelity_pairs_pct,10,Frank-WT MF-PIRN,11,0.9298117601215279,0.9331945283407806
missing_fidelity_pairs_pct,10,Frank-WT MF-PIRN,12,0.9340755658359255,0.9324955947170369
missing_fidelity_pairs_pct,10,Frank-WT MF-PIRN,13,0.9244770382374552,0.9249616992336
missing_fidelity_pairs_pct,10,Frank-WT MF-PIRN,14,0.9248262528145499,0.9136230775553218
missing_fidelity_pairs_pct,10,Frank-WT MF-PIRN,15,0.9234016252859438,0.9104475260625253
missing_fidelity_pairs_pct,10,Frank-WT MF-PIRN,16,0.9282291026094984,0.9453244195280712
missing_fidelity_pairs_pct,10,Frank-WT MF-PIRN,17,0.9259207283613534,0.9472625681403561
missing_fidelity_pairs_pct,10,Frank-WT MF-PIRN,18,0.9213701859390447,0.9338448232557195
missing_fidelity_pairs_pct,10,Frank-WT MF-PIRN,19,0.9259225767480068,0.9422327593912251
missing_fidelity_pairs_pct,10,Frank-WT MF-PIRN,20,0.929262417003292,0.9272789298419449
missing_fidelity_pairs_pct,25,Frank-WT MF-PIRN,1,0.9146295602082595,0.9062214548861066
missing_fidelity_pairs_pct,25,Frank-WT MF-PIRN,2,0.9205113902634381,0.926845783944034
missing_fidelity_pairs_pct,25,Frank-WT MF-PIRN,3,0.917412532213491,0.9161543428291832
missing_fidelity_pairs_pct,25,Frank-WT MF-PIRN,4,0.9144367015253293,0.9217711059215548
missing_fidelity_pairs_pct,25,Frank-WT MF-PIRN,5,0.9219370179973837,0.9044675081520669
missing_fidelity_pairs_pct,25,Frank-WT MF-PIRN,6,0.9251705285004368,0.911266283844236
missing_fidelity_pairs_pct,25,Frank-WT MF-PIRN,7,0.9233220848297203,0.9373720266239752
missing_fidelity_pairs_pct,25,Frank-WT MF-PIRN,8,0.9185062470486061,0.9141129527601537
missing_fidelity_pairs_pct,25,Frank-WT MF-PIRN,9,0.9230640522859931,0.893314467557796
missing_fidelity_pairs_pct,25,Frank-WT MF-PIRN,10,0.9226518077569336,0.9166653949004717
missing_fidelity_pairs_pct,25,Frank-WT MF-PIRN,11,0.919431440339114,0.9245862538219172
missing_fidelity_pairs_pct,25,Frank-WT MF-PIRN,12,0.9119698775666659,0.9241964458212223
missing_fidelity_pairs_pct,25,Frank-WT MF-PIRN,13,0.9091943038797436,0.8875921211069895
missing_fidelity_pairs_pct,25,Frank-WT MF-PIRN,14,0.9340061645498489,0.8761060562214467
missing_fidelity_pairs_pct,25,Frank-WT MF-PIRN,15,0.9183553078123265,0.8792532777085375
missing_fidelity_pairs_pct,25,Frank-WT MF-PIRN,16,0.9248593153686796,0.9176923917521831
missing_fidelity_pairs_pct,25,Frank-WT MF-PIRN,17,0.927220300468452,0.9336757489149043
missing_fidelity_pairs_pct,25,Frank-WT MF-PIRN,18,0.9186349164563294,0.8963979757027548
missing_fidelity_pairs_pct,25,Frank-WT MF-PIRN,19,0.9244723110489498,0.9395545555354855
missing_fidelity_pairs_pct,25,Frank-WT MF-PIRN,20,0.932747856633162,0.8925432615854298
missing_fidelity_pairs_pct,40,Frank-WT MF-PIRN,1,0.9076405868578553,0.9030569615371857
missing_fidelity_pairs_pct,40,Frank-WT MF-PIRN,2,0.9159730313134794,0.8720432537406404
missing_fidelity_pairs_pct,40,Frank-WT MF-PIRN,3,0.9130692330044481,0.8749696113123944
missing_fidelity_pairs_pct,40,Frank-WT MF-PIRN,4,0.9067038287671627,0.9032853624504084
missing_fidelity_pairs_pct,40,Frank-WT MF-PIRN,5,0.9116974388647333,0.8737115440194391
missing_fidelity_pairs_pct,40,Frank-WT MF-PIRN,6,0.9090056013491795,0.9086887978844704
missing_fidelity_pairs_pct,40,Frank-WT MF-PIRN,7,0.9110277873245748,0.9076662127490204
missing_fidelity_pairs_pct,40,Frank-WT MF-PIRN,8,0.909180759067005,0.8827135834293087
missing_fidelity_pairs_pct,40,Frank-WT MF-PIRN,9,0.9123463510995654,0.8908387537846036
missing_fidelity_pairs_pct,40,Frank-WT MF-PIRN,10,0.915027586538005,0.8793666043916315
missing_fidelity_pairs_pct,40,Frank-WT MF-PIRN,11,0.9071342256521618,0.9106935016999363
missing_fidelity_pairs_pct,40,Frank-WT MF-PIRN,12,0.9118396347325785,0.8543022421398437
missing_fidelity_pairs_pct,40,Frank-WT MF-PIRN,13,0.9077855390979584,0.8650932724038305
missing_fidelity_pairs_pct,40,Frank-WT MF-PIRN,14,0.9146734212860971,0.9118974462188213
missing_fidelity_pairs_pct,40,Frank-WT MF-PIRN,15,0.919960653808931,0.8837990870466615
missing_fidelity_pairs_pct,40,Frank-WT MF-PIRN,16,0.9067879457019716,0.9210300650076767
missing_fidelity_pairs_pct,40,Frank-WT MF-PIRN,17,0.9090031958827042,0.8889449664813361
missing_fidelity_pairs_pct,40,Frank-WT MF-PIRN,18,0.9183475358531824,0.8859858437681758
missing_fidelity_pairs_pct,40,Frank-WT MF-PIRN,19,0.9127892894046671,0.8796679501863773
missing_fidelity_pairs_pct,40,Frank-WT MF-PIRN,20,0.9058001022534655,0.8900737499696894
missing_fidelity_pairs_pct,60,Frank-WT MF-PIRN,1,0.895104930386598,0.853596263736706
missing_fidelity_pairs_pct,60,Frank-WT MF-PIRN,2,0.9014871522860941,0.8402773921751424
missing_fidelity_pairs_pct,60,Frank-WT MF-PIRN,3,0.8988396898463323,0.8632327089943004
missing_fidelity_pairs_pct,60,Frank-WT MF-PIRN,4,0.904944362145304,0.8531555053373198
missing_fidelity_pairs_pct,60,Frank-WT MF-PIRN,5,0.9075521059848601,0.855698666717285
missing_fidelity_pairs_pct,60,Frank-WT MF-PIRN,6,0.8990634137791094,0.8673597781974062
missing_fidelity_pairs_pct,60,Frank-WT MF-PIRN,7,0.911529397639617,0.8837320185238696
missing_fidelity_pairs_pct,60,Frank-WT MF-PIRN,8,0.9023348999891554,0.8672470969436614
missing_fidelity_pairs_pct,60,Frank-WT MF-PIRN,9,0.8983978275165837,0.8747401007752293
missing_fidelity_pairs_pct,60,Frank-WT MF-PIRN,10,0.9054868501693034,0.8478428336842453
missing_fidelity_pairs_pct,60,Frank-WT MF-PIRN,11,0.914572504146829,0.8683523486783883
missing_fidelity_pairs_pct,60,Frank-WT MF-PIRN,12,0.8977338386549165,0.8651367223794603
missing_fidelity_pairs_pct,60,Frank-WT MF-PIRN,13,0.8998336536674831,0.87905223301923
missing_fidelity_pairs_pct,60,Frank-WT MF-PIRN,14,0.8913754499430251,0.8645265108176272
missing_fidelity_pairs_pct,60,Frank-WT MF-PIRN,15,0.9050783746547094,0.8506542366310391
missing_fidelity_pairs_pct,60,Frank-WT MF-PIRN,16,0.9098880581529727,0.8772403020300867
missing_fidelity_pairs_pct,60,Frank-WT MF-PIRN,17,0.9130901021847911,0.8595393186715932
missing_fidelity_pairs_pct,60,Frank-WT MF-PIRN,18,0.89609106194261,0.870923157261622
missing_fidelity_pairs_pct,60,Frank-WT MF-PIRN,19,0.9016182703188522,0.8696634208487675
missing_fidelity_pairs_pct,60,Frank-WT MF-PIRN,20,0.9003268491281494,0.8645435456377805
missing_fidelity_pairs_pct,0,MF-HVKG,1,0.8972544762527985,0.928322448419691
missing_fidelity_pairs_pct,0,MF-HVKG,2,0.8961562659760695,0.9312066537641965
missing_fidelity_pairs_pct,0,MF-HVKG,3,0.9122292970515221,0.9053981721893714
missing_fidelity_pairs_pct,0,MF-HVKG,4,0.908377335026945,0.9356130296486092
missing_fidelity_pairs_pct,0,MF-HVKG,5,0.9016765063842357,0.9420662172795934
missing_fidelity_pairs_pct,0,MF-HVKG,6,0.897173595949379,0.9316432847039783
missing_fidelity_pairs_pct,0,MF-HVKG,7,0.8903730155412181,0.94649546269247
missing_fidelity_pairs_pct,0,MF-HVKG,8,0.9042488418038469,0.9623351026638125
missing_fidelity_pairs_pct,0,MF-HVKG,9,0.8993044933965058,0.9317330366860559
missing_fidelity_pairs_pct,0,MF-HVKG,10,0.8949035230327361,0.9465607189866353
missing_fidelity_pairs_pct,0,MF-HVKG,11,0.901646766350322,0.9613579484685527
missing_fidelity_pairs_pct,0,MF-HVKG,12,0.9205331664926418,0.946215913741327
missing_fidelity_pairs_pct,0,MF-HVKG,13,0.9089023514397012,0.9325901951552322
missing_fidelity_pairs_pct,0,MF-HVKG,14,0.9106960662187086,0.9423396764070047
missing_fidelity_pairs_pct,0,MF-HVKG,15,0.892873120304997,0.9512856194406409
missing_fidelity_pairs_pct,0,MF-HVKG,16,0.9111496721628406,0.9493373746393152
missing_fidelity_pairs_pct,0,MF-HVKG,17,0.8944321907793906,0.9469363864676497
missing_fidelity_pairs_pct,0,MF-HVKG,18,0.898463089933386,0.9331116522607945
missing_fidelity_pairs_pct,0,MF-HVKG,19,0.9170246040250061,0.937938325444231
missing_fidelity_pairs_pct,0,MF-HVKG,20,0.8935759908179871,0.9051022121791544
missing_fidelity_pairs_pct,10,MF-HVKG,1,0.8966638428667383,0.9091683519606325
missing_fidelity_pairs_pct,10,MF-HVKG,2,0.9015679955697335,0.9525946090239238
missing_fidelity_pairs_pct,10,MF-HVKG,3,0.9013047218857804,0.8868579000391733
missing_fidelity_pairs_pct,10,MF-HVKG,4,0.8841403289869041,0.9171626274965329
missing_fidelity_pairs_pct,10,MF-HVKG,5,0.8840331513430547,0.9123431191232416
missing_fidelity_pairs_pct,10,MF-HVKG,6,0.8883201429839593,0.9216668355543404
missing_fidelity_pairs_pct,10,MF-HVKG,7,0.906868419217547,0.9394159742687606
missing_fidelity_pairs_pct,10,MF-HVKG,8,0.8930814748360009,0.9258300527576224
missing_fidelity_pairs_pct,10,MF-HVKG,9,0.8947041728274527,0.9501856839264222
missing_fidelity_pairs_pct,10,MF-HVKG,10,0.8883188914864684,0.910431434077814
missing_fidelity_pairs_pct,10,MF-HVKG,11,0.8994939120240936,0.9204882730994759
missing_fidelity_pairs_pct,10,MF-HVKG,12,0.8883196196337808,0.9362901410351864
missing_fidelity_pairs_pct,10,MF-HVKG,13,0.903968130993005,0.8983015292921843
missing_fidelity_pairs_pct,10,MF-HVKG,14,0.8871928176289737,0.9437779765499029
missing_fidelity_pairs_pct,10,MF-HVKG,15,0.8804657075742729,0.9320227324491998
missing_fidelity_pairs_pct,10,MF-HVKG,16,0.8891679380916696,0.9098192144985956
missing_fidelity_pairs_pct,10,MF-HVKG,17,0.8882190842442158,0.9273525704616677
missing_fidelity_pairs_pct,10,MF-HVKG,18,0.9020595811604125,0.9345572107708053
missing_fidelity_pairs_pct,10,MF-HVKG,19,0.8977339540060647,0.9257898808343363
missing_fidelity_pairs_pct,10,MF-HVKG,20,0.8847478468416972,0.9113182832578202
missing_fidelity_pairs_pct,25,MF-HVKG,1,0.8900656741710181,0.9308490787231182
missing_fidelity_pairs_pct,25,MF-HVKG,2,0.8850964093945058,0.9069153165949688
missing_fidelity_pairs_pct,25,MF-HVKG,3,0.8968127108019429,0.9190185259399319
missing_fidelity_pairs_pct,25,MF-HVKG,4,0.894628667270719,0.8973158327332915
missing_fidelity_pairs_pct,25,MF-HVKG,5,0.8917861269463097,0.8982717732566342
missing_fidelity_pairs_pct,25,MF-HVKG,6,0.8841388616967035,0.9039496579817088
missing_fidelity_pairs_pct,25,MF-HVKG,7,0.8848428417490338,0.8976674426646617
missing_fidelity_pairs_pct,25,MF-HVKG,8,0.8862724081981782,0.9001605559582037
missing_fidelity_pairs_pct,25,MF-HVKG,9,0.881879908977335,0.8855280484804232
missing_fidelity_pairs_pct,25,MF-HVKG,10,0.8864200367091493,0.8948219352116428
missing_fidelity_pairs_pct,25,MF-HVKG,11,0.882343555637204,0.899618774703267
missing_fidelity_pairs_pct,25,MF-HVKG,12,0.8847063415059029,0.9079414852091714
missing_fidelity_pairs_pct,25,MF-HVKG,13,0.8877737839835073,0.9031194681154067
missing_fidelity_pairs_pct,25,MF-HVKG,14,0.8960751517542359,0.8951067689394651
missing_fidelity_pairs_pct,25,MF-HVKG,15,0.8774088019969143,0.9151525393734489
missing_fidelity_pairs_pct,25,MF-HVKG,16,0.8850733365975815,0.8950261844847236
missing_fidelity_pairs_pct,25,MF-HVKG,17,0.8776246855173191,0.8857652314495246
missing_fidelity_pairs_pct,25,MF-HVKG,18,0.8887239068469674,0.9065691606299999
missing_fidelity_pairs_pct,25,MF-HVKG,19,0.8796989632328636,0.9067729583932753
missing_fidelity_pairs_pct,25,MF-HVKG,20,0.89617173058122,0.8963858277978777
missing_fidelity_pairs_pct,40,MF-HVKG,1,0.8763364063273126,0.8674943255104082
missing_fidelity_pairs_pct,40,MF-HVKG,2,0.8699955690797067,0.8762920592845977
missing_fidelity_pairs_pct,40,MF-HVKG,3,0.8704476647114814,0.8579559377479478
missing_fidelity_pairs_pct,40,MF-HVKG,4,0.8777864546860722,0.8681395113271155
missing_fidelity_pairs_pct,40,MF-HVKG,5,0.8879065233809262,0.8645518351873559
missing_fidelity_pairs_pct,40,MF-HVKG,6,0.8710543240552834,0.8895854965167003
missing_fidelity_pairs_pct,40,MF-HVKG,7,0.8804428735632841,0.8760558600310128
missing_fidelity_pairs_pct,40,MF-HVKG,8,0.8875083895939717,0.8806260495440938
missing_fidelity_pairs_pct,40,MF-HVKG,9,0.8913290722446962,0.8893105313976251
missing_fidelity_pairs_pct,40,MF-HVKG,10,0.8837540916966206,0.864913779049801
missing_fidelity_pairs_pct,40,MF-HVKG,11,0.868861123023777,0.8523509998496994
missing_fidelity_pairs_pct,40,MF-HVKG,12,0.8859014417704559,0.856890161722348
missing_fidelity_pairs_pct,40,MF-HVKG,13,0.8816713702741646,0.8758960815610998
missing_fidelity_pairs_pct,40,MF-HVKG,14,0.875560579177023,0.8883641823424074
missing_fidelity_pairs_pct,40,MF-HVKG,15,0.8904009859917509,0.8733580003054505
missing_fidelity_pairs_pct,40,MF-HVKG,16,0.8856100810461175,0.877110439747714
missing_fidelity_pairs_pct,40,MF-HVKG,17,0.8702512275874774,0.8811561192767785
missing_fidelity_pairs_pct,40,MF-HVKG,18,0.8709945730120885,0.871540447388761
missing_fidelity_pairs_pct,40,MF-HVKG,19,0.865537209224949,0.8670306162857546
missing_fidelity_pairs_pct,40,MF-HVKG,20,0.8730989861524779,0.8621792476061155
missing_fidelity_pairs_pct,60,MF-HVKG,1,0.8705895694483266,0.8244866869587911
missing_fidelity_pairs_pct,60,MF-HVKG,2,0.8569503587731102,0.8436482947904282
missing_fidelity_pairs_pct,60,MF-HVKG,3,0.8599155255782508,0.8245611454230241
missing_fidelity_pairs_pct,60,MF-HVKG,4,0.8705713815303993,0.8432790080222674
missing_fidelity_pairs_pct,60,MF-HVKG,5,0.8645012893183357,0.8374637717868116
missing_fidelity_pairs_pct,60,MF-HVKG,6,0.8709271365910454,0.8484782062582347
missing_fidelity_pairs_pct,60,MF-HVKG,7,0.8730576124676015,0.8255035583450938
missing_fidelity_pairs_pct,60,MF-HVKG,8,0.8665892329943617,0.8411508397679929
missing_fidelity_pairs_pct,60,MF-HVKG,9,0.8768682908547702,0.8806156167602863
missing_fidelity_pairs_pct,60,MF-HVKG,10,0.8615932723904826,0.8280302945529077
missing_fidelity_pairs_pct,60,MF-HVKG,11,0.873713916929719,0.838799283618486
missing_fidelity_pairs_pct,60,MF-HVKG,12,0.8657811233066443,0.8526198433703636
missing_fidelity_pairs_pct,60,MF-HVKG,13,0.857069646477316,0.8294670994619752
missing_fidelity_pairs_pct,60,MF-HVKG,14,0.8655755257290242,0.8764988847904005
missing_fidelity_pairs_pct,60,MF-HVKG,15,0.8769882439287786,0.8510969685182288
missing_fidelity_pairs_pct,60,MF-HVKG,16,0.8703506038855137,0.8162014488990954
missing_fidelity_pairs_pct,60,MF-HVKG,17,0.8542208227556892,0.8258074516625789
missing_fidelity_pairs_pct,60,MF-HVKG,18,0.8568443254109641,0.8429361549176023
missing_fidelity_pairs_pct,60,MF-HVKG,19,0.8653099765813675,0.8421014535045409
missing_fidelity_pairs_pct,60,MF-HVKG,20,0.8644627751541684,0.849108759279602
missing_fidelity_pairs_pct,0,qLogNEHVI,1,0.8878074787450198,0.9422473161554966
missing_fidelity_pairs_pct,0,qLogNEHVI,2,0.8853508167298635,0.9277431863964808
missing_fidelity_pairs_pct,0,qLogNEHVI,3,0.8860315492959714,0.9421682704839455
missing_fidelity_pairs_pct,0,qLogNEHVI,4,0.8979029209678028,0.9474923886990282
missing_fidelity_pairs_pct,0,qLogNEHVI,5,0.8961018994888822,0.9390820078384934
missing_fidelity_pairs_pct,0,qLogNEHVI,6,0.8882074662208975,0.9244864436929973
missing_fidelity_pairs_pct,0,qLogNEHVI,7,0.8952011442903837,0.9513692014019542
missing_fidelity_pairs_pct,0,qLogNEHVI,8,0.9080183468417902,0.9414461533542637
missing_fidelity_pairs_pct,0,qLogNEHVI,9,0.8994454616706792,0.9224459169070839
missing_fidelity_pairs_pct,0,qLogNEHVI,10,0.8964684109493364,0.9361123120660231
missing_fidelity_pairs_pct,0,qLogNEHVI,11,0.8898600489747021,0.9700037169928992
missing_fidelity_pairs_pct,0,qLogNEHVI,12,0.8947478603876724,0.9402331029402852
missing_fidelity_pairs_pct,0,qLogNEHVI,13,0.9007733128961924,0.9630568812000033
missing_fidelity_pairs_pct,0,qLogNEHVI,14,0.8992322322008893,0.9125776418679011
missing_fidelity_pairs_pct,0,qLogNEHVI,15,0.8958478286532197,0.935622363107265
missing_fidelity_pairs_pct,0,qLogNEHVI,16,0.8833121956956462,0.9304396377813711
missing_fidelity_pairs_pct,0,qLogNEHVI,17,0.8982964327471169,0.945168004861214
missing_fidelity_pairs_pct,0,qLogNEHVI,18,0.9016951799747025,0.9393597317832039
missing_fidelity_pairs_pct,0,qLogNEHVI,19,0.8939801920546622,0.933054176603613
missing_fidelity_pairs_pct,0,qLogNEHVI,20,0.8899855193858842,0.9193996614069493
missing_fidelity_pairs_pct,10,qLogNEHVI,1,0.889052777712078,0.9193455872857377
missing_fidelity_pairs_pct,10,qLogNEHVI,2,0.8955348025607228,0.9140794534308128
missing_fidelity_pairs_pct,10,qLogNEHVI,3,0.8927006280212834,0.9138818759930113
missing_fidelity_pairs_pct,10,qLogNEHVI,4,0.8889679169885701,0.9335741321538544
missing_fidelity_pairs_pct,10,qLogNEHVI,5,0.8883438896459023,0.9260372933040564
missing_fidelity_pairs_pct,10,qLogNEHVI,6,0.8945164968336037,0.9339112564106983
missing_fidelity_pairs_pct,10,qLogNEHVI,7,0.8863486016661797,0.8846189074085539
missing_fidelity_pairs_pct,10,qLogNEHVI,8,0.9010333661031852,0.9306994196052357
missing_fidelity_pairs_pct,10,qLogNEHVI,9,0.8861321422465057,0.9404578522937188
missing_fidelity_pairs_pct,10,qLogNEHVI,10,0.8953362825450939,0.9209993611786045
missing_fidelity_pairs_pct,10,qLogNEHVI,11,0.897037144561895,0.9128704817617591
missing_fidelity_pairs_pct,10,qLogNEHVI,12,0.8955411473215389,0.9465710631631722
missing_fidelity_pairs_pct,10,qLogNEHVI,13,0.8782901308622568,0.9283807366981119
missing_fidelity_pairs_pct,10,qLogNEHVI,14,0.8969107862680139,0.9265705642551363
missing_fidelity_pairs_pct,10,qLogNEHVI,15,0.8885191788267583,0.9146060025443771
missing_fidelity_pairs_pct,10,qLogNEHVI,16,0.8870782343107234,0.9079206466357082
missing_fidelity_pairs_pct,10,qLogNEHVI,17,0.8855655210477232,0.9266060791653689
missing_fidelity_pairs_pct,10,qLogNEHVI,18,0.8988240335396841,0.9073461478479931
missing_fidelity_pairs_pct,10,qLogNEHVI,19,0.8860792660622183,0.931875744903388
missing_fidelity_pairs_pct,10,qLogNEHVI,20,0.8906171997800372,0.9273374943113546
missing_fidelity_pairs_pct,25,qLogNEHVI,1,0.8869631096546151,0.9041057676358814
missing_fidelity_pairs_pct,25,qLogNEHVI,2,0.8850307985311966,0.8877946902481714
missing_fidelity_pairs_pct,25,qLogNEHVI,3,0.8793225566481586,0.8833815305792814
missing_fidelity_pairs_pct,25,qLogNEHVI,4,0.8838548976583879,0.879792706613994
missing_fidelity_pairs_pct,25,qLogNEHVI,5,0.8878044127063386,0.8690848900454029
missing_fidelity_pairs_pct,25,qLogNEHVI,6,0.8873487191291665,0.9007440900632676
missing_fidelity_pairs_pct,25,qLogNEHVI,7,0.888487282873824,0.8974472818896206
missing_fidelity_pairs_pct,25,qLogNEHVI,8,0.8763688923678847,0.8926150930686595
missing_fidelity_pairs_pct,25,qLogNEHVI,9,0.891023757529345,0.9103926957355093
missing_fidelity_pairs_pct,25,qLogNEHVI,10,0.8834895863140254,0.8823382065138252
missing_fidelity_pairs_pct,25,qLogNEHVI,11,0.8838680301744097,0.8848191259783981
missing_fidelity_pairs_pct,25,qLogNEHVI,12,0.8824704488694601,0.885367617296046
missing_fidelity_pairs_pct,25,qLogNEHVI,13,0.8902087278872405,0.9077692981295986
missing_fidelity_pairs_pct,25,qLogNEHVI,14,0.9004155413698597,0.9006668040234979
missing_fidelity_pairs_pct,25,qLogNEHVI,15,0.8848798707433101,0.8712671886909404
missing_fidelity_pairs_pct,25,qLogNEHVI,16,0.8856373618851413,0.8881588889570633
missing_fidelity_pairs_pct,25,qLogNEHVI,17,0.8801928145476772,0.8958650721236101
missing_fidelity_pairs_pct,25,qLogNEHVI,18,0.8902099368636963,0.8970782982860066
missing_fidelity_pairs_pct,25,qLogNEHVI,19,0.889579324285554,0.8897255032003366
missing_fidelity_pairs_pct,25,qLogNEHVI,20,0.898125325233708,0.8824743924974349
missing_fidelity_pairs_pct,40,qLogNEHVI,1,0.858460051707805,0.8943874475201279
missing_fidelity_pairs_pct,40,qLogNEHVI,2,0.8842030041961323,0.8745270074273771
missing_fidelity_pairs_pct,40,qLogNEHVI,3,0.8759910170865537,0.8715009351903275
missing_fidelity_pairs_pct,40,qLogNEHVI,4,0.8689445597402566,0.8875941531580538
missing_fidelity_pairs_pct,40,qLogNEHVI,5,0.8732903427599581,0.8651737459858833
missing_fidelity_pairs_pct,40,qLogNEHVI,6,0.8853428177618521,0.8784667259521046
missing_fidelity_pairs_pct,40,qLogNEHVI,7,0.8689709052564548,0.8865056703686042
missing_fidelity_pairs_pct,40,qLogNEHVI,8,0.8653763921177204,0.8703788031180784
missing_fidelity_pairs_pct,40,qLogNEHVI,9,0.868710489032325,0.8519321072031718
missing_fidelity_pairs_pct,40,qLogNEHVI,10,0.8750567358749476,0.8944736216970259
missing_fidelity_pairs_pct,40,qLogNEHVI,11,0.8757335692039185,0.875447085338563
missing_fidelity_pairs_pct,40,qLogNEHVI,12,0.8693440992108123,0.8795217068510586
missing_fidelity_pairs_pct,40,qLogNEHVI,13,0.8770468274089641,0.8489358305293382
missing_fidelity_pairs_pct,40,qLogNEHVI,14,0.8809323901629423,0.8637736727711236
missing_fidelity_pairs_pct,40,qLogNEHVI,15,0.8735434680912069,0.8601606821424765
missing_fidelity_pairs_pct,40,qLogNEHVI,16,0.8685546819168742,0.8749012590677746
missing_fidelity_pairs_pct,40,qLogNEHVI,17,0.8711735864198648,0.8429289450744556
missing_fidelity_pairs_pct,40,qLogNEHVI,18,0.8725685165773244,0.870809153485986
missing_fidelity_pairs_pct,40,qLogNEHVI,19,0.8744029684861482,0.8767589473926942
missing_fidelity_pairs_pct,40,qLogNEHVI,20,0.8764609101695947,0.8820976729330056
missing_fidelity_pairs_pct,60,qLogNEHVI,1,0.8541692037646337,0.8615215605356399
missing_fidelity_pairs_pct,60,qLogNEHVI,2,0.8578044988224528,0.8127582793655449
missing_fidelity_pairs_pct,60,qLogNEHVI,3,0.864978650690994,0.820028981376346
missing_fidelity_pairs_pct,60,qLogNEHVI,4,0.8566399130594703,0.8416234818377802
missing_fidelity_pairs_pct,60,qLogNEHVI,5,0.8608873563909537,0.8217050118104439
missing_fidelity_pairs_pct,60,qLogNEHVI,6,0.8593768431487917,0.8532179675286453
missing_fidelity_pairs_pct,60,qLogNEHVI,7,0.8454596755559393,0.8302241619836221
missing_fidelity_pairs_pct,60,qLogNEHVI,8,0.8606161131942862,0.8366512659610715
missing_fidelity_pairs_pct,60,qLogNEHVI,9,0.855649279090452,0.8221065777943527
missing_fidelity_pairs_pct,60,qLogNEHVI,10,0.854578763204792,0.8230152364808555
missing_fidelity_pairs_pct,60,qLogNEHVI,11,0.8482238139954535,0.8239364861671318
missing_fidelity_pairs_pct,60,qLogNEHVI,12,0.8496266128090411,0.8211691348979835
missing_fidelity_pairs_pct,60,qLogNEHVI,13,0.8532004389275282,0.84516823365968
missing_fidelity_pairs_pct,60,qLogNEHVI,14,0.8610292193581737,0.8921833134725674
missing_fidelity_pairs_pct,60,qLogNEHVI,15,0.8577319258194346,0.8147796880614621
missing_fidelity_pairs_pct,60,qLogNEHVI,16,0.8611365256940224,0.8209112303909617
missing_fidelity_pairs_pct,60,qLogNEHVI,17,0.8422641514027753,0.8426785249361879
missing_fidelity_pairs_pct,60,qLogNEHVI,18,0.8535123863684101,0.8151669707027457
missing_fidelity_pairs_pct,60,qLogNEHVI,19,0.8622943920357569,0.8165140005171548
missing_fidelity_pairs_pct,60,qLogNEHVI,20,0.8540845783453398,0.8545033557581228
missing_fidelity_pairs_pct,0,PHSEA,1,0.8883544770083274,0.94636673378449
missing_fidelity_pairs_pct,0,PHSEA,2,0.8876719309606506,0.951708702081932
missing_fidelity_pairs_pct,0,PHSEA,3,0.8785760149569591,0.9435008417699
missing_fidelity_pairs_pct,0,PHSEA,4,0.8892506913410544,0.9276157578528418
missing_fidelity_pairs_pct,0,PHSEA,5,0.8930858264380336,0.9379778898950295
missing_fidelity_pairs_pct,0,PHSEA,6,0.893075751952429,0.930806176068434
missing_fidelity_pairs_pct,0,PHSEA,7,0.8889721618501045,0.9167770397977348
missing_fidelity_pairs_pct,0,PHSEA,8,0.8887782710427601,0.9667808356200088
missing_fidelity_pairs_pct,0,PHSEA,9,0.8828258167792075,0.9300178303755934
missing_fidelity_pairs_pct,0,PHSEA,10,0.8983058028389568,0.9384381224208405
missing_fidelity_pairs_pct,0,PHSEA,11,0.8858543528922079,0.9593431933495354
missing_fidelity_pairs_pct,0,PHSEA,12,0.8916291588334978,0.9519288378054018
missing_fidelity_pairs_pct,0,PHSEA,13,0.8931225951469755,0.941349276889552
missing_fidelity_pairs_pct,0,PHSEA,14,0.8837566436589691,0.9588163949068214
missing_fidelity_pairs_pct,0,PHSEA,15,0.8892530291683988,0.9515680590198204
missing_fidelity_pairs_pct,0,PHSEA,16,0.8826152261348301,0.9506127918587445
missing_fidelity_pairs_pct,0,PHSEA,17,0.8855691937423784,0.9322492091182272
missing_fidelity_pairs_pct,0,PHSEA,18,0.8838660335332728,0.9598016801180678
missing_fidelity_pairs_pct,0,PHSEA,19,0.8912280631839017,0.9425921176621777
missing_fidelity_pairs_pct,0,PHSEA,20,0.9050061008659814,0.9325171947390845
missing_fidelity_pairs_pct,10,PHSEA,1,0.8876238787332706,0.8904463011184642
missing_fidelity_pairs_pct,10,PHSEA,2,0.8843410288508259,0.9123309184185235
missing_fidelity_pairs_pct,10,PHSEA,3,0.8782001358409922,0.9168737560603499
missing_fidelity_pairs_pct,10,PHSEA,4,0.8873624412436998,0.9306641442362951
missing_fidelity_pairs_pct,10,PHSEA,5,0.8922653336530955,0.9180550568820786
missing_fidelity_pairs_pct,10,PHSEA,6,0.8725351208101458,0.9238689873490176
missing_fidelity_pairs_pct,10,PHSEA,7,0.8841552511070047,0.9404681361758522
missing_fidelity_pairs_pct,10,PHSEA,8,0.8795891265440988,0.9395608302350178
missing_fidelity_pairs_pct,10,PHSEA,9,0.8807614680217646,0.9276240615442984
missing_fidelity_pairs_pct,10,PHSEA,10,0.8835467301092075,0.9182381056158082
missing_fidelity_pairs_pct,10,PHSEA,11,0.8710175415556665,0.958014941462443
missing_fidelity_pairs_pct,10,PHSEA,12,0.8859784518423927,0.9160613617535494
missing_fidelity_pairs_pct,10,PHSEA,13,0.8703974514453819,0.929984829403907
missing_fidelity_pairs_pct,10,PHSEA,14,0.8822084449010348,0.9179274660699398
missing_fidelity_pairs_pct,10,PHSEA,15,0.888423884145676,0.8808029805350714
missing_fidelity_pairs_pct,10,PHSEA,16,0.8887957875824204,0.9093495569784757
missing_fidelity_pairs_pct,10,PHSEA,17,0.8850178922739192,0.9243040578205152
missing_fidelity_pairs_pct,10,PHSEA,18,0.8811105281353822,0.9292916452973461
missing_fidelity_pairs_pct,10,PHSEA,19,0.8840612384170955,0.9544590246632663
missing_fidelity_pairs_pct,10,PHSEA,20,0.8954700607288768,0.9349281290442529
missing_fidelity_pairs_pct,25,PHSEA,1,0.8778965999640269,0.9065207998106547
missing_fidelity_pairs_pct,25,PHSEA,2,0.8785298458408916,0.9163884892849874
missing_fidelity_pairs_pct,25,PHSEA,3,0.8746667770313009,0.9181236511980677
missing_fidelity_pairs_pct,25,PHSEA,4,0.8763960538238542,0.9076035160127435
missing_fidelity_pairs_pct,25,PHSEA,5,0.8799587872222948,0.8907731015229976
missing_fidelity_pairs_pct,25,PHSEA,6,0.8724887683524859,0.9193490155299916
missing_fidelity_pairs_pct,25,PHSEA,7,0.8752583054010259,0.9122186890613707
missing_fidelity_pairs_pct,25,PHSEA,8,0.871765323200904,0.8837914565003123
missing_fidelity_pairs_pct,25,PHSEA,9,0.8767678901349565,0.9198067201033997
missing_fidelity_pairs_pct,25,PHSEA,10,0.8731821949170623,0.8996363881917945
missing_fidelity_pairs_pct,25,PHSEA,11,0.8772375399789688,0.8842593049062599
missing_fidelity_pairs_pct,25,PHSEA,12,0.876337903919761,0.8913691960585584
missing_fidelity_pairs_pct,25,PHSEA,13,0.8737852463887857,0.8944594465985356
missing_fidelity_pairs_pct,25,PHSEA,14,0.8661578424360572,0.9239785245063135
missing_fidelity_pairs_pct,25,PHSEA,15,0.8705996432419126,0.889775479691853
missing_fidelity_pairs_pct,25,PHSEA,16,0.8846197630469164,0.9370788887645003
missing_fidelity_pairs_pct,25,PHSEA,17,0.8893084133360698,0.8758686574900401
missing_fidelity_pairs_pct,25,PHSEA,18,0.880340463011736,0.9219999309246784
missing_fidelity_pairs_pct,25,PHSEA,19,0.8776810388997729,0.8863970883782607
missing_fidelity_pairs_pct,25,PHSEA,20,0.866839171220008,0.8867919960240139
missing_fidelity_pairs_pct,40,PHSEA,1,0.8620360084150613,0.876814687837193
missing_fidelity_pairs_pct,40,PHSEA,2,0.863952400381955,0.8739869011313588
missing_fidelity_pairs_pct,40,PHSEA,3,0.8734115829401938,0.849607194170716
missing_fidelity_pairs_pct,40,PHSEA,4,0.8664414267514893,0.8942236132186177
missing_fidelity_pairs_pct,40,PHSEA,5,0.8573373657267808,0.8868852454225549
missing_fidelity_pairs_pct,40,PHSEA,6,0.8651611894323638,0.8866860322588275
missing_fidelity_pairs_pct,40,PHSEA,7,0.8658423020335831,0.8703305584950413
missing_fidelity_pairs_pct,40,PHSEA,8,0.8651125688201621,0.8479970904449559
missing_fidelity_pairs_pct,40,PHSEA,9,0.8745353567470884,0.8824115374347415
missing_fidelity_pairs_pct,40,PHSEA,10,0.8690584077445815,0.8504784950281605
missing_fidelity_pairs_pct,40,PHSEA,11,0.876856506551576,0.871806671873914
missing_fidelity_pairs_pct,40,PHSEA,12,0.8631384049283162,0.8866097345825759
missing_fidelity_pairs_pct,40,PHSEA,13,0.8617903250366379,0.8895696640938421
missing_fidelity_pairs_pct,40,PHSEA,14,0.8806252138419643,0.8887857336244652
missing_fidelity_pairs_pct,40,PHSEA,15,0.868454339721219,0.8891567296610677
missing_fidelity_pairs_pct,40,PHSEA,16,0.8738385150833881,0.8882284789937788
missing_fidelity_pairs_pct,40,PHSEA,17,0.8693117359119826,0.8662538571250111
missing_fidelity_pairs_pct,40,PHSEA,18,0.8657653735616968,0.8601594953211652
missing_fidelity_pairs_pct,40,PHSEA,19,0.8815177780687666,0.8758293319343651
missing_fidelity_pairs_pct,40,PHSEA,20,0.8681956356070667,0.8804258684646278
missing_fidelity_pairs_pct,60,PHSEA,1,0.8505371950286753,0.8396203383099716
missing_fidelity_pairs_pct,60,PHSEA,2,0.8514022772535345,0.835687773760112
missing_fidelity_pairs_pct,60,PHSEA,3,0.8541404707557798,0.8759979215389537
missing_fidelity_pairs_pct,60,PHSEA,4,0.85883102237034,0.8399011085913354
missing_fidelity_pairs_pct,60,PHSEA,5,0.8663853808034314,0.8284388000303861
missing_fidelity_pairs_pct,60,PHSEA,6,0.8513881595618952,0.8594405787903379
missing_fidelity_pairs_pct,60,PHSEA,7,0.8418151085065289,0.8055054649578218
missing_fidelity_pairs_pct,60,PHSEA,8,0.8593663320475587,0.8226878500888173
missing_fidelity_pairs_pct,60,PHSEA,9,0.855511802369545,0.8372029795593592
missing_fidelity_pairs_pct,60,PHSEA,10,0.8681932118013844,0.8368487331401081
missing_fidelity_pairs_pct,60,PHSEA,11,0.8599938239980813,0.8414345140193853
missing_fidelity_pairs_pct,60,PHSEA,12,0.8524187378210578,0.843169478153735
missing_fidelity_pairs_pct,60,PHSEA,13,0.8616881322386939,0.8256127979327642
missing_fidelity_pairs_pct,60,PHSEA,14,0.8618820290990606,0.8039191582653891
missing_fidelity_pairs_pct,60,PHSEA,15,0.8568865319321743,0.8550853513789147
missing_fidelity_pairs_pct,60,PHSEA,16,0.8509906174611143,0.8009377090765508
missing_fidelity_pairs_pct,60,PHSEA,17,0.8427323332785602,0.8537979817016011
missing_fidelity_pairs_pct,60,PHSEA,18,0.8501177373531758,0.8235937684176359
missing_fidelity_pairs_pct,60,PHSEA,19,0.8592835840532852,0.8486784126899822
missing_fidelity_pairs_pct,60,PHSEA,20,0.8554607706524795,0.8295758277937718
missing_fidelity_pairs_pct,0,AS-SMEA,1,0.8927907591131296,0.9415277575030485
missing_fidelity_pairs_pct,0,AS-SMEA,2,0.8830228350466409,0.9552182832339682
missing_fidelity_pairs_pct,0,AS-SMEA,3,0.8816083495137608,0.9304907670425194
missing_fidelity_pairs_pct,0,AS-SMEA,4,0.8811749485004795,0.9213991266886442
missing_fidelity_pairs_pct,0,AS-SMEA,5,0.8865846369357899,0.9343593476935302
missing_fidelity_pairs_pct,0,AS-SMEA,6,0.8901958147721164,0.9364268876670835
missing_fidelity_pairs_pct,0,AS-SMEA,7,0.8844515018332272,0.9341167978177591
missing_fidelity_pairs_pct,0,AS-SMEA,8,0.8833266074624703,0.9343617785571898
missing_fidelity_pairs_pct,0,AS-SMEA,9,0.8749337224586882,0.9402075939270094
missing_fidelity_pairs_pct,0,AS-SMEA,10,0.8833900874272974,0.954159377761935
missing_fidelity_pairs_pct,0,AS-SMEA,11,0.8816665726391253,0.9432008853755491
missing_fidelity_pairs_pct,0,AS-SMEA,12,0.8840788343807319,0.9608957330958892
missing_fidelity_pairs_pct,0,AS-SMEA,13,0.8739976500658198,0.9364869343322703
missing_fidelity_pairs_pct,0,AS-SMEA,14,0.8683013742930432,0.9394197825425721
missing_fidelity_pairs_pct,0,AS-SMEA,15,0.8907848742991881,0.9547364370728953
missing_fidelity_pairs_pct,0,AS-SMEA,16,0.8895805949535955,0.9221786764160551
missing_fidelity_pairs_pct,0,AS-SMEA,17,0.8867515112465352,0.9388528464035907
missing_fidelity_pairs_pct,0,AS-SMEA,18,0.8818627176191337,0.9381982768677679
missing_fidelity_pairs_pct,0,AS-SMEA,19,0.8789825047543888,0.9193280952456331
missing_fidelity_pairs_pct,0,AS-SMEA,20,0.8870870484547194,0.9829827611460575
missing_fidelity_pairs_pct,10,AS-SMEA,1,0.8799785454988004,0.8914941753411487
missing_fidelity_pairs_pct,10,AS-SMEA,2,0.8758850115477815,0.9189918505938502
missing_fidelity_pairs_pct,10,AS-SMEA,3,0.8901196936120892,0.9004007020891334
missing_fidelity_pairs_pct,10,AS-SMEA,4,0.8906113642484857,0.9204078921587998
missing_fidelity_pairs_pct,10,AS-SMEA,5,0.8677929563860511,0.9087479461637457
missing_fidelity_pairs_pct,10,AS-SMEA,6,0.8786053087790097,0.924772884234671
missing_fidelity_pairs_pct,10,AS-SMEA,7,0.880858731543061,0.9237739890514384
missing_fidelity_pairs_pct,10,AS-SMEA,8,0.8820894271738198,0.9216770707896096
missing_fidelity_pairs_pct,10,AS-SMEA,9,0.8655868727714826,0.9221287461359975
missing_fidelity_pairs_pct,10,AS-SMEA,10,0.8887814163278248,0.940371011281123
missing_fidelity_pairs_pct,10,AS-SMEA,11,0.8762429194052501,0.9092642996799881
missing_fidelity_pairs_pct,10,AS-SMEA,12,0.87500838887033,0.9160546712029467
missing_fidelity_pairs_pct,10,AS-SMEA,13,0.8850131127990569,0.9213695526195298
missing_fidelity_pairs_pct,10,AS-SMEA,14,0.8850620539618185,0.9118942721123018
missing_fidelity_pairs_pct,10,AS-SMEA,15,0.8886696408483541,0.9184843214196531
missing_fidelity_pairs_pct,10,AS-SMEA,16,0.8732933057470663,0.9454980255460301
missing_fidelity_pairs_pct,10,AS-SMEA,17,0.8981467099859688,0.9268165965955167
missing_fidelity_pairs_pct,10,AS-SMEA,18,0.8793270329656289,0.9271984871091763
missing_fidelity_pairs_pct,10,AS-SMEA,19,0.880502088174661,0.9125736996738075
missing_fidelity_pairs_pct,10,AS-SMEA,20,0.885319965432885,0.918191959111913
missing_fidelity_pairs_pct,25,AS-SMEA,1,0.8713490000260271,0.9267655458089317
missing_fidelity_pairs_pct,25,AS-SMEA,2,0.8791108167782583,0.8966735862527002
missing_fidelity_pairs_pct,25,AS-SMEA,3,0.8739108295443889,0.8847003459488854
missing_fidelity_pairs_pct,25,AS-SMEA,4,0.8626045107018997,0.9157444726484565
missing_fidelity_pairs_pct,25,AS-SMEA,5,0.8718023603385509,0.8902127948334567
missing_fidelity_pairs_pct,25,AS-SMEA,6,0.8721868714956315,0.9052593968608194
missing_fidelity_pairs_pct,25,AS-SMEA,7,0.8725415873113953,0.8890347292639529
missing_fidelity_pairs_pct,25,AS-SMEA,8,0.8714825743036643,0.9060924732403649
missing_fidelity_pairs_pct,25,AS-SMEA,9,0.8788315443930454,0.8992627180120802
missing_fidelity_pairs_pct,25,AS-SMEA,10,0.8816802259353869,0.8824234765138588
missing_fidelity_pairs_pct,25,AS-SMEA,11,0.8692881097357249,0.8867269397806568
missing_fidelity_pairs_pct,25,AS-SMEA,12,0.875218530451187,0.8984119040105214
missing_fidelity_pairs_pct,25,AS-SMEA,13,0.890315674322704,0.9095886563604759
missing_fidelity_pairs_pct,25,AS-SMEA,14,0.8629448315807698,0.865939016976949
missing_fidelity_pairs_pct,25,AS-SMEA,15,0.8714610650763042,0.8858337664835536
missing_fidelity_pairs_pct,25,AS-SMEA,16,0.8644738827108396,0.8895386624660482
missing_fidelity_pairs_pct,25,AS-SMEA,17,0.8699359057803092,0.9269975016221337
missing_fidelity_pairs_pct,25,AS-SMEA,18,0.8764534573426837,0.905346040238555
missing_fidelity_pairs_pct,25,AS-SMEA,19,0.874084733735439,0.899516467809489
missing_fidelity_pairs_pct,25,AS-SMEA,20,0.8650087937641311,0.9083282689948502
missing_fidelity_pairs_pct,40,AS-SMEA,1,0.872977958241934,0.8681451799102532
missing_fidelity_pairs_pct,40,AS-SMEA,2,0.8672159830742612,0.8719410887517416
missing_fidelity_pairs_pct,40,AS-SMEA,3,0.8690770310266245,0.8656394569093078
missing_fidelity_pairs_pct,40,AS-SMEA,4,0.8675943520179764,0.8841139983054721
missing_fidelity_pairs_pct,40,AS-SMEA,5,0.8749621896286035,0.8624203441070654
missing_fidelity_pairs_pct,40,AS-SMEA,6,0.8558234358479602,0.8633607291116193
missing_fidelity_pairs_pct,40,AS-SMEA,7,0.8729156483826142,0.8655510689453411
missing_fidelity_pairs_pct,40,AS-SMEA,8,0.857533219507738,0.8500143969610165
missing_fidelity_pairs_pct,40,AS-SMEA,9,0.8574827037686644,0.9014552195097699
missing_fidelity_pairs_pct,40,AS-SMEA,10,0.87121234992097,0.863061590218478
missing_fidelity_pairs_pct,40,AS-SMEA,11,0.8638078090647343,0.8826660140532754
missing_fidelity_pairs_pct,40,AS-SMEA,12,0.8698493360405888,0.8625556117710347
missing_fidelity_pairs_pct,40,AS-SMEA,13,0.8578584239094933,0.8545957777971593
missing_fidelity_pairs_pct,40,AS-SMEA,14,0.8676919423841998,0.8763339884798246
missing_fidelity_pairs_pct,40,AS-SMEA,15,0.8609125679902184,0.8669667176755873
missing_fidelity_pairs_pct,40,AS-SMEA,16,0.8755388714135314,0.8811945881801454
missing_fidelity_pairs_pct,40,AS-SMEA,17,0.8786135694924021,0.8771593250293299
missing_fidelity_pairs_pct,40,AS-SMEA,18,0.8664478135564291,0.8506521513681816
missing_fidelity_pairs_pct,40,AS-SMEA,19,0.873680038371136,0.8907610429647564
missing_fidelity_pairs_pct,40,AS-SMEA,20,0.8568342265370456,0.8795027225739033
missing_fidelity_pairs_pct,60,AS-SMEA,1,0.8446374289514533,0.8336265637323597
missing_fidelity_pairs_pct,60,AS-SMEA,2,0.8513428930330531,0.8340089626599982
missing_fidelity_pairs_pct,60,AS-SMEA,3,0.8496917150180893,0.8521441478265469
missing_fidelity_pairs_pct,60,AS-SMEA,4,0.8421100500498226,0.8460928106347788
missing_fidelity_pairs_pct,60,AS-SMEA,5,0.8597514866852193,0.8460482056532727
missing_fidelity_pairs_pct,60,AS-SMEA,6,0.8475848167842209,0.8266327294494326
missing_fidelity_pairs_pct,60,AS-SMEA,7,0.8429054787659935,0.845052553712678
missing_fidelity_pairs_pct,60,AS-SMEA,8,0.8546283838715218,0.855325471192991
missing_fidelity_pairs_pct,60,AS-SMEA,9,0.8523643362148934,0.8449785565182126
missing_fidelity_pairs_pct,60,AS-SMEA,10,0.8448309922799349,0.8309393843080185
missing_fidelity_pairs_pct,60,AS-SMEA,11,0.8620191669937183,0.8469329544163912
missing_fidelity_pairs_pct,60,AS-SMEA,12,0.849042071276024,0.849630333466744
missing_fidelity_pairs_pct,60,AS-SMEA,13,0.8546895326596111,0.8493161088161761
missing_fidelity_pairs_pct,60,AS-SMEA,14,0.8459134400170432,0.8236300065879235
missing_fidelity_pairs_pct,60,AS-SMEA,15,0.8460100513797537,0.8191057569749753
missing_fidelity_pairs_pct,60,AS-SMEA,16,0.8532420997276371,0.8031309689701027
missing_fidelity_pairs_pct,60,AS-SMEA,17,0.8532091367733547,0.8323483106361452
missing_fidelity_pairs_pct,60,AS-SMEA,18,0.8535929387892456,0.8479341550786039
missing_fidelity_pairs_pct,60,AS-SMEA,19,0.8476010193556974,0.8277216768318357
missing_fidelity_pairs_pct,60,AS-SMEA,20,0.8412809031861437,0.8482172543451264
HF_solver_failure_pct,0,Frank-WT MF-PIRN,1,0.9262815153523655,0.9448021528949281
HF_solver_failure_pct,0,Frank-WT MF-PIRN,2,0.9279953415016072,0.9329604951182503
HF_solver_failure_pct,0,Frank-WT MF-PIRN,3,0.9298632537436846,0.9174137575723086
HF_solver_failure_pct,0,Frank-WT MF-PIRN,4,0.9204733754010046,0.9300912104997355
HF_solver_failure_pct,0,Frank-WT MF-PIRN,5,0.9272433912058101,0.9348873987478845
HF_solver_failure_pct,0,Frank-WT MF-PIRN,6,0.930559245583207,0.9517171725845377
HF_solver_failure_pct,0,Frank-WT MF-PIRN,7,0.9299205601940983,0.9441548399185609
HF_solver_failure_pct,0,Frank-WT MF-PIRN,8,0.9295539984993058,0.9425637704263347
HF_solver_failure_pct,0,Frank-WT MF-PIRN,9,0.9445660607153495,0.9449042668412418
HF_solver_failure_pct,0,Frank-WT MF-PIRN,10,0.9373044537613687,0.9260380757813741
HF_solver_failure_pct,0,Frank-WT MF-PIRN,11,0.928439899204779,0.9481345151961156
HF_solver_failure_pct,0,Frank-WT MF-PIRN,12,0.9271888497815767,0.9194185923249443
HF_solver_failure_pct,0,Frank-WT MF-PIRN,13,0.9304636902460578,0.9357895687034278
HF_solver_failure_pct,0,Frank-WT MF-PIRN,14,0.9269796045838203,0.9372270188632861
HF_solver_failure_pct,0,Frank-WT MF-PIRN,15,0.929153006619034,0.9597386496050946
HF_solver_failure_pct,0,Frank-WT MF-PIRN,16,0.9336132683896873,0.952715970291587
HF_solver_failure_pct,0,Frank-WT MF-PIRN,17,0.9271973419124849,0.9465670041400283
HF_solver_failure_pct,0,Frank-WT MF-PIRN,18,0.9395070689519214,0.940090792554969
HF_solver_failure_pct,0,Frank-WT MF-PIRN,19,0.9245522878697237,0.9255166184481343
HF_solver_failure_pct,0,Frank-WT MF-PIRN,20,0.9296428906697632,0.9478245712785652
HF_solver_failure_pct,5,Frank-WT MF-PIRN,1,0.9330750388258459,0.9274270758276948
HF_solver_failure_pct,5,Frank-WT MF-PIRN,2,0.9219883620946454,0.933409064231112
HF_solver_failure_pct,5,Frank-WT MF-PIRN,3,0.9307124325883022,0.9435125458114553
HF_solver_failure_pct,5,Frank-WT MF-PIRN,4,0.9304860185785452,0.9289969238888723
HF_solver_failure_pct,5,Frank-WT MF-PIRN,5,0.9258668491374774,0.9245419808236357
HF_solver_failure_pct,5,Frank-WT MF-PIRN,6,0.9286976018022686,0.9277369904851629
HF_solver_failure_pct,5,Frank-WT MF-PIRN,7,0.9219267259276885,0.912199365293757
HF_solver_failure_pct,5,Frank-WT MF-PIRN,8,0.9331053745209744,0.9070703490518565
HF_solver_failure_pct,5,Frank-WT MF-PIRN,9,0.9216762673416425,0.9379599589516084
HF_solver_failure_pct,5,Frank-WT MF-PIRN,10,0.9276865306609947,0.8989925485490984
HF_solver_failure_pct,5,Frank-WT MF-PIRN,11,0.9279720108898989,0.9093806986406135
HF_solver_failure_pct,5,Frank-WT MF-PIRN,12,0.9173045651713847,0.9092640585008598
HF_solver_failure_pct,5,Frank-WT MF-PIRN,13,0.9258281303601598,0.9329451716513656
HF_solver_failure_pct,5,Frank-WT MF-PIRN,14,0.9392784374651473,0.9100657699035206
HF_solver_failure_pct,5,Frank-WT MF-PIRN,15,0.9365376923807416,0.9308158047804083
HF_solver_failure_pct,5,Frank-WT MF-PIRN,16,0.9282540305665137,0.9023563345654317
HF_solver_failure_pct,5,Frank-WT MF-PIRN,17,0.930573894195329,0.9326517064142014
HF_solver_failure_pct,5,Frank-WT MF-PIRN,18,0.9201287319102119,0.9087615053628765
HF_solver_failure_pct,5,Frank-WT MF-PIRN,19,0.9302862823793552,0.9218957845956183
HF_solver_failure_pct,5,Frank-WT MF-PIRN,20,0.9283600059161486,0.9007653206132978
HF_solver_failure_pct,10,Frank-WT MF-PIRN,1,0.9162235241008032,0.910837879419047
HF_solver_failure_pct,10,Frank-WT MF-PIRN,2,0.9038748933680857,0.93712417124808
HF_solver_failure_pct,10,Frank-WT MF-PIRN,3,0.9258844107935387,0.8984204202269523
HF_solver_failure_pct,10,Frank-WT MF-PIRN,4,0.9157419180374498,0.9159482320470553
HF_solver_failure_pct,10,Frank-WT MF-PIRN,5,0.9156047450090279,0.9318583306772755
HF_solver_failure_pct,10,Frank-WT MF-PIRN,6,0.9103105202979015,0.876624355342295
HF_solver_failure_pct,10,Frank-WT MF-PIRN,7,0.9190543449343582,0.9278412619335433
HF_solver_failure_pct,10,Frank-WT MF-PIRN,8,0.9213467388055467,0.9101592479782509
HF_solver_failure_pct,10,Frank-WT MF-PIRN,9,0.92276305208776,0.9045843501514396
HF_solver_failure_pct,10,Frank-WT MF-PIRN,10,0.9247530574046099,0.889584069070979
HF_solver_failure_pct,10,Frank-WT MF-PIRN,11,0.9215597577326219,0.9179736522352021
HF_solver_failure_pct,10,Frank-WT MF-PIRN,12,0.9173526710346153,0.8900886422597983
HF_solver_failure_pct,10,Frank-WT MF-PIRN,13,0.9156932596332207,0.9143881180808413
HF_solver_failure_pct,10,Frank-WT MF-PIRN,14,0.9202504510017339,0.9047181266353802
HF_solver_failure_pct,10,Frank-WT MF-PIRN,15,0.9195139807054921,0.9143262122447262
HF_solver_failure_pct,10,Frank-WT MF-PIRN,16,0.9123853815993843,0.8898987492271087
HF_solver_failure_pct,10,Frank-WT MF-PIRN,17,0.9148600881683074,0.9076684813262347
HF_solver_failure_pct,10,Frank-WT MF-PIRN,18,0.9040829484099848,0.9178176513302508
HF_solver_failure_pct,10,Frank-WT MF-PIRN,19,0.9219157830721176,0.896767256115082
HF_solver_failure_pct,10,Frank-WT MF-PIRN,20,0.9302749691947142,0.9222149724988263
HF_solver_failure_pct,15,Frank-WT MF-PIRN,1,0.9066610754007914,0.8599959252548107
HF_solver_failure_pct,15,Frank-WT MF-PIRN,2,0.9064333676840247,0.8919849253747392
HF_solver_failure_pct,15,Frank-WT MF-PIRN,3,0.9053202474888193,0.8803653107696549
HF_solver_failure_pct,15,Frank-WT MF-PIRN,4,0.9193160631271379,0.8685995588107522
HF_solver_failure_pct,15,Frank-WT MF-PIRN,5,0.9119368435515268,0.8854815527786454
HF_solver_failure_pct,15,Frank-WT MF-PIRN,6,0.9177719559906,0.8880793456923199
HF_solver_failure_pct,15,Frank-WT MF-PIRN,7,0.9115230640812366,0.8911299284556736
HF_solver_failure_pct,15,Frank-WT MF-PIRN,8,0.9094145859847844,0.8955765748258719
HF_solver_failure_pct,15,Frank-WT MF-PIRN,9,0.9035275472919146,0.8999947608557772
HF_solver_failure_pct,15,Frank-WT MF-PIRN,10,0.9068372694199074,0.8887329553044532
HF_solver_failure_pct,15,Frank-WT MF-PIRN,11,0.9075161969828375,0.8625082232984846
HF_solver_failure_pct,15,Frank-WT MF-PIRN,12,0.9204871594650627,0.8889170129086194
HF_solver_failure_pct,15,Frank-WT MF-PIRN,13,0.9099440377793562,0.9064596590814856
HF_solver_failure_pct,15,Frank-WT MF-PIRN,14,0.9149717915452109,0.8894387109780314
HF_solver_failure_pct,15,Frank-WT MF-PIRN,15,0.9006162824505466,0.8987065408863742
HF_solver_failure_pct,15,Frank-WT MF-PIRN,16,0.9074958268533466,0.897024835883883
HF_solver_failure_pct,15,Frank-WT MF-PIRN,17,0.9167983762401786,0.9052995441065603
HF_solver_failure_pct,15,Frank-WT MF-PIRN,18,0.9112242855089298,0.8708601606577527
HF_solver_failure_pct,15,Frank-WT MF-PIRN,19,0.9124215386239195,0.8879380832312892
HF_solver_failure_pct,15,Frank-WT MF-PIRN,20,0.9231700837176712,0.8931778298547276
HF_solver_failure_pct,20,Frank-WT MF-PIRN,1,0.9121464468094465,0.8730403347940006
HF_solver_failure_pct,20,Frank-WT MF-PIRN,2,0.9056843719350001,0.8594478422817972
HF_solver_failure_pct,20,Frank-WT MF-PIRN,3,0.90467928494382,0.8896833315819554
HF_solver_failure_pct,20,Frank-WT MF-PIRN,4,0.894554978451554,0.8607116847133465
HF_solver_failure_pct,20,Frank-WT MF-PIRN,5,0.8958804922045182,0.827207471584698
HF_solver_failure_pct,20,Frank-WT MF-PIRN,6,0.9132483492955833,0.8838462036138607
HF_solver_failure_pct,20,Frank-WT MF-PIRN,7,0.8924178167225411,0.8535359893110513
HF_solver_failure_pct,20,Frank-WT MF-PIRN,8,0.9038309883454821,0.867772169171455
HF_solver_failure_pct,20,Frank-WT MF-PIRN,9,0.9043827986932174,0.8754152914276112
HF_solver_failure_pct,20,Frank-WT MF-PIRN,10,0.9140708567450523,0.8851644126807328
HF_solver_failure_pct,20,Frank-WT MF-PIRN,11,0.9126623902235079,0.864779149328235
HF_solver_failure_pct,20,Frank-WT MF-PIRN,12,0.9075689896972235,0.8645123050967835
HF_solver_failure_pct,20,Frank-WT MF-PIRN,13,0.8999497063837278,0.8890585435554583
HF_solver_failure_pct,20,Frank-WT MF-PIRN,14,0.9046436209046856,0.8833454751253847
HF_solver_failure_pct,20,Frank-WT MF-PIRN,15,0.9058922135694658,0.8697850138114707
HF_solver_failure_pct,20,Frank-WT MF-PIRN,16,0.9002193362844498,0.8796609445038907
HF_solver_failure_pct,20,Frank-WT MF-PIRN,17,0.8892766050573777,0.8777853721567623
HF_solver_failure_pct,20,Frank-WT MF-PIRN,18,0.8896514987413334,0.8606724531878506
HF_solver_failure_pct,20,Frank-WT MF-PIRN,19,0.905953325029796,0.8802509264795461
HF_solver_failure_pct,20,Frank-WT MF-PIRN,20,0.9020540083785819,0.8830300530425677
HF_solver_failure_pct,0,MF-HVKG,1,0.904422727642477,0.9258804604913993
HF_solver_failure_pct,0,MF-HVKG,2,0.8920290362186052,0.9654593311324963
HF_solver_failure_pct,0,MF-HVKG,3,0.9020396363187775,0.9426466882128437
HF_solver_failure_pct,0,MF-HVKG,4,0.904800750049119,0.9344510948373728
HF_solver_failure_pct,0,MF-HVKG,5,0.8987454462606792,0.9441262193131527
HF_solver_failure_pct,0,MF-HVKG,6,0.889286924944499,0.9241336591349075
HF_solver_failure_pct,0,MF-HVKG,7,0.897213858266113,0.9232513153609235
HF_solver_failure_pct,0,MF-HVKG,8,0.8993030353832908,0.9611421272989238
HF_solver_failure_pct,0,MF-HVKG,9,0.9028327933633363,0.937005632856645
HF_solver_failure_pct,0,MF-HVKG,10,0.9030127529052606,0.9354478471702395
HF_solver_failure_pct,0,MF-HVKG,11,0.9043097594962585,0.9362994229553099
HF_solver_failure_pct,0,MF-HVKG,12,0.9047541189764655,0.9493915472229182
HF_solver_failure_pct,0,MF-HVKG,13,0.8962615970438453,0.9494847836737652
HF_solver_failure_pct,0,MF-HVKG,14,0.9071965577413121,0.942262142741591
HF_solver_failure_pct,0,MF-HVKG,15,0.8928712551286553,0.9407403162653076
HF_solver_failure_pct,0,MF-HVKG,16,0.8991027847277149,0.9412306126487326
HF_solver_failure_pct,0,MF-HVKG,17,0.899839706154051,0.9522014548424298
HF_solver_failure_pct,0,MF-HVKG,18,0.9151447338584555,0.9587483672797221
HF_solver_failure_pct,0,MF-HVKG,19,0.8970484746281889,0.9487854489694575
HF_solver_failure_pct,0,MF-HVKG,20,0.9040452467134076,0.9346283407729484
HF_solver_failure_pct,5,MF-HVKG,1,0.8848146991051193,0.9247814854635882
HF_solver_failure_pct,5,MF-HVKG,2,0.8994629845810584,0.9105272208570501
HF_solver_failure_pct,5,MF-HVKG,3,0.8983671113028304,0.9225435685805503
HF_solver_failure_pct,5,MF-HVKG,4,0.891411224519243,0.9335014135296683
HF_solver_failure_pct,5,MF-HVKG,5,0.8978541034140967,0.9313641542130366
HF_solver_failure_pct,5,MF-HVKG,6,0.8947566731122084,0.9441060818460443
HF_solver_failure_pct,5,MF-HVKG,7,0.8926351383734472,0.9186961360991235
HF_solver_failure_pct,5,MF-HVKG,8,0.8939136536184648,0.8772818590065135
HF_solver_failure_pct,5,MF-HVKG,9,0.888135490162595,0.8851006073427039
HF_solver_failure_pct,5,MF-HVKG,10,0.8892801412589645,0.9159259481784547
HF_solver_failure_pct,5,MF-HVKG,11,0.8968643592759996,0.9195360439414181
HF_solver_failure_pct,5,MF-HVKG,12,0.903252994078716,0.907246168781466
HF_solver_failure_pct,5,MF-HVKG,13,0.899552728930445,0.9150158500960286
HF_solver_failure_pct,5,MF-HVKG,14,0.8887433647848063,0.9246279421157108
HF_solver_failure_pct,5,MF-HVKG,15,0.8895572651630382,0.9117904963388125
HF_solver_failure_pct,5,MF-HVKG,16,0.8944763118112802,0.9161342490682096
HF_solver_failure_pct,5,MF-HVKG,17,0.8992504444698763,0.9585534598250154
HF_solver_failure_pct,5,MF-HVKG,18,0.8981426594765827,0.9344581973214362
HF_solver_failure_pct,5,MF-HVKG,19,0.8979874846865774,0.9445583781568333
HF_solver_failure_pct,5,MF-HVKG,20,0.90346036454847,0.8825316138483357
HF_solver_failure_pct,10,MF-HVKG,1,0.8813745300948694,0.8745867547174337
HF_solver_failure_pct,10,MF-HVKG,2,0.8836998991149939,0.911786932729233
HF_solver_failure_pct,10,MF-HVKG,3,0.8784186195114573,0.9127735457032068
HF_solver_failure_pct,10,MF-HVKG,4,0.8929906007930081,0.8919473482293966
HF_solver_failure_pct,10,MF-HVKG,5,0.8866003267217227,0.8879235778077813
HF_solver_failure_pct,10,MF-HVKG,6,0.8834288851026776,0.881812617418981
HF_solver_failure_pct,10,MF-HVKG,7,0.8860010163653802,0.8842392891879706
HF_solver_failure_pct,10,MF-HVKG,8,0.8956574976102581,0.8931171791317565
HF_solver_failure_pct,10,MF-HVKG,9,0.8894002921091431,0.8744341608908323
HF_solver_failure_pct,10,MF-HVKG,10,0.889659408387649,0.8657140621351577
HF_solver_failure_pct,10,MF-HVKG,11,0.8931159254286211,0.8827944852208662
HF_solver_failure_pct,10,MF-HVKG,12,0.8817136391225481,0.9070354968819546
HF_solver_failure_pct,10,MF-HVKG,13,0.8959900657662309,0.8787297681098794
HF_solver_failure_pct,10,MF-HVKG,14,0.8844255339741287,0.8700158792304055
HF_solver_failure_pct,10,MF-HVKG,15,0.8946955582917544,0.913911294307145
HF_solver_failure_pct,10,MF-HVKG,16,0.8877240984973748,0.9078892641368553
HF_solver_failure_pct,10,MF-HVKG,17,0.8854888955425559,0.8944100210768613
HF_solver_failure_pct,10,MF-HVKG,18,0.8854876121664557,0.8796965714598523
HF_solver_failure_pct,10,MF-HVKG,19,0.8838456675166925,0.8933827145258847
HF_solver_failure_pct,10,MF-HVKG,20,0.8804900542890446,0.8976338756738748
HF_solver_failure_pct,15,MF-HVKG,1,0.8737869954924515,0.8609023208608989
HF_solver_failure_pct,15,MF-HVKG,2,0.8730319028592877,0.8691043494524058
HF_solver_failure_pct,15,MF-HVKG,3,0.873449460426547,0.8959664685543219
HF_solver_failure_pct,15,MF-HVKG,4,0.8819598010622612,0.8763282704951955
HF_solver_failure_pct,15,MF-HVKG,5,0.8732605230735556,0.8708660584492967
HF_solver_failure_pct,15,MF-HVKG,6,0.878775159648316,0.8676130666236148
HF_solver_failure_pct,15,MF-HVKG,7,0.8691253416534771,0.8754582639260153
HF_solver_failure_pct,15,MF-HVKG,8,0.8786038420023329,0.8719675355732001
HF_solver_failure_pct,15,MF-HVKG,9,0.867071777210488,0.8738537309347059
HF_solver_failure_pct,15,MF-HVKG,10,0.8735085790456709,0.861400218424754
HF_solver_failure_pct,15,MF-HVKG,11,0.8756644317376758,0.8444082449904681
HF_solver_failure_pct,15,MF-HVKG,12,0.8742275573810638,0.8501783272460968
HF_solver_failure_pct,15,MF-HVKG,13,0.8910812574540812,0.8647361264167712
HF_solver_failure_pct,15,MF-HVKG,14,0.8762251371372506,0.8655011350343735
HF_solver_failure_pct,15,MF-HVKG,15,0.8789705800073139,0.8605251092142734
HF_solver_failure_pct,15,MF-HVKG,16,0.8782289011851734,0.8573221834310542
HF_solver_failure_pct,15,MF-HVKG,17,0.8799081908669553,0.8514238709604603
HF_solver_failure_pct,15,MF-HVKG,18,0.8774980911033256,0.8664220633066504
HF_solver_failure_pct,15,MF-HVKG,19,0.8868242492456635,0.856162633920004
HF_solver_failure_pct,15,MF-HVKG,20,0.8789942896561661,0.8410047001664733
HF_solver_failure_pct,20,MF-HVKG,1,0.864584879869479,0.8187009953271608
HF_solver_failure_pct,20,MF-HVKG,2,0.863309554180781,0.8642219679297715
HF_solver_failure_pct,20,MF-HVKG,3,0.8642608097066263,0.8289078755127492
HF_solver_failure_pct,20,MF-HVKG,4,0.8656464439292826,0.8316614266531306
HF_solver_failure_pct,20,MF-HVKG,5,0.8661990051998767,0.8259125224383289
HF_solver_failure_pct,20,MF-HVKG,6,0.8698336198940042,0.8230298939375856
HF_solver_failure_pct,20,MF-HVKG,7,0.8657176813454075,0.8258023328388738
HF_solver_failure_pct,20,MF-HVKG,8,0.869743815266358,0.8278991534589701
HF_solver_failure_pct,20,MF-HVKG,9,0.8698779432043255,0.8453056117083962
HF_solver_failure_pct,20,MF-HVKG,10,0.8593027300169955,0.8378526200746794
HF_solver_failure_pct,20,MF-HVKG,11,0.8606213388406247,0.8469435844388438
HF_solver_failure_pct,20,MF-HVKG,12,0.8621136883381201,0.8418611782975748
HF_solver_failure_pct,20,MF-HVKG,13,0.8629775996533771,0.8345166531583705
HF_solver_failure_pct,20,MF-HVKG,14,0.8700104541292774,0.8177666776773002
HF_solver_failure_pct,20,MF-HVKG,15,0.8703987177584449,0.8202690208873163
HF_solver_failure_pct,20,MF-HVKG,16,0.87691033425964,0.8220170071238322
HF_solver_failure_pct,20,MF-HVKG,17,0.8632112847628776,0.8430033066349658
HF_solver_failure_pct,20,MF-HVKG,18,0.8666054330262455,0.8202257946817162
HF_solver_failure_pct,20,MF-HVKG,19,0.8510784791689086,0.8407970921040943
HF_solver_failure_pct,20,MF-HVKG,20,0.8764850183818853,0.836915660024641
HF_solver_failure_pct,0,qLogNEHVI,1,0.9018021962997371,0.9293755511015502
HF_solver_failure_pct,0,qLogNEHVI,2,0.8943140713446742,0.9183734295581034
HF_solver_failure_pct,0,qLogNEHVI,3,0.9060666446801046,0.9539103847511846
HF_solver_failure_pct,0,qLogNEHVI,4,0.8917777091501234,0.9217333221461168
HF_solver_failure_pct,0,qLogNEHVI,5,0.9037133927636491,0.9390665253080575
HF_solver_failure_pct,0,qLogNEHVI,6,0.8951092969173517,0.9267347150191542
HF_solver_failure_pct,0,qLogNEHVI,7,0.8907091878608602,0.9265214937052105
HF_solver_failure_pct,0,qLogNEHVI,8,0.89950013621286,0.9087312199618189
HF_solver_failure_pct,0,qLogNEHVI,9,0.8888211343212082,0.9454462248127274
HF_solver_failure_pct,0,qLogNEHVI,10,0.889053601836474,0.9420855714487723
HF_solver_failure_pct,0,qLogNEHVI,11,0.8971210360358373,0.9264178116689342
HF_solver_failure_pct,0,qLogNEHVI,12,0.8953978779993359,0.9573374974909854
HF_solver_failure_pct,0,qLogNEHVI,13,0.8984003776316706,0.9266140357491554
HF_solver_failure_pct,0,qLogNEHVI,14,0.8942398148643412,0.9475320947127122
HF_solver_failure_pct,0,qLogNEHVI,15,0.8890407308048334,0.9149755657693539
HF_solver_failure_pct,0,qLogNEHVI,16,0.8988039970923548,0.9434545551348132
HF_solver_failure_pct,0,qLogNEHVI,17,0.8872510638011919,0.9557430734467721
HF_solver_failure_pct,0,qLogNEHVI,18,0.8976621361325182,0.9632110667087127
HF_solver_failure_pct,0,qLogNEHVI,19,0.8882869722892569,0.9218444015192458
HF_solver_failure_pct,0,qLogNEHVI,20,0.8973535017409388,0.9272620838545577
HF_solver_failure_pct,5,qLogNEHVI,1,0.8869929773370049,0.921115924102055
HF_solver_failure_pct,5,qLogNEHVI,2,0.8820577431322946,0.9214629956053475
HF_solver_failure_pct,5,qLogNEHVI,3,0.8863918477269983,0.91599589304118
HF_solver_failure_pct,5,qLogNEHVI,4,0.8841063422434955,0.894538233712632
HF_solver_failure_pct,5,qLogNEHVI,5,0.8933477115509794,0.9271779782332971
HF_solver_failure_pct,5,qLogNEHVI,6,0.8961248561653619,0.9035626531623471
HF_solver_failure_pct,5,qLogNEHVI,7,0.8928906677718366,0.9354134761520436
HF_solver_failure_pct,5,qLogNEHVI,8,0.8930338360572084,0.9172908855472663
HF_solver_failure_pct,5,qLogNEHVI,9,0.8820526810307331,0.9128009066979751
HF_solver_failure_pct,5,qLogNEHVI,10,0.8866386759184086,0.9052733987659413
HF_solver_failure_pct,5,qLogNEHVI,11,0.8903078852871128,0.9131242721360491
HF_solver_failure_pct,5,qLogNEHVI,12,0.8939197531167095,0.9308877113110631
HF_solver_failure_pct,5,qLogNEHVI,13,0.8743540469932695,0.9487089770543746
HF_solver_failure_pct,5,qLogNEHVI,14,0.8845665063889719,0.9132655093871277
HF_solver_failure_pct,5,qLogNEHVI,15,0.8889788029048239,0.9045221331488058
HF_solver_failure_pct,5,qLogNEHVI,16,0.8930467329572347,0.9088092898423438
HF_solver_failure_pct,5,qLogNEHVI,17,0.8975418375900212,0.9283709373281587
HF_solver_failure_pct,5,qLogNEHVI,18,0.8911425758012035,0.9321704594298487
HF_solver_failure_pct,5,qLogNEHVI,19,0.8919979294440679,0.9036734193281584
HF_solver_failure_pct,5,qLogNEHVI,20,0.8883997117016352,0.9114563475964078
HF_solver_failure_pct,10,qLogNEHVI,1,0.8749909747784446,0.9022203937767388
HF_solver_failure_pct,10,qLogNEHVI,2,0.8873747755868414,0.8851255506309006
HF_solver_failure_pct,10,qLogNEHVI,3,0.8675800392106818,0.8737739126731007
HF_solver_failure_pct,10,qLogNEHVI,4,0.8714718098039774,0.8469292792339165
HF_solver_failure_pct,10,qLogNEHVI,5,0.8848308997291866,0.884908089846983
HF_solver_failure_pct,10,qLogNEHVI,6,0.8853099462190076,0.8635842840543757
HF_solver_failure_pct,10,qLogNEHVI,7,0.8782868235187902,0.9015812606401215
HF_solver_failure_pct,10,qLogNEHVI,8,0.8766217153791426,0.8696445441453011
HF_solver_failure_pct,10,qLogNEHVI,9,0.8852473962601084,0.8922911658055496
HF_solver_failure_pct,10,qLogNEHVI,10,0.886378471033386,0.8837708760153269
HF_solver_failure_pct,10,qLogNEHVI,11,0.879089278110533,0.8805035820432456
HF_solver_failure_pct,10,qLogNEHVI,12,0.8654211255531089,0.8936543832642411
HF_solver_failure_pct,10,qLogNEHVI,13,0.8789622429747378,0.8828456728521037
HF_solver_failure_pct,10,qLogNEHVI,14,0.8809647238804393,0.8649853313788199
HF_solver_failure_pct,10,qLogNEHVI,15,0.8732871206978962,0.8881068800152051
HF_solver_failure_pct,10,qLogNEHVI,16,0.883489260644945,0.8808706260409969
HF_solver_failure_pct,10,qLogNEHVI,17,0.8758904404467471,0.8912912010410979
HF_solver_failure_pct,10,qLogNEHVI,18,0.878750282176429,0.8848335003635227
HF_solver_failure_pct,10,qLogNEHVI,19,0.8829491807015606,0.9022038560898167
HF_solver_failure_pct,10,qLogNEHVI,20,0.8837795519025855,0.8730189262248905
HF_solver_failure_pct,15,qLogNEHVI,1,0.8704173305425189,0.8616572348437408
HF_solver_failure_pct,15,qLogNEHVI,2,0.8721930101592605,0.8874997264213517
HF_solver_failure_pct,15,qLogNEHVI,3,0.8722373110534182,0.8393913958475493
HF_solver_failure_pct,15,qLogNEHVI,4,0.8658562938169263,0.8694391120780712
HF_solver_failure_pct,15,qLogNEHVI,5,0.8697575487357834,0.8360268612827503
HF_solver_failure_pct,15,qLogNEHVI,6,0.8729238813173323,0.8395134570061488
HF_solver_failure_pct,15,qLogNEHVI,7,0.8567103491502523,0.8573726102302738
HF_solver_failure_pct,15,qLogNEHVI,8,0.8674323558095703,0.8677234971923781
HF_solver_failure_pct,15,qLogNEHVI,9,0.867225361073811,0.8617161975288218
HF_solver_failure_pct,15,qLogNEHVI,10,0.8749834372460606,0.8504592694145707
HF_solver_failure_pct,15,qLogNEHVI,11,0.8649686539992043,0.8563129431569437
HF_solver_failure_pct,15,qLogNEHVI,12,0.8715316784527612,0.8575693279776347
HF_solver_failure_pct,15,qLogNEHVI,13,0.8655228020493285,0.8700997367282554
HF_solver_failure_pct,15,qLogNEHVI,14,0.8724004722471383,0.8298222837185608
HF_solver_failure_pct,15,qLogNEHVI,15,0.8690843298039894,0.8779830439945071
HF_solver_failure_pct,15,qLogNEHVI,16,0.8656315821629457,0.8636862922326063
HF_solver_failure_pct,15,qLogNEHVI,17,0.8741722937844494,0.8422559121843515
HF_solver_failure_pct,15,qLogNEHVI,18,0.8608394026095655,0.8811035202838456
HF_solver_failure_pct,15,qLogNEHVI,19,0.8740254932963629,0.8721900435370216
HF_solver_failure_pct,15,qLogNEHVI,20,0.8756932226306449,0.8456584942679204
HF_solver_failure_pct,20,qLogNEHVI,1,0.8568735759486835,0.8667369203426929
HF_solver_failure_pct,20,qLogNEHVI,2,0.8568681231780356,0.8448598288721794
HF_solver_failure_pct,20,qLogNEHVI,3,0.8445642767784849,0.8503478779137159
HF_solver_failure_pct,20,qLogNEHVI,4,0.8547466071350163,0.8303533162650841
HF_solver_failure_pct,20,qLogNEHVI,5,0.8570692302770865,0.8567078542079818
HF_solver_failure_pct,20,qLogNEHVI,6,0.8498854627229522,0.83339631472822
HF_solver_failure_pct,20,qLogNEHVI,7,0.85692477539215,0.8311622153962336
HF_solver_failure_pct,20,qLogNEHVI,8,0.8637062813066673,0.8498040352263784
HF_solver_failure_pct,20,qLogNEHVI,9,0.8486059472188007,0.8248403252205181
HF_solver_failure_pct,20,qLogNEHVI,10,0.8619377414482974,0.8599567226220172
HF_solver_failure_pct,20,qLogNEHVI,11,0.8631871204145485,0.8622936338921181
HF_solver_failure_pct,20,qLogNEHVI,12,0.8460094568481676,0.8143293161167624
HF_solver_failure_pct,20,qLogNEHVI,13,0.8446737668249971,0.8383626234987507
HF_solver_failure_pct,20,qLogNEHVI,14,0.8625384898487481,0.8075237914036021
HF_solver_failure_pct,20,qLogNEHVI,15,0.8638958988097762,0.8327109495714873
HF_solver_failure_pct,20,qLogNEHVI,16,0.8578964221656933,0.8331613482311158
HF_solver_failure_pct,20,qLogNEHVI,17,0.8578266536780672,0.8183517270488347
HF_solver_failure_pct,20,qLogNEHVI,18,0.8512230596448884,0.8458082537238779
HF_solver_failure_pct,20,qLogNEHVI,19,0.8597554094789184,0.8315623444397249
HF_solver_failure_pct,20,qLogNEHVI,20,0.8589271993123028,0.8399517579953841
HF_solver_failure_pct,0,PHSEA,1,0.8893547134298904,0.9430589186177837
HF_solver_failure_pct,0,PHSEA,2,0.888804149942496,0.942937508771708
HF_solver_failure_pct,0,PHSEA,3,0.8937177932936485,0.948798981798468
HF_solver_failure_pct,0,PHSEA,4,0.8829353947131732,0.9493863810443077
HF_solver_failure_pct,0,PHSEA,5,0.890298527720422,0.9463817333635165
HF_solver_failure_pct,0,PHSEA,6,0.8759292255311587,0.9268810883803797
HF_solver_failure_pct,0,PHSEA,7,0.8936702111370426,0.9269435230410786
HF_solver_failure_pct,0,PHSEA,8,0.8962502247951339,0.9526961141025176
HF_solver_failure_pct,0,PHSEA,9,0.898332096252057,0.9780791469674601
HF_solver_failure_pct,0,PHSEA,10,0.887208678455742,0.9547650181921302
HF_solver_failure_pct,0,PHSEA,11,0.8789885448008354,0.9477105475507256
HF_solver_failure_pct,0,PHSEA,12,0.8863947225042135,0.9594343858214259
HF_solver_failure_pct,0,PHSEA,13,0.8780461126051019,0.9376095342177818
HF_solver_failure_pct,0,PHSEA,14,0.8846271699319591,0.9365886543844694
HF_solver_failure_pct,0,PHSEA,15,0.8896327762949995,0.8979645950505522
HF_solver_failure_pct,0,PHSEA,16,0.8826240350465394,0.9434745929900524
HF_solver_failure_pct,0,PHSEA,17,0.8967461395936644,0.9391833634219201
HF_solver_failure_pct,0,PHSEA,18,0.8877755965905875,0.937251630685779
HF_solver_failure_pct,0,PHSEA,19,0.8881400351979049,0.9544557892162421
HF_solver_failure_pct,0,PHSEA,20,0.8856820306121861,0.9324318004873412
HF_solver_failure_pct,5,PHSEA,1,0.8804099914689282,0.9228926831406358
HF_solver_failure_pct,5,PHSEA,2,0.8795580889586433,0.9328566741600536
HF_solver_failure_pct,5,PHSEA,3,0.8734192253999663,0.8996599134658965
HF_solver_failure_pct,5,PHSEA,4,0.8780558422049033,0.9199248707359495
HF_solver_failure_pct,5,PHSEA,5,0.8807263708287546,0.8961211941508223
HF_solver_failure_pct,5,PHSEA,6,0.8796529056226932,0.9085693135194409
HF_solver_failure_pct,5,PHSEA,7,0.8895966584366751,0.8954195458841752
HF_solver_failure_pct,5,PHSEA,8,0.8856095042286152,0.920949343905882
HF_solver_failure_pct,5,PHSEA,9,0.8883464594809228,0.9141488427179955
HF_solver_failure_pct,5,PHSEA,10,0.8757809070940314,0.9245601825357719
HF_solver_failure_pct,5,PHSEA,11,0.8865648562764185,0.9480750389954181
HF_solver_failure_pct,5,PHSEA,12,0.8930848230981479,0.90802008452705
HF_solver_failure_pct,5,PHSEA,13,0.8818056528128189,0.8973330077260002
HF_solver_failure_pct,5,PHSEA,14,0.8896451739833076,0.8977246531298885
HF_solver_failure_pct,5,PHSEA,15,0.8848250127140688,0.8935125784734796
HF_solver_failure_pct,5,PHSEA,16,0.8909439017725014,0.9100332865042825
HF_solver_failure_pct,5,PHSEA,17,0.8932704566531617,0.9217498573952916
HF_solver_failure_pct,5,PHSEA,18,0.884253742450865,0.9194621202926815
HF_solver_failure_pct,5,PHSEA,19,0.8881364613564245,0.9267214160737165
HF_solver_failure_pct,5,PHSEA,20,0.8840849978141839,0.9296077053377284
HF_solver_failure_pct,10,PHSEA,1,0.8709777198263865,0.8702231249250656
HF_solver_failure_pct,10,PHSEA,2,0.8646245167482852,0.8832234519400647
HF_solver_failure_pct,10,PHSEA,3,0.8765676075528592,0.9092500211851134
HF_solver_failure_pct,10,PHSEA,4,0.8696042373629337,0.904319236248981
HF_solver_failure_pct,10,PHSEA,5,0.8673202835215732,0.8908480406111713
HF_solver_failure_pct,10,PHSEA,6,0.8823143383327884,0.9112751240418729
HF_solver_failure_pct,10,PHSEA,7,0.8642288926959328,0.8887069929557857
HF_solver_failure_pct,10,PHSEA,8,0.8657422320353112,0.885094060591196
HF_solver_failure_pct,10,PHSEA,9,0.8798977164028622,0.9163707710264507
HF_solver_failure_pct,10,PHSEA,10,0.8735637903889281,0.8940891074089473
HF_solver_failure_pct,10,PHSEA,11,0.8816449405682036,0.8825113929685923
HF_solver_failure_pct,10,PHSEA,12,0.872926674112733,0.9294400622205059
HF_solver_failure_pct,10,PHSEA,13,0.8761439748246931,0.8804102863882242
HF_solver_failure_pct,10,PHSEA,14,0.8697866868227214,0.8833986224673953
HF_solver_failure_pct,10,PHSEA,15,0.8617873514730767,0.8811557029612447
HF_solver_failure_pct,10,PHSEA,16,0.8702928707668316,0.8793328652131649
HF_solver_failure_pct,10,PHSEA,17,0.8661326294004995,0.8976140247131104
HF_solver_failure_pct,10,PHSEA,18,0.8716219301231511,0.9103328182727826
HF_solver_failure_pct,10,PHSEA,19,0.8747099482741277,0.8764041847095159
HF_solver_failure_pct,10,PHSEA,20,0.8667759613373911,0.9013815241999763
HF_solver_failure_pct,15,PHSEA,1,0.8536451143354742,0.864823801918676
HF_solver_failure_pct,15,PHSEA,2,0.8565872156131222,0.8895166365790929
HF_solver_failure_pct,15,PHSEA,3,0.8697984994017597,0.8607158377164281
HF_solver_failure_pct,15,PHSEA,4,0.8616921909866242,0.8528984762362946
HF_solver_failure_pct,15,PHSEA,5,0.8700850816994832,0.8310606930453577
HF_solver_failure_pct,15,PHSEA,6,0.862562803247763,0.8435443444652106
HF_solver_failure_pct,15,PHSEA,7,0.8725421800574116,0.8818229634770193
HF_solver_failure_pct,15,PHSEA,8,0.8586438009799308,0.8675669020715543
HF_solver_failure_pct,15,PHSEA,9,0.861968141263238,0.8920917650535157
HF_solver_failure_pct,15,PHSEA,10,0.8636087033319583,0.8612428970385998
HF_solver_failure_pct,15,PHSEA,11,0.8684902430632075,0.8707729907903637
HF_solver_failure_pct,15,PHSEA,12,0.8620400039008494,0.8294248207663384
HF_solver_failure_pct,15,PHSEA,13,0.8622454247724816,0.874481674507825
HF_solver_failure_pct,15,PHSEA,14,0.8588399911967421,0.8631604591885738
HF_solver_failure_pct,15,PHSEA,15,0.8555094953212937,0.8682680560013909
HF_solver_failure_pct,15,PHSEA,16,0.8707725906036788,0.8591127820429925
HF_solver_failure_pct,15,PHSEA,17,0.8581165292270168,0.862258615476389
HF_solver_failure_pct,15,PHSEA,18,0.859403546477449,0.8739234760422482
HF_solver_failure_pct,15,PHSEA,19,0.8686451057474097,0.8756787506850674
HF_solver_failure_pct,15,PHSEA,20,0.8689498871213094,0.8579834360864782
HF_solver_failure_pct,20,PHSEA,1,0.8579975998598265,0.831324662268458
HF_solver_failure_pct,20,PHSEA,2,0.8527050097832414,0.8604296240189045
HF_solver_failure_pct,20,PHSEA,3,0.8499624372793926,0.8469400816162835
HF_solver_failure_pct,20,PHSEA,4,0.8597766710364483,0.8407578581559483
HF_solver_failure_pct,20,PHSEA,5,0.8524519320357565,0.8595108443801934
HF_solver_failure_pct,20,PHSEA,6,0.8605010679388805,0.8311478044577378
HF_solver_failure_pct,20,PHSEA,7,0.8598271106545204,0.8342753431528064
HF_solver_failure_pct,20,PHSEA,8,0.8445153445134397,0.8433795363059955
HF_solver_failure_pct,20,PHSEA,9,0.8496883188012663,0.8571655744733858
HF_solver_failure_pct,20,PHSEA,10,0.8472254346926946,0.8328370333742373
HF_solver_failure_pct,20,PHSEA,11,0.8587433767840158,0.8530842878626047
HF_solver_failure_pct,20,PHSEA,12,0.8497238655432647,0.8546770208897735
HF_solver_failure_pct,20,PHSEA,13,0.8535563853217665,0.8521887088663961
HF_solver_failure_pct,20,PHSEA,14,0.850979673332511,0.847372368451598
HF_solver_failure_pct,20,PHSEA,15,0.8498922275905972,0.8461967007963072
HF_solver_failure_pct,20,PHSEA,16,0.8497912116949713,0.8159298013565635
HF_solver_failure_pct,20,PHSEA,17,0.860928079399676,0.8169383050576275
HF_solver_failure_pct,20,PHSEA,18,0.8541351737639216,0.8455879140425131
HF_solver_failure_pct,20,PHSEA,19,0.8507007424340746,0.8435947387633875
HF_solver_failure_pct,20,PHSEA,20,0.8555776343249049,0.8408058751388771
HF_solver_failure_pct,0,AS-SMEA,1,0.87294710040099,0.9368689892759243
HF_solver_failure_pct,0,AS-SMEA,2,0.8842414117112408,0.924964867247258
HF_solver_failure_pct,0,AS-SMEA,3,0.8753452161082036,0.9341872283081215
HF_solver_failure_pct,0,AS-SMEA,4,0.8835181526779139,0.9350351436809049
HF_solver_failure_pct,0,AS-SMEA,5,0.8817871636524321,0.9385177383344009
HF_solver_failure_pct,0,AS-SMEA,6,0.8744499600953541,0.9234207025747658
HF_solver_failure_pct,0,AS-SMEA,7,0.8831199543108299,0.9490777247712489
HF_solver_failure_pct,0,AS-SMEA,8,0.8823499102710977,0.9457569036649924
HF_solver_failure_pct,0,AS-SMEA,9,0.8874078324714071,0.951262326204261
HF_solver_failure_pct,0,AS-SMEA,10,0.8779012546886917,0.9239008431919687
HF_solver_failure_pct,0,AS-SMEA,11,0.8902404780185084,0.9407797123555496
HF_solver_failure_pct,0,AS-SMEA,12,0.8930773418162746,0.9617344346063025
HF_solver_failure_pct,0,AS-SMEA,13,0.8839737917652917,0.9594357737688207
HF_solver_failure_pct,0,AS-SMEA,14,0.8965602235006375,0.9644700293984328
HF_solver_failure_pct,0,AS-SMEA,15,0.8826097609245456,0.9711179280272851
HF_solver_failure_pct,0,AS-SMEA,16,0.8874426376178933,0.9402204487286155
HF_solver_failure_pct,0,AS-SMEA,17,0.873605216509897,0.9324627448569969
HF_solver_failure_pct,0,AS-SMEA,18,0.8947992720069549,0.9371844797326451
HF_solver_failure_pct,0,AS-SMEA,19,0.8915864163552962,0.9360785427805183
HF_solver_failure_pct,0,AS-SMEA,20,0.8811646175839555,0.9405714226861284
HF_solver_failure_pct,5,AS-SMEA,1,0.8837043742619458,0.9063882289716139
HF_solver_failure_pct,5,AS-SMEA,2,0.8723542133148097,0.9043801936433633
HF_solver_failure_pct,5,AS-SMEA,3,0.8806075797948103,0.9210843696692568
HF_solver_failure_pct,5,AS-SMEA,4,0.8870489729324773,0.9182621754716421
HF_solver_failure_pct,5,AS-SMEA,5,0.8726115675427426,0.9064956766680198
HF_solver_failure_pct,5,AS-SMEA,6,0.882624795637958,0.9342921627003118
HF_solver_failure_pct,5,AS-SMEA,7,0.8910413691772132,0.9194243462635302
HF_solver_failure_pct,5,AS-SMEA,8,0.8746652674770372,0.9037219778138644
HF_solver_failure_pct,5,AS-SMEA,9,0.8736479759643642,0.888428826020816
HF_solver_failure_pct,5,AS-SMEA,10,0.8676294694418517,0.9282581444497109
HF_solver_failure_pct,5,AS-SMEA,11,0.8783106301498428,0.911236616819451
HF_solver_failure_pct,5,AS-SMEA,12,0.8724861477261452,0.9267842767920632
HF_solver_failure_pct,5,AS-SMEA,13,0.8750357998090558,0.8991171955323218
HF_solver_failure_pct,5,AS-SMEA,14,0.8732994859594041,0.9118933162748393
HF_solver_failure_pct,5,AS-SMEA,15,0.8796546210034504,0.9205310030460201
HF_solver_failure_pct,5,AS-SMEA,16,0.8760653269966225,0.9240250992658331
HF_solver_failure_pct,5,AS-SMEA,17,0.884618373763754,0.9037062557307268
HF_solver_failure_pct,5,AS-SMEA,18,0.8818084896135135,0.9230911001324337
HF_solver_failure_pct,5,AS-SMEA,19,0.8728428170814687,0.9141678363094089
HF_solver_failure_pct,5,AS-SMEA,20,0.886171721181124,0.9386954748696891
HF_solver_failure_pct,10,AS-SMEA,1,0.8605584856992735,0.8896244183733022
HF_solver_failure_pct,10,AS-SMEA,2,0.8639532515241937,0.8771189912781291
HF_solver_failure_pct,10,AS-SMEA,3,0.8671319399611361,0.8804842273374718
HF_solver_failure_pct,10,AS-SMEA,4,0.8694680936464844,0.8923922288664635
HF_solver_failure_pct,10,AS-SMEA,5,0.8727323589691711,0.8866042143611942
HF_solver_failure_pct,10,AS-SMEA,6,0.8704491374712252,0.9025320993575785
HF_solver_failure_pct,10,AS-SMEA,7,0.8768460426685744,0.8878735295554172
HF_solver_failure_pct,10,AS-SMEA,8,0.8756024811611173,0.9194985351011219
HF_solver_failure_pct,10,AS-SMEA,9,0.8717470768545041,0.9138992786275356
HF_solver_failure_pct,10,AS-SMEA,10,0.8666379823676509,0.8780930012654554
HF_solver_failure_pct,10,AS-SMEA,11,0.8737036311044755,0.8919856707811731
HF_solver_failure_pct,10,AS-SMEA,12,0.8662890915761434,0.8983797239165601
HF_solver_failure_pct,10,AS-SMEA,13,0.8757646412593718,0.8842118666474946
HF_solver_failure_pct,10,AS-SMEA,14,0.86775898228679,0.8807870061531021
HF_solver_failure_pct,10,AS-SMEA,15,0.8626898169736165,0.8867238571862895
HF_solver_failure_pct,10,AS-SMEA,16,0.8617575062108741,0.8672848107355592
HF_solver_failure_pct,10,AS-SMEA,17,0.8766526360947707,0.889270620078647
HF_solver_failure_pct,10,AS-SMEA,18,0.8700636402476636,0.9111220002069763
HF_solver_failure_pct,10,AS-SMEA,19,0.8748663520621396,0.9054080362491012
HF_solver_failure_pct,10,AS-SMEA,20,0.8752206385476994,0.8814092638193581
HF_solver_failure_pct,15,AS-SMEA,1,0.8615115605323094,0.8693818632792847
HF_solver_failure_pct,15,AS-SMEA,2,0.86762337297568,0.855707195872713
HF_solver_failure_pct,15,AS-SMEA,3,0.8601652205024907,0.865697761963658
HF_solver_failure_pct,15,AS-SMEA,4,0.8683003486271185,0.817845217321595
HF_solver_failure_pct,15,AS-SMEA,5,0.8681680701924412,0.8618896552980478
HF_solver_failure_pct,15,AS-SMEA,6,0.866889775247453,0.8489219666905746
HF_solver_failure_pct,15,AS-SMEA,7,0.8603436355099106,0.8652351216858919
HF_solver_failure_pct,15,AS-SMEA,8,0.8625997044332349,0.8660939135603509
HF_solver_failure_pct,15,AS-SMEA,9,0.8689354467746372,0.908071618135351
HF_solver_failure_pct,15,AS-SMEA,10,0.8616797614281436,0.8635858524952119
HF_solver_failure_pct,15,AS-SMEA,11,0.8533052901937755,0.8586415121269636
HF_solver_failure_pct,15,AS-SMEA,12,0.8605988138876618,0.8902180283988265
HF_solver_failure_pct,15,AS-SMEA,13,0.8578921171386413,0.8535879306716118
HF_solver_failure_pct,15,AS-SMEA,14,0.8738336128967852,0.8574356964179153
HF_solver_failure_pct,15,AS-SMEA,15,0.8596732536232481,0.8739520675723538
HF_solver_failure_pct,15,AS-SMEA,16,0.8677826911399232,0.878246110820184
HF_solver_failure_pct,15,AS-SMEA,17,0.8575943636492548,0.8667299321006094
HF_solver_failure_pct,15,AS-SMEA,18,0.8532615053774276,0.8601896922531482
HF_solver_failure_pct,15,AS-SMEA,19,0.8687873381380826,0.8566469451278822
HF_solver_failure_pct,15,AS-SMEA,20,0.8621263335090006,0.8566344499452402
HF_solver_failure_pct,20,AS-SMEA,1,0.8439881607751127,0.842539856249409
HF_solver_failure_pct,20,AS-SMEA,2,0.8496228345638053,0.8492054603457276
HF_solver_failure_pct,20,AS-SMEA,3,0.857177428429217,0.8013315665777467
HF_solver_failure_pct,20,AS-SMEA,4,0.852178410454646,0.8461975153094962
HF_solver_failure_pct,20,AS-SMEA,5,0.8407128000146331,0.8478609854635543
HF_solver_failure_pct,20,AS-SMEA,6,0.865475370169265,0.8411307362379997
HF_solver_failure_pct,20,AS-SMEA,7,0.8556845383628462,0.8324483334225478
HF_solver_failure_pct,20,AS-SMEA,8,0.8416911142598302,0.8510010460161421
HF_solver_failure_pct,20,AS-SMEA,9,0.8466019084943943,0.8076968528648509
HF_solver_failure_pct,20,AS-SMEA,10,0.8443730290771062,0.8300808631667012
HF_solver_failure_pct,20,AS-SMEA,11,0.8571812311728044,0.8452323348786929
HF_solver_failure_pct,20,AS-SMEA,12,0.8512181931137677,0.8253082406071526
HF_solver_failure_pct,20,AS-SMEA,13,0.8422738018801325,0.8692281545858096
HF_solver_failure_pct,20,AS-SMEA,14,0.8581893463368542,0.8486194402803313
HF_solver_failure_pct,20,AS-SMEA,15,0.8487976660406708,0.8429623075813988
HF_solver_failure_pct,20,AS-SMEA,16,0.849894100886862,0.843720941016292
HF_solver_failure_pct,20,AS-SMEA,17,0.8570040179904518,0.8530312790209956
HF_solver_failure_pct,20,AS-SMEA,18,0.8407264138243913,0.8224760283919562
HF_solver_failure_pct,20,AS-SMEA,19,0.8457265365061128,0.8829377697781563
HF_solver_failure_pct,20,AS-SMEA,20,0.8527258074282773,0.8319937292345356
measurement_noise_pct,0,Frank-WT MF-PIRN,1,0.9266439434057876,0.9586085388819818
measurement_noise_pct,0,Frank-WT MF-PIRN,2,0.9184204066854804,0.947741250285708
measurement_noise_pct,0,Frank-WT MF-PIRN,3,0.9336383342781418,0.9345335908332615
measurement_noise_pct,0,Frank-WT MF-PIRN,4,0.9344261311125708,0.9438511654557757
measurement_noise_pct,0,Frank-WT MF-PIRN,5,0.9315055679465427,0.936990439660146
measurement_noise_pct,0,Frank-WT MF-PIRN,6,0.9261316777838082,0.9385883807554178
measurement_noise_pct,0,Frank-WT MF-PIRN,7,0.9299522939517924,0.9486684371282577
measurement_noise_pct,0,Frank-WT MF-PIRN,8,0.9345273138212193,0.9400360966748109
measurement_noise_pct,0,Frank-WT MF-PIRN,9,0.9251406591665787,0.9083422522052744
measurement_noise_pct,0,Frank-WT MF-PIRN,10,0.9221764023766124,0.9546116627055159
measurement_noise_pct,0,Frank-WT MF-PIRN,11,0.9216192233338076,0.9437731271581412
measurement_noise_pct,0,Frank-WT MF-PIRN,12,0.9365053432968459,0.9512599807898635
measurement_noise_pct,0,Frank-WT MF-PIRN,13,0.939421891202634,0.9473121041777903
measurement_noise_pct,0,Frank-WT MF-PIRN,14,0.9434097477038119,0.9356605910888857
measurement_noise_pct,0,Frank-WT MF-PIRN,15,0.9352396162266098,0.8991782775921167
measurement_noise_pct,0,Frank-WT MF-PIRN,16,0.9288253507322081,0.9359064553261205
measurement_noise_pct,0,Frank-WT MF-PIRN,17,0.9407980730926624,0.9298559034887802
measurement_noise_pct,0,Frank-WT MF-PIRN,18,0.9330158438028266,0.9145335985794215
measurement_noise_pct,0,Frank-WT MF-PIRN,19,0.9379981044137835,0.9501819522451245
measurement_noise_pct,0,Frank-WT MF-PIRN,20,0.925829153255352,0.9385212431398021
measurement_noise_pct,1,Frank-WT MF-PIRN,1,0.9371772679572904,0.9552118143656942
measurement_noise_pct,1,Frank-WT MF-PIRN,2,0.927964701422046,0.9028375395704945
measurement_noise_pct,1,Frank-WT MF-PIRN,3,0.9280097667815651,0.9287563628555494
measurement_noise_pct,1,Frank-WT MF-PIRN,4,0.9279120942444372,0.9302489897031522
measurement_noise_pct,1,Frank-WT MF-PIRN,5,0.9346282917223229,0.9443726502439268
measurement_noise_pct,1,Frank-WT MF-PIRN,6,0.9254385444275759,0.9279857071643469
measurement_noise_pct,1,Frank-WT MF-PIRN,7,0.9232335352331594,0.9055016221352514
measurement_noise_pct,1,Frank-WT MF-PIRN,8,0.9248848142640222,0.9311044836514389
measurement_noise_pct,1,Frank-WT MF-PIRN,9,0.9181796796188044,0.9334974155995722
measurement_noise_pct,1,Frank-WT MF-PIRN,10,0.9416551742495255,0.9518021576392479
measurement_noise_pct,1,Frank-WT MF-PIRN,11,0.9269039104335037,0.9503885828863221
measurement_noise_pct,1,Frank-WT MF-PIRN,12,0.9257651009182949,0.933395048240293
measurement_noise_pct,1,Frank-WT MF-PIRN,13,0.9224773143762051,0.914193514969614
measurement_noise_pct,1,Frank-WT MF-PIRN,14,0.9227083363933164,0.940305825404373
measurement_noise_pct,1,Frank-WT MF-PIRN,15,0.9256294036832259,0.9459864925732887
measurement_noise_pct,1,Frank-WT MF-PIRN,16,0.9231899282102254,0.9363566022187456
measurement_noise_pct,1,Frank-WT MF-PIRN,17,0.929866168306519,0.9019687705126477
measurement_noise_pct,1,Frank-WT MF-PIRN,18,0.9309749933785522,0.9245906959213943
measurement_noise_pct,1,Frank-WT MF-PIRN,19,0.928134089204853,0.9254314581042518
measurement_noise_pct,1,Frank-WT MF-PIRN,20,0.9245764741227682,0.9318827336843623
measurement_noise_pct,3,Frank-WT MF-PIRN,1,0.927385401918132,0.914311383534297
measurement_noise_pct,3,Frank-WT MF-PIRN,2,0.925598301788182,0.9157593349024483
measurement_noise_pct,3,Frank-WT MF-PIRN,3,0.9162174393361656,0.9108702810865829
measurement_noise_pct,3,Frank-WT MF-PIRN,4,0.9273259283964626,0.8929096833874725
measurement_noise_pct,3,Frank-WT MF-PIRN,5,0.9184627839877761,0.9157242532835163
measurement_noise_pct,3,Frank-WT MF-PIRN,6,0.9290356668998232,0.9127873702533539
measurement_noise_pct,3,Frank-WT MF-PIRN,7,0.9207576017483008,0.9117846863215152
measurement_noise_pct,3,Frank-WT MF-PIRN,8,0.9223782614799311,0.9378536156325583
measurement_noise_pct,3,Frank-WT MF-PIRN,9,0.9229608228193971,0.919183404342932
measurement_noise_pct,3,Frank-WT MF-PIRN,10,0.9230341067311184,0.910321348639988
measurement_noise_pct,3,Frank-WT MF-PIRN,11,0.92431559614725,0.9212076357673008
measurement_noise_pct,3,Frank-WT MF-PIRN,12,0.9192024913792609,0.9068158231878588
measurement_noise_pct,3,Frank-WT MF-PIRN,13,0.9161764384814932,0.8802205479756587
measurement_noise_pct,3,Frank-WT MF-PIRN,14,0.920567458690735,0.9143650118015322
measurement_noise_pct,3,Frank-WT MF-PIRN,15,0.9127656783785146,0.911528146051748
measurement_noise_pct,3,Frank-WT MF-PIRN,16,0.9289619195790332,0.9036592142819391
measurement_noise_pct,3,Frank-WT MF-PIRN,17,0.9312157771540216,0.9000292231194921
measurement_noise_pct,3,Frank-WT MF-PIRN,18,0.9143200952526509,0.9042107819640403
measurement_noise_pct,3,Frank-WT MF-PIRN,19,0.932383349177475,0.9269695708446121
measurement_noise_pct,3,Frank-WT MF-PIRN,20,0.9158257514908624,0.911869831387729
measurement_noise_pct,5,Frank-WT MF-PIRN,1,0.9126528722232834,0.8802466425781784
measurement_noise_pct,5,Frank-WT MF-PIRN,2,0.9221831285014875,0.9005570122887129
measurement_noise_pct,5,Frank-WT MF-PIRN,3,0.9157337207637825,0.8939005894920967
measurement_noise_pct,5,Frank-WT MF-PIRN,4,0.9167363418960346,0.9264172594793694
measurement_noise_pct,5,Frank-WT MF-PIRN,5,0.9128165787452995,0.9182884300234632
measurement_noise_pct,5,Frank-WT MF-PIRN,6,0.9111513635692842,0.8797757168746273
measurement_noise_pct,5,Frank-WT MF-PIRN,7,0.9152433965161131,0.9200681959844297
measurement_noise_pct,5,Frank-WT MF-PIRN,8,0.9104243996384992,0.905815752791578
measurement_noise_pct,5,Frank-WT MF-PIRN,9,0.9111193468177512,0.8822252574867859
measurement_noise_pct,5,Frank-WT MF-PIRN,10,0.9284374790257831,0.9064316086273878
measurement_noise_pct,5,Frank-WT MF-PIRN,11,0.9166370059905916,0.8870193365208547
measurement_noise_pct,5,Frank-WT MF-PIRN,12,0.9149817723991586,0.8897842243284559
measurement_noise_pct,5,Frank-WT MF-PIRN,13,0.913271323681484,0.897936912144277
measurement_noise_pct,5,Frank-WT MF-PIRN,14,0.9142418489584591,0.8916528774084231
measurement_noise_pct,5,Frank-WT MF-PIRN,15,0.9069228609965193,0.8949677090664254
measurement_noise_pct,5,Frank-WT MF-PIRN,16,0.9201494662424938,0.883673743583669
measurement_noise_pct,5,Frank-WT MF-PIRN,17,0.9016796978351798,0.8929135131015441
measurement_noise_pct,5,Frank-WT MF-PIRN,18,0.9174189265597104,0.9142234735379877
measurement_noise_pct,5,Frank-WT MF-PIRN,19,0.9198122591247808,0.8807293118555812
measurement_noise_pct,5,Frank-WT MF-PIRN,20,0.9185429428481049,0.9002820359750546
measurement_noise_pct,8,Frank-WT MF-PIRN,1,0.9110787265197303,0.8588310768737074
measurement_noise_pct,8,Frank-WT MF-PIRN,2,0.898502456512067,0.8788747328181788
measurement_noise_pct,8,Frank-WT MF-PIRN,3,0.9074793502355045,0.8676042664809898
measurement_noise_pct,8,Frank-WT MF-PIRN,4,0.9016299132312318,0.8732828676793357
measurement_noise_pct,8,Frank-WT MF-PIRN,5,0.9073435464347902,0.841107726457181
measurement_noise_pct,8,Frank-WT MF-PIRN,6,0.8935495022157091,0.8615613663950039
measurement_noise_pct,8,Frank-WT MF-PIRN,7,0.9042292074076417,0.8726106965361027
measurement_noise_pct,8,Frank-WT MF-PIRN,8,0.8993751947369353,0.8416152757788791
measurement_noise_pct,8,Frank-WT MF-PIRN,9,0.9076392334458362,0.8769016383152992
measurement_noise_pct,8,Frank-WT MF-PIRN,10,0.8936477553533712,0.913012761735521
measurement_noise_pct,8,Frank-WT MF-PIRN,11,0.9074696852562962,0.8701738244182836
measurement_noise_pct,8,Frank-WT MF-PIRN,12,0.9040190618455664,0.8652298211957385
measurement_noise_pct,8,Frank-WT MF-PIRN,13,0.909266418173788,0.8710352484521517
measurement_noise_pct,8,Frank-WT MF-PIRN,14,0.9006142284685302,0.8421496876861175
measurement_noise_pct,8,Frank-WT MF-PIRN,15,0.9068716960300252,0.8742173449561779
measurement_noise_pct,8,Frank-WT MF-PIRN,16,0.9065981791708455,0.8946861075429449
measurement_noise_pct,8,Frank-WT MF-PIRN,17,0.9168741268763149,0.8656976732665275
measurement_noise_pct,8,Frank-WT MF-PIRN,18,0.9020579282119522,0.8814289204446811
measurement_noise_pct,8,Frank-WT MF-PIRN,19,0.9044603476610289,0.8571344259961686
measurement_noise_pct,8,Frank-WT MF-PIRN,20,0.8987960299908889,0.8673897801119298
measurement_noise_pct,0,MF-HVKG,1,0.9025348965446968,0.9417626282342211
measurement_noise_pct,0,MF-HVKG,2,0.8960781889628697,0.9541425707811266
measurement_noise_pct,0,MF-HVKG,3,0.8930500188846916,0.9399639915185751
measurement_noise_pct,0,MF-HVKG,4,0.8972956406017143,0.9324258649179619
measurement_noise_pct,0,MF-HVKG,5,0.9008937042107201,0.9507728000339865
measurement_noise_pct,0,MF-HVKG,6,0.8998901765824615,0.9301872307302278
measurement_noise_pct,0,MF-HVKG,7,0.9003067468589288,0.9563727519690166
measurement_noise_pct,0,MF-HVKG,8,0.9034879131282362,0.9496409090306415
measurement_noise_pct,0,MF-HVKG,9,0.902987117697454,0.9164622727780721
measurement_noise_pct,0,MF-HVKG,10,0.9084669273311078,0.9829203392214267
measurement_noise_pct,0,MF-HVKG,11,0.9003195566730079,0.9508863247704092
measurement_noise_pct,0,MF-HVKG,12,0.9017285889012786,0.9480013501632821
measurement_noise_pct,0,MF-HVKG,13,0.9000402757132452,0.9225946734027057
measurement_noise_pct,0,MF-HVKG,14,0.9015362367905752,0.947837129032075
measurement_noise_pct,0,MF-HVKG,15,0.9104099974408406,0.9465695227635167
measurement_noise_pct,0,MF-HVKG,16,0.9087208810637866,0.9423523603086621
measurement_noise_pct,0,MF-HVKG,17,0.8887071414064327,0.9446765948576789
measurement_noise_pct,0,MF-HVKG,18,0.9075316022283696,0.9152479254693211
measurement_noise_pct,0,MF-HVKG,19,0.8950140550047148,0.9049723642545388
measurement_noise_pct,0,MF-HVKG,20,0.9093888817791591,0.9318759189028959
measurement_noise_pct,1,MF-HVKG,1,0.9137820597286495,0.9084924944843126
measurement_noise_pct,1,MF-HVKG,2,0.9001669574822595,0.9387805982835449
measurement_noise_pct,1,MF-HVKG,3,0.8966264562757283,0.9353017492880693
measurement_noise_pct,1,MF-HVKG,4,0.8877539168618117,0.9277467407641548
measurement_noise_pct,1,MF-HVKG,5,0.8922478618250962,0.9080261577417149
measurement_noise_pct,1,MF-HVKG,6,0.906416202933579,0.9397398655872756
measurement_noise_pct,1,MF-HVKG,7,0.8994591654170293,0.9499630599264592
measurement_noise_pct,1,MF-HVKG,8,0.9021270128211275,0.8908283781883956
measurement_noise_pct,1,MF-HVKG,9,0.8905955869592342,0.9316168069896889
measurement_noise_pct,1,MF-HVKG,10,0.8934919172786072,0.9423755285444958
measurement_noise_pct,1,MF-HVKG,11,0.8945381041032527,0.9250406937170307
measurement_noise_pct,1,MF-HVKG,12,0.891091726406074,0.9161406747170909
measurement_noise_pct,1,MF-HVKG,13,0.9036697321009833,0.9335992914951015
measurement_noise_pct,1,MF-HVKG,14,0.8801321160409277,0.9238132685875402
measurement_noise_pct,1,MF-HVKG,15,0.8927157348175238,0.944315757208695
measurement_noise_pct,1,MF-HVKG,16,0.9056313754000401,0.9470172423826728
measurement_noise_pct,1,MF-HVKG,17,0.8899475840571129,0.9412780481535764
measurement_noise_pct,1,MF-HVKG,18,0.8867691680366355,0.9319882255856837
measurement_noise_pct,1,MF-HVKG,19,0.8882213890167955,0.9187255714845112
measurement_noise_pct,1,MF-HVKG,20,0.8978654012890211,0.931809700050581
measurement_noise_pct,3,MF-HVKG,1,0.8838689438324651,0.902668169050418
measurement_noise_pct,3,MF-HVKG,2,0.8873434459170403,0.8796524763874574
measurement_noise_pct,3,MF-HVKG,3,0.8977850111255505,0.9194746884171324
measurement_noise_pct,3,MF-HVKG,4,0.900582823509068,0.8928441924888275
measurement_noise_pct,3,MF-HVKG,5,0.8994013669085896,0.8935392679545701
measurement_noise_pct,3,MF-HVKG,6,0.9014246492655784,0.8954594016903213
measurement_noise_pct,3,MF-HVKG,7,0.8922891985839799,0.9014426385862151
measurement_noise_pct,3,MF-HVKG,8,0.8782739453206353,0.9043169270441371
measurement_noise_pct,3,MF-HVKG,9,0.891898176694352,0.8891208382347782
measurement_noise_pct,3,MF-HVKG,10,0.8876049390379884,0.9051240120846885
measurement_noise_pct,3,MF-HVKG,11,0.8864146206943825,0.8838910110139253
measurement_noise_pct,3,MF-HVKG,12,0.8881916318154168,0.9167679908575128
measurement_noise_pct,3,MF-HVKG,13,0.8818169909486154,0.8876714137791154
measurement_noise_pct,3,MF-HVKG,14,0.88106222469357,0.8815974487220656
measurement_noise_pct,3,MF-HVKG,15,0.8919284602636853,0.90982913269315
measurement_noise_pct,3,MF-HVKG,16,0.8933790516620592,0.9100076330143164
measurement_noise_pct,3,MF-HVKG,17,0.8930520327178508,0.909054549516114
measurement_noise_pct,3,MF-HVKG,18,0.8939526413976824,0.8725811039031384
measurement_noise_pct,3,MF-HVKG,19,0.8805612037984414,0.8663204193067643
measurement_noise_pct,3,MF-HVKG,20,0.8960677547051039,0.877603757772184
measurement_noise_pct,5,MF-HVKG,1,0.8804577352313291,0.9038635789710774
measurement_noise_pct,5,MF-HVKG,2,0.885212737735956,0.8350750606949517
measurement_noise_pct,5,MF-HVKG,3,0.8804824025732534,0.8655883244392106
measurement_noise_pct,5,MF-HVKG,4,0.8772704926496001,0.8784319891437066
measurement_noise_pct,5,MF-HVKG,5,0.8745856150579762,0.880338227240358
measurement_noise_pct,5,MF-HVKG,6,0.8908846368665001,0.8851794826121338
measurement_noise_pct,5,MF-HVKG,7,0.8832429197914233,0.8866599150257862
measurement_noise_pct,5,MF-HVKG,8,0.8827806194737238,0.8671151691635265
measurement_noise_pct,5,MF-HVKG,9,0.8700725333881714,0.848774905964849
measurement_noise_pct,5,MF-HVKG,10,0.8759121436772211,0.874112689444504
measurement_noise_pct,5,MF-HVKG,11,0.8794613498197055,0.8578686504115343
measurement_noise_pct,5,MF-HVKG,12,0.8824079001947638,0.8719033528249129
measurement_noise_pct,5,MF-HVKG,13,0.8794182547197401,0.8687842828038972
measurement_noise_pct,5,MF-HVKG,14,0.8786800766595358,0.8572088492579323
measurement_noise_pct,5,MF-HVKG,15,0.888878500847244,0.8598549175593112
measurement_noise_pct,5,MF-HVKG,16,0.873146526790147,0.8879651270392851
measurement_noise_pct,5,MF-HVKG,17,0.880283430691086,0.8730320805221686
measurement_noise_pct,5,MF-HVKG,18,0.877320169267541,0.8574442813072026
measurement_noise_pct,5,MF-HVKG,19,0.8792080310927186,0.8788816506276002
measurement_noise_pct,5,MF-HVKG,20,0.8745453792515836,0.8611225975103476
measurement_noise_pct,8,MF-HVKG,1,0.8558844139049072,0.8313913573419219
measurement_noise_pct,8,MF-HVKG,2,0.8785786841321442,0.8239701340802217
measurement_noise_pct,8,MF-HVKG,3,0.870273383365055,0.8605737876832709
measurement_noise_pct,8,MF-HVKG,4,0.8707546731932366,0.8431637823315459
measurement_noise_pct,8,MF-HVKG,5,0.867602276065803,0.8393402825464649
measurement_noise_pct,8,MF-HVKG,6,0.8587116586538966,0.8254327488217382
measurement_noise_pct,8,MF-HVKG,7,0.8540773006197833,0.8435591178719967
measurement_noise_pct,8,MF-HVKG,8,0.8536097704073563,0.8499162135498141
measurement_noise_pct,8,MF-HVKG,9,0.8753744345020826,0.8471827061682112
measurement_noise_pct,8,MF-HVKG,10,0.8550910629575347,0.8303474854512213
measurement_noise_pct,8,MF-HVKG,11,0.8496884022608009,0.828536487403446
measurement_noise_pct,8,MF-HVKG,12,0.8572402351688967,0.8368723168229714
measurement_noise_pct,8,MF-HVKG,13,0.863864302550871,0.8550414075867694
measurement_noise_pct,8,MF-HVKG,14,0.8763171420651884,0.845904009891377
measurement_noise_pct,8,MF-HVKG,15,0.8609340127561386,0.8315372866878941
measurement_noise_pct,8,MF-HVKG,16,0.8599648884025394,0.8282079987164339
measurement_noise_pct,8,MF-HVKG,17,0.8664292778510473,0.849646384067702
measurement_noise_pct,8,MF-HVKG,18,0.8535051556279992,0.8401525699247837
measurement_noise_pct,8,MF-HVKG,19,0.8603403852997764,0.8534551781745339
measurement_noise_pct,8,MF-HVKG,20,0.8650721477526719,0.8197705119883689
measurement_noise_pct,0,qLogNEHVI,1,0.8973889738805143,0.9506697619279678
measurement_noise_pct,0,qLogNEHVI,2,0.8879914402191134,0.9299840545719721
measurement_noise_pct,0,qLogNEHVI,3,0.8858541673008286,0.9578188852348221
measurement_noise_pct,0,qLogNEHVI,4,0.8985884686540936,0.9350156122079861
measurement_noise_pct,0,qLogNEHVI,5,0.9006538860417026,0.9388154021747261
measurement_noise_pct,0,qLogNEHVI,6,0.9013314957359719,0.9557258559486703
measurement_noise_pct,0,qLogNEHVI,7,0.899278165609293,0.9441874565020903
measurement_noise_pct,0,qLogNEHVI,8,0.8849961810050555,0.9443266367496053
measurement_noise_pct,0,qLogNEHVI,9,0.8884476494018081,0.9517497608703572
measurement_noise_pct,0,qLogNEHVI,10,0.888291874793728,0.9444234169492761
measurement_noise_pct,0,qLogNEHVI,11,0.8955371112264315,0.9206818209000946
measurement_noise_pct,0,qLogNEHVI,12,0.8962046621617018,0.9425375753790014
measurement_noise_pct,0,qLogNEHVI,13,0.8940746818538536,0.9397904178242146
measurement_noise_pct,0,qLogNEHVI,14,0.8881429424039663,0.9437914216804474
measurement_noise_pct,0,qLogNEHVI,15,0.8990991136146542,0.9364082648937987
measurement_noise_pct,0,qLogNEHVI,16,0.8989513691416903,0.9424182636370356
measurement_noise_pct,0,qLogNEHVI,17,0.9002394061909466,0.971073998190637
measurement_noise_pct,0,qLogNEHVI,18,0.8941343208558666,0.9278982649879194
measurement_noise_pct,0,qLogNEHVI,19,0.9030921731686852,0.9422208419465161
measurement_noise_pct,0,qLogNEHVI,20,0.8930208384511021,0.9530800829449436
measurement_noise_pct,1,qLogNEHVI,1,0.8948486174946774,0.9322568331416095
measurement_noise_pct,1,qLogNEHVI,2,0.8882934968473354,0.9084933177297885
measurement_noise_pct,1,qLogNEHVI,3,0.887932354923151,0.9284971716036149
measurement_noise_pct,1,qLogNEHVI,4,0.892967160085207,0.9363999869566585
measurement_noise_pct,1,qLogNEHVI,5,0.8906452253500253,0.912225544330645
measurement_noise_pct,1,qLogNEHVI,6,0.9006006811660271,0.9458174857851552
measurement_noise_pct,1,qLogNEHVI,7,0.9068026324431381,0.9309240802212445
measurement_noise_pct,1,qLogNEHVI,8,0.8998599744959446,0.9195715970374616
measurement_noise_pct,1,qLogNEHVI,9,0.9033116436088181,0.9155811206476313
measurement_noise_pct,1,qLogNEHVI,10,0.8927132215616209,0.920104857702994
measurement_noise_pct,1,qLogNEHVI,11,0.8799549846849425,0.9342531150755512
measurement_noise_pct,1,qLogNEHVI,12,0.894852074731736,0.9139661330780261
measurement_noise_pct,1,qLogNEHVI,13,0.8883300538386227,0.9303930507650278
measurement_noise_pct,1,qLogNEHVI,14,0.8836705105344006,0.9283196737811499
measurement_noise_pct,1,qLogNEHVI,15,0.9015358670791881,0.9304052775690366
measurement_noise_pct,1,qLogNEHVI,16,0.8988323844659488,0.9131354423823032
measurement_noise_pct,1,qLogNEHVI,17,0.8996166526245366,0.919940848662269
measurement_noise_pct,1,qLogNEHVI,18,0.8880937525021734,0.9237169820921604
measurement_noise_pct,1,qLogNEHVI,19,0.8957070431975697,0.9406081416524987
measurement_noise_pct,1,qLogNEHVI,20,0.89285822845206,0.9310821338540208
measurement_noise_pct,3,qLogNEHVI,1,0.8879232817696452,0.9188126694362148
measurement_noise_pct,3,qLogNEHVI,2,0.8944833332506074,0.8580927429480543
measurement_noise_pct,3,qLogNEHVI,3,0.882925407913264,0.8770686164209939
measurement_noise_pct,3,qLogNEHVI,4,0.880336331780652,0.9055368080464061
measurement_noise_pct,3,qLogNEHVI,5,0.8909974112375201,0.8863151203465296
measurement_noise_pct,3,qLogNEHVI,6,0.8828396078307581,0.882628240569476
measurement_noise_pct,3,qLogNEHVI,7,0.886259978162888,0.9209341749552952
measurement_noise_pct,3,qLogNEHVI,8,0.8893469527250192,0.8941373306771967
measurement_noise_pct,3,qLogNEHVI,9,0.8878408288708254,0.902759104837536
measurement_noise_pct,3,qLogNEHVI,10,0.8802166868449633,0.8857138758333408
measurement_noise_pct,3,qLogNEHVI,11,0.8954583190937101,0.9360345590712704
measurement_noise_pct,3,qLogNEHVI,12,0.882012199415986,0.9250765889568213
measurement_noise_pct,3,qLogNEHVI,13,0.8836053189842735,0.910995014573754
measurement_noise_pct,3,qLogNEHVI,14,0.8847518096994224,0.9094488560701449
measurement_noise_pct,3,qLogNEHVI,15,0.8880232196670466,0.8859715649425242
measurement_noise_pct,3,qLogNEHVI,16,0.8753591223467744,0.91259900521687
measurement_noise_pct,3,qLogNEHVI,17,0.8842981534290846,0.8929827249911613
measurement_noise_pct,3,qLogNEHVI,18,0.8886290420885968,0.9028178530214424
measurement_noise_pct,3,qLogNEHVI,19,0.8923165033845695,0.9017381524034321
measurement_noise_pct,3,qLogNEHVI,20,0.8799560771875539,0.9348540856644227
measurement_noise_pct,5,qLogNEHVI,1,0.8732652983874458,0.8629835290746141
measurement_noise_pct,5,qLogNEHVI,2,0.8689035094339366,0.8929402377356892
measurement_noise_pct,5,qLogNEHVI,3,0.8790521420040698,0.8622309226936274
measurement_noise_pct,5,qLogNEHVI,4,0.8678668217642027,0.8759268727037616
measurement_noise_pct,5,qLogNEHVI,5,0.8705461016528754,0.8880031470107721
measurement_noise_pct,5,qLogNEHVI,6,0.8665616104990502,0.8669970911591421
measurement_noise_pct,5,qLogNEHVI,7,0.8799364925007331,0.879458151680952
measurement_noise_pct,5,qLogNEHVI,8,0.8829272218534429,0.8836043635426603
measurement_noise_pct,5,qLogNEHVI,9,0.8739410974582666,0.8834068038415983
measurement_noise_pct,5,qLogNEHVI,10,0.8735201645793437,0.8602127417739294
measurement_noise_pct,5,qLogNEHVI,11,0.8728739414646802,0.852286882657577
measurement_noise_pct,5,qLogNEHVI,12,0.874955090607725,0.8691260736969401
measurement_noise_pct,5,qLogNEHVI,13,0.8804405118612999,0.8764156193805996
measurement_noise_pct,5,qLogNEHVI,14,0.8618792852068878,0.8879787167230974
measurement_noise_pct,5,qLogNEHVI,15,0.8838544165956819,0.8826684582781935
measurement_noise_pct,5,qLogNEHVI,16,0.8677537082879884,0.8876337039765296
measurement_noise_pct,5,qLogNEHVI,17,0.8764875079576581,0.8715096670562007
measurement_noise_pct,5,qLogNEHVI,18,0.8673901607191467,0.8557209010152431
measurement_noise_pct,5,qLogNEHVI,19,0.8701917069414058,0.8400477694012523
measurement_noise_pct,5,qLogNEHVI,20,0.875452011299122,0.8586832182018194
measurement_noise_pct,8,qLogNEHVI,1,0.8597268573547078,0.8357062153931826
measurement_noise_pct,8,qLogNEHVI,2,0.8599088846665347,0.8296010972792779
measurement_noise_pct,8,qLogNEHVI,3,0.8497012082989668,0.823866404372044
measurement_noise_pct,8,qLogNEHVI,4,0.8576662867539512,0.8193959894313494
measurement_noise_pct,8,qLogNEHVI,5,0.8525689274641823,0.8217696714198341
measurement_noise_pct,8,qLogNEHVI,6,0.8583903549414925,0.8483244450068089
measurement_noise_pct,8,qLogNEHVI,7,0.8531413687336203,0.8483955984027928
measurement_noise_pct,8,qLogNEHVI,8,0.8624456895975965,0.834110615453207
measurement_noise_pct,8,qLogNEHVI,9,0.8544625383819762,0.827427503536373
measurement_noise_pct,8,qLogNEHVI,10,0.8561551815880292,0.8270771527372811
measurement_noise_pct,8,qLogNEHVI,11,0.855721573290954,0.8260677988005781
measurement_noise_pct,8,qLogNEHVI,12,0.8582991148376111,0.8095639613966007
measurement_noise_pct,8,qLogNEHVI,13,0.8525388811018688,0.8181947592495052
measurement_noise_pct,8,qLogNEHVI,14,0.8572586383407145,0.8465351045609216
measurement_noise_pct,8,qLogNEHVI,15,0.8638822050965754,0.8217144249949212
measurement_noise_pct,8,qLogNEHVI,16,0.8632562801722841,0.8387291672481911
measurement_noise_pct,8,qLogNEHVI,17,0.8618463615461563,0.8040252017373002
measurement_noise_pct,8,qLogNEHVI,18,0.8491980771994583,0.8543447192747817
measurement_noise_pct,8,qLogNEHVI,19,0.849784012428266,0.8471269873669165
measurement_noise_pct,8,qLogNEHVI,20,0.8629343767100975,0.8386676378593122
measurement_noise_pct,0,PHSEA,1,0.8962217663798645,0.9380243309091458
measurement_noise_pct,0,PHSEA,2,0.8883237951145151,0.9473687289675069
measurement_noise_pct,0,PHSEA,3,0.8827079632404515,0.9131971606467926
measurement_noise_pct,0,PHSEA,4,0.8826616973328404,0.9386866912277055
measurement_noise_pct,0,PHSEA,5,0.8772834676948236,0.9457548477198773
measurement_noise_pct,0,PHSEA,6,0.8857711982197134,0.9657389281754183
measurement_noise_pct,0,PHSEA,7,0.893798896254257,0.935800250954922
measurement_noise_pct,0,PHSEA,8,0.8850450507261928,0.9550509743263791
measurement_noise_pct,0,PHSEA,9,0.886046998922622,0.9595718491031981
measurement_noise_pct,0,PHSEA,10,0.88880269894908,0.9478003228584644
measurement_noise_pct,0,PHSEA,11,0.8908411084041773,0.9366494481978236
measurement_noise_pct,0,PHSEA,12,0.8863267219266259,0.9283080031671114
measurement_noise_pct,0,PHSEA,13,0.8825878833208992,0.9398396627318308
measurement_noise_pct,0,PHSEA,14,0.8833750997884109,0.9649954557446445
measurement_noise_pct,0,PHSEA,15,0.878523865835667,0.9323980457083698
measurement_noise_pct,0,PHSEA,16,0.8934215381498879,0.9027092572851821
measurement_noise_pct,0,PHSEA,17,0.8840766370403738,0.9276263183379618
measurement_noise_pct,0,PHSEA,18,0.8773909876925291,0.9384459984916639
measurement_noise_pct,0,PHSEA,19,0.8855164390357104,0.9562219740336585
measurement_noise_pct,0,PHSEA,20,0.8843400803085301,0.9350518254121192
measurement_noise_pct,1,PHSEA,1,0.8833936024642061,0.931364035491342
measurement_noise_pct,1,PHSEA,2,0.8833198350515966,0.9453709127657608
measurement_noise_pct,1,PHSEA,3,0.8938201391765824,0.9207305296177727
measurement_noise_pct,1,PHSEA,4,0.8956263998040233,0.9210537755994637
measurement_noise_pct,1,PHSEA,5,0.8908806795769855,0.9301474578078999
measurement_noise_pct,1,PHSEA,6,0.8906655315088869,0.9368712747211151
measurement_noise_pct,1,PHSEA,7,0.884520532325187,0.9201583094014634
measurement_noise_pct,1,PHSEA,8,0.8857409991408044,0.9262030561885112
measurement_noise_pct,1,PHSEA,9,0.8818877211850357,0.9202461210182702
measurement_noise_pct,1,PHSEA,10,0.883153270610838,0.9259636921154435
measurement_noise_pct,1,PHSEA,11,0.8921034024858683,0.9402770364016109
measurement_noise_pct,1,PHSEA,12,0.8883679949081034,0.8980720190065784
measurement_noise_pct,1,PHSEA,13,0.8959236108279476,0.9501155149622709
measurement_noise_pct,1,PHSEA,14,0.8903153763292425,0.9011884479906597
measurement_noise_pct,1,PHSEA,15,0.8964644205030882,0.9424705034642673
measurement_noise_pct,1,PHSEA,16,0.876928564154374,0.9281786229800695
measurement_noise_pct,1,PHSEA,17,0.8879302749444635,0.926358735543379
measurement_noise_pct,1,PHSEA,18,0.883288575851101,0.9107286065715736
measurement_noise_pct,1,PHSEA,19,0.8912293364059332,0.9110679653585632
measurement_noise_pct,1,PHSEA,20,0.8785272443694294,0.9395176819004422
measurement_noise_pct,3,PHSEA,1,0.8802042961178377,0.9029003248321937
measurement_noise_pct,3,PHSEA,2,0.8800680716379412,0.8957848598519075
measurement_noise_pct,3,PHSEA,3,0.8880929187405341,0.8923832045085818
measurement_noise_pct,3,PHSEA,4,0.8724740057530371,0.9157978084883095
measurement_noise_pct,3,PHSEA,5,0.8796377409166016,0.8863822950355609
measurement_noise_pct,3,PHSEA,6,0.8777101378023331,0.9114252760087226
measurement_noise_pct,3,PHSEA,7,0.8832477457001693,0.9212156849330456
measurement_noise_pct,3,PHSEA,8,0.8757568976466089,0.8959768235935296
measurement_noise_pct,3,PHSEA,9,0.8822032139597175,0.8950994951617097
measurement_noise_pct,3,PHSEA,10,0.8812561097842837,0.9020184606865553
measurement_noise_pct,3,PHSEA,11,0.8834493127496007,0.9094309315325952
measurement_noise_pct,3,PHSEA,12,0.8871077206016228,0.9120147369477304
measurement_noise_pct,3,PHSEA,13,0.8834179516489697,0.8927385726343903
measurement_noise_pct,3,PHSEA,14,0.8722984743331826,0.9060272438797429
measurement_noise_pct,3,PHSEA,15,0.8795426044334541,0.9433002829045682
measurement_noise_pct,3,PHSEA,16,0.8827929101579289,0.8885253203513174
measurement_noise_pct,3,PHSEA,17,0.8790591960529062,0.8819370124828529
measurement_noise_pct,3,PHSEA,18,0.8808025050342358,0.9136606824808204
measurement_noise_pct,3,PHSEA,19,0.8906658174782187,0.9000255636818049
measurement_noise_pct,3,PHSEA,20,0.8699615781022941,0.8986610119576377
measurement_noise_pct,5,PHSEA,1,0.8794691054123035,0.8900168289588957
measurement_noise_pct,5,PHSEA,2,0.8661096268932528,0.8934974448945641
measurement_noise_pct,5,PHSEA,3,0.8722966844638114,0.8812260136353982
measurement_noise_pct,5,PHSEA,4,0.8597742951932527,0.8860845096290461
measurement_noise_pct,5,PHSEA,5,0.8643762613220293,0.8839167132993654
measurement_noise_pct,5,PHSEA,6,0.8619627553215995,0.868709962078137
measurement_noise_pct,5,PHSEA,7,0.8664220648983957,0.8835043743846949
measurement_noise_pct,5,PHSEA,8,0.8656534791832733,0.8777461470773182
measurement_noise_pct,5,PHSEA,9,0.8748083294970651,0.8781374573690717
measurement_noise_pct,5,PHSEA,10,0.8584888844762898,0.8752092815993073
measurement_noise_pct,5,PHSEA,11,0.8613810552557281,0.8922658356556794
measurement_noise_pct,5,PHSEA,12,0.8634685127079815,0.8644549240954663
measurement_noise_pct,5,PHSEA,13,0.8656084969453777,0.8821349623582452
measurement_noise_pct,5,PHSEA,14,0.8674189662471667,0.8869366088600771
measurement_noise_pct,5,PHSEA,15,0.8793748660802524,0.8696767059252853
measurement_noise_pct,5,PHSEA,16,0.868109317455266,0.9087053908404681
measurement_noise_pct,5,PHSEA,17,0.8815310185640265,0.8622548489723301
measurement_noise_pct,5,PHSEA,18,0.8670009335693545,0.8718234302396694
measurement_noise_pct,5,PHSEA,19,0.8780427608578198,0.869767574733418
measurement_noise_pct,5,PHSEA,20,0.8645885334172754,0.885875217953403
measurement_noise_pct,8,PHSEA,1,0.8530527379044792,0.8300724888364577
measurement_noise_pct,8,PHSEA,2,0.8487890267818905,0.8547894351630582
measurement_noise_pct,8,PHSEA,3,0.8621768424418956,0.8629510608289813
measurement_noise_pct,8,PHSEA,4,0.8556657956220581,0.8736333422707618
measurement_noise_pct,8,PHSEA,5,0.8612887362826748,0.8413775108693955
measurement_noise_pct,8,PHSEA,6,0.8563858620206949,0.8622112623543593
measurement_noise_pct,8,PHSEA,7,0.8644880179134089,0.8560367020475304
measurement_noise_pct,8,PHSEA,8,0.8528383618263018,0.8346133257993409
measurement_noise_pct,8,PHSEA,9,0.8424252942737915,0.857238399394628
measurement_noise_pct,8,PHSEA,10,0.8604034551237335,0.8391239068287061
measurement_noise_pct,8,PHSEA,11,0.8622460030462994,0.8250921546480431
measurement_noise_pct,8,PHSEA,12,0.8491945139949574,0.8370400271459536
measurement_noise_pct,8,PHSEA,13,0.8583473454583457,0.8322546622043893
measurement_noise_pct,8,PHSEA,14,0.8526053625025759,0.8343607862571862
measurement_noise_pct,8,PHSEA,15,0.8580836109929664,0.8519266213934634
measurement_noise_pct,8,PHSEA,16,0.8575110931720495,0.8553157094430132
measurement_noise_pct,8,PHSEA,17,0.8631960721675085,0.8667373858420787
measurement_noise_pct,8,PHSEA,18,0.8540525087036166,0.8480089026311395
measurement_noise_pct,8,PHSEA,19,0.8613302585153175,0.8265781973710128
measurement_noise_pct,8,PHSEA,20,0.8506655853312407,0.8400967892708335
measurement_noise_pct,0,AS-SMEA,1,0.8907739887617915,0.9312205733964618
measurement_noise_pct,0,AS-SMEA,2,0.8977928946481313,0.9693548407426462
measurement_noise_pct,0,AS-SMEA,3,0.8770074225171474,0.9487029212952206
measurement_noise_pct,0,AS-SMEA,4,0.8823214470647512,0.9342191882931019
measurement_noise_pct,0,AS-SMEA,5,0.8925964724808656,0.9362809821287833
measurement_noise_pct,0,AS-SMEA,6,0.8792927103929379,0.9363630169009136
measurement_noise_pct,0,AS-SMEA,7,0.8881117571879413,0.9410493315381329
measurement_noise_pct,0,AS-SMEA,8,0.8909949437489781,0.9270004391712893
measurement_noise_pct,0,AS-SMEA,9,0.8930146068461977,0.9572357782650585
measurement_noise_pct,0,AS-SMEA,10,0.8894516692902042,0.9219522653837093
measurement_noise_pct,0,AS-SMEA,11,0.8905739825880037,0.941410128033431
measurement_noise_pct,0,AS-SMEA,12,0.8849145045248089,0.9398328585848016
measurement_noise_pct,0,AS-SMEA,13,0.8833775520260727,0.9594830732258436
measurement_noise_pct,0,AS-SMEA,14,0.8926193998171433,0.9660758919722681
measurement_noise_pct,0,AS-SMEA,15,0.8789519908621533,0.9270238690331545
measurement_noise_pct,0,AS-SMEA,16,0.874928291698441,0.9644406179600856
measurement_noise_pct,0,AS-SMEA,17,0.8775668504026216,0.9245995705974831
measurement_noise_pct,0,AS-SMEA,18,0.889009481964347,0.9715787673177808
measurement_noise_pct,0,AS-SMEA,19,0.8863814975233811,0.9299961949248249
measurement_noise_pct,0,AS-SMEA,20,0.8820788485410939,0.9574014110670303
measurement_noise_pct,1,AS-SMEA,1,0.8806910675824517,0.9271307211718752
measurement_noise_pct,1,AS-SMEA,2,0.8869949992493324,0.9473887282789222
measurement_noise_pct,1,AS-SMEA,3,0.8792369911097733,0.9361979215947538
measurement_noise_pct,1,AS-SMEA,4,0.8786937921786824,0.9219123006802091
measurement_noise_pct,1,AS-SMEA,5,0.8841057981006749,0.9338951113918549
measurement_noise_pct,1,AS-SMEA,6,0.8810414979325408,0.8958160107307366
measurement_noise_pct,1,AS-SMEA,7,0.8843449303657193,0.8916197129272712
measurement_noise_pct,1,AS-SMEA,8,0.8824960988151677,0.8986097135927225
measurement_noise_pct,1,AS-SMEA,9,0.8747090046036494,0.9270556409104429
measurement_noise_pct,1,AS-SMEA,10,0.870744304494707,0.9300960386223326
measurement_noise_pct,1,AS-SMEA,11,0.8841855715630741,0.9508729498673932
measurement_noise_pct,1,AS-SMEA,12,0.8860481153458162,0.924131519794047
measurement_noise_pct,1,AS-SMEA,13,0.8728395766399534,0.9297556385158205
measurement_noise_pct,1,AS-SMEA,14,0.8784269357435711,0.9105307059052079
measurement_noise_pct,1,AS-SMEA,15,0.8874581536307131,0.9450772474668122
measurement_noise_pct,1,AS-SMEA,16,0.8775179596991103,0.9308477526545724
measurement_noise_pct,1,AS-SMEA,17,0.881971285136534,0.9272218054643895
measurement_noise_pct,1,AS-SMEA,18,0.8830315801156567,0.942844743921332
measurement_noise_pct,1,AS-SMEA,19,0.8884110123826836,0.9256879019166153
measurement_noise_pct,1,AS-SMEA,20,0.8765091851921544,0.9234992238031069
measurement_noise_pct,3,AS-SMEA,1,0.8714018306731948,0.9100441194886123
measurement_noise_pct,3,AS-SMEA,2,0.8730736330012633,0.8954058433755766
measurement_noise_pct,3,AS-SMEA,3,0.8764966469596948,0.8943120967594513
measurement_noise_pct,3,AS-SMEA,4,0.8802795360027431,0.9036103602783379
measurement_noise_pct,3,AS-SMEA,5,0.8791293631760048,0.8979485582308364
measurement_noise_pct,3,AS-SMEA,6,0.8787890371406717,0.914683017547375
measurement_noise_pct,3,AS-SMEA,7,0.8766722456983889,0.9255293616686168
measurement_noise_pct,3,AS-SMEA,8,0.8613711154223326,0.9058947957132191
measurement_noise_pct,3,AS-SMEA,9,0.868637166265089,0.9030305873388607
measurement_noise_pct,3,AS-SMEA,10,0.8810625536840566,0.890497470010904
measurement_noise_pct,3,AS-SMEA,11,0.8825331235524287,0.8890185624639982
measurement_noise_pct,3,AS-SMEA,12,0.878642975415752,0.9181512403547338
measurement_noise_pct,3,AS-SMEA,13,0.8670674737881687,0.8856895324730318
measurement_noise_pct,3,AS-SMEA,14,0.8770928596586679,0.8966806390441586
measurement_noise_pct,3,AS-SMEA,15,0.8651007935367828,0.9035983031975757
measurement_noise_pct,3,AS-SMEA,16,0.8752484651699357,0.8921794383988749
measurement_noise_pct,3,AS-SMEA,17,0.8740119159037378,0.8878367304765709
measurement_noise_pct,3,AS-SMEA,18,0.8805391388579134,0.898973742620031
measurement_noise_pct,3,AS-SMEA,19,0.86411807225232,0.898305469265219
measurement_noise_pct,3,AS-SMEA,20,0.8728881622260815,0.9122750776738308
measurement_noise_pct,5,AS-SMEA,1,0.8649602478018692,0.8764184717904243
measurement_noise_pct,5,AS-SMEA,2,0.8626758256210212,0.884821454745465
measurement_noise_pct,5,AS-SMEA,3,0.863458589756756,0.8493717981566893
measurement_noise_pct,5,AS-SMEA,4,0.8662170887869672,0.865326142950866
measurement_noise_pct,5,AS-SMEA,5,0.8590380765642244,0.886851565514788
measurement_noise_pct,5,AS-SMEA,6,0.8643884590887557,0.8970920908516316
measurement_noise_pct,5,AS-SMEA,7,0.8585346318021501,0.8970010141778079
measurement_noise_pct,5,AS-SMEA,8,0.8647068763415686,0.8846788540112566
measurement_noise_pct,5,AS-SMEA,9,0.8747449711636865,0.8677990879219236
measurement_noise_pct,5,AS-SMEA,10,0.8620482741529786,0.8986487620028668
measurement_noise_pct,5,AS-SMEA,11,0.866271867292509,0.8421918595031681
measurement_noise_pct,5,AS-SMEA,12,0.8570433192044801,0.907227579541952
measurement_noise_pct,5,AS-SMEA,13,0.8658809063481611,0.8618818688507315
measurement_noise_pct,5,AS-SMEA,14,0.8695528064603717,0.8764725811864474
measurement_noise_pct,5,AS-SMEA,15,0.8679833738963352,0.886624461381145
measurement_noise_pct,5,AS-SMEA,16,0.8651955115137767,0.8828305505276147
measurement_noise_pct,5,AS-SMEA,17,0.8756503566647124,0.8752060660325655
measurement_noise_pct,5,AS-SMEA,18,0.871473766244721,0.866314907833206
measurement_noise_pct,5,AS-SMEA,19,0.8623318005835948,0.8578184590084493
measurement_noise_pct,5,AS-SMEA,20,0.8606093093509453,0.8757920024834772
measurement_noise_pct,8,AS-SMEA,1,0.8482270108969728,0.8244045392902621
measurement_noise_pct,8,AS-SMEA,2,0.8417004709709552,0.8211819916193694
measurement_noise_pct,8,AS-SMEA,3,0.8458603995728131,0.8395530482114586
measurement_noise_pct,8,AS-SMEA,4,0.8509529561974876,0.8557166551159527
measurement_noise_pct,8,AS-SMEA,5,0.8536417936295623,0.8353331111332843
measurement_noise_pct,8,AS-SMEA,6,0.8477786459104045,0.8326267805513499
measurement_noise_pct,8,AS-SMEA,7,0.8424833118161668,0.8439394275755389
measurement_noise_pct,8,AS-SMEA,8,0.8597321965422151,0.8675681664410966
measurement_noise_pct,8,AS-SMEA,9,0.8599524768219176,0.832875801309615
measurement_noise_pct,8,AS-SMEA,10,0.8603301051310321,0.8116875914980062
measurement_noise_pct,8,AS-SMEA,11,0.8468061350796584,0.8396127560987946
measurement_noise_pct,8,AS-SMEA,12,0.8515824826269828,0.8374734594398381
measurement_noise_pct,8,AS-SMEA,13,0.845453263724356,0.8337986123134611
measurement_noise_pct,8,AS-SMEA,14,0.8362669718236021,0.8432619218546104
measurement_noise_pct,8,AS-SMEA,15,0.8484077464729137,0.8343275136304695
measurement_noise_pct,8,AS-SMEA,16,0.8519508209357858,0.8446509417951523
measurement_noise_pct,8,AS-SMEA,17,0.8490159834514002,0.8063323846782837
measurement_noise_pct,8,AS-SMEA,18,0.8457721966815303,0.8519525159433795
measurement_noise_pct,8,AS-SMEA,19,0.8357569147035365,0.8341637365259384
measurement_noise_pct,8,AS-SMEA,20,0.8424939258375844,0.8479959528551113
